model_run_id,prediction_date,rank,target_date,symbol,real_close,predicted_close,actual_return,predicted_return,direction_correct,model_name,created_at
7b9c460a-580e-404a-b04b-56b29c2dcb76,2024-10-30,1,2024-11-06,CTR,122.16,138.94012,-0.02193755004003206,0.11241092483361692,0,model1,2026-06-15 06:49:36
7b9c460a-580e-404a-b04b-56b29c2dcb76,2024-10-30,2,2024-11-20,NDC,126.68,126.063225,0.08329057636394732,0.07801628863075494,1,model1,2026-06-15 06:49:36
7b9c460a-580e-404a-b04b-56b29c2dcb76,2024-10-30,3,2024-11-06,HAV,3.9,3.6085868,0.1470588235294117,0.061349055346320736,1,model1,2026-06-15 06:49:36
7b9c460a-580e-404a-b04b-56b29c2dcb76,2024-10-30,4,2024-11-06,EIN,2.6,2.7561915,0.0,0.06007365080026483,0,model1,2026-06-15 06:49:36
7b9c460a-580e-404a-b04b-56b29c2dcb76,2024-10-30,5,2024-11-06,DLG,1.93,2.1486168,-0.049261083743842304,0.05843191663619929,0,model1,2026-06-15 06:49:36
7b9c460a-580e-404a-b04b-56b29c2dcb76,2024-10-30,6,2024-11-06,MCG,1.9,2.0099425,0.0,0.057864490308259686,0,model1,2026-06-15 06:49:36
7b9c460a-580e-404a-b04b-56b29c2dcb76,2024-10-30,7,2024-11-08,BTN,2.8,2.6363335,0.11999999999999988,0.05453338623046866,1,model1,2026-06-15 06:49:36
7b9c460a-580e-404a-b04b-56b29c2dcb76,2024-10-30,8,2024-11-06,PXI,2.0,2.1829183,-0.04761904761904767,0.039484909602574,0,model1,2026-06-15 06:49:36
7b9c460a-580e-404a-b04b-56b29c2dcb76,2024-10-30,9,2024-11-06,HHG,1.5,1.6621231,-0.0625,0.03882692754268646,0,model1,2026-06-15 06:49:36
7b9c460a-580e-404a-b04b-56b29c2dcb76,2024-10-30,10,2024-11-06,SD6,3.0,3.1153438,0.0,0.0384479363759358,0,model1,2026-06-15 06:49:36
7b9c460a-580e-404a-b04b-56b29c2dcb76,2024-10-31,1,2024-11-07,CTR,125.09,137.26576,0.010256824422548938,0.1085911995566271,1,model1,2026-06-15 06:49:36
7b9c460a-580e-404a-b04b-56b29c2dcb76,2024-10-31,2,2024-11-07,HHG,1.5,1.6307179,0.0,0.08714524904886889,0,model1,2026-06-15 06:49:36
7b9c460a-580e-404a-b04b-56b29c2dcb76,2024-10-31,3,2024-11-07,PXI,2.1,2.1378965,0.050000000000000044,0.06894826889038086,1,model1,2026-06-15 06:49:36
7b9c460a-580e-404a-b04b-56b29c2dcb76,2024-10-31,4,2024-11-07,DTI,2.2,2.4337409,-0.04347826086956508,0.05814819750578515,0,model1,2026-06-15 06:49:36
7b9c460a-580e-404a-b04b-56b29c2dcb76,2024-10-31,5,2024-11-07,MCG,2.0,2.0099425,0.05263157894736836,0.057864490308259686,1,model1,2026-06-15 06:49:36
7b9c460a-580e-404a-b04b-56b29c2dcb76,2024-10-31,6,2024-11-07,PV2,2.6,2.7327414,0.0,0.05105436765230609,0,model1,2026-06-15 06:49:36
7b9c460a-580e-404a-b04b-56b29c2dcb76,2024-10-31,7,2024-11-07,VE9,2.0,2.203869,-0.04761904761904767,0.04946147827875036,0,model1,2026-06-15 06:49:36
7b9c460a-580e-404a-b04b-56b29c2dcb76,2024-10-31,8,2024-11-07,DLG,1.93,2.024129,0.0,0.048771457968598275,0,model1,2026-06-15 06:49:36
7b9c460a-580e-404a-b04b-56b29c2dcb76,2024-10-31,9,2024-11-07,HAV,3.5,3.5535152,0.02941176470588247,0.04515152819016399,1,model1,2026-06-15 06:49:36
7b9c460a-580e-404a-b04b-56b29c2dcb76,2024-10-31,10,2024-12-30,VFC,102.24,92.92193,0.14953901506633693,0.04477095126784025,1,model1,2026-06-15 06:49:36
7b9c460a-580e-404a-b04b-56b29c2dcb76,2024-11-01,1,2024-12-06,G20,0.5,0.80638754,0.0,0.6127750873565674,0,model1,2026-06-15 06:49:36
7b9c460a-580e-404a-b04b-56b29c2dcb76,2024-11-01,2,2024-12-06,PXM,0.6,0.80638754,0.19999999999999996,0.6127750873565674,1,model1,2026-06-15 06:49:36
7b9c460a-580e-404a-b04b-56b29c2dcb76,2024-11-01,3,2024-12-06,FTM,0.7,0.9623713,0.0,0.37481612818581733,0,model1,2026-06-15 06:49:36
7b9c460a-580e-404a-b04b-56b29c2dcb76,2024-11-01,4,2024-12-06,ACM,0.6,0.80638754,0.0,0.34397923946380615,0,model1,2026-06-15 06:49:36
7b9c460a-580e-404a-b04b-56b29c2dcb76,2024-11-01,5,2024-12-06,MPT,0.7,0.80638754,0.16666666666666674,0.34397923946380615,1,model1,2026-06-15 06:49:36
7b9c460a-580e-404a-b04b-56b29c2dcb76,2024-11-01,6,2024-12-06,PVH,0.6,0.9387233,-0.1428571428571428,0.34103332247052887,0,model1,2026-06-15 06:49:36
7b9c460a-580e-404a-b04b-56b29c2dcb76,2024-11-01,7,2024-12-06,PVR,0.9,1.0829942,0.0,0.20332691404554581,0,model1,2026-06-15 06:49:36
7b9c460a-580e-404a-b04b-56b29c2dcb76,2024-11-01,8,2024-12-06,JOS,0.8,1.0548743,-0.11111111111111105,0.1720825566185844,0,model1,2026-06-15 06:49:36
7b9c460a-580e-404a-b04b-56b29c2dcb76,2024-11-01,9,2024-12-06,HTT,1.3,1.5041205,0.0,0.15701574545640207,0,model1,2026-06-15 06:49:36
7b9c460a-580e-404a-b04b-56b29c2dcb76,2024-11-01,10,2024-12-06,SSN,1.2,1.3727716,0.0,0.1439763506253562,0,model1,2026-06-15 06:49:36
7b9c460a-580e-404a-b04b-56b29c2dcb76,2024-11-04,1,2024-11-11,CTR,126.36,134.7488,0.04352134775786598,0.11279869977425094,1,model1,2026-06-15 06:49:36
7b9c460a-580e-404a-b04b-56b29c2dcb76,2024-11-04,2,2024-11-11,HHG,1.4,1.6307179,-0.06666666666666676,0.08714524904886889,0,model1,2026-06-15 06:49:36
7b9c460a-580e-404a-b04b-56b29c2dcb76,2024-11-04,3,2024-11-11,PXI,2.0,2.1384854,0.0,0.06924271583557129,0,model1,2026-06-15 06:49:36
7b9c460a-580e-404a-b04b-56b29c2dcb76,2024-11-04,4,2024-11-11,PV2,2.5,2.6635404,0.0,0.06541614532470708,0,model1,2026-06-15 06:49:36
7b9c460a-580e-404a-b04b-56b29c2dcb76,2024-11-04,5,2024-11-11,DTI,2.3,2.333206,0.04545454545454519,0.060548153790560555,1,model1,2026-06-15 06:49:36
7b9c460a-580e-404a-b04b-56b29c2dcb76,2024-11-04,6,2024-11-11,VE9,1.9,2.118395,-0.050000000000000044,0.05919754505157471,0,model1,2026-06-15 06:49:36
7b9c460a-580e-404a-b04b-56b29c2dcb76,2024-11-04,7,2024-11-11,MCG,1.8,2.0099425,-0.05263157894736836,0.057864490308259686,0,model1,2026-06-15 06:49:36
7b9c460a-580e-404a-b04b-56b29c2dcb76,2024-11-04,8,2024-11-13,SD4,3.0,3.1468854,0.0,0.04896179835001635,0,model1,2026-06-15 06:49:36
7b9c460a-580e-404a-b04b-56b29c2dcb76,2024-11-04,9,2024-11-11,VMG,4.2,3.7718565,0.16666666666666674,0.0477379295561049,1,model1,2026-06-15 06:49:36
7b9c460a-580e-404a-b04b-56b29c2dcb76,2024-11-04,10,2024-11-11,TTC,8.43,8.174359,0.07662835249042144,0.04397947913080946,1,model1,2026-06-15 06:49:36
7b9c460a-580e-404a-b04b-56b29c2dcb76,2024-11-05,1,2024-11-12,HHG,1.5,1.5825647,0.0714285714285714,0.13040336540767128,1,model1,2026-06-15 06:49:36
7b9c460a-580e-404a-b04b-56b29c2dcb76,2024-11-05,2,2024-11-12,CTR,128.12,134.1669,0.05379174206283932,0.1035277235957035,1,model1,2026-06-15 06:49:36
7b9c460a-580e-404a-b04b-56b29c2dcb76,2024-11-05,3,2024-11-12,VE9,2.0,2.0457165,0.05263157894736836,0.07669290743376078,1,model1,2026-06-15 06:49:36
7b9c460a-580e-404a-b04b-56b29c2dcb76,2024-11-05,4,2025-02-03,VIE,4.3,4.607754,0.0,0.07157075127889945,0,model1,2026-06-15 06:49:36
7b9c460a-580e-404a-b04b-56b29c2dcb76,2024-11-05,5,2024-11-15,SD4,3.0,2.8707314,0.11111111111111094,0.06323383472583899,1,model1,2026-06-15 06:49:36
7b9c460a-580e-404a-b04b-56b29c2dcb76,2024-11-05,6,2024-11-12,PXI,2.0,2.124299,0.0,0.0621495246887207,0,model1,2026-06-15 06:49:36
7b9c460a-580e-404a-b04b-56b29c2dcb76,2024-11-05,7,2024-11-12,MCG,1.8,2.0099425,-0.05263157894736836,0.057864490308259686,0,model1,2026-06-15 06:49:36
7b9c460a-580e-404a-b04b-56b29c2dcb76,2024-11-05,8,2024-11-12,EIN,2.6,2.6445045,0.040000000000000036,0.05780181884765634,1,model1,2026-06-15 06:49:36
7b9c460a-580e-404a-b04b-56b29c2dcb76,2024-11-05,9,2024-11-12,DLG,1.94,2.0099425,0.015706806282722585,0.05232593276737885,1,model1,2026-06-15 06:49:36
7b9c460a-580e-404a-b04b-56b29c2dcb76,2024-11-05,10,2024-11-12,KSQ,3.0,2.9447548,0.0714285714285714,0.051698156765529246,1,model1,2026-06-15 06:49:36
7b9c460a-580e-404a-b04b-56b29c2dcb76,2024-11-06,1,2024-11-13,CTR,134.96,134.65388,0.10478061558611662,0.10227476168709337,1,model1,2026-06-15 06:49:36
7b9c460a-580e-404a-b04b-56b29c2dcb76,2024-11-06,2,2024-11-13,HHG,1.5,1.6236776,0.0,0.08245174090067553,0,model1,2026-06-15 06:49:36
7b9c460a-580e-404a-b04b-56b29c2dcb76,2024-11-06,3,2024-11-13,EIN,2.6,2.7561915,0.0,0.06007365080026483,0,model1,2026-06-15 06:49:36
7b9c460a-580e-404a-b04b-56b29c2dcb76,2024-11-06,4,2025-02-13,VIE,4.3,4.553242,0.0,0.058893536412438774,0,model1,2026-06-15 06:49:36
7b9c460a-580e-404a-b04b-56b29c2dcb76,2024-11-06,5,2024-11-13,MCG,1.9,2.0099425,0.0,0.057864490308259686,0,model1,2026-06-15 06:49:36
7b9c460a-580e-404a-b04b-56b29c2dcb76,2024-11-06,6,2024-11-19,SD4,2.8,2.841282,0.03703703703703698,0.05232662624782969,1,model1,2026-06-15 06:49:36
7b9c460a-580e-404a-b04b-56b29c2dcb76,2024-11-06,7,2024-11-13,PV2,2.4,2.735776,-0.07692307692307698,0.05222151829646182,0,model1,2026-06-15 06:49:36
7b9c460a-580e-404a-b04b-56b29c2dcb76,2024-11-06,8,2024-11-13,BTN,2.9,2.7268827,0.11538461538461542,0.048801036981435786,1,model1,2026-06-15 06:49:36
7b9c460a-580e-404a-b04b-56b29c2dcb76,2024-11-06,9,2024-11-13,DTI,2.2,2.406627,-0.04347826086956508,0.04635953903198242,0,model1,2026-06-15 06:49:36
7b9c460a-580e-404a-b04b-56b29c2dcb76,2024-11-06,10,2024-11-13,PXI,2.0,2.0906112,0.0,0.045305609703063965,0,model1,2026-06-15 06:49:36
7b9c460a-580e-404a-b04b-56b29c2dcb76,2024-11-07,1,2024-11-14,CTR,129.78,135.60988,0.03749300503637376,0.0840984774165725,1,model1,2026-06-15 06:49:36
7b9c460a-580e-404a-b04b-56b29c2dcb76,2024-11-07,2,2024-11-14,HHG,1.4,1.6236776,-0.06666666666666676,0.08245174090067553,0,model1,2026-06-15 06:49:36
7b9c460a-580e-404a-b04b-56b29c2dcb76,2024-11-07,3,2024-11-14,DTI,2.2,2.333206,0.0,0.060548153790560555,0,model1,2026-06-15 06:49:36
7b9c460a-580e-404a-b04b-56b29c2dcb76,2024-11-07,4,2024-11-14,VE9,1.9,2.118395,-0.050000000000000044,0.05919754505157471,0,model1,2026-06-15 06:49:36
7b9c460a-580e-404a-b04b-56b29c2dcb76,2024-11-07,5,2024-11-14,DLG,1.87,2.0436313,-0.031088082901554293,0.05887632913540064,0,model1,2026-06-15 06:49:36
7b9c460a-580e-404a-b04b-56b29c2dcb76,2024-11-07,6,2024-11-14,PV2,2.4,2.751055,-0.07692307692307698,0.05809807777404785,0,model1,2026-06-15 06:49:36
7b9c460a-580e-404a-b04b-56b29c2dcb76,2024-11-07,7,2024-11-14,PEG,6.4,6.316598,0.06666666666666665,0.05276632308959961,1,model1,2026-06-15 06:49:36
7b9c460a-580e-404a-b04b-56b29c2dcb76,2024-11-07,8,2024-11-14,PCM,12.5,14.193629,-0.0808823529411764,0.04364921064937821,0,model1,2026-06-15 06:49:36
7b9c460a-580e-404a-b04b-56b29c2dcb76,2024-11-07,9,2024-11-20,SD4,3.2,3.0199342,0.10344827586206895,0.041356612896097156,1,model1,2026-06-15 06:49:36
7b9c460a-580e-404a-b04b-56b29c2dcb76,2024-11-07,10,2024-11-14,KSQ,2.8,3.00505,-0.034482758620689724,0.036224118594465615,0,model1,2026-06-15 06:49:36
7b9c460a-580e-404a-b04b-56b29c2dcb76,2024-11-08,1,2024-12-13,ACM,0.5,0.80638754,-0.16666666666666663,0.34397923946380615,0,model1,2026-06-15 06:49:36
7b9c460a-580e-404a-b04b-56b29c2dcb76,2024-11-08,2,2024-12-13,G20,0.5,0.80638754,-0.16666666666666663,0.34397923946380615,0,model1,2026-06-15 06:49:36
7b9c460a-580e-404a-b04b-56b29c2dcb76,2024-11-08,3,2024-12-13,MPT,0.6,0.80638754,0.0,0.34397923946380615,0,model1,2026-06-15 06:49:36
7b9c460a-580e-404a-b04b-56b29c2dcb76,2024-11-08,4,2024-12-13,PXM,0.6,0.80638754,0.0,0.34397923946380615,0,model1,2026-06-15 06:49:36
7b9c460a-580e-404a-b04b-56b29c2dcb76,2024-11-08,5,2024-12-13,PVH,0.6,0.9387233,-0.1428571428571428,0.34103332247052887,0,model1,2026-06-15 06:49:36
7b9c460a-580e-404a-b04b-56b29c2dcb76,2024-11-08,6,2024-12-13,JOS,0.9,1.0548743,0.0,0.1720825566185844,0,model1,2026-06-15 06:49:36
7b9c460a-580e-404a-b04b-56b29c2dcb76,2024-11-08,7,2024-12-20,LMH,0.9,1.2877133,-0.18181818181818188,0.17064844478260377,0,model1,2026-06-15 06:49:36
7b9c460a-580e-404a-b04b-56b29c2dcb76,2024-11-08,8,2024-12-13,PVR,1.0,1.152747,0.0,0.1527470350265503,0,model1,2026-06-15 06:49:36
7b9c460a-580e-404a-b04b-56b29c2dcb76,2024-11-08,9,2024-12-20,TOP,1.1,1.3626224,-0.08333333333333326,0.13551865021387743,0,model1,2026-06-15 06:49:36
7b9c460a-580e-404a-b04b-56b29c2dcb76,2024-11-08,10,2024-12-13,L61,1.3,1.472071,0.0,0.13236234738276553,0,model1,2026-06-15 06:49:36
7b9c460a-580e-404a-b04b-56b29c2dcb76,2024-11-11,1,2024-11-18,HHG,1.4,1.5825647,0.0,0.13040336540767128,0,model1,2026-06-15 06:49:36
7b9c460a-580e-404a-b04b-56b29c2dcb76,2024-11-11,2,2024-11-18,MCG,1.9,1.9622791,0.05555555555555558,0.09015504519144701,1,model1,2026-06-15 06:49:36
7b9c460a-580e-404a-b04b-56b29c2dcb76,2024-11-11,3,2024-11-18,CTR,122.07,136.5622,-0.03395061728395066,0.0807391170007814,0,model1,2026-06-15 06:49:36
7b9c460a-580e-404a-b04b-56b29c2dcb76,2024-11-11,4,2024-11-18,PV2,2.4,2.6635404,-0.040000000000000036,0.06541614532470708,0,model1,2026-06-15 06:49:36
7b9c460a-580e-404a-b04b-56b29c2dcb76,2024-11-11,5,2024-11-18,VE9,1.9,2.02354,0.0,0.06502106315211242,0,model1,2026-06-15 06:49:36
7b9c460a-580e-404a-b04b-56b29c2dcb76,2024-11-11,6,2024-11-18,EIN,2.5,2.751055,-0.03846153846153855,0.05809807777404785,0,model1,2026-06-15 06:49:36
7b9c460a-580e-404a-b04b-56b29c2dcb76,2024-11-11,7,2024-11-19,YTC,39.75,41.851913,0.0,0.05287832584021235,0,model1,2026-06-15 06:49:36
7b9c460a-580e-404a-b04b-56b29c2dcb76,2024-11-11,8,2024-12-02,BMV,9.0,8.406151,0.125,0.05076885223388672,1,model1,2026-06-15 06:49:36
7b9c460a-580e-404a-b04b-56b29c2dcb76,2024-11-11,9,2024-11-18,PXI,1.9,2.0906112,-0.050000000000000044,0.045305609703063965,0,model1,2026-06-15 06:49:36
7b9c460a-580e-404a-b04b-56b29c2dcb76,2024-11-11,10,2024-11-18,DTI,2.2,2.4037013,-0.04347826086956508,0.04508752408234984,0,model1,2026-06-15 06:49:36
7b9c460a-580e-404a-b04b-56b29c2dcb76,2024-11-12,1,2024-11-19,HHG,1.4,1.6236776,-0.06666666666666676,0.08245174090067553,0,model1,2026-06-15 06:49:36
7b9c460a-580e-404a-b04b-56b29c2dcb76,2024-11-12,2,2024-11-19,MCG,1.8,1.9469581,0.0,0.08164336946275497,0,model1,2026-06-15 06:49:36
7b9c460a-580e-404a-b04b-56b29c2dcb76,2024-11-12,3,2024-11-19,CTR,114.35,137.81485,-0.10747736497034033,0.07567007378641599,0,model1,2026-06-15 06:49:36
7b9c460a-580e-404a-b04b-56b29c2dcb76,2024-11-12,4,2024-11-19,DTI,2.1,2.2449589,0.0,0.06902803693498871,0,model1,2026-06-15 06:49:36
7b9c460a-580e-404a-b04b-56b29c2dcb76,2024-11-12,5,2024-11-19,PXI,1.9,2.124299,-0.050000000000000044,0.0621495246887207,0,model1,2026-06-15 06:49:36
7b9c460a-580e-404a-b04b-56b29c2dcb76,2024-11-12,6,2024-11-19,DLG,1.85,2.0578177,-0.046391752577319534,0.06073077192011578,0,model1,2026-06-15 06:49:36
7b9c460a-580e-404a-b04b-56b29c2dcb76,2024-11-12,7,2024-11-19,EIN,2.4,2.7561915,-0.07692307692307698,0.06007365080026483,0,model1,2026-06-15 06:49:36
7b9c460a-580e-404a-b04b-56b29c2dcb76,2024-11-12,8,2024-11-19,HAV,3.3,3.5893455,-0.02941176470588236,0.05568983975578767,0,model1,2026-06-15 06:49:36
7b9c460a-580e-404a-b04b-56b29c2dcb76,2024-11-12,9,2024-11-19,BTN,2.7,2.8239698,0.0,0.04591475592719174,0,model1,2026-06-15 06:49:36
7b9c460a-580e-404a-b04b-56b29c2dcb76,2024-11-12,10,2024-11-20,SD6,3.1,3.022362,0.06896551724137945,0.04219379096195608,1,model1,2026-06-15 06:49:36
7b9c460a-580e-404a-b04b-56b29c2dcb76,2024-11-13,1,2024-11-20,HHG,1.5,1.6236776,0.0,0.08245174090067553,0,model1,2026-06-15 06:49:36
7b9c460a-580e-404a-b04b-56b29c2dcb76,2024-11-13,2,2024-11-20,VE9,1.8,2.02354,-0.05263157894736836,0.06502106315211242,0,model1,2026-06-15 06:49:36
7b9c460a-580e-404a-b04b-56b29c2dcb76,2024-11-13,3,2024-11-20,EIN,2.6,2.7561915,0.0,0.06007365080026483,0,model1,2026-06-15 06:49:36
7b9c460a-580e-404a-b04b-56b29c2dcb76,2024-11-13,4,2024-11-20,DTI,2.1,2.3302803,-0.045454545454545525,0.059218319979580825,0,model1,2026-06-15 06:49:36
7b9c460a-580e-404a-b04b-56b29c2dcb76,2024-11-13,5,2024-11-20,MCG,1.8,1.9946215,-0.05263157894736836,0.04980079751265687,0,model1,2026-06-15 06:49:36
7b9c460a-580e-404a-b04b-56b29c2dcb76,2024-11-13,6,2024-11-20,PXI,1.9,2.0906112,-0.050000000000000044,0.045305609703063965,0,model1,2026-06-15 06:49:36
7b9c460a-580e-404a-b04b-56b29c2dcb76,2024-11-13,7,2024-11-20,HID,2.68,2.8186088,-0.011070110701106972,0.040077033517985416,0,model1,2026-06-15 06:49:36
7b9c460a-580e-404a-b04b-56b29c2dcb76,2024-11-13,8,2024-11-20,FCM,2.9,3.1186426,-0.033333333333333326,0.039547522862752205,0,model1,2026-06-15 06:49:36
7b9c460a-580e-404a-b04b-56b29c2dcb76,2024-11-13,9,2024-11-20,KSQ,2.9,3.0136056,0.0,0.039174342977589705,0,model1,2026-06-15 06:49:36
7b9c460a-580e-404a-b04b-56b29c2dcb76,2024-11-13,10,2024-11-20,TTF,3.06,3.2491395,-0.022364217252396124,0.038063753146333035,0,model1,2026-06-15 06:49:36
7b9c460a-580e-404a-b04b-56b29c2dcb76,2024-11-14,1,2024-11-21,HHG,1.5,1.5825647,0.0714285714285714,0.13040336540767128,1,model1,2026-06-15 06:49:36
7b9c460a-580e-404a-b04b-56b29c2dcb76,2024-11-14,2,2024-11-21,MCG,1.9,1.9469581,0.05555555555555558,0.08164336946275497,1,model1,2026-06-15 06:49:36
7b9c460a-580e-404a-b04b-56b29c2dcb76,2024-11-14,3,2024-11-21,VEF,112.66,131.33849,-0.08777327935222679,0.06346951998197126,0,model1,2026-06-15 06:49:36
7b9c460a-580e-404a-b04b-56b29c2dcb76,2024-11-14,4,2024-11-21,PXI,2.0,2.124299,0.0,0.0621495246887207,0,model1,2026-06-15 06:49:36
7b9c460a-580e-404a-b04b-56b29c2dcb76,2024-11-14,5,2024-11-21,VE9,1.9,2.0099425,0.0,0.057864490308259686,0,model1,2026-06-15 06:49:36
7b9c460a-580e-404a-b04b-56b29c2dcb76,2024-11-14,6,2024-11-21,CTR,116.79,137.15646,-0.10009246417013407,0.05683821561910052,0,model1,2026-06-15 06:49:36
7b9c460a-580e-404a-b04b-56b29c2dcb76,2024-11-14,7,2024-11-21,KSQ,3.0,2.9506993,0.0714285714285714,0.05382118906293609,1,model1,2026-06-15 06:49:36
7b9c460a-580e-404a-b04b-56b29c2dcb76,2024-11-14,8,2024-11-21,DLG,1.87,1.9622791,0.0,0.04934710232331785,0,model1,2026-06-15 06:49:36
7b9c460a-580e-404a-b04b-56b29c2dcb76,2024-11-14,9,2024-11-22,BTN,2.7,2.935815,-0.03571428571428559,0.04850539139338905,0,model1,2026-06-15 06:49:36
7b9c460a-580e-404a-b04b-56b29c2dcb76,2024-11-14,10,2024-11-21,DTI,2.2,2.2989383,0.0,0.04497194290161133,0,model1,2026-06-15 06:49:36
7b9c460a-580e-404a-b04b-56b29c2dcb76,2024-11-15,1,2024-12-20,ACM,0.6,0.80638754,0.0,0.34397923946380615,0,model1,2026-06-15 06:49:36
7b9c460a-580e-404a-b04b-56b29c2dcb76,2024-11-15,2,2024-12-20,G20,0.6,0.80638754,0.0,0.34397923946380615,0,model1,2026-06-15 06:49:36
7b9c460a-580e-404a-b04b-56b29c2dcb76,2024-11-15,3,2024-12-20,PXM,0.6,0.80638754,0.0,0.34397923946380615,0,model1,2026-06-15 06:49:36
7b9c460a-580e-404a-b04b-56b29c2dcb76,2024-11-15,4,2024-12-20,MPT,0.6,0.8747236,-0.1428571428571428,0.24960516180310943,0,model1,2026-06-15 06:49:36
7b9c460a-580e-404a-b04b-56b29c2dcb76,2024-11-15,5,2024-12-27,LMH,0.9,1.2126082,-0.09999999999999998,0.2126082181930542,0,model1,2026-06-15 06:49:36
7b9c460a-580e-404a-b04b-56b29c2dcb76,2024-11-15,6,2024-12-20,VKC,0.9,1.2126082,-0.09999999999999998,0.2126082181930542,0,model1,2026-06-15 06:49:36
7b9c460a-580e-404a-b04b-56b29c2dcb76,2024-11-15,7,2024-12-20,JOS,1.0,1.0829942,0.11111111111111116,0.20332691404554581,1,model1,2026-06-15 06:49:36
7b9c460a-580e-404a-b04b-56b29c2dcb76,2024-11-15,8,2024-12-20,FTM,0.7,0.9623713,-0.1250000000000001,0.20296411216259003,0,model1,2026-06-15 06:49:36
7b9c460a-580e-404a-b04b-56b29c2dcb76,2024-11-15,9,2024-12-20,PVR,1.0,1.196322,0.0,0.19632196426391602,0,model1,2026-06-15 06:49:36
7b9c460a-580e-404a-b04b-56b29c2dcb76,2024-11-15,10,2024-12-27,PVV,1.4,1.5099641,0.07692307692307687,0.1615108526670015,1,model1,2026-06-15 06:49:36
7b9c460a-580e-404a-b04b-56b29c2dcb76,2024-11-18,1,2024-11-25,CTR,116.11,136.09818,-0.04882444499057914,0.11491910419290674,0,model1,2026-06-15 06:49:36
7b9c460a-580e-404a-b04b-56b29c2dcb76,2024-11-18,2,2024-11-25,HHG,1.4,1.5518659,0.0,0.10847566808973053,0,model1,2026-06-15 06:49:36
7b9c460a-580e-404a-b04b-56b29c2dcb76,2024-11-18,3,2024-11-25,PXI,1.7,2.0099425,-0.10526315789473684,0.057864490308259686,0,model1,2026-06-15 06:49:36
7b9c460a-580e-404a-b04b-56b29c2dcb76,2024-11-18,4,2024-11-25,VE9,1.9,2.0099425,0.0,0.057864490308259686,0,model1,2026-06-15 06:49:36
7b9c460a-580e-404a-b04b-56b29c2dcb76,2024-11-18,5,2024-11-25,EIN,2.6,2.639368,0.040000000000000036,0.05574722290039058,1,model1,2026-06-15 06:49:36
7b9c460a-580e-404a-b04b-56b29c2dcb76,2024-11-18,6,2024-11-28,NDC,130.58,133.50945,0.03078623302810235,0.05391099771415919,1,model1,2026-06-15 06:49:36
7b9c460a-580e-404a-b04b-56b29c2dcb76,2024-11-18,7,2024-11-25,MCG,1.8,1.9946215,-0.05263157894736836,0.04980079751265687,0,model1,2026-06-15 06:49:36
7b9c460a-580e-404a-b04b-56b29c2dcb76,2024-11-18,8,2024-11-25,JVC,3.08,3.1740975,0.01650165016501659,0.04755694323247028,1,model1,2026-06-15 06:49:36
7b9c460a-580e-404a-b04b-56b29c2dcb76,2024-11-18,9,2024-11-25,DLG,1.97,1.9469581,0.05913978494623651,0.04675164786718211,1,model1,2026-06-15 06:49:36
7b9c460a-580e-404a-b04b-56b29c2dcb76,2024-11-18,10,2024-11-26,BTN,2.7,2.8239698,0.0,0.04591475592719174,0,model1,2026-06-15 06:49:36
7b9c460a-580e-404a-b04b-56b29c2dcb76,2024-11-19,1,2024-11-26,CTR,113.86,135.66483,-0.004285089637079076,0.18639987266683988,0,model1,2026-06-15 06:49:36
7b9c460a-580e-404a-b04b-56b29c2dcb76,2024-11-19,2,2024-11-26,HHG,1.5,1.5825647,0.0714285714285714,0.13040336540767128,1,model1,2026-06-15 06:49:36
7b9c460a-580e-404a-b04b-56b29c2dcb76,2024-11-19,3,2024-11-26,VEF,118.48,130.5755,0.003982713329378829,0.10647826869147736,1,model1,2026-06-15 06:49:36
7b9c460a-580e-404a-b04b-56b29c2dcb76,2024-11-19,4,2024-11-26,DTI,2.2,2.2449589,0.04761904761904767,0.06902803693498871,1,model1,2026-06-15 06:49:36
7b9c460a-580e-404a-b04b-56b29c2dcb76,2024-11-19,5,2024-11-26,PV2,2.3,2.4337409,0.0,0.05814819750578515,0,model1,2026-06-15 06:49:36
7b9c460a-580e-404a-b04b-56b29c2dcb76,2024-11-19,6,2024-11-26,PXI,1.8,2.0099425,-0.05263157894736836,0.057864490308259686,0,model1,2026-06-15 06:49:36
7b9c460a-580e-404a-b04b-56b29c2dcb76,2024-11-19,7,2024-11-26,MCG,1.8,1.8997234,0.0,0.05540189478132462,0,model1,2026-06-15 06:49:36
7b9c460a-580e-404a-b04b-56b29c2dcb76,2024-11-19,8,2024-11-26,DLG,1.94,1.9469581,0.048648648648648596,0.052409764882680454,1,model1,2026-06-15 06:49:36
7b9c460a-580e-404a-b04b-56b29c2dcb76,2024-11-19,9,2024-12-02,SD4,3.0,2.9447548,0.0714285714285714,0.051698156765529246,1,model1,2026-06-15 06:49:36
7b9c460a-580e-404a-b04b-56b29c2dcb76,2024-11-19,10,2024-11-26,VE9,1.8,1.9946215,-0.05263157894736836,0.04980079751265687,0,model1,2026-06-15 06:49:36
7b9c460a-580e-404a-b04b-56b29c2dcb76,2024-11-20,1,2024-11-27,CTR,113.96,127.51807,0.0016700360376198375,0.12084087550540579,1,model1,2026-06-15 06:49:36
7b9c460a-580e-404a-b04b-56b29c2dcb76,2024-11-20,2,2024-11-27,VEF,118.08,126.48816,0.04440120290111449,0.11877020325214493,1,model1,2026-06-15 06:49:36
7b9c460a-580e-404a-b04b-56b29c2dcb76,2024-11-20,3,2024-11-27,HHG,1.5,1.6236776,0.0,0.08245174090067553,0,model1,2026-06-15 06:49:36
7b9c460a-580e-404a-b04b-56b29c2dcb76,2024-11-20,4,2024-11-27,VE9,1.8,1.9469581,0.0,0.08164336946275497,0,model1,2026-06-15 06:49:36
7b9c460a-580e-404a-b04b-56b29c2dcb76,2024-11-20,5,2024-12-03,NDC,116.94,136.02122,-0.07688664351120944,0.07373875099136362,0,model1,2026-06-15 06:49:36
7b9c460a-580e-404a-b04b-56b29c2dcb76,2024-11-20,6,2024-11-27,DTI,2.2,2.2399223,0.04761904761904767,0.06662965956188382,1,model1,2026-06-15 06:49:36
7b9c460a-580e-404a-b04b-56b29c2dcb76,2024-11-20,7,2024-11-27,DLG,1.94,1.9469581,0.05434782608695654,0.058129383170086424,1,model1,2026-06-15 06:49:36
7b9c460a-580e-404a-b04b-56b29c2dcb76,2024-11-20,8,2024-11-27,PTL,2.84,2.751055,0.0923076923076922,0.05809807777404785,1,model1,2026-06-15 06:49:36
7b9c460a-580e-404a-b04b-56b29c2dcb76,2024-11-20,9,2024-11-27,PXI,1.9,2.0099425,0.0,0.057864490308259686,0,model1,2026-06-15 06:49:36
7b9c460a-580e-404a-b04b-56b29c2dcb76,2024-11-20,10,2024-11-27,PV2,2.4,2.4292433,0.04347826086956519,0.05619275051614525,1,model1,2026-06-15 06:49:36
7b9c460a-580e-404a-b04b-56b29c2dcb76,2024-11-21,1,2024-11-28,CTR,114.84,134.59106,-0.01669663498587215,0.15241942335067216,0,model1,2026-06-15 06:49:36
7b9c460a-580e-404a-b04b-56b29c2dcb76,2024-11-21,2,2024-12-09,NDC,119.08,137.8286,-0.05999368487527634,0.08800598375798008,0,model1,2026-06-15 06:49:36
7b9c460a-580e-404a-b04b-56b29c2dcb76,2024-11-21,3,2024-11-28,HHG,1.4,1.6236776,-0.06666666666666676,0.08245174090067553,0,model1,2026-06-15 06:49:36
7b9c460a-580e-404a-b04b-56b29c2dcb76,2024-11-21,4,2024-11-28,EIN,2.5,2.6363335,0.0,0.05453338623046866,0,model1,2026-06-15 06:49:36
7b9c460a-580e-404a-b04b-56b29c2dcb76,2024-11-21,5,2024-11-28,VEF,118.41,118.432144,0.05103852298952605,0.051235080463687854,1,model1,2026-06-15 06:49:36
7b9c460a-580e-404a-b04b-56b29c2dcb76,2024-11-21,6,2024-11-28,VE9,1.8,1.9946215,-0.05263157894736836,0.04980079751265687,0,model1,2026-06-15 06:49:36
7b9c460a-580e-404a-b04b-56b29c2dcb76,2024-11-21,7,2024-11-28,PTL,2.8,2.751055,0.06463878326996197,0.04602851795153029,1,model1,2026-06-15 06:49:36
7b9c460a-580e-404a-b04b-56b29c2dcb76,2024-11-21,8,2024-11-28,DTI,2.1,2.2989383,-0.045454545454545525,0.04497194290161133,0,model1,2026-06-15 06:49:36
7b9c460a-580e-404a-b04b-56b29c2dcb76,2024-11-21,9,2024-11-28,DLG,1.95,1.9469581,0.04278074866310155,0.04115404547217061,1,model1,2026-06-15 06:49:36
7b9c460a-580e-404a-b04b-56b29c2dcb76,2024-11-21,10,2024-11-29,DST,3.1,3.1186426,0.03333333333333344,0.039547522862752205,1,model1,2026-06-15 06:49:36
7b9c460a-580e-404a-b04b-56b29c2dcb76,2024-11-22,1,2024-12-27,PXM,0.6,0.80638754,0.19999999999999996,0.6127750873565674,1,model1,2026-06-15 06:49:36
7b9c460a-580e-404a-b04b-56b29c2dcb76,2024-11-22,2,2024-12-27,PVH,0.6,0.8597133,0.0,0.43285552660624194,0,model1,2026-06-15 06:49:36
7b9c460a-580e-404a-b04b-56b29c2dcb76,2024-11-22,3,2024-12-27,ACM,0.7,0.80638754,0.16666666666666674,0.34397923946380615,1,model1,2026-06-15 06:49:36
7b9c460a-580e-404a-b04b-56b29c2dcb76,2024-11-22,4,2024-12-27,G20,0.6,0.80638754,0.0,0.34397923946380615,0,model1,2026-06-15 06:49:36
7b9c460a-580e-404a-b04b-56b29c2dcb76,2024-11-22,5,2024-12-27,MPT,0.6,0.9158153,-0.1428571428571428,0.3083075625555858,0,model1,2026-06-15 06:49:36
7b9c460a-580e-404a-b04b-56b29c2dcb76,2024-11-22,6,2025-01-03,LMH,0.9,1.2126082,-0.09999999999999998,0.2126082181930542,0,model1,2026-06-15 06:49:36
7b9c460a-580e-404a-b04b-56b29c2dcb76,2024-11-22,7,2024-12-27,FTM,0.8,0.9623713,0.0,0.20296411216259003,0,model1,2026-06-15 06:49:36
7b9c460a-580e-404a-b04b-56b29c2dcb76,2024-11-22,8,2024-12-27,VNH,1.1,1.3042626,0.0,0.18569330735640088,0,model1,2026-06-15 06:49:36
7b9c460a-580e-404a-b04b-56b29c2dcb76,2024-11-22,9,2024-12-27,VKC,0.8,1.1641743,-0.19999999999999996,0.16417431831359863,0,model1,2026-06-15 06:49:36
7b9c460a-580e-404a-b04b-56b29c2dcb76,2024-11-22,10,2024-11-29,CTR,116.7,134.59106,0.005081388338644466,0.15916858542007573,1,model1,2026-06-15 06:49:36
7b9c460a-580e-404a-b04b-56b29c2dcb76,2024-11-25,1,2024-12-02,CTR,116.01,134.47075,-0.0008612522607871487,0.1581323650104831,0,model1,2026-06-15 06:49:36
7b9c460a-580e-404a-b04b-56b29c2dcb76,2024-11-25,2,2024-12-02,HHG,1.4,1.5825647,0.0,0.13040336540767128,0,model1,2026-06-15 06:49:36
7b9c460a-580e-404a-b04b-56b29c2dcb76,2024-11-25,3,2024-12-02,VEF,116.0,132.1609,-0.029207465059837623,0.1060415426451089,0,model1,2026-06-15 06:49:36
7b9c460a-580e-404a-b04b-56b29c2dcb76,2024-11-25,4,2024-12-02,PXI,1.9,1.8512855,0.11764705882352944,0.08899144565357875,1,model1,2026-06-15 06:49:36
7b9c460a-580e-404a-b04b-56b29c2dcb76,2024-11-25,5,2024-12-02,DTI,2.1,2.2399223,0.0,0.06662965956188382,0,model1,2026-06-15 06:49:36
7b9c460a-580e-404a-b04b-56b29c2dcb76,2024-11-25,6,2024-12-02,MCG,1.8,1.8997234,0.0,0.05540189478132462,0,model1,2026-06-15 06:49:36
7b9c460a-580e-404a-b04b-56b29c2dcb76,2024-11-25,7,2024-12-02,KSQ,2.9,2.9447548,0.03571428571428581,0.051698156765529246,1,model1,2026-06-15 06:49:36
7b9c460a-580e-404a-b04b-56b29c2dcb76,2024-11-25,8,2024-12-02,VE9,1.9,1.9946215,0.0,0.04980079751265687,0,model1,2026-06-15 06:49:36
7b9c460a-580e-404a-b04b-56b29c2dcb76,2024-11-25,9,2024-12-02,BTN,2.7,2.930454,-0.03571428571428559,0.04659071990421837,0,model1,2026-06-15 06:49:36
7b9c460a-580e-404a-b04b-56b29c2dcb76,2024-11-25,10,2024-12-10,NDC,117.81,121.963646,0.007439712673165788,0.04295917509029068,1,model1,2026-06-15 06:49:36
7b9c460a-580e-404a-b04b-56b29c2dcb76,2024-11-26,1,2024-12-03,CTR,122.07,134.13148,0.07210609520463729,0.17803868773363396,1,model1,2026-06-15 06:49:36
7b9c460a-580e-404a-b04b-56b29c2dcb76,2024-11-26,2,2024-12-03,VEF,116.94,129.66219,-0.012997974341661056,0.09438036520041626,0,model1,2026-06-15 06:49:36
7b9c460a-580e-404a-b04b-56b29c2dcb76,2024-11-26,3,2024-12-03,HHG,1.4,1.6236776,-0.06666666666666676,0.08245174090067553,0,model1,2026-06-15 06:49:36
7b9c460a-580e-404a-b04b-56b29c2dcb76,2024-11-26,4,2024-12-03,VE9,1.9,1.9469581,0.05555555555555558,0.08164336946275497,1,model1,2026-06-15 06:49:36
7b9c460a-580e-404a-b04b-56b29c2dcb76,2024-11-26,5,2024-12-03,PV2,2.4,2.4337409,0.04347826086956519,0.05814819750578515,1,model1,2026-06-15 06:49:36
7b9c460a-580e-404a-b04b-56b29c2dcb76,2024-11-26,6,2024-12-03,MCG,1.8,1.8997234,0.0,0.05540189478132462,0,model1,2026-06-15 06:49:36
7b9c460a-580e-404a-b04b-56b29c2dcb76,2024-11-26,7,2024-12-03,PXI,1.9,1.8997234,0.05555555555555558,0.05540189478132462,1,model1,2026-06-15 06:49:36
7b9c460a-580e-404a-b04b-56b29c2dcb76,2024-11-26,8,2024-12-03,DLG,1.88,2.0436313,-0.030927835051546393,0.05341820372748618,0,model1,2026-06-15 06:49:36
7b9c460a-580e-404a-b04b-56b29c2dcb76,2024-11-26,9,2024-12-05,ALV,3.41,3.5207856,0.017910447761193993,0.05098076720735922,1,model1,2026-06-15 06:49:36
7b9c460a-580e-404a-b04b-56b29c2dcb76,2024-11-26,10,2024-12-03,DTI,2.1,2.2989383,-0.045454545454545525,0.04497194290161133,0,model1,2026-06-15 06:49:36
7b9c460a-580e-404a-b04b-56b29c2dcb76,2024-11-27,1,2024-12-04,CTR,123.24,134.13148,0.08143208143208147,0.17700495775141767,1,model1,2026-06-15 06:49:36
7b9c460a-580e-404a-b04b-56b29c2dcb76,2024-11-27,2,2024-12-04,VEF,115.47,129.24884,-0.022103658536585358,0.09458706243251402,0,model1,2026-06-15 06:49:36
7b9c460a-580e-404a-b04b-56b29c2dcb76,2024-11-27,3,2024-12-04,HHG,1.3,1.6236776,-0.1333333333333333,0.08245174090067553,0,model1,2026-06-15 06:49:36
7b9c460a-580e-404a-b04b-56b29c2dcb76,2024-11-27,4,2024-12-04,VE9,2.0,1.9469581,0.11111111111111116,0.08164336946275497,1,model1,2026-06-15 06:49:36
7b9c460a-580e-404a-b04b-56b29c2dcb76,2024-11-27,5,2024-12-04,DTI,2.1,2.3302803,-0.045454545454545525,0.059218319979580825,0,model1,2026-06-15 06:49:36
7b9c460a-580e-404a-b04b-56b29c2dcb76,2024-11-27,6,2024-12-04,MCG,1.8,1.8997234,0.0,0.05540189478132462,0,model1,2026-06-15 06:49:36
7b9c460a-580e-404a-b04b-56b29c2dcb76,2024-11-27,7,2024-12-04,DLG,1.9,2.0436313,-0.020618556701030966,0.05341820372748618,0,model1,2026-06-15 06:49:36
7b9c460a-580e-404a-b04b-56b29c2dcb76,2024-11-27,8,2024-12-04,PXI,1.9,1.9946215,0.0,0.04980079751265687,0,model1,2026-06-15 06:49:36
7b9c460a-580e-404a-b04b-56b29c2dcb76,2024-11-27,9,2024-12-04,VCM,8.5,8.598668,0.03658536585365857,0.04861806078654962,1,model1,2026-06-15 06:49:36
7b9c460a-580e-404a-b04b-56b29c2dcb76,2024-11-27,10,2024-12-04,HID,2.63,2.7561915,-0.0037878787878788955,0.044011928818442625,0,model1,2026-06-15 06:49:36
7b9c460a-580e-404a-b04b-56b29c2dcb76,2024-11-28,1,2024-12-05,CTR,120.02,134.47075,0.04510623476140707,0.17093999391646797,1,model1,2026-06-15 06:49:36
7b9c460a-580e-404a-b04b-56b29c2dcb76,2024-11-28,2,2024-12-05,HHG,1.4,1.5825647,0.0,0.13040336540767128,0,model1,2026-06-15 06:49:36
7b9c460a-580e-404a-b04b-56b29c2dcb76,2024-11-28,3,2024-12-05,VEF,117.48,129.24884,-0.00785406637952868,0.09153652843536242,0,model1,2026-06-15 06:49:36
7b9c460a-580e-404a-b04b-56b29c2dcb76,2024-11-28,4,2024-12-05,VE9,2.0,1.9469581,0.11111111111111116,0.08164336946275497,1,model1,2026-06-15 06:49:36
7b9c460a-580e-404a-b04b-56b29c2dcb76,2024-11-28,5,2024-12-05,DTI,2.1,2.2449589,0.0,0.06902803693498871,0,model1,2026-06-15 06:49:36
7b9c460a-580e-404a-b04b-56b29c2dcb76,2024-11-28,6,2024-12-05,EIN,2.4,2.639368,-0.040000000000000036,0.05574722290039058,0,model1,2026-06-15 06:49:36
7b9c460a-580e-404a-b04b-56b29c2dcb76,2024-11-28,7,2024-12-12,NDC,118.89,137.8286,-0.08952366365446474,0.0555107828339787,0,model1,2026-06-15 06:49:36
7b9c460a-580e-404a-b04b-56b29c2dcb76,2024-11-28,8,2024-12-05,MCG,1.9,1.8997234,0.05555555555555558,0.05540189478132462,1,model1,2026-06-15 06:49:36
7b9c460a-580e-404a-b04b-56b29c2dcb76,2024-11-28,9,2024-12-05,DLG,1.91,2.0436313,-0.02051282051282055,0.04801605909298634,0,model1,2026-06-15 06:49:36
7b9c460a-580e-404a-b04b-56b29c2dcb76,2024-11-28,10,2024-12-05,BTN,2.8,2.930454,0.0,0.04659071990421837,0,model1,2026-06-15 06:49:36
7b9c460a-580e-404a-b04b-56b29c2dcb76,2024-11-29,1,2025-01-03,PXM,0.6,0.80638754,0.19999999999999996,0.6127750873565674,1,model1,2026-06-15 06:49:36
7b9c460a-580e-404a-b04b-56b29c2dcb76,2024-11-29,2,2025-01-03,PVH,0.6,0.84747934,0.0,0.41246557235717773,0,model1,2026-06-15 06:49:36
7b9c460a-580e-404a-b04b-56b29c2dcb76,2024-11-29,3,2025-01-03,FTM,0.8,0.9455697,0.14285714285714302,0.3508138486317227,1,model1,2026-06-15 06:49:36
7b9c460a-580e-404a-b04b-56b29c2dcb76,2024-11-29,4,2025-01-03,G20,0.6,0.80638754,0.0,0.34397923946380615,0,model1,2026-06-15 06:49:36
7b9c460a-580e-404a-b04b-56b29c2dcb76,2024-11-29,5,2025-01-03,MPT,0.6,0.9158153,-0.1428571428571428,0.3083075625555858,0,model1,2026-06-15 06:49:36
7b9c460a-580e-404a-b04b-56b29c2dcb76,2024-11-29,6,2025-02-07,STT,1.3,1.6354444,-0.07142857142857129,0.16817457335335884,0,model1,2026-06-15 06:49:36
7b9c460a-580e-404a-b04b-56b29c2dcb76,2024-11-29,7,2025-01-03,VKC,0.9,1.1641743,-0.09999999999999998,0.16417431831359863,0,model1,2026-06-15 06:49:36
7b9c460a-580e-404a-b04b-56b29c2dcb76,2024-11-29,8,2024-12-06,CTR,121.58,134.59106,0.04181662382176521,0.153308178690017,1,model1,2026-06-15 06:49:36
7b9c460a-580e-404a-b04b-56b29c2dcb76,2024-11-29,9,2025-01-03,JOS,1.1,1.1478881,0.10000000000000009,0.14788806438446045,1,model1,2026-06-15 06:49:36
7b9c460a-580e-404a-b04b-56b29c2dcb76,2024-11-29,10,2025-01-03,PVR,1.0,1.1478881,0.0,0.14788806438446045,0,model1,2026-06-15 06:49:36
7b9c460a-580e-404a-b04b-56b29c2dcb76,2024-12-02,1,2024-12-09,CTR,121.19,134.59106,0.04465132316179643,0.16016778254568576,1,model1,2026-06-15 06:49:36
7b9c460a-580e-404a-b04b-56b29c2dcb76,2024-12-02,2,2024-12-09,HHG,1.4,1.5518659,0.0,0.10847566808973053,0,model1,2026-06-15 06:49:36
7b9c460a-580e-404a-b04b-56b29c2dcb76,2024-12-02,3,2024-12-09,DTI,2.2,2.2449589,0.04761904761904767,0.06902803693498871,1,model1,2026-06-15 06:49:36
7b9c460a-580e-404a-b04b-56b29c2dcb76,2024-12-02,4,2024-12-09,MCG,1.8,1.8997234,0.0,0.05540189478132462,0,model1,2026-06-15 06:49:36
7b9c460a-580e-404a-b04b-56b29c2dcb76,2024-12-02,5,2024-12-09,DLG,1.94,2.0099425,0.015706806282722585,0.05232593276737885,1,model1,2026-06-15 06:49:36
7b9c460a-580e-404a-b04b-56b29c2dcb76,2024-12-02,6,2024-12-09,PXI,2.0,1.9946215,0.05263157894736836,0.04980079751265687,1,model1,2026-06-15 06:49:36
7b9c460a-580e-404a-b04b-56b29c2dcb76,2024-12-02,7,2024-12-09,VE9,2.0,1.9946215,0.05263157894736836,0.04980079751265687,1,model1,2026-06-15 06:49:36
7b9c460a-580e-404a-b04b-56b29c2dcb76,2024-12-02,8,2024-12-09,EIN,2.5,2.5185058,0.04166666666666674,0.04937742153803515,1,model1,2026-06-15 06:49:36
7b9c460a-580e-404a-b04b-56b29c2dcb76,2024-12-02,9,2024-12-09,BTN,2.7,2.8186088,0.0,0.04392917067916291,0,model1,2026-06-15 06:49:36
7b9c460a-580e-404a-b04b-56b29c2dcb76,2024-12-02,10,2024-12-09,PTL,2.88,2.9224887,0.028571428571428692,0.04374596050807411,1,model1,2026-06-15 06:49:36
7b9c460a-580e-404a-b04b-56b29c2dcb76,2024-12-03,1,2024-12-10,CTR,121.09,136.4977,-0.008028180552142161,0.1181919875714883,0,model1,2026-06-15 06:49:36
7b9c460a-580e-404a-b04b-56b29c2dcb76,2024-12-03,2,2024-12-10,HHG,1.5,1.5518659,0.0714285714285714,0.10847566808973053,1,model1,2026-06-15 06:49:36
7b9c460a-580e-404a-b04b-56b29c2dcb76,2024-12-03,3,2024-12-10,VEF,114.46,126.6835,-0.02120745681546099,0.08332052503220133,0,model1,2026-06-15 06:49:36
7b9c460a-580e-404a-b04b-56b29c2dcb76,2024-12-03,4,2024-12-10,EIN,2.5,2.4337409,0.0869565217391306,0.05814819750578515,1,model1,2026-06-15 06:49:36
7b9c460a-580e-404a-b04b-56b29c2dcb76,2024-12-03,5,2024-12-10,PXI,2.0,2.0099425,0.05263157894736836,0.057864490308259686,1,model1,2026-06-15 06:49:36
7b9c460a-580e-404a-b04b-56b29c2dcb76,2024-12-03,6,2024-12-10,MCG,1.8,1.8997234,0.0,0.05540189478132462,0,model1,2026-06-15 06:49:36
7b9c460a-580e-404a-b04b-56b29c2dcb76,2024-12-03,7,2024-12-13,NDC,118.89,123.24503,0.01667521806054384,0.0539168228506941,1,model1,2026-06-15 06:49:36
7b9c460a-580e-404a-b04b-56b29c2dcb76,2024-12-03,8,2024-12-10,VE9,2.0,1.9946215,0.05263157894736836,0.04980079751265687,1,model1,2026-06-15 06:49:36
7b9c460a-580e-404a-b04b-56b29c2dcb76,2024-12-03,9,2024-12-10,DTI,2.2,2.203869,0.04761904761904767,0.04946147827875036,1,model1,2026-06-15 06:49:36
7b9c460a-580e-404a-b04b-56b29c2dcb76,2024-12-03,10,2024-12-10,BTN,2.7,2.8186088,0.0,0.04392917067916291,0,model1,2026-06-15 06:49:36
7b9c460a-580e-404a-b04b-56b29c2dcb76,2024-12-04,1,2024-12-11,HHG,1.4,1.5099641,0.07692307692307687,0.1615108526670015,1,model1,2026-06-15 06:49:36
7b9c460a-580e-404a-b04b-56b29c2dcb76,2024-12-04,2,2024-12-11,CTR,120.31,137.20776,-0.02377474845829275,0.11333790710706748,0,model1,2026-06-15 06:49:36
7b9c460a-580e-404a-b04b-56b29c2dcb76,2024-12-04,3,2024-12-11,VEF,113.59,126.61033,-0.016281285182298433,0.09647812136759693,0,model1,2026-06-15 06:49:36
7b9c460a-580e-404a-b04b-56b29c2dcb76,2024-12-04,4,2024-12-11,DTI,2.2,2.2399223,0.04761904761904767,0.06662965956188382,1,model1,2026-06-15 06:49:36
7b9c460a-580e-404a-b04b-56b29c2dcb76,2024-12-04,5,2024-12-11,DLG,1.92,2.0099425,0.010526315789473717,0.057864490308259686,1,model1,2026-06-15 06:49:36
7b9c460a-580e-404a-b04b-56b29c2dcb76,2024-12-04,6,2024-12-11,PXI,1.9,2.0099425,0.0,0.057864490308259686,0,model1,2026-06-15 06:49:36
7b9c460a-580e-404a-b04b-56b29c2dcb76,2024-12-04,7,2024-12-12,MCG,1.8,1.8997234,0.0,0.05540189478132462,0,model1,2026-06-15 06:49:36
7b9c460a-580e-404a-b04b-56b29c2dcb76,2024-12-04,8,2024-12-19,SD4,2.8,2.838854,0.03703703703703698,0.05142743499190705,1,model1,2026-06-15 06:49:36
7b9c460a-580e-404a-b04b-56b29c2dcb76,2024-12-04,9,2024-12-11,EIN,2.5,2.5185058,0.04166666666666674,0.04937742153803515,1,model1,2026-06-15 06:49:36
7b9c460a-580e-404a-b04b-56b29c2dcb76,2024-12-04,10,2024-12-11,HID,2.7,2.7561915,0.026615969581749166,0.04798155592421627,1,model1,2026-06-15 06:49:36
7b9c460a-580e-404a-b04b-56b29c2dcb76,2024-12-05,1,2024-12-12,CTR,119.33,136.8243,-0.005749041826362267,0.14001245662344042,0,model1,2026-06-15 06:49:36
7b9c460a-580e-404a-b04b-56b29c2dcb76,2024-12-05,2,2024-12-12,HHG,1.4,1.5518659,0.0,0.10847566808973053,0,model1,2026-06-15 06:49:36
7b9c460a-580e-404a-b04b-56b29c2dcb76,2024-12-05,3,2024-12-12,VEF,114.13,127.42162,-0.02851549199863812,0.08462396348297974,0,model1,2026-06-15 06:49:36
7b9c460a-580e-404a-b04b-56b29c2dcb76,2024-12-05,4,2024-12-12,DTI,2.2,2.2449589,0.04761904761904767,0.06902803693498871,1,model1,2026-06-15 06:49:36
7b9c460a-580e-404a-b04b-56b29c2dcb76,2024-12-05,5,2024-12-12,DLG,1.94,2.0099425,0.015706806282722585,0.05232593276737885,1,model1,2026-06-15 06:49:36
7b9c460a-580e-404a-b04b-56b29c2dcb76,2024-12-05,6,2024-12-13,MCG,1.8,1.9946215,-0.05263157894736836,0.04980079751265687,0,model1,2026-06-15 06:49:36
7b9c460a-580e-404a-b04b-56b29c2dcb76,2024-12-05,7,2024-12-12,PXI,1.9,1.9946215,0.0,0.04980079751265687,0,model1,2026-06-15 06:49:36
7b9c460a-580e-404a-b04b-56b29c2dcb76,2024-12-05,8,2024-12-12,HID,2.69,2.7320192,0.026717557251908275,0.042755414511411294,1,model1,2026-06-15 06:49:36
7b9c460a-580e-404a-b04b-56b29c2dcb76,2024-12-05,9,2024-12-12,TTF,3.1,3.1186426,0.029900332225913706,0.03609387660739438,1,model1,2026-06-15 06:49:36
7b9c460a-580e-404a-b04b-56b29c2dcb76,2024-12-05,10,2024-12-12,EIN,2.4,2.4853046,0.0,0.03554358084996556,0,model1,2026-06-15 06:49:36
7b9c460a-580e-404a-b04b-56b29c2dcb76,2024-12-06,1,2025-01-10,G20,0.6,0.80638754,0.19999999999999996,0.6127750873565674,1,model1,2026-06-15 06:49:36
7b9c460a-580e-404a-b04b-56b29c2dcb76,2024-12-06,2,2025-01-10,FTM,0.8,0.9623713,0.14285714285714302,0.37481612818581733,1,model1,2026-06-15 06:49:36
7b9c460a-580e-404a-b04b-56b29c2dcb76,2024-12-06,3,2025-01-10,ACM,0.7,0.80638754,0.16666666666666674,0.34397923946380615,1,model1,2026-06-15 06:49:36
7b9c460a-580e-404a-b04b-56b29c2dcb76,2024-12-06,4,2025-01-10,PVH,0.6,0.80638754,0.0,0.34397923946380615,0,model1,2026-06-15 06:49:36
7b9c460a-580e-404a-b04b-56b29c2dcb76,2024-12-06,5,2025-01-10,PXM,0.5,0.80638754,-0.16666666666666663,0.34397923946380615,0,model1,2026-06-15 06:49:36
7b9c460a-580e-404a-b04b-56b29c2dcb76,2024-12-06,6,2025-01-10,MPT,0.7,0.8983716,0.0,0.2833879675183979,0,model1,2026-06-15 06:49:36
7b9c460a-580e-404a-b04b-56b29c2dcb76,2024-12-06,7,2025-01-10,LMH,0.9,1.0878532,0.0,0.20872577031453443,0,model1,2026-06-15 06:49:36
7b9c460a-580e-404a-b04b-56b29c2dcb76,2024-12-06,8,2025-01-10,PVR,1.0,1.0829942,0.11111111111111116,0.20332691404554581,1,model1,2026-06-15 06:49:36
7b9c460a-580e-404a-b04b-56b29c2dcb76,2024-12-06,9,2025-02-14,STT,1.2,1.4165083,0.0,0.18042359749476122,0,model1,2026-06-15 06:49:36
7b9c460a-580e-404a-b04b-56b29c2dcb76,2024-12-06,10,2025-01-10,VKC,0.9,1.152747,-0.09999999999999998,0.1527470350265503,0,model1,2026-06-15 06:49:36
7b9c460a-580e-404a-b04b-56b29c2dcb76,2024-12-09,1,2024-12-16,HHG,1.4,1.5825647,0.0,0.13040336540767128,0,model1,2026-06-15 06:49:36
7b9c460a-580e-404a-b04b-56b29c2dcb76,2024-12-09,2,2024-12-16,CTR,117.87,136.89702,-0.02739499958742464,0.12960655526542775,0,model1,2026-06-15 06:49:36
7b9c460a-580e-404a-b04b-56b29c2dcb76,2024-12-09,3,2024-12-16,VEF,114.2,126.6835,0.0035149384885764245,0.11321179435207052,1,model1,2026-06-15 06:49:36
7b9c460a-580e-404a-b04b-56b29c2dcb76,2024-12-09,4,2024-12-16,DTI,2.2,2.3302803,0.0,0.059218319979580825,0,model1,2026-06-15 06:49:36
7b9c460a-580e-404a-b04b-56b29c2dcb76,2024-12-09,5,2024-12-17,MCG,1.8,1.8997234,0.0,0.05540189478132462,0,model1,2026-06-15 06:49:36
7b9c460a-580e-404a-b04b-56b29c2dcb76,2024-12-09,6,2024-12-16,DLG,1.91,2.0436313,-0.015463917525773252,0.05341820372748618,0,model1,2026-06-15 06:49:36
7b9c460a-580e-404a-b04b-56b29c2dcb76,2024-12-09,7,2024-12-16,BTN,2.8,2.8186088,0.03703703703703698,0.04392917067916291,1,model1,2026-06-15 06:49:36
7b9c460a-580e-404a-b04b-56b29c2dcb76,2024-12-09,8,2024-12-16,KMR,3.24,3.3759925,0.0,0.04197300510641955,0,model1,2026-06-15 06:49:36
7b9c460a-580e-404a-b04b-56b29c2dcb76,2024-12-09,9,2024-12-17,APP,8.0,8.123651,0.025641025641025772,0.04149366036439561,1,model1,2026-06-15 06:49:36
7b9c460a-580e-404a-b04b-56b29c2dcb76,2024-12-09,10,2024-12-16,EIN,2.4,2.6024923,-0.040000000000000036,0.04099693298339835,0,model1,2026-06-15 06:49:36
7b9c460a-580e-404a-b04b-56b29c2dcb76,2024-12-10,1,2024-12-17,NDC,117.91,133.44548,0.0008488243782360794,0.1327177688369381,1,model1,2026-06-15 06:49:36
7b9c460a-580e-404a-b04b-56b29c2dcb76,2024-12-10,2,2024-12-17,CTR,119.14,136.89702,-0.016103724502436245,0.130539420535281,0,model1,2026-06-15 06:49:36
7b9c460a-580e-404a-b04b-56b29c2dcb76,2024-12-10,3,2024-12-17,VEF,115.47,128.09,0.008824043333915732,0.11908086963035669,1,model1,2026-06-15 06:49:36
7b9c460a-580e-404a-b04b-56b29c2dcb76,2024-12-10,4,2024-12-17,TNB,7.4,6.9633217,0.17460317460317465,0.10528915647476444,1,model1,2026-06-15 06:49:36
7b9c460a-580e-404a-b04b-56b29c2dcb76,2024-12-10,5,2024-12-17,HHG,1.3,1.6236776,-0.1333333333333333,0.08245174090067553,0,model1,2026-06-15 06:49:36
7b9c460a-580e-404a-b04b-56b29c2dcb76,2024-12-10,6,2024-12-17,DTI,2.2,2.3302803,0.0,0.059218319979580825,0,model1,2026-06-15 06:49:36
7b9c460a-580e-404a-b04b-56b29c2dcb76,2024-12-10,7,2024-12-17,DLG,1.95,2.0099425,0.026315789473684292,0.057864490308259686,1,model1,2026-06-15 06:49:36
7b9c460a-580e-404a-b04b-56b29c2dcb76,2024-12-10,8,2024-12-18,MCG,1.7,1.8997234,-0.05555555555555558,0.05540189478132462,0,model1,2026-06-15 06:49:36
7b9c460a-580e-404a-b04b-56b29c2dcb76,2024-12-10,9,2024-12-17,EIN,2.4,2.6363335,-0.040000000000000036,0.05453338623046866,0,model1,2026-06-15 06:49:36
7b9c460a-580e-404a-b04b-56b29c2dcb76,2024-12-10,10,2024-12-17,VE9,1.9,2.0906112,-0.050000000000000044,0.045305609703063965,0,model1,2026-06-15 06:49:36
7b9c460a-580e-404a-b04b-56b29c2dcb76,2024-12-11,1,2024-12-20,NDC,117.91,135.4015,-0.008242913617629744,0.13888051574229587,0,model1,2026-06-15 06:49:36
7b9c460a-580e-404a-b04b-56b29c2dcb76,2024-12-11,2,2024-12-18,CTR,119.63,136.43744,-0.0056520654974648865,0.13404903137597657,0,model1,2026-06-15 06:49:36
7b9c460a-580e-404a-b04b-56b29c2dcb76,2024-12-11,3,2024-12-18,HHG,1.4,1.5825647,0.0,0.13040336540767128,0,model1,2026-06-15 06:49:36
7b9c460a-580e-404a-b04b-56b29c2dcb76,2024-12-11,4,2024-12-18,VEF,115.6,128.3051,0.017695219649616956,0.12954573014618087,1,model1,2026-06-15 06:49:36
7b9c460a-580e-404a-b04b-56b29c2dcb76,2024-12-11,5,2024-12-18,DLG,1.97,2.0436313,0.02604166666666674,0.06439131001631426,1,model1,2026-06-15 06:49:36
7b9c460a-580e-404a-b04b-56b29c2dcb76,2024-12-11,6,2024-12-18,DTI,2.1,2.3302803,-0.045454545454545525,0.059218319979580825,0,model1,2026-06-15 06:49:36
7b9c460a-580e-404a-b04b-56b29c2dcb76,2024-12-11,7,2024-12-18,PXI,2.0,2.0099425,0.05263157894736836,0.057864490308259686,1,model1,2026-06-15 06:49:36
7b9c460a-580e-404a-b04b-56b29c2dcb76,2024-12-11,8,2024-12-18,VE9,1.9,2.0099425,0.0,0.057864490308259686,0,model1,2026-06-15 06:49:36
7b9c460a-580e-404a-b04b-56b29c2dcb76,2024-12-11,9,2024-12-18,PV2,2.4,2.5185058,0.0,0.04937742153803515,0,model1,2026-06-15 06:49:36
7b9c460a-580e-404a-b04b-56b29c2dcb76,2024-12-11,10,2024-12-18,TNB,8.5,7.5442634,0.18055555555555558,0.04781435595618344,1,model1,2026-06-15 06:49:36
7b9c460a-580e-404a-b04b-56b29c2dcb76,2024-12-12,1,2024-12-19,CTR,119.33,136.7767,0.0,0.1462055047419708,0,model1,2026-06-15 06:49:36
7b9c460a-580e-404a-b04b-56b29c2dcb76,2024-12-12,2,2024-12-23,NDC,114.99,135.85263,-0.03280343174362865,0.14267499886646795,0,model1,2026-06-15 06:49:36
7b9c460a-580e-404a-b04b-56b29c2dcb76,2024-12-12,3,2024-12-19,VEF,113.86,129.49237,-0.0023657232979934495,0.13460414093988216,0,model1,2026-06-15 06:49:36
7b9c460a-580e-404a-b04b-56b29c2dcb76,2024-12-12,4,2024-12-19,HHG,1.4,1.5518659,0.0,0.10847566808973053,0,model1,2026-06-15 06:49:36
7b9c460a-580e-404a-b04b-56b29c2dcb76,2024-12-12,5,2024-12-19,PXI,2.0,2.0099425,0.05263157894736836,0.057864490308259686,1,model1,2026-06-15 06:49:36
7b9c460a-580e-404a-b04b-56b29c2dcb76,2024-12-12,6,2024-12-19,VE9,1.9,2.0099425,0.0,0.057864490308259686,0,model1,2026-06-15 06:49:36
7b9c460a-580e-404a-b04b-56b29c2dcb76,2024-12-12,7,2024-12-19,MCG,1.7,1.8997234,-0.05555555555555558,0.05540189478132462,0,model1,2026-06-15 06:49:36
7b9c460a-580e-404a-b04b-56b29c2dcb76,2024-12-12,8,2024-12-19,DLG,1.93,2.0436313,-0.005154639175257714,0.05341820372748618,0,model1,2026-06-15 06:49:36
7b9c460a-580e-404a-b04b-56b29c2dcb76,2024-12-12,9,2024-12-19,EIN,2.4,2.5185058,0.0,0.04937742153803515,0,model1,2026-06-15 06:49:36
7b9c460a-580e-404a-b04b-56b29c2dcb76,2024-12-12,10,2024-12-19,PV2,2.5,2.5185058,0.04166666666666674,0.04937742153803515,1,model1,2026-06-15 06:49:36
7b9c460a-580e-404a-b04b-56b29c2dcb76,2024-12-13,1,2025-01-17,G20,0.5,0.80638754,0.0,0.6127750873565674,0,model1,2026-06-15 06:49:36
7b9c460a-580e-404a-b04b-56b29c2dcb76,2024-12-13,2,2025-01-17,MPT,0.7,0.8711271,0.16666666666666674,0.45187854766845703,1,model1,2026-06-15 06:49:36
7b9c460a-580e-404a-b04b-56b29c2dcb76,2024-12-13,3,2025-01-17,PXM,0.6,0.84747934,0.0,0.41246557235717773,0,model1,2026-06-15 06:49:36
7b9c460a-580e-404a-b04b-56b29c2dcb76,2024-12-13,4,2025-01-17,PVH,0.6,0.80638754,0.0,0.34397923946380615,0,model1,2026-06-15 06:49:36
7b9c460a-580e-404a-b04b-56b29c2dcb76,2024-12-13,5,2025-01-17,VKC,1.0,1.0829942,0.11111111111111116,0.20332691404554581,1,model1,2026-06-15 06:49:36
7b9c460a-580e-404a-b04b-56b29c2dcb76,2024-12-13,6,2025-01-17,TOP,1.1,1.3042626,0.0,0.18569330735640088,0,model1,2026-06-15 06:49:36
7b9c460a-580e-404a-b04b-56b29c2dcb76,2024-12-13,7,2024-12-20,CTR,119.63,136.7767,0.016656751933372904,0.16237531130160088,1,model1,2026-06-15 06:49:36
7b9c460a-580e-404a-b04b-56b29c2dcb76,2024-12-13,8,2024-12-20,HHG,1.4,1.5099641,0.07692307692307687,0.1615108526670015,1,model1,2026-06-15 06:49:36
7b9c460a-580e-404a-b04b-56b29c2dcb76,2024-12-13,9,2025-01-17,LMH,0.9,1.152747,-0.09999999999999998,0.1527470350265503,0,model1,2026-06-15 06:49:36
7b9c460a-580e-404a-b04b-56b29c2dcb76,2024-12-13,10,2025-01-17,PVR,1.0,1.1478881,0.0,0.14788806438446045,0,model1,2026-06-15 06:49:36
7b9c460a-580e-404a-b04b-56b29c2dcb76,2024-12-16,1,2024-12-23,CTR,119.63,136.89702,0.014931704420123815,0.16142375865459568,1,model1,2026-06-15 06:49:36
7b9c460a-580e-404a-b04b-56b29c2dcb76,2024-12-16,2,2024-12-23,VEF,116.21,130.26433,0.017600700525393975,0.1406683713041128,1,model1,2026-06-15 06:49:36
7b9c460a-580e-404a-b04b-56b29c2dcb76,2024-12-16,3,2024-12-25,NDC,114.79,135.4015,-0.03448565901253253,0.13888051574229587,0,model1,2026-06-15 06:49:36
7b9c460a-580e-404a-b04b-56b29c2dcb76,2024-12-16,4,2024-12-23,PXI,1.9,1.9622791,0.05555555555555558,0.09015504519144701,1,model1,2026-06-15 06:49:36
7b9c460a-580e-404a-b04b-56b29c2dcb76,2024-12-16,5,2024-12-23,MCG,1.7,1.8392208,0.0,0.08189456603106327,0,model1,2026-06-15 06:49:36
7b9c460a-580e-404a-b04b-56b29c2dcb76,2024-12-16,6,2024-12-23,HHG,1.3,1.5139729,-0.07142857142857129,0.08140919889722564,0,model1,2026-06-15 06:49:36
7b9c460a-580e-404a-b04b-56b29c2dcb76,2024-12-16,7,2024-12-23,DTI,2.2,2.333206,0.0,0.060548153790560555,0,model1,2026-06-15 06:49:36
7b9c460a-580e-404a-b04b-56b29c2dcb76,2024-12-16,8,2024-12-23,VE9,1.9,2.0099425,0.0,0.057864490308259686,0,model1,2026-06-15 06:49:36
7b9c460a-580e-404a-b04b-56b29c2dcb76,2024-12-16,9,2024-12-23,DLG,2.03,2.0099425,0.0628272251308899,0.05232593276737885,1,model1,2026-06-15 06:49:36
7b9c460a-580e-404a-b04b-56b29c2dcb76,2024-12-16,10,2024-12-23,HAV,3.2,3.1538327,0.06666666666666665,0.05127755800882983,1,model1,2026-06-15 06:49:36
7b9c460a-580e-404a-b04b-56b29c2dcb76,2024-12-17,1,2024-12-24,CTR,122.07,137.4467,0.024592915897263756,0.1536570509468247,1,model1,2026-06-15 06:49:36
7b9c460a-580e-404a-b04b-56b29c2dcb76,2024-12-17,2,2024-12-26,NDC,114.99,135.4015,-0.0247646510050038,0.14834623455687868,0,model1,2026-06-15 06:49:36
7b9c460a-580e-404a-b04b-56b29c2dcb76,2024-12-17,3,2024-12-24,VEF,115.13,131.18672,-0.0029444877457348584,0.13611086690705654,0,model1,2026-06-15 06:49:36
7b9c460a-580e-404a-b04b-56b29c2dcb76,2024-12-17,4,2024-12-24,HHG,1.4,1.4662274,0.07692307692307687,0.1278672401721661,1,model1,2026-06-15 06:49:36
7b9c460a-580e-404a-b04b-56b29c2dcb76,2024-12-17,5,2024-12-25,UPH,8.8,9.036034,0.03529411764705892,0.06306278004365806,1,model1,2026-06-15 06:49:36
7b9c460a-580e-404a-b04b-56b29c2dcb76,2024-12-17,6,2024-12-24,VE9,1.9,2.0099425,0.0,0.057864490308259686,0,model1,2026-06-15 06:49:36
7b9c460a-580e-404a-b04b-56b29c2dcb76,2024-12-17,7,2024-12-24,PXI,1.9,1.9946215,0.0,0.04980079751265687,0,model1,2026-06-15 06:49:36
7b9c460a-580e-404a-b04b-56b29c2dcb76,2024-12-17,8,2024-12-24,EIN,2.3,2.5185058,-0.04166666666666674,0.04937742153803515,0,model1,2026-06-15 06:49:36
7b9c460a-580e-404a-b04b-56b29c2dcb76,2024-12-17,9,2024-12-24,PV2,2.5,2.5185058,0.04166666666666674,0.04937742153803515,1,model1,2026-06-15 06:49:36
7b9c460a-580e-404a-b04b-56b29c2dcb76,2024-12-17,10,2024-12-24,MCG,1.7,1.8876587,-0.05555555555555558,0.048699286248948814,0,model1,2026-06-15 06:49:36
7b9c460a-580e-404a-b04b-56b29c2dcb76,2024-12-18,1,2024-12-25,CTR,122.95,137.4467,0.027752236061188817,0.1489317148692193,1,model1,2026-06-15 06:49:36
7b9c460a-580e-404a-b04b-56b29c2dcb76,2024-12-18,2,2024-12-25,VEF,116.47,129.97122,0.007525951557093569,0.12431852875283855,1,model1,2026-06-15 06:49:36
7b9c460a-580e-404a-b04b-56b29c2dcb76,2024-12-18,3,2024-12-25,MCG,1.8,1.8392208,0.05882352941176472,0.08189456603106327,1,model1,2026-06-15 06:49:36
7b9c460a-580e-404a-b04b-56b29c2dcb76,2024-12-18,4,2024-12-25,HHG,1.3,1.5081292,-0.07142857142857129,0.0772351707730976,0,model1,2026-06-15 06:49:36
7b9c460a-580e-404a-b04b-56b29c2dcb76,2024-12-18,5,2024-12-25,DTI,2.3,2.2399223,0.09523809523809512,0.06662965956188382,1,model1,2026-06-15 06:49:36
7b9c460a-580e-404a-b04b-56b29c2dcb76,2024-12-18,6,2024-12-25,BTN,2.7,2.7621012,0.03846153846153855,0.06234660515418411,1,model1,2026-06-15 06:49:36
7b9c460a-580e-404a-b04b-56b29c2dcb76,2024-12-18,7,2024-12-25,VE9,1.8,2.0099425,-0.05263157894736836,0.057864490308259686,0,model1,2026-06-15 06:49:36
7b9c460a-580e-404a-b04b-56b29c2dcb76,2024-12-18,8,2024-12-30,SD4,2.9,2.9398007,0.03571428571428581,0.04992883546011795,1,model1,2026-06-15 06:49:36
7b9c460a-580e-404a-b04b-56b29c2dcb76,2024-12-18,9,2024-12-25,PV2,2.5,2.5185058,0.04166666666666674,0.04937742153803515,1,model1,2026-06-15 06:49:36
7b9c460a-580e-404a-b04b-56b29c2dcb76,2024-12-18,10,2024-12-25,GPC,3.0,2.935815,0.0714285714285714,0.04850539139338905,1,model1,2026-06-15 06:49:36
7b9c460a-580e-404a-b04b-56b29c2dcb76,2024-12-19,1,2024-12-26,CTR,122.07,137.4467,0.022961535238414488,0.15182017137186543,1,model1,2026-06-15 06:49:36
7b9c460a-580e-404a-b04b-56b29c2dcb76,2024-12-19,2,2024-12-26,VEF,116.34,129.97122,0.0217811347268575,0.14150028037790374,1,model1,2026-06-15 06:49:36
7b9c460a-580e-404a-b04b-56b29c2dcb76,2024-12-19,3,2024-12-26,HHG,1.4,1.5460223,0.0,0.10430163996560249,0,model1,2026-06-15 06:49:36
7b9c460a-580e-404a-b04b-56b29c2dcb76,2024-12-19,4,2024-12-26,MCG,1.8,1.8392208,0.05882352941176472,0.08189456603106327,1,model1,2026-06-15 06:49:36
7b9c460a-580e-404a-b04b-56b29c2dcb76,2024-12-19,5,2025-05-23,DAS,4.66,5.9172163,-0.14963503649635046,0.07978399652634205,0,model1,2026-06-15 06:49:36
7b9c460a-580e-404a-b04b-56b29c2dcb76,2024-12-19,6,2024-12-26,DTI,2.4,2.3302803,0.09090909090909083,0.059218319979580825,1,model1,2026-06-15 06:49:36
7b9c460a-580e-404a-b04b-56b29c2dcb76,2024-12-19,7,2024-12-26,DLG,2.1,2.0436313,0.08808290155440424,0.05887632913540064,1,model1,2026-06-15 06:49:36
7b9c460a-580e-404a-b04b-56b29c2dcb76,2024-12-19,8,2024-12-26,VE9,1.9,2.0099425,0.0,0.057864490308259686,0,model1,2026-06-15 06:49:36
7b9c460a-580e-404a-b04b-56b29c2dcb76,2024-12-19,9,2024-12-27,HAV,3.4,3.1665602,0.1333333333333333,0.055520057678222656,1,model1,2026-06-15 06:49:36
7b9c460a-580e-404a-b04b-56b29c2dcb76,2024-12-19,10,2025-01-08,SD4,2.9,2.9531271,0.03571428571428581,0.05468826634543289,1,model1,2026-06-15 06:49:36
7b9c460a-580e-404a-b04b-56b29c2dcb76,2024-12-20,1,2025-01-24,PVH,0.6,0.80638754,0.19999999999999996,0.6127750873565674,1,model1,2026-06-15 06:49:36
7b9c460a-580e-404a-b04b-56b29c2dcb76,2024-12-20,2,2025-01-24,ACM,0.6,0.80638754,0.0,0.34397923946380615,0,model1,2026-06-15 06:49:36
7b9c460a-580e-404a-b04b-56b29c2dcb76,2024-12-20,3,2025-01-24,G20,0.6,0.80638754,0.0,0.34397923946380615,0,model1,2026-06-15 06:49:36
7b9c460a-580e-404a-b04b-56b29c2dcb76,2024-12-20,4,2025-01-24,PXM,0.5,0.80638754,-0.16666666666666663,0.34397923946380615,0,model1,2026-06-15 06:49:36
7b9c460a-580e-404a-b04b-56b29c2dcb76,2024-12-20,5,2025-01-24,LMH,1.0,1.0878532,0.11111111111111116,0.20872577031453443,1,model1,2026-06-15 06:49:36
7b9c460a-580e-404a-b04b-56b29c2dcb76,2024-12-20,6,2025-01-24,VNH,1.2,1.3042626,0.09090909090909083,0.18569330735640088,1,model1,2026-06-15 06:49:36
7b9c460a-580e-404a-b04b-56b29c2dcb76,2024-12-20,7,2025-01-24,TOP,1.1,1.2989839,0.0,0.18089448321949342,0,model1,2026-06-15 06:49:36
7b9c460a-580e-404a-b04b-56b29c2dcb76,2024-12-20,8,2024-12-27,NDC,114.01,136.8885,-0.03307607497243659,0.16095754412959296,0,model1,2026-06-15 06:49:36
7b9c460a-580e-404a-b04b-56b29c2dcb76,2024-12-20,9,2024-12-27,VEF,114.87,132.48157,0.0006097560975610872,0.15402062180150256,1,model1,2026-06-15 06:49:36
7b9c460a-580e-404a-b04b-56b29c2dcb76,2024-12-20,10,2025-01-24,PVR,1.0,1.152747,0.0,0.1527470350265503,0,model1,2026-06-15 06:49:36
7b9c460a-580e-404a-b04b-56b29c2dcb76,2024-12-23,1,2024-12-30,NDC,114.99,135.80032,0.0,0.18097507162647308,0,model1,2026-06-15 06:49:36
7b9c460a-580e-404a-b04b-56b29c2dcb76,2024-12-23,2,2024-12-30,CTR,120.11,137.02254,0.004012371478726129,0.14538608402110942,1,model1,2026-06-15 06:49:36
7b9c460a-580e-404a-b04b-56b29c2dcb76,2024-12-23,3,2024-12-30,VEF,115.47,132.48157,-0.006367782462782801,0.14001865057062646,0,model1,2026-06-15 06:49:36
7b9c460a-580e-404a-b04b-56b29c2dcb76,2024-12-23,4,2024-12-30,MCG,1.9,1.8204765,0.11764705882352944,0.07086854822495403,1,model1,2026-06-15 06:49:36
7b9c460a-580e-404a-b04b-56b29c2dcb76,2024-12-23,5,2024-12-30,EIN,2.4,2.4337409,0.04347826086956519,0.05814819750578515,1,model1,2026-06-15 06:49:36
7b9c460a-580e-404a-b04b-56b29c2dcb76,2024-12-23,6,2024-12-30,PXI,1.9,2.0099425,0.0,0.057864490308259686,0,model1,2026-06-15 06:49:36
7b9c460a-580e-404a-b04b-56b29c2dcb76,2024-12-23,7,2024-12-30,VE9,1.9,2.0099425,0.0,0.057864490308259686,0,model1,2026-06-15 06:49:36
7b9c460a-580e-404a-b04b-56b29c2dcb76,2024-12-23,8,2024-12-30,GPC,3.1,2.935815,0.1071428571428572,0.04850539139338905,1,model1,2026-06-15 06:49:36
7b9c460a-580e-404a-b04b-56b29c2dcb76,2024-12-23,9,2024-12-30,DTI,2.2,2.301864,0.0,0.046301776712590836,0,model1,2026-06-15 06:49:36
7b9c460a-580e-404a-b04b-56b29c2dcb76,2024-12-23,10,2024-12-30,PTL,2.79,2.8625686,0.018248175182481674,0.04473307184929398,1,model1,2026-06-15 06:49:36
7b9c460a-580e-404a-b04b-56b29c2dcb76,2024-12-24,1,2024-12-31,VEF,115.07,131.54848,-0.0005211500043429407,0.14260815749892797,0,model1,2026-06-15 06:49:36
7b9c460a-580e-404a-b04b-56b29c2dcb76,2024-12-24,2,2024-12-31,CTR,121.58,138.14915,-0.004014090276071025,0.13172077220517697,0,model1,2026-06-15 06:49:36
7b9c460a-580e-404a-b04b-56b29c2dcb76,2024-12-24,3,2024-12-31,NDC,114.99,126.84392,0.0,0.10308651053726137,0,model1,2026-06-15 06:49:36
7b9c460a-580e-404a-b04b-56b29c2dcb76,2024-12-24,4,2024-12-31,MCG,1.9,1.8392208,0.11764705882352944,0.08189456603106327,1,model1,2026-06-15 06:49:36
7b9c460a-580e-404a-b04b-56b29c2dcb76,2024-12-24,5,2024-12-31,HHG,1.6,1.5081292,0.14285714285714302,0.0772351707730976,1,model1,2026-06-15 06:49:36
7b9c460a-580e-404a-b04b-56b29c2dcb76,2024-12-24,6,2024-12-31,DTI,2.2,2.2449589,0.04761904761904767,0.06902803693498871,1,model1,2026-06-15 06:49:36
7b9c460a-580e-404a-b04b-56b29c2dcb76,2024-12-24,7,2024-12-31,BTN,2.7,2.7561915,0.03846153846153855,0.06007365080026483,1,model1,2026-06-15 06:49:36
7b9c460a-580e-404a-b04b-56b29c2dcb76,2024-12-24,8,2024-12-31,PXI,1.9,2.0099425,0.0,0.057864490308259686,0,model1,2026-06-15 06:49:36
7b9c460a-580e-404a-b04b-56b29c2dcb76,2024-12-24,9,2024-12-31,VE9,1.8,2.0099425,-0.05263157894736836,0.057864490308259686,0,model1,2026-06-15 06:49:36
7b9c460a-580e-404a-b04b-56b29c2dcb76,2024-12-24,10,2024-12-31,DLG,2.08,2.116309,0.034825870646766344,0.052890013699507854,1,model1,2026-06-15 06:49:36
7b9c460a-580e-404a-b04b-56b29c2dcb76,2024-12-25,1,2025-01-02,VEF,115.13,132.52943,-0.011505108611659653,0.13788472743282876,0,model1,2026-06-15 06:49:36
7b9c460a-580e-404a-b04b-56b29c2dcb76,2024-12-25,2,2025-01-02,HHG,1.5,1.4662274,0.15384615384615374,0.1278672401721661,1,model1,2026-06-15 06:49:36
7b9c460a-580e-404a-b04b-56b29c2dcb76,2024-12-25,3,2025-01-02,CTR,122.56,138.14915,-0.003172021146807702,0.12362061539720148,0,model1,2026-06-15 06:49:36
7b9c460a-580e-404a-b04b-56b29c2dcb76,2024-12-25,4,2025-01-02,NDC,114.99,126.723595,0.001742312048087724,0.10396022881372358,1,model1,2026-06-15 06:49:36
7b9c460a-580e-404a-b04b-56b29c2dcb76,2024-12-25,5,2025-01-02,VE9,1.9,1.9469581,0.05555555555555558,0.08164336946275497,1,model1,2026-06-15 06:49:36
7b9c460a-580e-404a-b04b-56b29c2dcb76,2024-12-25,6,2025-01-02,PXI,1.9,2.0099425,0.0,0.057864490308259686,0,model1,2026-06-15 06:49:36
7b9c460a-580e-404a-b04b-56b29c2dcb76,2024-12-25,7,2025-01-10,SD4,2.6,2.9447548,-0.07142857142857129,0.051698156765529246,0,model1,2026-06-15 06:49:36
7b9c460a-580e-404a-b04b-56b29c2dcb76,2024-12-25,8,2025-01-02,DLG,2.08,2.1435802,0.019607843137254832,0.050774607003903904,1,model1,2026-06-15 06:49:36
7b9c460a-580e-404a-b04b-56b29c2dcb76,2024-12-25,9,2025-01-02,BTN,2.7,2.8186088,0.0,0.04392917067916291,0,model1,2026-06-15 06:49:36
7b9c460a-580e-404a-b04b-56b29c2dcb76,2024-12-25,10,2025-01-02,PV2,2.5,2.6024923,0.0,0.04099693298339835,0,model1,2026-06-15 06:49:36
7b9c460a-580e-404a-b04b-56b29c2dcb76,2024-12-26,1,2025-01-03,VEF,114.46,133.06476,-0.016159532405019883,0.14375759240829677,0,model1,2026-06-15 06:49:36
7b9c460a-580e-404a-b04b-56b29c2dcb76,2024-12-26,2,2025-01-03,CTR,126.46,138.14915,0.0359629720652086,0.13172077220517697,1,model1,2026-06-15 06:49:36
7b9c460a-580e-404a-b04b-56b29c2dcb76,2024-12-26,3,2025-01-03,NDC,114.99,126.723595,0.0,0.10204013101597842,0,model1,2026-06-15 06:49:36
7b9c460a-580e-404a-b04b-56b29c2dcb76,2024-12-26,4,2025-01-03,HHG,1.5,1.5081292,0.0714285714285714,0.0772351707730976,1,model1,2026-06-15 06:49:36
7b9c460a-580e-404a-b04b-56b29c2dcb76,2024-12-26,5,2025-01-03,PXI,1.8,1.9946215,-0.05263157894736836,0.04980079751265687,0,model1,2026-06-15 06:49:36
7b9c460a-580e-404a-b04b-56b29c2dcb76,2024-12-26,6,2025-01-03,VE9,1.9,1.9946215,0.0,0.04980079751265687,0,model1,2026-06-15 06:49:36
7b9c460a-580e-404a-b04b-56b29c2dcb76,2024-12-26,7,2025-01-03,MCG,1.9,1.8876587,0.05555555555555558,0.048699286248948814,1,model1,2026-06-15 06:49:36
7b9c460a-580e-404a-b04b-56b29c2dcb76,2024-12-26,8,2025-01-14,SD4,2.7,2.935815,-0.03571428571428559,0.04850539139338905,0,model1,2026-06-15 06:49:36
7b9c460a-580e-404a-b04b-56b29c2dcb76,2024-12-26,9,2025-01-03,DLG,2.03,2.2016287,-0.03333333333333344,0.048394611903599394,0,model1,2026-06-15 06:49:36
7b9c460a-580e-404a-b04b-56b29c2dcb76,2024-12-26,10,2025-01-06,BTN,2.6,2.8186088,-0.03703703703703709,0.04392917067916291,0,model1,2026-06-15 06:49:36
7b9c460a-580e-404a-b04b-56b29c2dcb76,2024-12-27,1,2025-02-07,MPT,0.7,0.87040824,0.16666666666666674,0.4506803949673972,1,model1,2026-06-15 06:49:36
7b9c460a-580e-404a-b04b-56b29c2dcb76,2024-12-27,2,2025-02-07,PVH,0.6,0.84747934,0.0,0.41246557235717773,0,model1,2026-06-15 06:49:36
7b9c460a-580e-404a-b04b-56b29c2dcb76,2024-12-27,3,2025-02-07,G20,0.6,0.80638754,0.0,0.34397923946380615,0,model1,2026-06-15 06:49:36
7b9c460a-580e-404a-b04b-56b29c2dcb76,2024-12-27,4,2025-02-07,PXM,0.6,0.80638754,0.0,0.34397923946380615,0,model1,2026-06-15 06:49:36
7b9c460a-580e-404a-b04b-56b29c2dcb76,2024-12-27,5,2025-02-07,ACM,0.7,0.8747236,0.0,0.24960516180310943,0,model1,2026-06-15 06:49:36
7b9c460a-580e-404a-b04b-56b29c2dcb76,2024-12-27,6,2025-02-07,FTM,0.9,0.9904914,0.125,0.23811423778533936,1,model1,2026-06-15 06:49:36
7b9c460a-580e-404a-b04b-56b29c2dcb76,2024-12-27,7,2025-02-07,PVR,1.0,1.2126082,0.0,0.2126082181930542,0,model1,2026-06-15 06:49:36
7b9c460a-580e-404a-b04b-56b29c2dcb76,2024-12-27,8,2025-02-07,LMH,1.0,1.0829942,0.11111111111111116,0.20332691404554581,1,model1,2026-06-15 06:49:36
7b9c460a-580e-404a-b04b-56b29c2dcb76,2024-12-27,9,2025-01-06,CTR,128.41,137.4467,0.06990501583069486,0.1451983090302007,1,model1,2026-06-15 06:49:36
7b9c460a-580e-404a-b04b-56b29c2dcb76,2024-12-27,10,2025-02-07,VNH,1.1,1.2592657,0.0,0.14478696476329445,0,model1,2026-06-15 06:49:36
7b9c460a-580e-404a-b04b-56b29c2dcb76,2024-12-30,1,2025-01-07,CTR,126.95,137.4467,0.05694779785196902,0.14434019690121302,1,model1,2026-06-15 06:49:36
7b9c460a-580e-404a-b04b-56b29c2dcb76,2024-12-30,2,2025-01-07,NDC,113.33,131.16962,-0.014436037916340516,0.14070455430227624,0,model1,2026-06-15 06:49:36
7b9c460a-580e-404a-b04b-56b29c2dcb76,2024-12-30,3,2025-01-07,VEF,112.46,130.23882,-0.02606737680782889,0.1279017520361756,0,model1,2026-06-15 06:49:36
7b9c460a-580e-404a-b04b-56b29c2dcb76,2024-12-30,4,2025-01-07,DLG,1.97,2.1707933,-0.029556650246305383,0.06935630290966333,0,model1,2026-06-15 06:49:36
7b9c460a-580e-404a-b04b-56b29c2dcb76,2024-12-30,5,2025-01-07,DTI,2.2,2.3302803,0.0,0.059218319979580825,0,model1,2026-06-15 06:49:36
7b9c460a-580e-404a-b04b-56b29c2dcb76,2024-12-30,6,2025-01-07,PXI,1.8,2.0099425,-0.05263157894736836,0.057864490308259686,0,model1,2026-06-15 06:49:36
7b9c460a-580e-404a-b04b-56b29c2dcb76,2024-12-30,7,2025-01-08,BTN,2.7,2.7320192,0.03846153846153855,0.05077661000765277,1,model1,2026-06-15 06:49:36
7b9c460a-580e-404a-b04b-56b29c2dcb76,2024-12-30,8,2025-01-07,VE9,1.9,1.9946215,0.0,0.04980079751265687,0,model1,2026-06-15 06:49:36
7b9c460a-580e-404a-b04b-56b29c2dcb76,2024-12-30,9,2025-01-07,HHG,1.6,1.6795584,0.0,0.049723997712135315,0,model1,2026-06-15 06:49:36
7b9c460a-580e-404a-b04b-56b29c2dcb76,2024-12-30,10,2025-01-07,EIN,2.3,2.5185058,-0.04166666666666674,0.04937742153803515,0,model1,2026-06-15 06:49:36
7b9c460a-580e-404a-b04b-56b29c2dcb76,2024-12-31,1,2025-01-08,NDC,110.11,131.11063,-0.04243847291068781,0.140191549010376,0,model1,2026-06-15 06:49:36
7b9c460a-580e-404a-b04b-56b29c2dcb76,2024-12-31,2,2025-01-08,CTR,125.48,137.81485,0.032077644349399526,0.13353224094025018,1,model1,2026-06-15 06:49:36
7b9c460a-580e-404a-b04b-56b29c2dcb76,2024-12-31,3,2025-01-08,VEF,112.46,129.70302,-0.02268184583297128,0.12716623088968948,0,model1,2026-06-15 06:49:36
7b9c460a-580e-404a-b04b-56b29c2dcb76,2024-12-31,4,2025-01-08,VE9,1.9,1.9469581,0.05555555555555558,0.08164336946275497,1,model1,2026-06-15 06:49:36
7b9c460a-580e-404a-b04b-56b29c2dcb76,2024-12-31,5,2025-01-08,HID,2.66,2.7561915,0.023076923076922995,0.06007365080026483,1,model1,2026-06-15 06:49:36
7b9c460a-580e-404a-b04b-56b29c2dcb76,2024-12-31,6,2025-01-08,DTI,2.1,2.3302803,-0.045454545454545525,0.059218319979580825,0,model1,2026-06-15 06:49:36
7b9c460a-580e-404a-b04b-56b29c2dcb76,2024-12-31,7,2025-01-08,PXI,1.8,2.0099425,-0.05263157894736836,0.057864490308259686,0,model1,2026-06-15 06:49:36
7b9c460a-580e-404a-b04b-56b29c2dcb76,2024-12-31,8,2025-01-08,MCG,1.8,1.9946215,-0.05263157894736836,0.04980079751265687,0,model1,2026-06-15 06:49:36
7b9c460a-580e-404a-b04b-56b29c2dcb76,2024-12-31,9,2025-01-08,HHG,1.7,1.6795584,0.0625,0.049723997712135315,1,model1,2026-06-15 06:49:36
7b9c460a-580e-404a-b04b-56b29c2dcb76,2024-12-31,10,2025-01-08,EIN,2.3,2.5185058,-0.04166666666666674,0.04937742153803515,0,model1,2026-06-15 06:49:36
7b9c460a-580e-404a-b04b-56b29c2dcb76,2025-01-02,1,2025-01-09,NDC,112.06,134.1446,-0.02548047656317931,0.16657628962470916,0,model1,2026-06-15 06:49:36
7b9c460a-580e-404a-b04b-56b29c2dcb76,2025-01-02,2,2025-01-09,VEF,112.46,129.70302,-0.02319117519325986,0.12657880820356615,0,model1,2026-06-15 06:49:36
7b9c460a-580e-404a-b04b-56b29c2dcb76,2025-01-02,3,2025-01-09,CTR,124.12,137.81485,0.012728459530026104,0.12446842243403733,1,model1,2026-06-15 06:49:36
7b9c460a-580e-404a-b04b-56b29c2dcb76,2025-01-02,4,2025-01-09,HHG,1.7,1.6610371,0.1333333333333333,0.10735805829366041,1,model1,2026-06-15 06:49:36
7b9c460a-580e-404a-b04b-56b29c2dcb76,2025-01-02,5,2025-01-09,DTI,2.1,2.3302803,-0.045454545454545525,0.059218319979580825,0,model1,2026-06-15 06:49:36
7b9c460a-580e-404a-b04b-56b29c2dcb76,2025-01-02,6,2025-01-09,PXI,1.8,2.0099425,-0.05263157894736836,0.057864490308259686,0,model1,2026-06-15 06:49:36
7b9c460a-580e-404a-b04b-56b29c2dcb76,2025-01-02,7,2025-01-09,MCG,1.8,2.008808,-0.05263157894736836,0.05726731450934164,0,model1,2026-06-15 06:49:36
7b9c460a-580e-404a-b04b-56b29c2dcb76,2025-01-02,8,2025-01-09,VE9,1.8,1.9946215,-0.05263157894736836,0.04980079751265687,0,model1,2026-06-15 06:49:36
7b9c460a-580e-404a-b04b-56b29c2dcb76,2025-01-02,9,2025-01-13,BTN,2.8,2.8186088,0.03703703703703698,0.04392917067916291,1,model1,2026-06-15 06:49:36
7b9c460a-580e-404a-b04b-56b29c2dcb76,2025-01-02,10,2025-01-09,FCM,3.17,3.3811138,-0.021604938271605034,0.04355363198268547,0,model1,2026-06-15 06:49:36
7b9c460a-580e-404a-b04b-56b29c2dcb76,2025-01-03,1,2025-02-14,PVH,0.6,0.84747934,0.0,0.41246557235717773,0,model1,2026-06-15 06:49:36
7b9c460a-580e-404a-b04b-56b29c2dcb76,2025-01-03,2,2025-02-14,G20,0.7,0.80638754,0.16666666666666674,0.34397923946380615,1,model1,2026-06-15 06:49:36
7b9c460a-580e-404a-b04b-56b29c2dcb76,2025-01-03,3,2025-02-14,PXM,0.6,0.80638754,0.0,0.34397923946380615,0,model1,2026-06-15 06:49:36
7b9c460a-580e-404a-b04b-56b29c2dcb76,2025-01-03,4,2025-02-14,FTM,0.8,0.984312,0.0,0.23038999736309052,0,model1,2026-06-15 06:49:36
7b9c460a-580e-404a-b04b-56b29c2dcb76,2025-01-03,5,2025-02-14,PVR,1.0,1.2126082,0.0,0.2126082181930542,0,model1,2026-06-15 06:49:36
7b9c460a-580e-404a-b04b-56b29c2dcb76,2025-01-03,6,2025-02-14,LMH,1.0,1.0829942,0.11111111111111116,0.20332691404554581,1,model1,2026-06-15 06:49:36
7b9c460a-580e-404a-b04b-56b29c2dcb76,2025-01-03,7,2025-02-14,ACM,0.8,0.9326168,0.0,0.16577096283435822,0,model1,2026-06-15 06:49:36
7b9c460a-580e-404a-b04b-56b29c2dcb76,2025-01-03,8,2025-01-10,NDC,111.77,132.94965,-0.02800243499434729,0.15618441600220678,0,model1,2026-06-15 06:49:36
7b9c460a-580e-404a-b04b-56b29c2dcb76,2025-01-03,9,2025-02-14,PXA,1.0,1.2635971,-0.09090909090909094,0.1487246643413196,0,model1,2026-06-15 06:49:36
7b9c460a-580e-404a-b04b-56b29c2dcb76,2025-01-03,10,2025-01-10,VEF,111.52,130.49466,-0.02568582911060635,0.1400896332677628,0,model1,2026-06-15 06:49:36
7b9c460a-580e-404a-b04b-56b29c2dcb76,2025-01-06,1,2025-01-13,VEF,110.45,131.48082,-0.02074652008156752,0.16571344713315384,0,model1,2026-06-15 06:49:36
7b9c460a-580e-404a-b04b-56b29c2dcb76,2025-01-06,2,2025-01-14,NDC,125.61,130.64304,0.10174546092448034,0.1458910261264088,1,model1,2026-06-15 06:49:36
7b9c460a-580e-404a-b04b-56b29c2dcb76,2025-01-06,3,2025-01-13,HHG,1.5,1.6610371,0.0,0.10735805829366041,0,model1,2026-06-15 06:49:36
7b9c460a-580e-404a-b04b-56b29c2dcb76,2025-01-06,4,2025-01-13,PXI,1.8,1.9469581,0.0,0.08164336946275497,0,model1,2026-06-15 06:49:36
7b9c460a-580e-404a-b04b-56b29c2dcb76,2025-01-06,5,2025-01-13,CTR,122.36,137.974,-0.047114710692313655,0.07448017306625276,0,model1,2026-06-15 06:49:36
7b9c460a-580e-404a-b04b-56b29c2dcb76,2025-01-06,6,2025-01-13,DLG,1.96,2.1384854,-0.020000000000000018,0.06924271583557129,0,model1,2026-06-15 06:49:36
7b9c460a-580e-404a-b04b-56b29c2dcb76,2025-01-06,7,2025-01-14,BTN,2.8,2.7561915,0.07692307692307687,0.06007365080026483,1,model1,2026-06-15 06:49:36
7b9c460a-580e-404a-b04b-56b29c2dcb76,2025-01-06,8,2025-01-13,DTI,2.2,2.3302803,0.0,0.059218319979580825,0,model1,2026-06-15 06:49:36
7b9c460a-580e-404a-b04b-56b29c2dcb76,2025-01-06,9,2025-01-13,MCG,1.8,2.0099425,-0.05263157894736836,0.057864490308259686,0,model1,2026-06-15 06:49:36
7b9c460a-580e-404a-b04b-56b29c2dcb76,2025-01-06,10,2025-01-13,HID,2.61,2.7561915,0.0,0.05601206593129837,0,model1,2026-06-15 06:49:36
7b9c460a-580e-404a-b04b-56b29c2dcb76,2025-01-07,1,2025-01-14,VEF,109.78,131.54848,-0.023830695358349585,0.16973570311978992,0,model1,2026-06-15 06:49:36
7b9c460a-580e-404a-b04b-56b29c2dcb76,2025-01-07,2,2025-01-15,NDC,112.06,130.77655,-0.011206211947410227,0.1539446774284723,0,model1,2026-06-15 06:49:36
7b9c460a-580e-404a-b04b-56b29c2dcb76,2025-01-07,3,2025-01-14,MCG,1.7,1.8512855,0.0,0.08899144565357875,0,model1,2026-06-15 06:49:36
7b9c460a-580e-404a-b04b-56b29c2dcb76,2025-01-07,4,2025-01-14,CTR,122.36,137.94302,-0.036155966916108784,0.08659333345128495,0,model1,2026-06-15 06:49:36
7b9c460a-580e-404a-b04b-56b29c2dcb76,2025-01-07,5,2025-01-14,PXI,1.7,1.9469581,-0.05555555555555558,0.08164336946275497,0,model1,2026-06-15 06:49:36
7b9c460a-580e-404a-b04b-56b29c2dcb76,2025-01-07,6,2025-01-14,DTI,2.1,2.3302803,-0.045454545454545525,0.059218319979580825,0,model1,2026-06-15 06:49:36
7b9c460a-580e-404a-b04b-56b29c2dcb76,2025-01-07,7,2025-01-14,EIN,2.3,2.4337409,0.0,0.05814819750578515,0,model1,2026-06-15 06:49:36
7b9c460a-580e-404a-b04b-56b29c2dcb76,2025-01-07,8,2025-01-14,HHG,1.4,1.6924424,-0.1250000000000001,0.05777651071548462,0,model1,2026-06-15 06:49:36
7b9c460a-580e-404a-b04b-56b29c2dcb76,2025-01-07,9,2025-01-14,DLG,1.9,2.0799942,-0.035532994923857864,0.055834620132058976,0,model1,2026-06-15 06:49:36
7b9c460a-580e-404a-b04b-56b29c2dcb76,2025-01-07,10,2025-01-24,VFC,88.84,92.89795,0.0045228403437358455,0.05040648144222071,1,model1,2026-06-15 06:49:36
7b9c460a-580e-404a-b04b-56b29c2dcb76,2025-01-08,1,2025-01-15,VEF,109.11,132.08017,-0.029788369197937037,0.17446353972731976,0,model1,2026-06-15 06:49:36
7b9c460a-580e-404a-b04b-56b29c2dcb76,2025-01-08,2,2025-01-15,CTR,123.04,137.44899,-0.01944532993305703,0.09538563809502754,0,model1,2026-06-15 06:49:36
7b9c460a-580e-404a-b04b-56b29c2dcb76,2025-01-08,3,2025-01-16,VMG,3.0,3.1464765,0.034482758620689724,0.08499189902996207,1,model1,2026-06-15 06:49:36
7b9c460a-580e-404a-b04b-56b29c2dcb76,2025-01-08,4,2025-01-15,PXI,1.8,1.9469581,0.0,0.08164336946275497,0,model1,2026-06-15 06:49:36
7b9c460a-580e-404a-b04b-56b29c2dcb76,2025-01-08,5,2025-01-15,DTI,2.1,2.2449589,0.0,0.06902803693498871,0,model1,2026-06-15 06:49:36
7b9c460a-580e-404a-b04b-56b29c2dcb76,2025-01-08,6,2025-01-15,DLG,1.93,2.124299,-0.03500000000000003,0.0621495246887207,0,model1,2026-06-15 06:49:36
7b9c460a-580e-404a-b04b-56b29c2dcb76,2025-01-08,7,2025-01-15,EIN,2.3,2.4337409,0.0,0.05814819750578515,0,model1,2026-06-15 06:49:36
7b9c460a-580e-404a-b04b-56b29c2dcb76,2025-01-08,8,2025-01-15,VE9,1.9,2.0099425,0.0,0.057864490308259686,0,model1,2026-06-15 06:49:36
7b9c460a-580e-404a-b04b-56b29c2dcb76,2025-01-08,9,2025-01-15,MCG,1.7,1.8997234,-0.05555555555555558,0.05540189478132462,0,model1,2026-06-15 06:49:36
7b9c460a-580e-404a-b04b-56b29c2dcb76,2025-01-08,10,2025-01-15,PEG,5.2,5.972646,-0.08771929824561409,0.04783267305608385,0,model1,2026-06-15 06:49:36
7b9c460a-580e-404a-b04b-56b29c2dcb76,2025-01-09,1,2025-01-16,VEF,113.73,129.25784,0.011292904143695548,0.14936726851839,1,model1,2026-06-15 06:49:36
7b9c460a-580e-404a-b04b-56b29c2dcb76,2025-01-09,2,2025-01-16,CTR,125.78,137.02254,0.013374154044472952,0.10395212078186677,1,model1,2026-06-15 06:49:36
7b9c460a-580e-404a-b04b-56b29c2dcb76,2025-01-09,3,2025-01-16,PXI,1.8,1.9469581,0.0,0.08164336946275497,0,model1,2026-06-15 06:49:36
7b9c460a-580e-404a-b04b-56b29c2dcb76,2025-01-09,4,2025-01-16,VE9,1.9,1.9469581,0.05555555555555558,0.08164336946275497,1,model1,2026-06-15 06:49:36
7b9c460a-580e-404a-b04b-56b29c2dcb76,2025-01-09,5,2025-01-16,HHG,1.4,1.8174298,-0.17647058823529416,0.06907634174122523,0,model1,2026-06-15 06:49:36
7b9c460a-580e-404a-b04b-56b29c2dcb76,2025-01-09,6,2025-01-16,DTI,2.2,2.2399223,0.04761904761904767,0.06662965956188382,1,model1,2026-06-15 06:49:36
7b9c460a-580e-404a-b04b-56b29c2dcb76,2025-01-09,7,2025-01-16,DLG,1.94,2.1384854,-0.03482587064676612,0.0639231003339018,0,model1,2026-06-15 06:49:36
7b9c460a-580e-404a-b04b-56b29c2dcb76,2025-01-09,8,2025-01-16,MCG,1.8,1.8997234,0.0,0.05540189478132462,0,model1,2026-06-15 06:49:36
7b9c460a-580e-404a-b04b-56b29c2dcb76,2025-01-09,9,2025-01-17,NDC,114.01,117.51872,0.01740139211136893,0.04871249807406475,1,model1,2026-06-15 06:49:36
7b9c460a-580e-404a-b04b-56b29c2dcb76,2025-01-09,10,2025-02-13,SD4,2.8,2.8239698,0.03703703703703698,0.04591475592719174,1,model1,2026-06-15 06:49:36
7b9c460a-580e-404a-b04b-56b29c2dcb76,2025-01-10,1,2025-02-21,PXM,0.6,0.80638754,0.19999999999999996,0.6127750873565674,1,model1,2026-06-15 06:49:36
7b9c460a-580e-404a-b04b-56b29c2dcb76,2025-01-10,2,2025-02-21,PVH,0.7,0.84747934,0.16666666666666674,0.41246557235717773,1,model1,2026-06-15 06:49:36
7b9c460a-580e-404a-b04b-56b29c2dcb76,2025-01-10,3,2025-02-21,G20,0.6,0.80638754,0.0,0.34397923946380615,0,model1,2026-06-15 06:49:36
7b9c460a-580e-404a-b04b-56b29c2dcb76,2025-01-10,4,2025-02-21,MPT,0.8,0.9326168,0.14285714285714302,0.33230967181069526,1,model1,2026-06-15 06:49:36
7b9c460a-580e-404a-b04b-56b29c2dcb76,2025-01-10,5,2025-02-21,FTM,0.9,0.984312,0.125,0.23038999736309052,1,model1,2026-06-15 06:49:36
7b9c460a-580e-404a-b04b-56b29c2dcb76,2025-01-10,6,2025-02-21,PXA,1.1,1.175445,0.10000000000000009,0.17544496059417725,1,model1,2026-06-15 06:49:36
7b9c460a-580e-404a-b04b-56b29c2dcb76,2025-01-10,7,2025-02-21,PVR,1.1,1.152747,0.10000000000000009,0.1527470350265503,1,model1,2026-06-15 06:49:36
7b9c460a-580e-404a-b04b-56b29c2dcb76,2025-01-10,8,2025-01-17,VEF,116.14,127.52825,0.04142754662840753,0.14354601549452317,1,model1,2026-06-15 06:49:36
7b9c460a-580e-404a-b04b-56b29c2dcb76,2025-01-10,9,2025-01-20,NDC,115.96,127.54381,0.03748769795114959,0.14112738644894374,1,model1,2026-06-15 06:49:36
7b9c460a-580e-404a-b04b-56b29c2dcb76,2025-01-10,10,2025-02-21,TOP,1.2,1.3626224,0.0,0.13551865021387743,0,model1,2026-06-15 06:49:36
7b9c460a-580e-404a-b04b-56b29c2dcb76,2025-01-13,1,2025-01-20,CTR,125.88,136.86047,0.028767571101667277,0.11850664949993872,1,model1,2026-06-15 06:49:36
7b9c460a-580e-404a-b04b-56b29c2dcb76,2025-01-13,2,2025-01-20,HHG,1.4,1.6307179,-0.06666666666666676,0.08714524904886889,0,model1,2026-06-15 06:49:36
7b9c460a-580e-404a-b04b-56b29c2dcb76,2025-01-13,3,2025-01-23,VMG,3.4,3.0919526,0.17241379310344818,0.06619053873522529,1,model1,2026-06-15 06:49:36
7b9c460a-580e-404a-b04b-56b29c2dcb76,2025-01-13,4,2025-01-20,DTI,2.2,2.3302803,0.0,0.059218319979580825,0,model1,2026-06-15 06:49:36
7b9c460a-580e-404a-b04b-56b29c2dcb76,2025-01-13,5,2025-01-20,PXI,1.7,1.8997234,-0.05555555555555558,0.05540189478132462,0,model1,2026-06-15 06:49:36
7b9c460a-580e-404a-b04b-56b29c2dcb76,2025-01-13,6,2025-01-20,EIN,2.3,2.4152215,0.0,0.05009628378826636,0,model1,2026-06-15 06:49:36
7b9c460a-580e-404a-b04b-56b29c2dcb76,2025-01-13,7,2025-01-20,VE9,2.0,1.9946215,0.05263157894736836,0.04980079751265687,1,model1,2026-06-15 06:49:36
7b9c460a-580e-404a-b04b-56b29c2dcb76,2025-01-13,8,2025-01-20,MCG,1.9,1.8876587,0.05555555555555558,0.048699286248948814,1,model1,2026-06-15 06:49:36
7b9c460a-580e-404a-b04b-56b29c2dcb76,2025-01-13,9,2025-01-20,HID,2.62,2.7320192,0.003831417624521105,0.046750645984635186,1,model1,2026-06-15 06:49:36
7b9c460a-580e-404a-b04b-56b29c2dcb76,2025-01-13,10,2025-01-20,BTN,2.8,2.9171276,0.0,0.04183128901890343,0,model1,2026-06-15 06:49:36
7b9c460a-580e-404a-b04b-56b29c2dcb76,2025-01-14,1,2025-01-21,HHG,1.5,1.589605,0.0714285714285714,0.13543212413787842,1,model1,2026-06-15 06:49:36
7b9c460a-580e-404a-b04b-56b29c2dcb76,2025-01-14,2,2025-01-21,CTR,125.39,136.86047,0.024762994442628417,0.11850664949993872,1,model1,2026-06-15 06:49:36
7b9c460a-580e-404a-b04b-56b29c2dcb76,2025-01-14,3,2025-01-21,MCG,1.7,1.8392208,0.0,0.08189456603106327,0,model1,2026-06-15 06:49:36
7b9c460a-580e-404a-b04b-56b29c2dcb76,2025-01-14,4,2025-01-21,PXI,1.7,1.831529,0.0,0.07737001250771924,0,model1,2026-06-15 06:49:36
7b9c460a-580e-404a-b04b-56b29c2dcb76,2025-01-14,5,2025-01-21,DTI,2.2,2.2399223,0.04761904761904767,0.06662965956188382,1,model1,2026-06-15 06:49:36
7b9c460a-580e-404a-b04b-56b29c2dcb76,2025-01-14,6,2025-01-22,DLG,1.89,2.0099425,-0.0052631578947368585,0.057864490308259686,0,model1,2026-06-15 06:49:36
7b9c460a-580e-404a-b04b-56b29c2dcb76,2025-01-14,7,2025-01-21,EIN,2.2,2.4292433,-0.04347826086956508,0.05619275051614525,0,model1,2026-06-15 06:49:36
7b9c460a-580e-404a-b04b-56b29c2dcb76,2025-01-14,8,2025-01-21,VE9,2.0,1.9946215,0.05263157894736836,0.04980079751265687,1,model1,2026-06-15 06:49:36
7b9c460a-580e-404a-b04b-56b29c2dcb76,2025-01-14,9,2025-01-21,BTN,2.8,2.935815,0.0,0.04850539139338905,0,model1,2026-06-15 06:49:36
7b9c460a-580e-404a-b04b-56b29c2dcb76,2025-01-14,10,2025-01-21,HID,2.6,2.7320192,-0.003831417624520994,0.046750645984635186,0,model1,2026-06-15 06:49:36
7b9c460a-580e-404a-b04b-56b29c2dcb76,2025-01-15,1,2025-02-04,NDC,115.77,130.00421,0.0331072639657326,0.16013038930734647,1,model1,2026-06-15 06:49:36
7b9c460a-580e-404a-b04b-56b29c2dcb76,2025-01-15,2,2025-01-22,CTR,130.66,136.86047,0.061931079323797045,0.11232504578033553,1,model1,2026-06-15 06:49:36
7b9c460a-580e-404a-b04b-56b29c2dcb76,2025-01-15,3,2025-01-22,MCG,1.8,1.8392208,0.05882352941176472,0.08189456603106327,1,model1,2026-06-15 06:49:36
7b9c460a-580e-404a-b04b-56b29c2dcb76,2025-01-15,4,2025-01-22,HHG,1.4,1.6000192,-0.06666666666666676,0.06667947769165039,0,model1,2026-06-15 06:49:36
7b9c460a-580e-404a-b04b-56b29c2dcb76,2025-01-15,5,2025-01-22,DTI,2.2,2.2399223,0.04761904761904767,0.06662965956188382,1,model1,2026-06-15 06:49:36
7b9c460a-580e-404a-b04b-56b29c2dcb76,2025-01-15,6,2025-01-23,DLG,1.87,2.0436313,-0.031088082901554293,0.05887632913540064,0,model1,2026-06-15 06:49:36
7b9c460a-580e-404a-b04b-56b29c2dcb76,2025-01-15,7,2025-01-22,EIN,2.3,2.4292433,0.0,0.05619275051614525,0,model1,2026-06-15 06:49:36
7b9c460a-580e-404a-b04b-56b29c2dcb76,2025-01-15,8,2025-01-22,GPC,2.9,2.9506993,0.03571428571428581,0.05382118906293609,1,model1,2026-06-15 06:49:36
7b9c460a-580e-404a-b04b-56b29c2dcb76,2025-01-15,9,2025-08-08,DAS,6.49,5.767966,0.18430656934306566,0.052548502483507065,1,model1,2026-06-15 06:49:36
7b9c460a-580e-404a-b04b-56b29c2dcb76,2025-01-15,10,2025-01-22,VE9,1.9,1.9946215,0.0,0.04980079751265687,0,model1,2026-06-15 06:49:36
7b9c460a-580e-404a-b04b-56b29c2dcb76,2025-01-16,1,2025-02-06,NDC,115.08,130.36926,0.02694984829555591,0.16338803047753436,1,model1,2026-06-15 06:49:36
7b9c460a-580e-404a-b04b-56b29c2dcb76,2025-01-16,2,2025-01-23,HHG,1.5,1.5518659,0.0714285714285714,0.10847566808973053,1,model1,2026-06-15 06:49:36
7b9c460a-580e-404a-b04b-56b29c2dcb76,2025-01-16,3,2025-01-23,CTR,130.27,137.44899,0.03569724916520922,0.09277301532965554,1,model1,2026-06-15 06:49:36
7b9c460a-580e-404a-b04b-56b29c2dcb76,2025-01-16,4,2025-01-23,VEF,123.1,123.85956,0.08238811219555076,0.08906672035055618,1,model1,2026-06-15 06:49:36
7b9c460a-580e-404a-b04b-56b29c2dcb76,2025-01-16,5,2025-01-23,DTI,2.2,2.3302803,0.0,0.059218319979580825,0,model1,2026-06-15 06:49:36
7b9c460a-580e-404a-b04b-56b29c2dcb76,2025-01-16,6,2025-01-24,DLG,1.89,2.0436313,-0.02577319587628868,0.05341820372748618,0,model1,2026-06-15 06:49:36
7b9c460a-580e-404a-b04b-56b29c2dcb76,2025-01-16,7,2025-01-23,EIN,2.3,2.4206488,0.0,0.05245600575986131,0,model1,2026-06-15 06:49:36
7b9c460a-580e-404a-b04b-56b29c2dcb76,2025-01-16,8,2025-01-23,VE9,1.9,1.9946215,0.0,0.04980079751265687,0,model1,2026-06-15 06:49:36
7b9c460a-580e-404a-b04b-56b29c2dcb76,2025-01-16,9,2025-01-23,MCG,1.7,1.8876587,-0.05555555555555558,0.048699286248948814,0,model1,2026-06-15 06:49:36
7b9c460a-580e-404a-b04b-56b29c2dcb76,2025-01-16,10,2025-01-23,PXI,1.7,1.8876587,-0.05555555555555558,0.048699286248948814,0,model1,2026-06-15 06:49:36
7b9c460a-580e-404a-b04b-56b29c2dcb76,2025-01-17,1,2025-02-28,PXM,0.7,0.80638754,0.16666666666666674,0.34397923946380615,1,model1,2026-06-15 06:49:36
7b9c460a-580e-404a-b04b-56b29c2dcb76,2025-01-17,2,2025-02-28,ACM,0.8,0.93946314,0.14285714285714302,0.3420901979718891,1,model1,2026-06-15 06:49:36
7b9c460a-580e-404a-b04b-56b29c2dcb76,2025-01-17,3,2025-02-28,MPT,0.8,0.9158153,0.14285714285714302,0.3083075625555858,1,model1,2026-06-15 06:49:36
7b9c460a-580e-404a-b04b-56b29c2dcb76,2025-01-17,4,2025-02-28,FTM,0.8,0.984312,0.0,0.23038999736309052,0,model1,2026-06-15 06:49:36
7b9c460a-580e-404a-b04b-56b29c2dcb76,2025-01-17,5,2025-02-28,TOP,1.1,1.2989839,0.0,0.18089448321949342,0,model1,2026-06-15 06:49:36
7b9c460a-580e-404a-b04b-56b29c2dcb76,2025-01-17,6,2025-02-28,PVR,1.2,1.1641743,0.19999999999999996,0.16417431831359863,1,model1,2026-06-15 06:49:36
7b9c460a-580e-404a-b04b-56b29c2dcb76,2025-01-17,7,2025-02-28,VKC,1.2,1.1641743,0.19999999999999996,0.16417431831359863,1,model1,2026-06-15 06:49:36
7b9c460a-580e-404a-b04b-56b29c2dcb76,2025-01-17,8,2025-02-07,NDC,118.89,131.75339,0.042803262871677905,0.15563009780871728,1,model1,2026-06-15 06:49:36
7b9c460a-580e-404a-b04b-56b29c2dcb76,2025-01-17,9,2025-02-28,VNH,1.2,1.2381132,0.09090909090909083,0.12555742263793945,1,model1,2026-06-15 06:49:36
7b9c460a-580e-404a-b04b-56b29c2dcb76,2025-01-17,10,2025-01-24,VEF,122.5,129.9536,0.05476149474771819,0.11893919426951038,1,model1,2026-06-15 06:49:36
7b9c460a-580e-404a-b04b-56b29c2dcb76,2025-01-20,1,2025-02-10,NDC,119.86,131.75339,0.03363228699551568,0.1361968562536382,1,model1,2026-06-15 06:49:36
7b9c460a-580e-404a-b04b-56b29c2dcb76,2025-01-20,2,2025-02-03,VEF,118.35,129.9536,0.022020725388601115,0.12222450796598405,1,model1,2026-06-15 06:49:36
7b9c460a-580e-404a-b04b-56b29c2dcb76,2025-01-20,3,2025-02-03,HHG,1.6,1.5518659,0.14285714285714302,0.10847566808973053,1,model1,2026-06-15 06:49:36
7b9c460a-580e-404a-b04b-56b29c2dcb76,2025-01-20,4,2025-02-03,CTR,122.07,137.44899,-0.03026692087702576,0.09190490839024523,0,model1,2026-06-15 06:49:36
7b9c460a-580e-404a-b04b-56b29c2dcb76,2025-01-20,5,2025-02-03,PXI,1.9,1.8127849,0.11764705882352944,0.06634406482472133,1,model1,2026-06-15 06:49:36
7b9c460a-580e-404a-b04b-56b29c2dcb76,2025-01-20,6,2025-02-03,KSQ,2.9,3.1491137,-0.033333333333333326,0.049704551696777344,0,model1,2026-06-15 06:49:36
7b9c460a-580e-404a-b04b-56b29c2dcb76,2025-01-20,7,2025-02-03,DLG,2.02,2.0099425,0.05208333333333348,0.04684506853421544,1,model1,2026-06-15 06:49:36
7b9c460a-580e-404a-b04b-56b29c2dcb76,2025-01-20,8,2025-02-03,EIN,2.3,2.4037013,0.0,0.04508752408234984,0,model1,2026-06-15 06:49:36
7b9c460a-580e-404a-b04b-56b29c2dcb76,2025-01-20,9,2025-02-03,DTI,2.3,2.2989383,0.04545454545454519,0.04497194290161133,1,model1,2026-06-15 06:49:36
7b9c460a-580e-404a-b04b-56b29c2dcb76,2025-01-20,10,2025-02-03,PTL,2.49,2.8625686,-0.0912408759124087,0.04473307184929398,0,model1,2026-06-15 06:49:36
7b9c460a-580e-404a-b04b-56b29c2dcb76,2025-01-21,1,2025-02-04,CTR,124.02,137.44899,-0.01092591115718955,0.09617186273358369,0,model1,2026-06-15 06:49:36
7b9c460a-580e-404a-b04b-56b29c2dcb76,2025-01-21,2,2025-02-04,VEF,116.87,133.96046,-0.048057342999103914,0.09114982876548883,0,model1,2026-06-15 06:49:36
7b9c460a-580e-404a-b04b-56b29c2dcb76,2025-01-21,3,2025-02-04,HHG,1.5,1.6236776,0.0,0.08245174090067553,0,model1,2026-06-15 06:49:36
7b9c460a-580e-404a-b04b-56b29c2dcb76,2025-01-21,4,2025-02-04,MCG,1.9,1.8392208,0.11764705882352944,0.08189456603106327,1,model1,2026-06-15 06:49:36
7b9c460a-580e-404a-b04b-56b29c2dcb76,2025-01-21,5,2025-02-04,PXI,2.0,1.8392208,0.17647058823529416,0.08189456603106327,1,model1,2026-06-15 06:49:36
7b9c460a-580e-404a-b04b-56b29c2dcb76,2025-01-21,6,2025-02-04,EIN,2.3,2.333206,0.04545454545454519,0.060548153790560555,1,model1,2026-06-15 06:49:36
7b9c460a-580e-404a-b04b-56b29c2dcb76,2025-01-21,7,2025-02-04,DTI,2.3,2.3302803,0.04545454545454519,0.059218319979580825,1,model1,2026-06-15 06:49:36
7b9c460a-580e-404a-b04b-56b29c2dcb76,2025-01-21,8,2025-02-04,DLG,2.1,2.0099425,0.09947643979057608,0.05232593276737885,1,model1,2026-06-15 06:49:36
7b9c460a-580e-404a-b04b-56b29c2dcb76,2025-01-21,9,2025-02-04,VE9,1.9,2.1021225,-0.050000000000000044,0.051061272621154785,0,model1,2026-06-15 06:49:36
7b9c460a-580e-404a-b04b-56b29c2dcb76,2025-01-21,10,2025-02-04,HID,2.73,2.7320192,0.050000000000000044,0.05077661000765277,1,model1,2026-06-15 06:49:36
7b9c460a-580e-404a-b04b-56b29c2dcb76,2025-01-22,1,2025-02-05,HHG,1.5,1.5825647,0.0714285714285714,0.13040336540767128,1,model1,2026-06-15 06:49:36
7b9c460a-580e-404a-b04b-56b29c2dcb76,2025-01-22,2,2025-02-05,VEF,116.47,134.49579,-0.04399573175736682,0.1039628053370989,0,model1,2026-06-15 06:49:36
7b9c460a-580e-404a-b04b-56b29c2dcb76,2025-01-22,3,2025-02-05,PXI,2.0,1.831529,0.17647058823529416,0.07737001250771924,1,model1,2026-06-15 06:49:36
7b9c460a-580e-404a-b04b-56b29c2dcb76,2025-01-22,4,2025-02-05,DTI,2.3,2.3302803,0.04545454545454519,0.059218319979580825,1,model1,2026-06-15 06:49:36
7b9c460a-580e-404a-b04b-56b29c2dcb76,2025-01-22,5,2025-02-05,VE9,1.9,2.0099425,0.0,0.057864490308259686,0,model1,2026-06-15 06:49:36
7b9c460a-580e-404a-b04b-56b29c2dcb76,2025-01-22,6,2025-02-05,CTR,125.39,138.14915,-0.04033369049441293,0.0573178835380832,0,model1,2026-06-15 06:49:36
7b9c460a-580e-404a-b04b-56b29c2dcb76,2025-01-22,7,2025-02-05,MCG,1.8,1.8876587,0.0,0.048699286248948814,0,model1,2026-06-15 06:49:36
7b9c460a-580e-404a-b04b-56b29c2dcb76,2025-01-22,8,2025-02-05,HID,2.83,2.7561915,0.07604562737642584,0.04798155592421627,1,model1,2026-06-15 06:49:36
7b9c460a-580e-404a-b04b-56b29c2dcb76,2025-01-22,9,2025-02-05,EIN,2.4,2.406627,0.04347826086956519,0.04635953903198242,1,model1,2026-06-15 06:49:36
7b9c460a-580e-404a-b04b-56b29c2dcb76,2025-01-22,10,2025-02-05,BTN,2.8,2.8239698,0.03703703703703698,0.04591475592719174,1,model1,2026-06-15 06:49:36
7b9c460a-580e-404a-b04b-56b29c2dcb76,2025-01-23,1,2025-02-06,VEF,115.13,133.96046,-0.06474411047928508,0.0882247317428031,0,model1,2026-06-15 06:49:36
7b9c460a-580e-404a-b04b-56b29c2dcb76,2025-01-23,2,2025-02-06,HHG,1.6,1.6236776,0.06666666666666665,0.08245174090067553,1,model1,2026-06-15 06:49:36
7b9c460a-580e-404a-b04b-56b29c2dcb76,2025-01-23,3,2025-02-06,MCG,1.8,1.8392208,0.05882352941176472,0.08189456603106327,1,model1,2026-06-15 06:49:36
7b9c460a-580e-404a-b04b-56b29c2dcb76,2025-01-23,4,2025-02-06,PXI,1.9,1.831529,0.11764705882352944,0.07737001250771924,1,model1,2026-06-15 06:49:36
7b9c460a-580e-404a-b04b-56b29c2dcb76,2025-01-23,5,2025-02-06,CTR,125.0,138.14915,-0.04045444077684812,0.060483262939171833,0,model1,2026-06-15 06:49:36
7b9c460a-580e-404a-b04b-56b29c2dcb76,2025-01-23,6,2025-02-06,DTI,2.3,2.3302803,0.04545454545454519,0.059218319979580825,1,model1,2026-06-15 06:49:36
7b9c460a-580e-404a-b04b-56b29c2dcb76,2025-01-23,7,2025-02-07,PTL,2.65,2.6898656,0.04330708661417315,0.05900220044954563,1,model1,2026-06-15 06:49:36
7b9c460a-580e-404a-b04b-56b29c2dcb76,2025-01-23,8,2025-02-06,VE9,1.9,2.0099425,0.0,0.057864490308259686,0,model1,2026-06-15 06:49:36
7b9c460a-580e-404a-b04b-56b29c2dcb76,2025-01-23,9,2025-02-06,DLG,2.02,1.9622791,0.08021390374331538,0.04934710232331785,1,model1,2026-06-15 06:49:36
7b9c460a-580e-404a-b04b-56b29c2dcb76,2025-01-23,10,2025-02-06,EIN,2.4,2.406627,0.04347826086956519,0.04635953903198242,1,model1,2026-06-15 06:49:36
7b9c460a-580e-404a-b04b-56b29c2dcb76,2025-01-24,1,2025-03-07,PXM,0.6,0.80638754,0.19999999999999996,0.6127750873565674,1,model1,2026-06-15 06:49:36
7b9c460a-580e-404a-b04b-56b29c2dcb76,2025-01-24,2,2025-03-07,ACM,0.7,0.87725455,0.16666666666666674,0.4620909094810486,1,model1,2026-06-15 06:49:36
7b9c460a-580e-404a-b04b-56b29c2dcb76,2025-01-24,3,2025-03-07,G20,0.6,0.84747934,0.0,0.41246557235717773,0,model1,2026-06-15 06:49:36
7b9c460a-580e-404a-b04b-56b29c2dcb76,2025-01-24,4,2025-03-07,MPT,0.8,0.95626473,0.0,0.1953309178352356,0,model1,2026-06-15 06:49:36
7b9c460a-580e-404a-b04b-56b29c2dcb76,2025-01-24,5,2025-03-07,FTM,0.9,1.0394342,0.0,0.15492688284979916,0,model1,2026-06-15 06:49:36
7b9c460a-580e-404a-b04b-56b29c2dcb76,2025-01-24,6,2025-03-07,LMH,1.1,1.152747,0.10000000000000009,0.1527470350265503,1,model1,2026-06-15 06:49:36
7b9c460a-580e-404a-b04b-56b29c2dcb76,2025-01-24,7,2025-03-07,PXA,1.2,1.152747,0.19999999999999996,0.1527470350265503,1,model1,2026-06-15 06:49:36
7b9c460a-580e-404a-b04b-56b29c2dcb76,2025-01-24,8,2025-03-07,TOP,1.2,1.2635971,0.09090909090909083,0.1487246643413196,1,model1,2026-06-15 06:49:36
7b9c460a-580e-404a-b04b-56b29c2dcb76,2025-01-24,9,2025-03-07,VKC,1.1,1.2523265,0.0,0.13847862590442994,0,model1,2026-06-15 06:49:36
7b9c460a-580e-404a-b04b-56b29c2dcb76,2025-01-24,10,2025-03-07,VNH,1.2,1.34147,0.0,0.11789166927337646,0,model1,2026-06-15 06:49:36
7b9c460a-580e-404a-b04b-56b29c2dcb76,2025-02-03,1,2025-02-10,VEF,112.46,133.47908,-0.04976763836079423,0.12783337727245736,0,model1,2026-06-15 06:49:36
7b9c460a-580e-404a-b04b-56b29c2dcb76,2025-02-03,2,2025-02-10,CTR,118.75,136.4858,-0.027197509625624616,0.11809448732188765,0,model1,2026-06-15 06:49:36
7b9c460a-580e-404a-b04b-56b29c2dcb76,2025-02-03,3,2025-02-10,MCG,1.9,1.9348934,0.05555555555555558,0.07494076093037916,1,model1,2026-06-15 06:49:36
7b9c460a-580e-404a-b04b-56b29c2dcb76,2025-02-03,4,2025-02-10,VE9,2.1,2.0099425,0.10526315789473695,0.057864490308259686,1,model1,2026-06-15 06:49:36
7b9c460a-580e-404a-b04b-56b29c2dcb76,2025-02-03,5,2025-02-10,DTI,2.2,2.4292433,-0.04347826086956508,0.05619275051614525,0,model1,2026-06-15 06:49:36
7b9c460a-580e-404a-b04b-56b29c2dcb76,2025-02-03,6,2025-02-10,HHG,1.7,1.685402,0.0625,0.053376272320747375,1,model1,2026-06-15 06:49:36
7b9c460a-580e-404a-b04b-56b29c2dcb76,2025-02-03,7,2025-02-10,GPC,2.9,2.8329096,0.07407407407407396,0.04922577186867039,1,model1,2026-06-15 06:49:36
7b9c460a-580e-404a-b04b-56b29c2dcb76,2025-02-03,8,2025-02-10,EIN,2.5,2.4037013,0.0869565217391306,0.04508752408234984,1,model1,2026-06-15 06:49:36
7b9c460a-580e-404a-b04b-56b29c2dcb76,2025-02-03,9,2025-02-10,BTN,3.1,2.8186088,0.14814814814814814,0.04392917067916291,1,model1,2026-06-15 06:49:36
7b9c460a-580e-404a-b04b-56b29c2dcb76,2025-02-03,10,2025-02-11,NDC,125.71,112.08295,0.17059316509917122,0.043700035174073504,1,model1,2026-06-15 06:49:36
7b9c460a-580e-404a-b04b-56b29c2dcb76,2025-02-04,1,2025-02-11,VEF,111.25,133.47908,-0.048087618721656566,0.14211585693672713,0,model1,2026-06-15 06:49:36
7b9c460a-580e-404a-b04b-56b29c2dcb76,2025-02-04,2,2025-02-13,NDC,124.93,131.81775,0.07912239785782171,0.13861750905621073,1,model1,2026-06-15 06:49:36
7b9c460a-580e-404a-b04b-56b29c2dcb76,2025-02-04,3,2025-02-11,CTR,120.11,137.28464,-0.031527173036607015,0.10695563176239209,0,model1,2026-06-15 06:49:36
7b9c460a-580e-404a-b04b-56b29c2dcb76,2025-02-04,4,2025-02-11,HHG,1.8,1.6236776,0.19999999999999996,0.08245174090067553,1,model1,2026-06-15 06:49:36
7b9c460a-580e-404a-b04b-56b29c2dcb76,2025-02-04,5,2025-02-11,DTI,2.5,2.4292433,0.0869565217391306,0.05619275051614525,1,model1,2026-06-15 06:49:36
7b9c460a-580e-404a-b04b-56b29c2dcb76,2025-02-04,6,2025-02-11,EIN,2.4,2.4292433,0.04347826086956519,0.05619275051614525,1,model1,2026-06-15 06:49:36
7b9c460a-580e-404a-b04b-56b29c2dcb76,2025-02-04,7,2025-02-11,MCG,2.0,1.9946215,0.05263157894736836,0.04980079751265687,1,model1,2026-06-15 06:49:36
7b9c460a-580e-404a-b04b-56b29c2dcb76,2025-02-04,8,2025-02-11,BTN,2.8,2.930454,0.0,0.04659071990421837,0,model1,2026-06-15 06:49:36
7b9c460a-580e-404a-b04b-56b29c2dcb76,2025-02-04,9,2025-02-13,BMV,6.2,6.5384684,-0.015873015873015817,0.03785212077791722,0,model1,2026-06-15 06:49:36
7b9c460a-580e-404a-b04b-56b29c2dcb76,2025-02-04,10,2025-02-11,DLG,1.99,2.1794522,-0.05238095238095242,0.03783437183925087,0,model1,2026-06-15 06:49:36
7b9c460a-580e-404a-b04b-56b29c2dcb76,2025-02-05,1,2025-02-12,VEF,111.52,133.47908,-0.04250021464754872,0.14603829484154995,0,model1,2026-06-15 06:49:36
7b9c460a-580e-404a-b04b-56b29c2dcb76,2025-02-05,2,2025-02-12,HHG,1.7,1.6610371,0.1333333333333333,0.10735805829366041,1,model1,2026-06-15 06:49:36
7b9c460a-580e-404a-b04b-56b29c2dcb76,2025-02-05,3,2025-02-12,CTR,120.21,137.28464,-0.04131110933886284,0.09486113287480569,0,model1,2026-06-15 06:49:36
7b9c460a-580e-404a-b04b-56b29c2dcb76,2025-02-05,4,2025-02-12,MCG,1.9,1.9469581,0.05555555555555558,0.08164336946275497,1,model1,2026-06-15 06:49:36
7b9c460a-580e-404a-b04b-56b29c2dcb76,2025-02-05,5,2025-02-12,DLG,1.99,2.1486168,-0.014851485148514865,0.06367167859974465,0,model1,2026-06-15 06:49:36
7b9c460a-580e-404a-b04b-56b29c2dcb76,2025-02-05,6,2025-02-12,VE9,2.2,2.0099425,0.1578947368421053,0.057864490308259686,1,model1,2026-06-15 06:49:36
7b9c460a-580e-404a-b04b-56b29c2dcb76,2025-02-05,7,2025-02-12,DTI,2.4,2.4292433,0.04347826086956519,0.05619275051614525,1,model1,2026-06-15 06:49:36
7b9c460a-580e-404a-b04b-56b29c2dcb76,2025-02-05,8,2025-02-12,VTA,3.6,3.5896513,0.05882352941176472,0.05577980770784263,1,model1,2026-06-15 06:49:36
7b9c460a-580e-404a-b04b-56b29c2dcb76,2025-02-05,9,2025-02-12,EIN,2.5,2.5140083,0.04166666666666674,0.04750345150629687,1,model1,2026-06-15 06:49:36
7b9c460a-580e-404a-b04b-56b29c2dcb76,2025-02-05,10,2025-02-12,BTN,3.0,2.930454,0.0714285714285714,0.04659071990421837,1,model1,2026-06-15 06:49:36
7b9c460a-580e-404a-b04b-56b29c2dcb76,2025-02-06,1,2025-02-13,VEF,112.46,133.3509,-0.02319117519325986,0.1582637572489387,0,model1,2026-06-15 06:49:36
7b9c460a-580e-404a-b04b-56b29c2dcb76,2025-02-06,2,2025-02-18,NDC,116.16,131.81775,0.00938477580813335,0.14544446492385732,1,model1,2026-06-15 06:49:36
7b9c460a-580e-404a-b04b-56b29c2dcb76,2025-02-06,3,2025-02-13,CTR,118.84,137.21191,-0.04927999999999999,0.09769531249999996,0,model1,2026-06-15 06:49:36
7b9c460a-580e-404a-b04b-56b29c2dcb76,2025-02-06,4,2025-02-13,MCG,1.9,1.9469581,0.05555555555555558,0.08164336946275497,1,model1,2026-06-15 06:49:36
7b9c460a-580e-404a-b04b-56b29c2dcb76,2025-02-06,5,2025-02-13,HHG,1.7,1.7305903,0.0625,0.08161896467208862,1,model1,2026-06-15 06:49:36
7b9c460a-580e-404a-b04b-56b29c2dcb76,2025-02-06,6,2025-02-13,DLG,1.97,2.1657567,-0.024752475247524774,0.0721567833777701,0,model1,2026-06-15 06:49:36
7b9c460a-580e-404a-b04b-56b29c2dcb76,2025-02-06,7,2025-02-13,PXI,2.0,2.0099425,0.05263157894736836,0.057864490308259686,1,model1,2026-06-15 06:49:36
7b9c460a-580e-404a-b04b-56b29c2dcb76,2025-02-06,8,2025-02-13,VE9,2.2,2.0099425,0.1578947368421053,0.057864490308259686,1,model1,2026-06-15 06:49:36
7b9c460a-580e-404a-b04b-56b29c2dcb76,2025-02-06,9,2025-02-13,DTI,2.4,2.4292433,0.04347826086956519,0.05619275051614525,1,model1,2026-06-15 06:49:36
7b9c460a-580e-404a-b04b-56b29c2dcb76,2025-02-06,10,2025-02-13,BTN,2.9,2.935815,0.03571428571428581,0.04850539139338905,1,model1,2026-06-15 06:49:36
7b9c460a-580e-404a-b04b-56b29c2dcb76,2025-02-07,1,2025-03-14,ACM,0.7,0.95626473,0.0,0.36609247752598373,0,model1,2026-06-15 06:49:36
7b9c460a-580e-404a-b04b-56b29c2dcb76,2025-02-07,2,2025-03-14,MPT,0.7,0.95626473,0.0,0.36609247752598373,0,model1,2026-06-15 06:49:36
7b9c460a-580e-404a-b04b-56b29c2dcb76,2025-02-07,3,2025-03-14,G20,0.6,0.80638754,0.0,0.34397923946380615,0,model1,2026-06-15 06:49:36
7b9c460a-580e-404a-b04b-56b29c2dcb76,2025-02-07,4,2025-03-14,PXM,0.6,0.80638754,0.0,0.34397923946380615,0,model1,2026-06-15 06:49:36
7b9c460a-580e-404a-b04b-56b29c2dcb76,2025-02-07,5,2025-03-14,LMH,1.1,1.2011809,0.10000000000000009,0.20118093490600586,1,model1,2026-06-15 06:49:36
7b9c460a-580e-404a-b04b-56b29c2dcb76,2025-02-07,6,2025-03-14,FTM,0.8,1.0675541,-0.11111111111111105,0.18617124027676057,0,model1,2026-06-15 06:49:36
7b9c460a-580e-404a-b04b-56b29c2dcb76,2025-02-07,7,2025-02-19,NDC,121.81,140.46098,0.02456051812599891,0.18143648142288837,1,model1,2026-06-15 06:49:36
7b9c460a-580e-404a-b04b-56b29c2dcb76,2025-02-07,8,2025-03-14,TOP,1.1,1.2877133,0.0,0.17064844478260377,0,model1,2026-06-15 06:49:36
7b9c460a-580e-404a-b04b-56b29c2dcb76,2025-02-07,9,2025-03-14,VKC,1.0,1.2877133,-0.09090909090909094,0.17064844478260377,0,model1,2026-06-15 06:49:36
7b9c460a-580e-404a-b04b-56b29c2dcb76,2025-02-07,10,2025-03-14,PVR,1.2,1.1641743,0.19999999999999996,0.16417431831359863,1,model1,2026-06-15 06:49:36
7b9c460a-580e-404a-b04b-56b29c2dcb76,2025-02-10,1,2025-02-26,NDC,122.78,140.46098,0.02436175538127827,0.1718753819152945,1,model1,2026-06-15 06:49:36
7b9c460a-580e-404a-b04b-56b29c2dcb76,2025-02-10,2,2025-02-17,VEF,117.14,131.68584,0.04161479637204346,0.17095711179078954,1,model1,2026-06-15 06:49:36
7b9c460a-580e-404a-b04b-56b29c2dcb76,2025-02-10,3,2025-02-17,CTR,113.86,135.0568,-0.04117894736842109,0.13732036389802627,0,model1,2026-06-15 06:49:36
7b9c460a-580e-404a-b04b-56b29c2dcb76,2025-02-10,4,2025-02-18,HHG,1.8,1.8174298,0.05882352941176472,0.06907634174122523,1,model1,2026-06-15 06:49:36
7b9c460a-580e-404a-b04b-56b29c2dcb76,2025-02-10,5,2025-02-17,DTI,2.3,2.3418005,0.04545454545454519,0.06445475058122097,1,model1,2026-06-15 06:49:36
7b9c460a-580e-404a-b04b-56b29c2dcb76,2025-02-10,6,2025-02-17,HAV,3.5,3.1769495,0.16666666666666674,0.05898316701253248,1,model1,2026-06-15 06:49:36
7b9c460a-580e-404a-b04b-56b29c2dcb76,2025-02-10,7,2025-02-17,MCG,2.0,1.9946215,0.05263157894736836,0.04980079751265687,1,model1,2026-06-15 06:49:36
7b9c460a-580e-404a-b04b-56b29c2dcb76,2025-02-10,8,2025-02-17,DLG,2.0,2.0799942,0.005025125628140614,0.045223216914651365,1,model1,2026-06-15 06:49:36
7b9c460a-580e-404a-b04b-56b29c2dcb76,2025-02-10,9,2025-02-17,TFC,70.43,72.382744,0.013964871868701545,0.042078085739263305,1,model1,2026-06-15 06:49:36
7b9c460a-580e-404a-b04b-56b29c2dcb76,2025-02-10,10,2025-02-17,EIN,2.5,2.6024923,0.0,0.04099693298339835,0,model1,2026-06-15 06:49:36
7b9c460a-580e-404a-b04b-56b29c2dcb76,2025-02-11,1,2025-02-18,CTR,118.84,135.17711,-0.010573640829239839,0.12544424914368868,0,model1,2026-06-15 06:49:36
7b9c460a-580e-404a-b04b-56b29c2dcb76,2025-02-11,2,2025-02-28,NDC,132.53,140.56046,0.054251849494869164,0.11813264913106059,1,model1,2026-06-15 06:49:36
7b9c460a-580e-404a-b04b-56b29c2dcb76,2025-02-11,3,2025-02-18,VEF,117.14,123.9409,0.052943820224718996,0.11407552997717696,1,model1,2026-06-15 06:49:36
7b9c460a-580e-404a-b04b-56b29c2dcb76,2025-02-11,4,2025-02-18,BTN,3.0,2.9510834,0.0714285714285714,0.05395836489541206,1,model1,2026-06-15 06:49:36
7b9c460a-580e-404a-b04b-56b29c2dcb76,2025-02-11,5,2025-02-18,EIN,2.5,2.5185058,0.04166666666666674,0.04937742153803515,1,model1,2026-06-15 06:49:36
7b9c460a-580e-404a-b04b-56b29c2dcb76,2025-02-11,6,2025-02-18,DLG,2.0,2.0799942,0.005025125628140614,0.045223216914651365,1,model1,2026-06-15 06:49:36
7b9c460a-580e-404a-b04b-56b29c2dcb76,2025-02-11,7,2025-02-18,KSQ,3.3,3.2301042,0.06451612903225801,0.041969099352436645,1,model1,2026-06-15 06:49:36
7b9c460a-580e-404a-b04b-56b29c2dcb76,2025-02-11,8,2025-02-18,PTL,2.67,2.7561915,0.007547169811320753,0.04007226116252394,1,model1,2026-06-15 06:49:36
7b9c460a-580e-404a-b04b-56b29c2dcb76,2025-02-11,9,2025-02-19,HHG,1.9,1.8689144,0.05555555555555558,0.03828575876024032,1,model1,2026-06-15 06:49:36
7b9c460a-580e-404a-b04b-56b29c2dcb76,2025-02-11,10,2025-02-18,PXI,2.1,2.1743574,0.0,0.035408292497907334,0,model1,2026-06-15 06:49:36
7b9c460a-580e-404a-b04b-56b29c2dcb76,2025-02-12,1,2025-02-19,VEF,118.15,131.02658,0.05945121951219523,0.17491553811465987,1,model1,2026-06-15 06:49:36
7b9c460a-580e-404a-b04b-56b29c2dcb76,2025-02-12,2,2025-02-19,CTR,117.18,135.86415,-0.025205889693037054,0.13022336744843654,0,model1,2026-06-15 06:49:36
7b9c460a-580e-404a-b04b-56b29c2dcb76,2025-02-12,3,2025-02-20,HHG,1.8,1.8204765,0.05882352941176472,0.07086854822495403,1,model1,2026-06-15 06:49:36
7b9c460a-580e-404a-b04b-56b29c2dcb76,2025-02-12,4,2025-02-19,PXI,2.4,2.1384854,0.19999999999999996,0.06924271583557129,1,model1,2026-06-15 06:49:36
7b9c460a-580e-404a-b04b-56b29c2dcb76,2025-02-12,5,2025-02-19,DTI,2.5,2.5140083,0.04166666666666674,0.04750345150629687,1,model1,2026-06-15 06:49:36
7b9c460a-580e-404a-b04b-56b29c2dcb76,2025-02-12,6,2025-02-19,VE9,2.2,2.296861,0.0,0.04402769695628761,0,model1,2026-06-15 06:49:36
7b9c460a-580e-404a-b04b-56b29c2dcb76,2025-02-12,7,2025-02-19,EIN,2.5,2.6024923,0.0,0.04099693298339835,0,model1,2026-06-15 06:49:36
7b9c460a-580e-404a-b04b-56b29c2dcb76,2025-02-12,8,2025-02-19,DLG,2.0,2.0658078,0.005025125628140614,0.03809438159118339,1,model1,2026-06-15 06:49:36
7b9c460a-580e-404a-b04b-56b29c2dcb76,2025-02-12,9,2025-02-19,TTF,3.25,3.2491395,0.03503184713375784,0.03475781762675867,1,model1,2026-06-15 06:49:36
7b9c460a-580e-404a-b04b-56b29c2dcb76,2025-02-12,10,2025-02-19,PTL,2.73,2.6597836,0.05813953488372081,0.03092387665149765,1,model1,2026-06-15 06:49:36
7b9c460a-580e-404a-b04b-56b29c2dcb76,2025-02-13,1,2025-02-20,CTR,117.18,134.59106,-0.013968360821272285,0.1325400913255217,0,model1,2026-06-15 06:49:36
7b9c460a-580e-404a-b04b-56b29c2dcb76,2025-02-13,2,2025-02-20,VEF,117.68,126.52747,0.0464165036457409,0.1250886844185224,1,model1,2026-06-15 06:49:36
7b9c460a-580e-404a-b04b-56b29c2dcb76,2025-02-13,3,2025-03-05,NDC,132.53,140.35172,0.060834067077563336,0.12344284869839606,1,model1,2026-06-15 06:49:36
7b9c460a-580e-404a-b04b-56b29c2dcb76,2025-02-13,4,2025-02-21,HHG,1.8,1.8204765,0.05882352941176472,0.07086854822495403,1,model1,2026-06-15 06:49:36
7b9c460a-580e-404a-b04b-56b29c2dcb76,2025-02-13,5,2025-02-20,PXI,2.3,2.124299,0.1499999999999999,0.0621495246887207,1,model1,2026-06-15 06:49:36
7b9c460a-580e-404a-b04b-56b29c2dcb76,2025-02-13,6,2025-02-20,SD4,3.2,2.9631855,0.14285714285714302,0.058280553136553115,1,model1,2026-06-15 06:49:36
7b9c460a-580e-404a-b04b-56b29c2dcb76,2025-02-13,7,2025-03-14,DSG,4.7,4.918027,0.0,0.046388707262404294,0,model1,2026-06-15 06:49:36
7b9c460a-580e-404a-b04b-56b29c2dcb76,2025-02-13,8,2025-02-20,PTL,2.76,2.7561915,0.045454545454545414,0.044011928818442625,1,model1,2026-06-15 06:49:36
7b9c460a-580e-404a-b04b-56b29c2dcb76,2025-02-13,9,2025-02-20,EIN,2.5,2.6024923,0.0,0.04099693298339835,0,model1,2026-06-15 06:49:36
7b9c460a-580e-404a-b04b-56b29c2dcb76,2025-02-13,10,2025-02-20,VE9,2.2,2.2882664,0.0,0.0401211001656272,0,model1,2026-06-15 06:49:36
7b9c460a-580e-404a-b04b-56b29c2dcb76,2025-02-14,1,2025-03-21,PXM,0.6,0.80638754,0.0,0.34397923946380615,0,model1,2026-06-15 06:49:36
7b9c460a-580e-404a-b04b-56b29c2dcb76,2025-02-14,2,2025-03-21,G20,0.6,0.9158153,-0.1428571428571428,0.3083075625555858,0,model1,2026-06-15 06:49:36
7b9c460a-580e-404a-b04b-56b29c2dcb76,2025-02-14,3,2025-03-21,FTM,0.8,1.0124317,0.0,0.26553967595100403,0,model1,2026-06-15 06:49:36
7b9c460a-580e-404a-b04b-56b29c2dcb76,2025-02-14,4,2025-03-21,LMH,1.2,1.196322,0.19999999999999996,0.19632196426391602,1,model1,2026-06-15 06:49:36
7b9c460a-580e-404a-b04b-56b29c2dcb76,2025-02-14,5,2025-03-21,ACM,0.7,0.95626473,-0.1250000000000001,0.1953309178352356,0,model1,2026-06-15 06:49:36
7b9c460a-580e-404a-b04b-56b29c2dcb76,2025-02-14,6,2025-03-21,JOS,1.3,1.4106647,0.08333333333333348,0.1755538980166118,1,model1,2026-06-15 06:49:36
7b9c460a-580e-404a-b04b-56b29c2dcb76,2025-02-14,7,2025-02-21,VEF,117.08,133.03125,0.024680553124452942,0.16428540171538586,1,model1,2026-06-15 06:49:36
7b9c460a-580e-404a-b04b-56b29c2dcb76,2025-02-14,8,2025-03-21,PVR,1.2,1.1641743,0.19999999999999996,0.16417431831359863,1,model1,2026-06-15 06:49:36
7b9c460a-580e-404a-b04b-56b29c2dcb76,2025-02-14,9,2025-03-21,TOP,1.0,1.2778314,-0.09090909090909094,0.1616649410941382,0,model1,2026-06-15 06:49:36
7b9c460a-580e-404a-b04b-56b29c2dcb76,2025-02-14,10,2025-02-21,CTR,117.67,134.59106,0.008311910882604856,0.153308178690017,1,model1,2026-06-15 06:49:36
7b9c460a-580e-404a-b04b-56b29c2dcb76,2025-02-17,1,2025-02-24,CTR,115.33,134.47075,0.012910591955032524,0.18101834622665725,1,model1,2026-06-15 06:49:36
7b9c460a-580e-404a-b04b-56b29c2dcb76,2025-02-17,2,2025-02-24,VEF,117.48,132.92606,0.0029025098173125485,0.13476230073589823,1,model1,2026-06-15 06:49:36
7b9c460a-580e-404a-b04b-56b29c2dcb76,2025-02-17,3,2025-02-24,HHG,1.7,1.7722651,0.0625,0.10766567289829254,1,model1,2026-06-15 06:49:36
7b9c460a-580e-404a-b04b-56b29c2dcb76,2025-02-17,4,2025-02-24,DLG,2.03,2.116309,0.014999999999999902,0.05815446376800537,1,model1,2026-06-15 06:49:36
7b9c460a-580e-404a-b04b-56b29c2dcb76,2025-02-17,5,2025-02-24,DTI,2.5,2.4337409,0.0869565217391306,0.05814819750578515,1,model1,2026-06-15 06:49:36
7b9c460a-580e-404a-b04b-56b29c2dcb76,2025-02-17,6,2025-02-25,DC1,8.2,8.948381,-0.03529411764705892,0.05275075575884647,0,model1,2026-06-15 06:49:36
7b9c460a-580e-404a-b04b-56b29c2dcb76,2025-02-17,7,2025-02-24,PXI,2.2,2.0906112,0.10000000000000009,0.045305609703063965,1,model1,2026-06-15 06:49:36
7b9c460a-580e-404a-b04b-56b29c2dcb76,2025-02-17,8,2025-02-24,EIN,2.6,2.6024923,0.040000000000000036,0.04099693298339835,1,model1,2026-06-15 06:49:36
7b9c460a-580e-404a-b04b-56b29c2dcb76,2025-02-17,9,2025-02-24,PTL,2.72,2.7561915,0.026415094339622858,0.04007226116252394,1,model1,2026-06-15 06:49:36
7b9c460a-580e-404a-b04b-56b29c2dcb76,2025-02-17,10,2025-02-24,LG9,7.0,6.729511,0.07692307692307687,0.03530935140756464,1,model1,2026-06-15 06:49:36
7b9c460a-580e-404a-b04b-56b29c2dcb76,2025-02-18,1,2025-03-07,NDC,132.53,141.9241,0.14092630853994503,0.22179840550278174,1,model1,2026-06-15 06:49:36
7b9c460a-580e-404a-b04b-56b29c2dcb76,2025-02-18,2,2025-02-25,CTR,115.62,134.59106,-0.027095254123190804,0.1325400913255217,0,model1,2026-06-15 06:49:36
7b9c460a-580e-404a-b04b-56b29c2dcb76,2025-02-18,3,2025-02-25,VEF,121.16,130.29169,0.0343179101929314,0.1122732372521662,1,model1,2026-06-15 06:49:36
7b9c460a-580e-404a-b04b-56b29c2dcb76,2025-02-18,4,2025-02-25,EIN,2.5,2.6605058,0.0,0.06420230865478516,0,model1,2026-06-15 06:49:36
7b9c460a-580e-404a-b04b-56b29c2dcb76,2025-02-18,5,2025-02-25,VE9,2.1,2.328203,-0.045454545454545525,0.05827407403425733,0,model1,2026-06-15 06:49:36
7b9c460a-580e-404a-b04b-56b29c2dcb76,2025-02-18,6,2025-02-25,DLG,2.01,2.116309,0.004999999999999893,0.05815446376800537,1,model1,2026-06-15 06:49:36
7b9c460a-580e-404a-b04b-56b29c2dcb76,2025-02-18,7,2025-02-25,MCG,2.3,2.116309,0.1499999999999999,0.05815446376800537,1,model1,2026-06-15 06:49:36
7b9c460a-580e-404a-b04b-56b29c2dcb76,2025-02-18,8,2025-02-25,SD4,2.8,2.9506993,0.0,0.05382118906293609,0,model1,2026-06-15 06:49:36
7b9c460a-580e-404a-b04b-56b29c2dcb76,2025-02-18,9,2025-02-25,HHG,1.7,1.8689144,-0.05555555555555558,0.03828575876024032,0,model1,2026-06-15 06:49:36
7b9c460a-580e-404a-b04b-56b29c2dcb76,2025-02-18,10,2025-02-25,DTI,2.4,2.4853046,0.0,0.03554358084996556,0,model1,2026-06-15 06:49:36
7b9c460a-580e-404a-b04b-56b29c2dcb76,2025-02-19,1,2025-03-10,NDC,132.53,141.8204,0.08800591084475817,0.16427554431273594,1,model1,2026-06-15 06:49:36
7b9c460a-580e-404a-b04b-56b29c2dcb76,2025-02-19,2,2025-02-26,CTR,117.09,134.59106,-0.0007680491551459445,0.14858392603793313,0,model1,2026-06-15 06:49:36
7b9c460a-580e-404a-b04b-56b29c2dcb76,2025-02-19,3,2025-02-26,VEF,122.7,130.29169,0.03851036817604747,0.10276501914277403,1,model1,2026-06-15 06:49:36
7b9c460a-580e-404a-b04b-56b29c2dcb76,2025-02-19,4,2025-02-26,DLG,2.01,2.116309,0.004999999999999893,0.05815446376800537,1,model1,2026-06-15 06:49:36
7b9c460a-580e-404a-b04b-56b29c2dcb76,2025-02-19,5,2025-02-26,ILC,6.7,5.972621,0.17543859649122817,0.04782823930706881,1,model1,2026-06-15 06:49:36
7b9c460a-580e-404a-b04b-56b29c2dcb76,2025-02-19,6,2025-02-26,DTI,2.4,2.6024923,-0.040000000000000036,0.04099693298339835,0,model1,2026-06-15 06:49:36
7b9c460a-580e-404a-b04b-56b29c2dcb76,2025-02-19,7,2025-02-26,EIN,2.4,2.6024923,-0.040000000000000036,0.04099693298339835,0,model1,2026-06-15 06:49:36
7b9c460a-580e-404a-b04b-56b29c2dcb76,2025-02-19,8,2025-02-26,VE9,2.1,2.2882664,-0.045454545454545525,0.0401211001656272,0,model1,2026-06-15 06:49:36
7b9c460a-580e-404a-b04b-56b29c2dcb76,2025-02-19,9,2025-02-27,TTF,3.2,3.3759925,-0.01538461538461533,0.03876693432147693,0,model1,2026-06-15 06:49:36
7b9c460a-580e-404a-b04b-56b29c2dcb76,2025-02-19,10,2025-02-27,BTN,2.9,3.1980796,-0.06451612903225812,0.03163857613840415,0,model1,2026-06-15 06:49:36
7b9c460a-580e-404a-b04b-56b29c2dcb76,2025-02-20,1,2025-02-27,CTR,117.57,134.47075,0.003328213005632241,0.14755716761706084,1,model1,2026-06-15 06:49:36
7b9c460a-580e-404a-b04b-56b29c2dcb76,2025-02-20,2,2025-02-27,VEF,123.57,130.84055,0.05005098572399724,0.1118333247305987,1,model1,2026-06-15 06:49:36
7b9c460a-580e-404a-b04b-56b29c2dcb76,2025-02-20,3,2025-02-27,DLG,2.01,2.1384854,0.004999999999999893,0.06924271583557129,1,model1,2026-06-15 06:49:36
7b9c460a-580e-404a-b04b-56b29c2dcb76,2025-02-20,4,2025-02-27,PXI,2.2,2.4398181,-0.04347826086956508,0.0607904973237412,0,model1,2026-06-15 06:49:36
7b9c460a-580e-404a-b04b-56b29c2dcb76,2025-02-20,5,2025-02-27,EIN,2.4,2.6363335,-0.040000000000000036,0.05453338623046866,0,model1,2026-06-15 06:49:36
7b9c460a-580e-404a-b04b-56b29c2dcb76,2025-02-20,6,2025-02-27,VE9,2.2,2.3196084,0.0,0.054367477243596696,0,model1,2026-06-15 06:49:36
7b9c460a-580e-404a-b04b-56b29c2dcb76,2025-02-20,7,2025-02-27,HHG,1.8,1.8876587,0.0,0.048699286248948814,0,model1,2026-06-15 06:49:36
7b9c460a-580e-404a-b04b-56b29c2dcb76,2025-02-20,8,2025-02-27,DTI,2.4,2.6024923,-0.040000000000000036,0.04099693298339835,0,model1,2026-06-15 06:49:36
7b9c460a-580e-404a-b04b-56b29c2dcb76,2025-02-20,9,2025-02-27,PTL,2.73,2.8572075,-0.010869565217391242,0.03522012199180713,0,model1,2026-06-15 06:49:36
7b9c460a-580e-404a-b04b-56b29c2dcb76,2025-02-20,10,2025-02-27,JVC,4.56,4.5186834,0.04347826086956519,0.03402366900062126,1,model1,2026-06-15 06:49:36
7b9c460a-580e-404a-b04b-56b29c2dcb76,2025-02-21,1,2025-03-28,G20,0.5,0.85360676,-0.16666666666666663,0.4226779341697693,0,model1,2026-06-15 06:49:36
7b9c460a-580e-404a-b04b-56b29c2dcb76,2025-02-21,2,2025-03-28,PXM,0.6,0.80638754,0.0,0.34397923946380615,0,model1,2026-06-15 06:49:36
7b9c460a-580e-404a-b04b-56b29c2dcb76,2025-02-21,3,2025-03-28,PVH,0.8,0.9326168,0.14285714285714302,0.33230967181069526,1,model1,2026-06-15 06:49:36
7b9c460a-580e-404a-b04b-56b29c2dcb76,2025-02-21,4,2025-03-28,STT,1.0,1.3149768,-0.09090909090909094,0.19543346491726954,0,model1,2026-06-15 06:49:36
7b9c460a-580e-404a-b04b-56b29c2dcb76,2025-02-21,5,2025-03-28,FTM,0.8,1.0548743,-0.11111111111111105,0.1720825566185844,0,model1,2026-06-15 06:49:36
7b9c460a-580e-404a-b04b-56b29c2dcb76,2025-02-21,6,2025-02-28,CTR,117.57,134.47075,-0.0008498342823149985,0.14277852384947054,0,model1,2026-06-15 06:49:36
7b9c460a-580e-404a-b04b-56b29c2dcb76,2025-02-21,7,2025-03-28,VNH,1.3,1.3679011,0.08333333333333348,0.13991757233937596,1,model1,2026-06-15 06:49:36
7b9c460a-580e-404a-b04b-56b29c2dcb76,2025-02-21,8,2025-03-28,TOP,1.0,1.3513517,-0.16666666666666663,0.12612644831339526,0,model1,2026-06-15 06:49:36
7b9c460a-580e-404a-b04b-56b29c2dcb76,2025-02-21,9,2025-02-28,VEF,122.16,130.84055,0.043389135633754794,0.1175311381473938,1,model1,2026-06-15 06:49:36
7b9c460a-580e-404a-b04b-56b29c2dcb76,2025-02-21,10,2025-03-28,L61,1.3,1.6610371,-0.1333333333333333,0.10735805829366041,0,model1,2026-06-15 06:49:36
7b9c460a-580e-404a-b04b-56b29c2dcb76,2025-02-24,1,2025-03-03,CTR,117.57,134.2291,0.019422526662620232,0.16386972564800462,1,model1,2026-06-15 06:49:36
7b9c460a-580e-404a-b04b-56b29c2dcb76,2025-02-24,2,2025-03-03,VEF,122.83,130.84055,0.045539666326183115,0.11372612916493763,1,model1,2026-06-15 06:49:36
7b9c460a-580e-404a-b04b-56b29c2dcb76,2025-02-24,3,2025-03-03,HHG,1.7,1.8325409,0.0,0.07796521747813512,0,model1,2026-06-15 06:49:36
7b9c460a-580e-404a-b04b-56b29c2dcb76,2025-02-24,4,2025-03-03,DLG,2.02,2.1384854,-0.004926108374384119,0.05344109934539043,0,model1,2026-06-15 06:49:36
7b9c460a-580e-404a-b04b-56b29c2dcb76,2025-02-24,5,2025-03-03,MCG,2.1,2.401624,-0.08695652173913038,0.044184332308562,0,model1,2026-06-15 06:49:36
7b9c460a-580e-404a-b04b-56b29c2dcb76,2025-02-24,6,2025-03-03,ALV,4.29,3.9846067,0.12303664921465973,0.04309077038190767,1,model1,2026-06-15 06:49:36
7b9c460a-580e-404a-b04b-56b29c2dcb76,2025-02-24,7,2025-03-03,EIN,2.5,2.708569,-0.03846153846153855,0.041757326859694244,0,model1,2026-06-15 06:49:36
7b9c460a-580e-404a-b04b-56b29c2dcb76,2025-02-24,8,2025-03-03,DTI,2.4,2.6024923,-0.040000000000000036,0.04099693298339835,0,model1,2026-06-15 06:49:36
7b9c460a-580e-404a-b04b-56b29c2dcb76,2025-02-24,9,2025-03-03,PXI,2.3,2.2882664,0.04545454545454519,0.0401211001656272,1,model1,2026-06-15 06:49:36
7b9c460a-580e-404a-b04b-56b29c2dcb76,2025-02-24,10,2025-03-03,VE9,2.1,2.2853408,-0.045454545454545525,0.03879126635464747,0,model1,2026-06-15 06:49:36
7b9c460a-580e-404a-b04b-56b29c2dcb76,2025-02-25,1,2025-03-04,CTR,117.18,134.47075,0.013492475350285416,0.1630405544141773,1,model1,2026-06-15 06:49:36
7b9c460a-580e-404a-b04b-56b29c2dcb76,2025-02-25,2,2025-03-04,VEF,121.63,133.42078,0.0038791680422580743,0.1011949188443999,1,model1,2026-06-15 06:49:36
7b9c460a-580e-404a-b04b-56b29c2dcb76,2025-02-25,3,2025-03-04,HHG,1.7,1.8204765,0.0,0.07086854822495403,0,model1,2026-06-15 06:49:36
7b9c460a-580e-404a-b04b-56b29c2dcb76,2025-02-25,4,2025-03-04,DLG,2.0,2.1384854,-0.004975124378109319,0.0639231003339018,0,model1,2026-06-15 06:49:36
7b9c460a-580e-404a-b04b-56b29c2dcb76,2025-02-25,5,2025-03-04,VE9,2.1,2.2313614,0.0,0.06255304245721716,0,model1,2026-06-15 06:49:36
7b9c460a-580e-404a-b04b-56b29c2dcb76,2025-02-25,6,2025-03-04,SD4,2.8,2.9531271,0.0,0.05468826634543289,0,model1,2026-06-15 06:49:36
7b9c460a-580e-404a-b04b-56b29c2dcb76,2025-02-25,7,2025-03-04,EIN,2.5,2.6363335,0.0,0.05453338623046866,0,model1,2026-06-15 06:49:36
7b9c460a-580e-404a-b04b-56b29c2dcb76,2025-02-25,8,2025-03-04,DTI,2.3,2.5185058,-0.04166666666666674,0.04937742153803515,0,model1,2026-06-15 06:49:36
7b9c460a-580e-404a-b04b-56b29c2dcb76,2025-02-25,9,2025-03-06,IHK,11.8,12.994963,-0.048387096774193505,0.04798086227909204,0,model1,2026-06-15 06:49:36
7b9c460a-580e-404a-b04b-56b29c2dcb76,2025-02-25,10,2025-03-04,BTN,3.0,3.022362,0.034482758620689724,0.04219379096195608,1,model1,2026-06-15 06:49:36
7b9c460a-580e-404a-b04b-56b29c2dcb76,2025-02-26,1,2025-03-11,NDC,132.53,141.8204,0.07941032741488852,0.15507740717327234,1,model1,2026-06-15 06:49:36
7b9c460a-580e-404a-b04b-56b29c2dcb76,2025-02-26,2,2025-03-05,CTR,116.21,134.87108,-0.0075155863011359125,0.1518582158272348,0,model1,2026-06-15 06:49:36
7b9c460a-580e-404a-b04b-56b29c2dcb76,2025-02-26,3,2025-03-05,VEF,122.83,135.55304,0.00105949470252642,0.10475174858012437,1,model1,2026-06-15 06:49:36
7b9c460a-580e-404a-b04b-56b29c2dcb76,2025-02-26,4,2025-03-05,HHG,1.7,1.8204765,0.0,0.07086854822495403,0,model1,2026-06-15 06:49:36
7b9c460a-580e-404a-b04b-56b29c2dcb76,2025-02-26,5,2025-03-05,DLG,1.98,2.1384854,-0.01492537313432829,0.0639231003339018,0,model1,2026-06-15 06:49:36
7b9c460a-580e-404a-b04b-56b29c2dcb76,2025-02-26,6,2025-03-05,VE9,2.0,2.2263248,-0.04761904761904767,0.06015466508411227,0,model1,2026-06-15 06:49:36
7b9c460a-580e-404a-b04b-56b29c2dcb76,2025-02-26,7,2025-03-06,SD4,2.9,2.9506993,0.03571428571428581,0.05382118906293609,1,model1,2026-06-15 06:49:36
7b9c460a-580e-404a-b04b-56b29c2dcb76,2025-02-26,8,2025-03-05,PXI,2.1,2.3166828,-0.045454545454545525,0.05303764343261719,0,model1,2026-06-15 06:49:36
7b9c460a-580e-404a-b04b-56b29c2dcb76,2025-02-26,9,2025-03-05,EIN,2.4,2.5185058,0.0,0.04937742153803515,0,model1,2026-06-15 06:49:36
7b9c460a-580e-404a-b04b-56b29c2dcb76,2025-02-26,10,2025-03-05,BVL,8.07,7.098816,0.17982456140350878,0.03783858449835531,1,model1,2026-06-15 06:49:36
7b9c460a-580e-404a-b04b-56b29c2dcb76,2025-02-27,1,2025-03-06,CTR,116.99,136.21658,-0.0049332312664794875,0.15859984053715337,0,model1,2026-06-15 06:49:36
7b9c460a-580e-404a-b04b-56b29c2dcb76,2025-02-27,2,2025-03-06,VEF,122.03,134.43549,-0.012462571821639457,0.08792980367276648,0,model1,2026-06-15 06:49:36
7b9c460a-580e-404a-b04b-56b29c2dcb76,2025-02-27,3,2025-03-06,DLG,2.0,2.1384854,-0.004975124378109319,0.0639231003339018,0,model1,2026-06-15 06:49:36
7b9c460a-580e-404a-b04b-56b29c2dcb76,2025-02-27,4,2025-03-06,PXI,2.1,2.3196084,-0.045454545454545525,0.054367477243596696,0,model1,2026-06-15 06:49:36
7b9c460a-580e-404a-b04b-56b29c2dcb76,2025-02-27,5,2025-03-06,EIN,2.4,2.5185058,0.0,0.04937742153803515,0,model1,2026-06-15 06:49:36
7b9c460a-580e-404a-b04b-56b29c2dcb76,2025-02-27,6,2025-03-07,SD4,2.9,2.8329096,0.07407407407407396,0.04922577186867039,1,model1,2026-06-15 06:49:36
7b9c460a-580e-404a-b04b-56b29c2dcb76,2025-02-27,7,2025-03-06,HHG,1.6,1.8876587,-0.11111111111111105,0.048699286248948814,0,model1,2026-06-15 06:49:36
7b9c460a-580e-404a-b04b-56b29c2dcb76,2025-02-27,8,2025-03-06,VE9,2.1,2.2853408,-0.045454545454545525,0.03879126635464747,0,model1,2026-06-15 06:49:36
7b9c460a-580e-404a-b04b-56b29c2dcb76,2025-02-27,9,2025-03-06,SMT,4.62,4.5362525,0.0547945205479452,0.03567408644445402,1,model1,2026-06-15 06:49:36
7b9c460a-580e-404a-b04b-56b29c2dcb76,2025-02-27,10,2025-03-06,DTI,2.3,2.4853046,-0.04166666666666674,0.03554358084996556,0,model1,2026-06-15 06:49:36
7b9c460a-580e-404a-b04b-56b29c2dcb76,2025-02-28,1,2025-04-04,FTM,0.7,0.9997519,-0.1250000000000001,0.24968990683555603,0,model1,2026-06-15 06:49:36
7b9c460a-580e-404a-b04b-56b29c2dcb76,2025-02-28,2,2025-04-04,PXM,0.6,0.8747236,-0.1428571428571428,0.24960516180310943,0,model1,2026-06-15 06:49:36
7b9c460a-580e-404a-b04b-56b29c2dcb76,2025-02-28,3,2025-04-04,ACM,0.7,0.95626473,-0.1250000000000001,0.1953309178352356,0,model1,2026-06-15 06:49:36
7b9c460a-580e-404a-b04b-56b29c2dcb76,2025-02-28,4,2025-04-04,JOS,1.2,1.5422685,-0.07692307692307698,0.18636039587167597,0,model1,2026-06-15 06:49:36
7b9c460a-580e-404a-b04b-56b29c2dcb76,2025-02-28,5,2025-04-04,TOP,0.9,1.2877133,-0.18181818181818188,0.17064844478260377,0,model1,2026-06-15 06:49:36
7b9c460a-580e-404a-b04b-56b29c2dcb76,2025-02-28,6,2025-04-04,PVH,0.9,0.9326168,0.125,0.16577096283435822,1,model1,2026-06-15 06:49:36
7b9c460a-580e-404a-b04b-56b29c2dcb76,2025-02-28,7,2025-03-07,CTR,117.48,136.3142,-0.0007655014034191332,0.15943007336553494,0,model1,2026-06-15 06:49:36
7b9c460a-580e-404a-b04b-56b29c2dcb76,2025-02-28,8,2025-04-04,VNH,1.3,1.3626224,0.08333333333333348,0.13551865021387743,1,model1,2026-06-15 06:49:36
7b9c460a-580e-404a-b04b-56b29c2dcb76,2025-02-28,9,2025-04-04,PVR,1.1,1.3513517,-0.08333333333333326,0.12612644831339526,0,model1,2026-06-15 06:49:36
7b9c460a-580e-404a-b04b-56b29c2dcb76,2025-02-28,10,2025-04-04,L61,1.4,1.6610371,-0.06666666666666676,0.10735805829366041,0,model1,2026-06-15 06:49:36
7b9c460a-580e-404a-b04b-56b29c2dcb76,2025-03-03,1,2025-03-10,CTR,117.38,136.8243,-0.0016160585183294662,0.16376877642209164,0,model1,2026-06-15 06:49:36
7b9c460a-580e-404a-b04b-56b29c2dcb76,2025-03-03,2,2025-03-10,VEF,124.51,134.20842,0.01367744036473173,0.09263551086709021,1,model1,2026-06-15 06:49:36
7b9c460a-580e-404a-b04b-56b29c2dcb76,2025-03-03,3,2025-03-10,HHG,1.6,1.8204765,-0.05882352941176461,0.07086854822495403,0,model1,2026-06-15 06:49:36
7b9c460a-580e-404a-b04b-56b29c2dcb76,2025-03-03,4,2025-03-10,VE9,2.1,2.2399223,0.0,0.06662965956188382,0,model1,2026-06-15 06:49:36
7b9c460a-580e-404a-b04b-56b29c2dcb76,2025-03-03,5,2025-03-10,MCG,2.1,2.2313614,0.0,0.06255304245721716,0,model1,2026-06-15 06:49:36
7b9c460a-580e-404a-b04b-56b29c2dcb76,2025-03-03,6,2025-03-10,DLG,2.03,2.1384854,0.004950495049504955,0.058656154292644924,1,model1,2026-06-15 06:49:36
7b9c460a-580e-404a-b04b-56b29c2dcb76,2025-03-03,7,2025-03-10,EIN,2.4,2.6363335,-0.040000000000000036,0.05453338623046866,0,model1,2026-06-15 06:49:36
7b9c460a-580e-404a-b04b-56b29c2dcb76,2025-03-03,8,2025-03-10,DTI,2.3,2.5185058,-0.04166666666666674,0.04937742153803515,0,model1,2026-06-15 06:49:36
7b9c460a-580e-404a-b04b-56b29c2dcb76,2025-03-03,9,2025-03-10,PXI,2.1,2.4037013,-0.08695652173913038,0.04508752408234984,0,model1,2026-06-15 06:49:36
7b9c460a-580e-404a-b04b-56b29c2dcb76,2025-03-03,10,2025-03-10,HID,2.78,2.935815,-0.01067615658362997,0.04477405548095703,0,model1,2026-06-15 06:49:36
7b9c460a-580e-404a-b04b-56b29c2dcb76,2025-03-04,1,2025-03-11,CTR,115.91,136.8243,-0.010838026967059267,0.16764204679932848,0,model1,2026-06-15 06:49:36
7b9c460a-580e-404a-b04b-56b29c2dcb76,2025-03-04,2,2025-03-11,VEF,124.3,133.79507,0.021951821096768853,0.10001705551994267,1,model1,2026-06-15 06:49:36
7b9c460a-580e-404a-b04b-56b29c2dcb76,2025-03-04,3,2025-03-11,HHG,1.6,1.8204765,-0.05882352941176461,0.07086854822495403,0,model1,2026-06-15 06:49:36
7b9c460a-580e-404a-b04b-56b29c2dcb76,2025-03-04,4,2025-03-11,DLG,2.02,2.1384854,0.010000000000000009,0.06924271583557129,1,model1,2026-06-15 06:49:36
7b9c460a-580e-404a-b04b-56b29c2dcb76,2025-03-04,5,2025-03-11,VE9,2.0,2.2449589,-0.04761904761904767,0.06902803693498871,0,model1,2026-06-15 06:49:36
7b9c460a-580e-404a-b04b-56b29c2dcb76,2025-03-04,6,2025-03-11,PXI,2.1,2.3302803,-0.045454545454545525,0.059218319979580825,0,model1,2026-06-15 06:49:36
7b9c460a-580e-404a-b04b-56b29c2dcb76,2025-03-04,7,2025-03-11,DTI,2.4,2.4337409,0.04347826086956519,0.05814819750578515,1,model1,2026-06-15 06:49:36
7b9c460a-580e-404a-b04b-56b29c2dcb76,2025-03-04,8,2025-03-11,UPH,9.9,9.274539,0.125,0.05392488566311915,1,model1,2026-06-15 06:49:36
7b9c460a-580e-404a-b04b-56b29c2dcb76,2025-03-04,9,2025-03-12,FCM,4.03,4.309773,-0.021844660194174748,0.04606140007093118,0,model1,2026-06-15 06:49:36
7b9c460a-580e-404a-b04b-56b29c2dcb76,2025-03-04,10,2025-03-11,MCG,2.0,2.1953082,-0.04761904761904767,0.04538486117408391,0,model1,2026-06-15 06:49:36
7b9c460a-580e-404a-b04b-56b29c2dcb76,2025-03-05,1,2025-03-12,CTR,114.35,136.56,-0.016005507271319108,0.1751139967179567,0,model1,2026-06-15 06:49:36
7b9c460a-580e-404a-b04b-56b29c2dcb76,2025-03-05,2,2025-03-12,VEF,123.64,133.82605,0.006594480175852846,0.08952250919716276,1,model1,2026-06-15 06:49:36
7b9c460a-580e-404a-b04b-56b29c2dcb76,2025-03-05,3,2025-03-12,VE9,2.1,2.1730337,0.050000000000000044,0.0865168571472168,1,model1,2026-06-15 06:49:36
7b9c460a-580e-404a-b04b-56b29c2dcb76,2025-03-05,4,2025-03-13,NDC,120.15,142.5437,-0.09341281219346564,0.07555799571323463,0,model1,2026-06-15 06:49:36
7b9c460a-580e-404a-b04b-56b29c2dcb76,2025-03-05,5,2025-03-12,PXI,2.0,2.2449589,-0.04761904761904767,0.06902803693498871,0,model1,2026-06-15 06:49:36
7b9c460a-580e-404a-b04b-56b29c2dcb76,2025-03-05,6,2025-03-12,HHG,1.6,1.8127849,-0.05882352941176461,0.06634406482472133,0,model1,2026-06-15 06:49:36
7b9c460a-580e-404a-b04b-56b29c2dcb76,2025-03-05,7,2025-03-12,MCG,2.1,2.2089057,0.0,0.05185985565185547,0,model1,2026-06-15 06:49:36
7b9c460a-580e-404a-b04b-56b29c2dcb76,2025-03-05,8,2025-03-12,DLG,2.02,2.0799942,0.02020202020202011,0.05050212205058391,1,model1,2026-06-15 06:49:36
7b9c460a-580e-404a-b04b-56b29c2dcb76,2025-03-05,9,2025-03-12,EIN,2.4,2.5185058,0.0,0.04937742153803515,0,model1,2026-06-15 06:49:36
7b9c460a-580e-404a-b04b-56b29c2dcb76,2025-03-05,10,2025-03-12,DTI,2.4,2.4111245,0.04347826086956519,0.04831498602162254,1,model1,2026-06-15 06:49:36
7b9c460a-580e-404a-b04b-56b29c2dcb76,2025-03-06,1,2025-03-13,CTR,112.3,136.70398,-0.04008889648687919,0.16850995377542954,0,model1,2026-06-15 06:49:36
7b9c460a-580e-404a-b04b-56b29c2dcb76,2025-03-06,2,2025-03-13,HHG,1.6,1.7722651,0.0,0.10766567289829254,0,model1,2026-06-15 06:49:36
7b9c460a-580e-404a-b04b-56b29c2dcb76,2025-03-06,3,2025-03-13,VEF,126.51,134.45996,0.03671228386462344,0.10185987820617881,1,model1,2026-06-15 06:49:36
7b9c460a-580e-404a-b04b-56b29c2dcb76,2025-03-06,4,2025-03-13,PXI,2.0,2.2449589,-0.04761904761904767,0.06902803693498871,0,model1,2026-06-15 06:49:36
7b9c460a-580e-404a-b04b-56b29c2dcb76,2025-03-06,5,2025-03-13,DLG,1.99,2.124299,-0.0050000000000000044,0.0621495246887207,0,model1,2026-06-15 06:49:36
7b9c460a-580e-404a-b04b-56b29c2dcb76,2025-03-06,6,2025-03-13,DTI,2.3,2.4206488,0.0,0.05245600575986131,0,model1,2026-06-15 06:49:36
7b9c460a-580e-404a-b04b-56b29c2dcb76,2025-03-06,7,2025-03-13,MCG,2.0,2.2089057,-0.04761904761904767,0.05185985565185547,0,model1,2026-06-15 06:49:36
7b9c460a-580e-404a-b04b-56b29c2dcb76,2025-03-06,8,2025-03-13,EIN,2.3,2.5185058,-0.04166666666666674,0.04937742153803515,0,model1,2026-06-15 06:49:36
7b9c460a-580e-404a-b04b-56b29c2dcb76,2025-03-06,9,2025-03-13,KSQ,3.1,3.2275298,0.0,0.04113863360497261,0,model1,2026-06-15 06:49:36
7b9c460a-580e-404a-b04b-56b29c2dcb76,2025-03-06,10,2025-03-13,BTN,2.9,3.1196635,-0.033333333333333326,0.03988782564798998,0,model1,2026-06-15 06:49:36
7b9c460a-580e-404a-b04b-56b29c2dcb76,2025-03-07,1,2025-04-11,G20,0.6,0.87040824,0.0,0.4506803949673972,0,model1,2026-06-15 06:49:36
7b9c460a-580e-404a-b04b-56b29c2dcb76,2025-03-07,2,2025-04-11,PXM,0.5,0.84747934,-0.16666666666666663,0.41246557235717773,0,model1,2026-06-15 06:49:36
7b9c460a-580e-404a-b04b-56b29c2dcb76,2025-03-07,3,2025-04-11,ACM,0.7,0.95626473,0.0,0.36609247752598373,0,model1,2026-06-15 06:49:36
7b9c460a-580e-404a-b04b-56b29c2dcb76,2025-03-07,4,2025-04-11,PVH,1.0,1.0614475,0.11111111111111116,0.17938611242506242,1,model1,2026-06-15 06:49:36
7b9c460a-580e-404a-b04b-56b29c2dcb76,2025-03-07,5,2025-03-14,CTR,109.47,137.48553,-0.06818181818181823,0.1702888548516237,0,model1,2026-06-15 06:49:36
7b9c460a-580e-404a-b04b-56b29c2dcb76,2025-03-07,6,2025-04-11,VNH,1.3,1.3626224,0.08333333333333348,0.13551865021387743,1,model1,2026-06-15 06:49:36
7b9c460a-580e-404a-b04b-56b29c2dcb76,2025-03-07,7,2025-04-11,PXA,1.0,1.3566304,-0.16666666666666663,0.13052537043889378,0,model1,2026-06-15 06:49:36
7b9c460a-580e-404a-b04b-56b29c2dcb76,2025-03-07,8,2025-04-11,PVR,1.1,1.4500862,-0.15384615384615385,0.11545095076927758,0,model1,2026-06-15 06:49:36
7b9c460a-580e-404a-b04b-56b29c2dcb76,2025-03-07,9,2025-03-14,NDC,138.08,147.35962,0.04187731079755541,0.11189631887591478,1,model1,2026-06-15 06:49:36
7b9c460a-580e-404a-b04b-56b29c2dcb76,2025-03-07,10,2025-03-14,HHG,1.5,1.7722651,-0.0625,0.10766567289829254,0,model1,2026-06-15 06:49:36
7b9c460a-580e-404a-b04b-56b29c2dcb76,2025-03-10,1,2025-03-17,CTR,109.47,137.06137,-0.06738797069347413,0.16767226827065418,0,model1,2026-06-15 06:49:36
7b9c460a-580e-404a-b04b-56b29c2dcb76,2025-03-10,2,2025-03-17,NDC,138.08,147.35962,0.04187731079755541,0.11189631887591478,1,model1,2026-06-15 06:49:36
7b9c460a-580e-404a-b04b-56b29c2dcb76,2025-03-10,3,2025-03-17,HHG,1.6,1.7722651,0.0,0.10766567289829254,0,model1,2026-06-15 06:49:36
7b9c460a-580e-404a-b04b-56b29c2dcb76,2025-03-10,4,2025-03-17,VEF,124.17,133.69138,-0.0027307043610955706,0.07374006692170809,0,model1,2026-06-15 06:49:36
7b9c460a-580e-404a-b04b-56b29c2dcb76,2025-03-10,5,2025-03-17,MCG,2.0,2.2449589,-0.04761904761904767,0.06902803693498871,0,model1,2026-06-15 06:49:36
7b9c460a-580e-404a-b04b-56b29c2dcb76,2025-03-10,6,2025-03-17,PXI,2.0,2.2449589,-0.04761904761904767,0.06902803693498871,0,model1,2026-06-15 06:49:36
7b9c460a-580e-404a-b04b-56b29c2dcb76,2025-03-10,7,2025-03-17,DLG,1.97,2.1657567,-0.029556650246305383,0.0668752228685201,0,model1,2026-06-15 06:49:36
7b9c460a-580e-404a-b04b-56b29c2dcb76,2025-03-10,8,2025-03-17,DTI,2.4,2.4292433,0.04347826086956519,0.05619275051614525,1,model1,2026-06-15 06:49:36
7b9c460a-580e-404a-b04b-56b29c2dcb76,2025-03-10,9,2025-03-17,EIN,2.4,2.5185058,0.0,0.04937742153803515,0,model1,2026-06-15 06:49:36
7b9c460a-580e-404a-b04b-56b29c2dcb76,2025-03-10,10,2025-03-17,BTN,3.0,3.139685,0.0,0.04656163851420092,0,model1,2026-06-15 06:49:36
7b9c460a-580e-404a-b04b-56b29c2dcb76,2025-03-11,1,2025-03-18,CTR,107.42,136.63492,-0.07324648434129921,0.17880181358718517,0,model1,2026-06-15 06:49:36
7b9c460a-580e-404a-b04b-56b29c2dcb76,2025-03-11,2,2025-03-18,NDC,138.08,147.35962,0.04187731079755541,0.11189631887591478,1,model1,2026-06-15 06:49:36
7b9c460a-580e-404a-b04b-56b29c2dcb76,2025-03-11,3,2025-03-19,MCG,2.1,2.1730337,0.050000000000000044,0.0865168571472168,1,model1,2026-06-15 06:49:36
7b9c460a-580e-404a-b04b-56b29c2dcb76,2025-03-11,4,2025-03-18,HHG,1.7,1.7336371,0.0625,0.08352318406105042,1,model1,2026-06-15 06:49:36
7b9c460a-580e-404a-b04b-56b29c2dcb76,2025-03-11,5,2025-03-18,VEF,124.17,133.69138,-0.0010458567980691225,0.07555410886904168,0,model1,2026-06-15 06:49:36
7b9c460a-580e-404a-b04b-56b29c2dcb76,2025-03-11,6,2025-03-18,VE9,2.0,2.1378965,0.0,0.06894826889038086,0,model1,2026-06-15 06:49:36
7b9c460a-580e-404a-b04b-56b29c2dcb76,2025-03-11,7,2025-03-18,DLG,1.99,2.1384854,-0.014851485148514865,0.058656154292644924,0,model1,2026-06-15 06:49:36
7b9c460a-580e-404a-b04b-56b29c2dcb76,2025-03-11,8,2025-03-18,PXI,2.0,2.203869,-0.04761904761904767,0.04946147827875036,0,model1,2026-06-15 06:49:36
7b9c460a-580e-404a-b04b-56b29c2dcb76,2025-03-11,9,2025-03-18,PTL,2.65,2.7888339,-0.011194029850746356,0.04060964797859756,0,model1,2026-06-15 06:49:36
7b9c460a-580e-404a-b04b-56b29c2dcb76,2025-03-11,10,2025-03-18,BTN,3.0,3.0160334,0.034482758620689724,0.04001152104344863,1,model1,2026-06-15 06:49:36
7b9c460a-580e-404a-b04b-56b29c2dcb76,2025-03-12,1,2025-03-19,CTR,104.49,136.16708,-0.0862264975951027,0.19079216213584949,0,model1,2026-06-15 06:49:36
7b9c460a-580e-404a-b04b-56b29c2dcb76,2025-03-12,2,2025-03-19,HHG,1.7,1.7305903,0.0625,0.08161896467208862,1,model1,2026-06-15 06:49:36
7b9c460a-580e-404a-b04b-56b29c2dcb76,2025-03-12,3,2025-03-19,VEF,123.5,133.69138,-0.0011323196376576972,0.08129550090926774,0,model1,2026-06-15 06:49:36
7b9c460a-580e-404a-b04b-56b29c2dcb76,2025-03-12,4,2025-03-19,PXI,2.1,2.152083,0.050000000000000044,0.07604146003723145,1,model1,2026-06-15 06:49:36
7b9c460a-580e-404a-b04b-56b29c2dcb76,2025-03-12,5,2025-03-19,DLG,1.99,2.1384854,-0.014851485148514865,0.058656154292644924,0,model1,2026-06-15 06:49:36
7b9c460a-580e-404a-b04b-56b29c2dcb76,2025-03-12,6,2025-03-20,MCG,2.0,2.203869,-0.04761904761904767,0.04946147827875036,0,model1,2026-06-15 06:49:36
7b9c460a-580e-404a-b04b-56b29c2dcb76,2025-03-12,7,2025-03-19,EIN,2.3,2.5185058,-0.04166666666666674,0.04937742153803515,0,model1,2026-06-15 06:49:36
7b9c460a-580e-404a-b04b-56b29c2dcb76,2025-03-12,8,2025-03-19,HID,2.75,2.8625686,0.0036496350364962904,0.04473307184929398,1,model1,2026-06-15 06:49:36
7b9c460a-580e-404a-b04b-56b29c2dcb76,2025-03-12,9,2025-03-20,VE9,2.1,2.1829183,0.0,0.039484909602574,0,model1,2026-06-15 06:49:36
7b9c460a-580e-404a-b04b-56b29c2dcb76,2025-03-12,10,2025-03-19,PTL,2.62,2.7621012,-0.01872659176029956,0.03449482149845662,0,model1,2026-06-15 06:49:36
7b9c460a-580e-404a-b04b-56b29c2dcb76,2025-03-13,1,2025-03-20,CTR,103.51,134.75294,-0.07827248441674084,0.19993717672563727,0,model1,2026-06-15 06:49:36
7b9c460a-580e-404a-b04b-56b29c2dcb76,2025-03-13,2,2025-03-20,HHG,1.6,1.7692183,0.0,0.10576145350933075,0,model1,2026-06-15 06:49:36
7b9c460a-580e-404a-b04b-56b29c2dcb76,2025-03-13,3,2025-04-10,NDC,126.68,131.78676,0.054348730753225105,0.09685192195465309,1,model1,2026-06-15 06:49:36
7b9c460a-580e-404a-b04b-56b29c2dcb76,2025-03-13,4,2025-03-21,MCG,2.0,2.152083,0.0,0.07604146003723145,0,model1,2026-06-15 06:49:36
7b9c460a-580e-404a-b04b-56b29c2dcb76,2025-03-13,5,2025-03-20,PXI,2.0,2.152083,0.0,0.07604146003723145,0,model1,2026-06-15 06:49:36
7b9c460a-580e-404a-b04b-56b29c2dcb76,2025-03-13,6,2025-03-20,VEF,124.51,135.57751,-0.015809026954390903,0.07167429174324158,0,model1,2026-06-15 06:49:36
7b9c460a-580e-404a-b04b-56b29c2dcb76,2025-03-13,7,2025-03-21,VE9,2.2,2.1384854,0.10000000000000009,0.06924271583557129,1,model1,2026-06-15 06:49:36
7b9c460a-580e-404a-b04b-56b29c2dcb76,2025-03-13,8,2025-03-20,EIN,2.3,2.4337409,0.0,0.05814819750578515,0,model1,2026-06-15 06:49:36
7b9c460a-580e-404a-b04b-56b29c2dcb76,2025-03-13,9,2025-03-20,DTI,2.3,2.4292433,0.0,0.05619275051614525,0,model1,2026-06-15 06:49:36
7b9c460a-580e-404a-b04b-56b29c2dcb76,2025-03-13,10,2025-03-20,VES,7.4,8.121221,-0.038961038961038974,0.05470397255637427,0,model1,2026-06-15 06:49:36
7b9c460a-580e-404a-b04b-56b29c2dcb76,2025-03-14,1,2025-04-18,MPT,0.7,0.9623713,0.0,0.37481612818581733,0,model1,2026-06-15 06:49:36
7b9c460a-580e-404a-b04b-56b29c2dcb76,2025-03-14,2,2025-04-18,G20,0.6,0.80638754,0.0,0.34397923946380615,0,model1,2026-06-15 06:49:36
7b9c460a-580e-404a-b04b-56b29c2dcb76,2025-03-14,3,2025-04-18,PXM,0.5,0.80638754,-0.16666666666666663,0.34397923946380615,0,model1,2026-06-15 06:49:36
7b9c460a-580e-404a-b04b-56b29c2dcb76,2025-03-14,4,2025-04-18,ACM,0.6,0.93946314,-0.1428571428571428,0.3420901979718891,0,model1,2026-06-15 06:49:36
7b9c460a-580e-404a-b04b-56b29c2dcb76,2025-03-14,5,2025-04-18,STT,1.2,1.2184519,0.19999999999999996,0.2184518575668335,1,model1,2026-06-15 06:49:36
7b9c460a-580e-404a-b04b-56b29c2dcb76,2025-03-14,6,2025-04-18,FTM,0.7,0.9623713,-0.1250000000000001,0.20296411216259003,0,model1,2026-06-15 06:49:36
7b9c460a-580e-404a-b04b-56b29c2dcb76,2025-03-14,7,2025-04-18,PVH,1.0,1.0663065,0.11111111111111116,0.18478496869405103,1,model1,2026-06-15 06:49:36
7b9c460a-580e-404a-b04b-56b29c2dcb76,2025-03-14,8,2025-04-18,PXA,1.1,1.2778314,0.0,0.1616649410941382,0,model1,2026-06-15 06:49:36
7b9c460a-580e-404a-b04b-56b29c2dcb76,2025-03-14,9,2025-04-18,PVR,1.0,1.3679011,-0.16666666666666663,0.13991757233937596,0,model1,2026-06-15 06:49:36
7b9c460a-580e-404a-b04b-56b29c2dcb76,2025-03-14,10,2025-04-18,VNH,1.3,1.3626224,0.08333333333333348,0.13551865021387743,1,model1,2026-06-15 06:49:36
7b9c460a-580e-404a-b04b-56b29c2dcb76,2025-03-17,1,2025-04-14,NDC,138.08,153.3837,0.0,0.11083210826887036,0,model1,2026-06-15 06:49:36
7b9c460a-580e-404a-b04b-56b29c2dcb76,2025-03-17,2,2025-03-24,HHG,1.6,1.7305903,0.0,0.08161896467208862,0,model1,2026-06-15 06:49:36
7b9c460a-580e-404a-b04b-56b29c2dcb76,2025-03-17,3,2025-03-24,VEF,128.52,133.96593,0.03503261657405177,0.0788912549248888,1,model1,2026-06-15 06:49:36
7b9c460a-580e-404a-b04b-56b29c2dcb76,2025-03-17,4,2025-03-25,MCG,2.0,2.152083,0.0,0.07604146003723145,0,model1,2026-06-15 06:49:36
7b9c460a-580e-404a-b04b-56b29c2dcb76,2025-03-17,5,2025-03-24,PXI,2.0,2.152083,0.0,0.07604146003723145,0,model1,2026-06-15 06:49:36
7b9c460a-580e-404a-b04b-56b29c2dcb76,2025-03-17,6,2025-03-25,VE9,2.1,2.124299,0.050000000000000044,0.0621495246887207,1,model1,2026-06-15 06:49:36
7b9c460a-580e-404a-b04b-56b29c2dcb76,2025-03-17,7,2025-03-24,DTI,2.3,2.5185058,-0.04166666666666674,0.04937742153803515,0,model1,2026-06-15 06:49:36
7b9c460a-580e-404a-b04b-56b29c2dcb76,2025-03-17,8,2025-03-24,VES,7.3,7.1002216,0.07352941176470584,0.04415024028104897,1,model1,2026-06-15 06:49:36
7b9c460a-580e-404a-b04b-56b29c2dcb76,2025-03-17,9,2025-03-24,DLG,2.03,2.0436313,0.030456852791878042,0.0373763021478799,1,model1,2026-06-15 06:49:36
7b9c460a-580e-404a-b04b-56b29c2dcb76,2025-03-17,10,2025-03-24,HID,2.75,2.8625686,-0.0036231884057970065,0.03716254234313965,0,model1,2026-06-15 06:49:36
7b9c460a-580e-404a-b04b-56b29c2dcb76,2025-03-18,1,2025-03-25,VEF,130.53,133.96593,0.05122010147378586,0.0788912549248888,1,model1,2026-06-15 06:49:36
7b9c460a-580e-404a-b04b-56b29c2dcb76,2025-03-18,2,2025-03-25,PXI,2.0,2.152083,0.0,0.07604146003723145,0,model1,2026-06-15 06:49:36
7b9c460a-580e-404a-b04b-56b29c2dcb76,2025-03-18,3,2025-04-23,NDC,117.42,147.35962,-0.1496234067207417,0.06720465773917295,0,model1,2026-06-15 06:49:36
7b9c460a-580e-404a-b04b-56b29c2dcb76,2025-03-18,4,2025-03-26,VE9,2.1,2.124299,0.050000000000000044,0.0621495246887207,1,model1,2026-06-15 06:49:36
7b9c460a-580e-404a-b04b-56b29c2dcb76,2025-03-18,5,2025-03-26,DTI,2.3,2.4337409,0.0,0.05814819750578515,0,model1,2026-06-15 06:49:36
7b9c460a-580e-404a-b04b-56b29c2dcb76,2025-03-18,6,2025-03-25,EIN,2.4,2.5185058,0.0,0.04937742153803515,0,model1,2026-06-15 06:49:36
7b9c460a-580e-404a-b04b-56b29c2dcb76,2025-03-18,7,2025-03-25,HAV,3.6,3.7602966,0.0,0.044526828659905204,0,model1,2026-06-15 06:49:36
7b9c460a-580e-404a-b04b-56b29c2dcb76,2025-03-18,8,2025-03-25,HID,2.81,2.8572075,0.025547445255474477,0.04277647324722178,1,model1,2026-06-15 06:49:36
7b9c460a-580e-404a-b04b-56b29c2dcb76,2025-03-18,9,2025-03-25,HHG,1.7,1.7711099,0.0,0.04182937565971834,0,model1,2026-06-15 06:49:36
7b9c460a-580e-404a-b04b-56b29c2dcb76,2025-03-18,10,2025-03-25,PTL,2.64,2.7561915,-0.0037735849056602655,0.04007226116252394,0,model1,2026-06-15 06:49:36
7b9c460a-580e-404a-b04b-56b29c2dcb76,2025-03-19,1,2025-03-27,VEF,123.64,134.06963,0.0011336032388664652,0.08558401501613111,1,model1,2026-06-15 06:49:36
7b9c460a-580e-404a-b04b-56b29c2dcb76,2025-03-19,2,2025-03-26,HHG,1.7,1.8127849,0.0,0.06634406482472133,0,model1,2026-06-15 06:49:36
7b9c460a-580e-404a-b04b-56b29c2dcb76,2025-03-19,3,2025-03-26,EIN,2.3,2.4292433,0.0,0.05619275051614525,0,model1,2026-06-15 06:49:36
7b9c460a-580e-404a-b04b-56b29c2dcb76,2025-03-19,4,2025-03-27,DTI,2.3,2.4206488,0.0,0.05245600575986131,0,model1,2026-06-15 06:49:36
7b9c460a-580e-404a-b04b-56b29c2dcb76,2025-03-19,5,2025-03-26,PTL,2.66,2.7561915,0.01526717557251911,0.05198148552698023,1,model1,2026-06-15 06:49:36
7b9c460a-580e-404a-b04b-56b29c2dcb76,2025-03-19,6,2025-03-26,HAV,3.9,3.7668092,0.08333333333333326,0.04633589585622144,1,model1,2026-06-15 06:49:36
7b9c460a-580e-404a-b04b-56b29c2dcb76,2025-03-19,7,2025-03-27,BTN,2.9,3.0199342,0.0,0.041356612896097156,0,model1,2026-06-15 06:49:36
7b9c460a-580e-404a-b04b-56b29c2dcb76,2025-03-19,8,2025-03-26,MCG,2.0,2.1829183,-0.04761904761904767,0.039484909602574,0,model1,2026-06-15 06:49:36
7b9c460a-580e-404a-b04b-56b29c2dcb76,2025-03-19,9,2025-03-26,PXI,2.0,2.1829183,-0.04761904761904767,0.039484909602574,0,model1,2026-06-15 06:49:36
7b9c460a-580e-404a-b04b-56b29c2dcb76,2025-03-19,10,2025-03-26,HID,2.79,2.8572075,0.014545454545454639,0.03898455879905005,1,model1,2026-06-15 06:49:36
7b9c460a-580e-404a-b04b-56b29c2dcb76,2025-03-20,1,2025-03-27,HHG,1.7,1.7336371,0.0625,0.08352318406105042,1,model1,2026-06-15 06:49:36
7b9c460a-580e-404a-b04b-56b29c2dcb76,2025-03-20,2,2025-03-28,VEF,123.84,134.59464,-0.005381093888041089,0.08099457882712735,0,model1,2026-06-15 06:49:36
7b9c460a-580e-404a-b04b-56b29c2dcb76,2025-03-20,3,2025-03-27,MCG,2.0,2.152083,0.0,0.07604146003723145,0,model1,2026-06-15 06:49:36
7b9c460a-580e-404a-b04b-56b29c2dcb76,2025-03-20,4,2025-03-27,PXI,2.0,2.152083,0.0,0.07604146003723145,0,model1,2026-06-15 06:49:36
7b9c460a-580e-404a-b04b-56b29c2dcb76,2025-03-20,5,2025-03-28,DTI,2.3,2.4292433,0.0,0.05619275051614525,0,model1,2026-06-15 06:49:36
7b9c460a-580e-404a-b04b-56b29c2dcb76,2025-03-20,6,2025-03-27,EIN,2.4,2.4292433,0.04347826086956519,0.05619275051614525,1,model1,2026-06-15 06:49:36
7b9c460a-580e-404a-b04b-56b29c2dcb76,2025-03-20,7,2025-03-27,VE9,2.1,2.2104106,0.0,0.0525764737810408,0,model1,2026-06-15 06:49:36
7b9c460a-580e-404a-b04b-56b29c2dcb76,2025-03-20,8,2025-03-31,SD4,2.9,2.9447548,0.03571428571428581,0.051698156765529246,1,model1,2026-06-15 06:49:36
7b9c460a-580e-404a-b04b-56b29c2dcb76,2025-03-20,9,2025-03-27,PTL,2.65,2.7320192,0.019230769230769162,0.05077661000765277,1,model1,2026-06-15 06:49:36
7b9c460a-580e-404a-b04b-56b29c2dcb76,2025-03-20,10,2025-03-27,KSQ,3.1,3.1371105,0.03333333333333344,0.04570349057515455,1,model1,2026-06-15 06:49:36
7b9c460a-580e-404a-b04b-56b29c2dcb76,2025-03-21,1,2025-04-25,MPT,0.7,0.90016276,0.16666666666666674,0.5002712607383728,1,model1,2026-06-15 06:49:36
7b9c460a-580e-404a-b04b-56b29c2dcb76,2025-03-21,2,2025-04-25,ACM,0.7,0.9455697,0.0,0.3508138486317227,0,model1,2026-06-15 06:49:36
7b9c460a-580e-404a-b04b-56b29c2dcb76,2025-03-21,3,2025-04-25,G20,0.5,0.80638754,-0.16666666666666663,0.34397923946380615,0,model1,2026-06-15 06:49:36
7b9c460a-580e-404a-b04b-56b29c2dcb76,2025-03-21,4,2025-04-25,PXM,0.5,0.80638754,-0.16666666666666663,0.34397923946380615,0,model1,2026-06-15 06:49:36
7b9c460a-580e-404a-b04b-56b29c2dcb76,2025-03-21,5,2025-04-25,PXA,1.1,1.247995,0.10000000000000009,0.2479950189590454,1,model1,2026-06-15 06:49:36
7b9c460a-580e-404a-b04b-56b29c2dcb76,2025-03-21,6,2025-05-09,PVH,0.9,1.1147404,0.0,0.23860041300455737,0,model1,2026-06-15 06:49:36
7b9c460a-580e-404a-b04b-56b29c2dcb76,2025-03-21,7,2025-04-25,VKC,0.8,1.0829942,-0.11111111111111105,0.20332691404554581,0,model1,2026-06-15 06:49:36
7b9c460a-580e-404a-b04b-56b29c2dcb76,2025-03-21,8,2025-04-25,FTM,0.7,0.9623713,-0.1250000000000001,0.20296411216259003,0,model1,2026-06-15 06:49:36
7b9c460a-580e-404a-b04b-56b29c2dcb76,2025-03-21,9,2025-04-25,TOP,1.1,1.1641743,0.10000000000000009,0.16417431831359863,1,model1,2026-06-15 06:49:36
7b9c460a-580e-404a-b04b-56b29c2dcb76,2025-03-21,10,2025-04-25,PVR,1.1,1.3527406,-0.08333333333333326,0.12728387117385864,0,model1,2026-06-15 06:49:36
7b9c460a-580e-404a-b04b-56b29c2dcb76,2025-03-24,1,2025-03-31,HHG,1.6,1.7722651,0.0,0.10766567289829254,0,model1,2026-06-15 06:49:36
7b9c460a-580e-404a-b04b-56b29c2dcb76,2025-03-24,2,2025-03-31,MCG,1.9,2.032119,0.0,0.06953633458990804,0,model1,2026-06-15 06:49:36
7b9c460a-580e-404a-b04b-56b29c2dcb76,2025-03-24,3,2025-03-31,DLG,2.18,2.1657567,0.07389162561576379,0.0668752228685201,1,model1,2026-06-15 06:49:36
7b9c460a-580e-404a-b04b-56b29c2dcb76,2025-03-24,4,2025-04-01,DTI,2.3,2.4206488,0.0,0.05245600575986131,0,model1,2026-06-15 06:49:36
7b9c460a-580e-404a-b04b-56b29c2dcb76,2025-03-24,5,2025-03-31,PV2,3.0,3.4553914,-0.09090909090909083,0.04708830515543627,0,model1,2026-06-15 06:49:36
7b9c460a-580e-404a-b04b-56b29c2dcb76,2025-03-24,6,2025-04-01,VEF,124.84,134.45996,-0.028633675692499305,0.04621818345393702,0,model1,2026-06-15 06:49:36
7b9c460a-580e-404a-b04b-56b29c2dcb76,2025-03-24,7,2025-03-31,PXI,2.0,2.0906112,0.0,0.045305609703063965,0,model1,2026-06-15 06:49:36
7b9c460a-580e-404a-b04b-56b29c2dcb76,2025-03-24,8,2025-03-31,PTL,2.64,2.7561915,0.0,0.044011928818442625,0,model1,2026-06-15 06:49:36
7b9c460a-580e-404a-b04b-56b29c2dcb76,2025-03-24,9,2025-03-31,HID,2.75,2.8572075,0.0,0.03898455879905005,0,model1,2026-06-15 06:49:36
7b9c460a-580e-404a-b04b-56b29c2dcb76,2025-03-24,10,2025-03-31,VE9,2.1,2.2853408,-0.045454545454545525,0.03879126635464747,0,model1,2026-06-15 06:49:36
7b9c460a-580e-404a-b04b-56b29c2dcb76,2025-03-25,1,2025-04-01,PXI,2.0,2.124299,0.0,0.0621495246887207,0,model1,2026-06-15 06:49:36
7b9c460a-580e-404a-b04b-56b29c2dcb76,2025-03-25,2,2025-04-01,VE9,2.0,2.2263248,-0.04761904761904767,0.06015466508411227,0,model1,2026-06-15 06:49:36
7b9c460a-580e-404a-b04b-56b29c2dcb76,2025-03-25,3,2025-04-01,PEG,5.1,4.8123107,0.10869565217391308,0.04615449905395508,1,model1,2026-06-15 06:49:36
7b9c460a-580e-404a-b04b-56b29c2dcb76,2025-03-25,4,2025-04-01,MCG,1.9,2.0906112,-0.050000000000000044,0.045305609703063965,0,model1,2026-06-15 06:49:36
7b9c460a-580e-404a-b04b-56b29c2dcb76,2025-03-25,5,2025-04-01,PTL,2.61,2.7561915,-0.011363636363636465,0.044011928818442625,0,model1,2026-06-15 06:49:36
7b9c460a-580e-404a-b04b-56b29c2dcb76,2025-03-25,6,2025-04-01,HHG,1.5,1.7741567,-0.11764705882352944,0.04362158214344691,0,model1,2026-06-15 06:49:36
7b9c460a-580e-404a-b04b-56b29c2dcb76,2025-03-25,7,2025-04-01,HID,2.78,2.9224887,-0.01067615658362997,0.040031562072102345,0,model1,2026-06-15 06:49:36
7b9c460a-580e-404a-b04b-56b29c2dcb76,2025-03-25,8,2025-04-01,UPH,9.9,9.564045,0.07608695652173925,0.039570103520932376,1,model1,2026-06-15 06:49:36
7b9c460a-580e-404a-b04b-56b29c2dcb76,2025-03-25,9,2025-04-01,DLG,2.19,2.1707933,0.04784688995215314,0.038657078902687214,1,model1,2026-06-15 06:49:36
7b9c460a-580e-404a-b04b-56b29c2dcb76,2025-03-25,10,2025-04-03,L63,7.8,6.745476,0.19999999999999996,0.0377655029296875,1,model1,2026-06-15 06:49:36
7b9c460a-580e-404a-b04b-56b29c2dcb76,2025-03-26,1,2025-04-02,PXI,1.8,2.1384854,-0.09999999999999998,0.06924271583557129,0,model1,2026-06-15 06:49:36
7b9c460a-580e-404a-b04b-56b29c2dcb76,2025-03-26,2,2025-04-02,HHG,1.5,1.8127849,-0.11764705882352944,0.06634406482472133,0,model1,2026-06-15 06:49:36
7b9c460a-580e-404a-b04b-56b29c2dcb76,2025-03-26,3,2025-04-02,DLG,2.26,2.1707933,0.102439024390244,0.05892355849103237,1,model1,2026-06-15 06:49:36
7b9c460a-580e-404a-b04b-56b29c2dcb76,2025-03-26,4,2025-04-02,EIN,2.4,2.4337409,0.04347826086956519,0.05814819750578515,1,model1,2026-06-15 06:49:36
7b9c460a-580e-404a-b04b-56b29c2dcb76,2025-03-26,5,2025-04-02,DTI,2.3,2.4206488,0.0,0.05245600575986131,0,model1,2026-06-15 06:49:36
7b9c460a-580e-404a-b04b-56b29c2dcb76,2025-03-26,6,2025-04-02,GPC,3.0,2.9447548,0.0714285714285714,0.051698156765529246,1,model1,2026-06-15 06:49:36
7b9c460a-580e-404a-b04b-56b29c2dcb76,2025-03-26,7,2025-04-02,VE9,2.1,2.1902716,0.0,0.0429864838009788,0,model1,2026-06-15 06:49:36
7b9c460a-580e-404a-b04b-56b29c2dcb76,2025-03-26,8,2025-04-03,SD4,2.9,3.007661,0.0,0.03712451869043809,0,model1,2026-06-15 06:49:36
7b9c460a-580e-404a-b04b-56b29c2dcb76,2025-03-26,9,2025-04-02,TTF,3.1,3.2122278,0.0,0.03620252301616045,0,model1,2026-06-15 06:49:36
7b9c460a-580e-404a-b04b-56b29c2dcb76,2025-03-26,10,2025-04-02,PTL,2.62,2.7561915,-0.015037593984962405,0.03616221506792794,0,model1,2026-06-15 06:49:36
7b9c460a-580e-404a-b04b-56b29c2dcb76,2025-03-27,1,2025-04-03,VEF,111.79,134.36562,-0.09584276933031377,0.08674875319254749,0,model1,2026-06-15 06:49:36
7b9c460a-580e-404a-b04b-56b29c2dcb76,2025-03-27,2,2025-04-03,PXI,1.7,2.124299,-0.15000000000000002,0.0621495246887207,0,model1,2026-06-15 06:49:36
7b9c460a-580e-404a-b04b-56b29c2dcb76,2025-03-27,3,2025-04-03,VE9,1.9,2.2263248,-0.09523809523809534,0.06015466508411227,0,model1,2026-06-15 06:49:36
7b9c460a-580e-404a-b04b-56b29c2dcb76,2025-03-27,4,2025-04-04,PEG,4.7,4.547983,0.09302325581395365,0.05767050454782896,1,model1,2026-06-15 06:49:36
7b9c460a-580e-404a-b04b-56b29c2dcb76,2025-03-27,5,2025-04-03,DTI,1.9,2.4206488,-0.17391304347826086,0.05245600575986131,0,model1,2026-06-15 06:49:36
7b9c460a-580e-404a-b04b-56b29c2dcb76,2025-03-27,6,2025-04-03,DLG,2.11,2.1657567,0.024271844660194164,0.05133820505975506,1,model1,2026-06-15 06:49:36
7b9c460a-580e-404a-b04b-56b29c2dcb76,2025-03-27,7,2025-04-03,BHP,5.72,5.584646,0.07518796992481191,0.04974553101044843,1,model1,2026-06-15 06:49:36
7b9c460a-580e-404a-b04b-56b29c2dcb76,2025-03-27,8,2025-04-03,EIN,2.3,2.5185058,-0.04166666666666674,0.04937742153803515,0,model1,2026-06-15 06:49:36
7b9c460a-580e-404a-b04b-56b29c2dcb76,2025-03-27,9,2025-04-03,GPC,2.6,2.935815,-0.07142857142857129,0.04850539139338905,0,model1,2026-06-15 06:49:36
7b9c460a-580e-404a-b04b-56b29c2dcb76,2025-03-27,10,2025-04-03,UDC,4.6,4.272684,0.12195121951219523,0.042118072509765625,1,model1,2026-06-15 06:49:36
7b9c460a-580e-404a-b04b-56b29c2dcb76,2025-03-28,1,2025-05-09,G20,0.6,0.80638754,0.19999999999999996,0.6127750873565674,1,model1,2026-06-15 06:49:36
7b9c460a-580e-404a-b04b-56b29c2dcb76,2025-03-28,2,2025-05-09,PXM,0.5,0.80638754,-0.16666666666666663,0.34397923946380615,0,model1,2026-06-15 06:49:36
7b9c460a-580e-404a-b04b-56b29c2dcb76,2025-03-28,3,2025-05-09,ACM,0.7,0.90447813,0.0,0.2921116181782315,0,model1,2026-06-15 06:49:36
7b9c460a-580e-404a-b04b-56b29c2dcb76,2025-03-28,4,2025-05-16,PVH,0.9,1.0327308,0.125,0.29091352224349976,1,model1,2026-06-15 06:49:36
7b9c460a-580e-404a-b04b-56b29c2dcb76,2025-03-28,5,2025-05-09,VKC,0.7,1.0278718,-0.1250000000000001,0.28483980894088745,0,model1,2026-06-15 06:49:36
7b9c460a-580e-404a-b04b-56b29c2dcb76,2025-03-28,6,2025-05-09,FTM,0.7,0.9623713,-0.1250000000000001,0.20296411216259003,0,model1,2026-06-15 06:49:36
7b9c460a-580e-404a-b04b-56b29c2dcb76,2025-03-28,7,2025-05-09,TOP,1.0,1.2011809,0.0,0.20118093490600586,0,model1,2026-06-15 06:49:36
7b9c460a-580e-404a-b04b-56b29c2dcb76,2025-03-28,8,2025-05-09,PXA,1.0,1.1641743,0.0,0.16417431831359863,0,model1,2026-06-15 06:49:36
7b9c460a-580e-404a-b04b-56b29c2dcb76,2025-03-28,9,2025-05-09,DVG,1.3,1.7142966,-0.1333333333333333,0.14286438624064135,0,model1,2026-06-15 06:49:36
7b9c460a-580e-404a-b04b-56b29c2dcb76,2025-03-28,10,2025-05-09,PVR,1.1,1.3626224,-0.08333333333333326,0.13551865021387743,0,model1,2026-06-15 06:49:36
7b9c460a-580e-404a-b04b-56b29c2dcb76,2025-03-31,1,2025-04-08,VEF,106.43,132.70055,-0.12106697497728958,0.09588360941984009,0,model1,2026-06-15 06:49:36
7b9c460a-580e-404a-b04b-56b29c2dcb76,2025-03-31,2,2025-04-08,DLG,1.84,2.2853408,-0.15596330275229364,0.04832146145881855,0,model1,2026-06-15 06:49:36
7b9c460a-580e-404a-b04b-56b29c2dcb76,2025-03-31,3,2025-04-08,PTL,2.13,2.7561915,-0.19318181818181823,0.044011928818442625,0,model1,2026-06-15 06:49:36
7b9c460a-580e-404a-b04b-56b29c2dcb76,2025-03-31,4,2025-04-08,GPC,2.4,2.9224887,-0.1428571428571428,0.04374596050807411,0,model1,2026-06-15 06:49:36
7b9c460a-580e-404a-b04b-56b29c2dcb76,2025-03-31,5,2025-04-08,PRO,6.9,6.154376,0.1694915254237288,0.04311458135055268,1,model1,2026-06-15 06:49:36
7b9c460a-580e-404a-b04b-56b29c2dcb76,2025-03-31,6,2025-04-08,HID,2.5,2.8625686,-0.09090909090909094,0.04093404249711474,0,model1,2026-06-15 06:49:36
7b9c460a-580e-404a-b04b-56b29c2dcb76,2025-03-31,7,2025-04-08,VJC,82.6,98.72079,-0.1305263157894737,0.039166179456208816,0,model1,2026-06-15 06:49:36
7b9c460a-580e-404a-b04b-56b29c2dcb76,2025-03-31,8,2025-04-08,VE8,3.8,4.5572214,-0.13636363636363646,0.03573213924061158,0,model1,2026-06-15 06:49:36
7b9c460a-580e-404a-b04b-56b29c2dcb76,2025-03-31,9,2025-04-08,TTF,2.51,3.19376,-0.18770226537216828,0.03357926155756985,0,model1,2026-06-15 06:49:36
7b9c460a-580e-404a-b04b-56b29c2dcb76,2025-03-31,10,2025-04-08,FCM,3.85,3.7457108,0.06060606060606055,0.031876267152055826,1,model1,2026-06-15 06:49:36
7b9c460a-580e-404a-b04b-56b29c2dcb76,2025-04-01,1,2025-04-09,HHG,1.3,1.6640838,-0.1333333333333333,0.10938922564188647,0,model1,2026-06-15 06:49:36
7b9c460a-580e-404a-b04b-56b29c2dcb76,2025-04-01,2,2025-04-09,VEF,105.76,134.49379,-0.15283562960589547,0.07732929888538576,0,model1,2026-06-15 06:49:36
7b9c460a-580e-404a-b04b-56b29c2dcb76,2025-04-01,3,2025-04-09,DLG,1.79,2.2853408,-0.182648401826484,0.043534605470422205,0,model1,2026-06-15 06:49:36
7b9c460a-580e-404a-b04b-56b29c2dcb76,2025-04-01,4,2025-04-09,VE8,4.0,4.487069,-0.06976744186046513,0.04350444882415072,0,model1,2026-06-15 06:49:36
7b9c460a-580e-404a-b04b-56b29c2dcb76,2025-04-01,5,2025-04-09,VJC,79.1,98.73375,-0.1691176470588236,0.03711921627781978,0,model1,2026-06-15 06:49:36
7b9c460a-580e-404a-b04b-56b29c2dcb76,2025-04-01,6,2025-05-22,DNH,48.52,44.749134,0.12444959443800707,0.037059885601870235,1,model1,2026-06-15 06:49:36
7b9c460a-580e-404a-b04b-56b29c2dcb76,2025-04-01,7,2025-04-09,HAV,3.1,3.8158762,-0.16216216216216217,0.031317904188826295,0,model1,2026-06-15 06:49:36
7b9c460a-580e-404a-b04b-56b29c2dcb76,2025-04-01,8,2025-04-09,HID,2.5,2.8625686,-0.10071942446043158,0.029700941319088292,0,model1,2026-06-15 06:49:36
7b9c460a-580e-404a-b04b-56b29c2dcb76,2025-04-01,9,2025-04-10,BTN,2.9,2.9845815,0.0,0.02916602430672488,0,model1,2026-06-15 06:49:36
7b9c460a-580e-404a-b04b-56b29c2dcb76,2025-04-01,10,2025-04-11,DC1,8.0,8.009949,0.025641025641025772,0.02691650390625,1,model1,2026-06-15 06:49:36
7b9c460a-580e-404a-b04b-56b29c2dcb76,2025-04-02,1,2025-04-24,NDC,114.99,155.96124,-0.16722190034762463,0.1294991503170715,0,model1,2026-06-15 06:49:36
7b9c460a-580e-404a-b04b-56b29c2dcb76,2025-04-02,2,2025-04-10,HHG,1.4,1.6610371,-0.06666666666666676,0.10735805829366041,0,model1,2026-06-15 06:49:36
7b9c460a-580e-404a-b04b-56b29c2dcb76,2025-04-02,3,2025-04-10,VEF,117.81,134.04861,-0.05381093888041122,0.07660922417438853,0,model1,2026-06-15 06:49:36
7b9c460a-580e-404a-b04b-56b29c2dcb76,2025-04-02,4,2025-04-10,MCG,1.7,2.0099425,-0.10526315789473684,0.057864490308259686,0,model1,2026-06-15 06:49:36
7b9c460a-580e-404a-b04b-56b29c2dcb76,2025-04-02,5,2025-04-10,PTL,2.14,2.7561915,-0.18320610687022898,0.05198148552698023,0,model1,2026-06-15 06:49:36
7b9c460a-580e-404a-b04b-56b29c2dcb76,2025-04-02,6,2025-04-10,PV2,2.4,3.0392034,-0.1724137931034483,0.04800117426905137,0,model1,2026-06-15 06:49:36
7b9c460a-580e-404a-b04b-56b29c2dcb76,2025-04-02,7,2025-04-10,DTI,2.0,2.406627,-0.13043478260869557,0.04635953903198242,0,model1,2026-06-15 06:49:36
7b9c460a-580e-404a-b04b-56b29c2dcb76,2025-04-02,8,2025-04-10,FRT,106.15,126.3141,-0.12112932604735882,0.04581969012130793,0,model1,2026-06-15 06:49:36
7b9c460a-580e-404a-b04b-56b29c2dcb76,2025-04-02,9,2025-04-10,HID,2.67,2.9224887,-0.046428571428571375,0.04374596050807411,0,model1,2026-06-15 06:49:36
7b9c460a-580e-404a-b04b-56b29c2dcb76,2025-04-02,10,2025-04-10,VJC,84.6,98.72079,-0.10947368421052639,0.039166179456208816,0,model1,2026-06-15 06:49:36
7b9c460a-580e-404a-b04b-56b29c2dcb76,2025-04-03,1,2025-04-11,VEF,119.15,133.65128,0.06583773146077476,0.19555662970539056,1,model1,2026-06-15 06:49:36
7b9c460a-580e-404a-b04b-56b29c2dcb76,2025-04-03,2,2025-04-11,HHG,1.4,1.5099641,0.07692307692307687,0.1615108526670015,1,model1,2026-06-15 06:49:36
7b9c460a-580e-404a-b04b-56b29c2dcb76,2025-04-03,3,2025-04-11,FRT,113.5,126.10989,0.009876323516327057,0.12207397276295162,1,model1,2026-06-15 06:49:36
7b9c460a-580e-404a-b04b-56b29c2dcb76,2025-04-03,4,2025-04-11,DTI,2.1,2.0858903,0.10526315789473695,0.09783699637965149,1,model1,2026-06-15 06:49:36
7b9c460a-580e-404a-b04b-56b29c2dcb76,2025-04-03,5,2025-04-11,VJC,85.4,96.26792,-0.0339366515837104,0.08900363628680874,0,model1,2026-06-15 06:49:36
7b9c460a-580e-404a-b04b-56b29c2dcb76,2025-04-03,6,2025-04-11,MCG,1.7,1.8512855,0.0,0.08899144565357875,0,model1,2026-06-15 06:49:36
7b9c460a-580e-404a-b04b-56b29c2dcb76,2025-04-03,7,2025-05-09,PXI,1.4,1.847862,-0.17647058823529416,0.08697765013750858,0,model1,2026-06-15 06:49:36
7b9c460a-580e-404a-b04b-56b29c2dcb76,2025-04-03,8,2025-04-11,VE9,1.8,2.0463054,-0.05263157894736836,0.07700285158659281,0,model1,2026-06-15 06:49:36
7b9c460a-580e-404a-b04b-56b29c2dcb76,2025-04-03,9,2025-04-11,GPC,2.7,2.7674623,0.03846153846153855,0.06440855906559873,1,model1,2026-06-15 06:49:36
7b9c460a-580e-404a-b04b-56b29c2dcb76,2025-04-03,10,2025-04-11,CTR,82.52,94.891266,-0.07850362925739807,0.059645626679404096,0,model1,2026-06-15 06:49:36
7b9c460a-580e-404a-b04b-56b29c2dcb76,2025-04-04,1,2025-05-16,G20,0.6,0.80638754,0.19999999999999996,0.6127750873565674,1,model1,2026-06-15 06:49:36
7b9c460a-580e-404a-b04b-56b29c2dcb76,2025-04-04,2,2025-05-16,VKC,0.7,0.97781163,0.0,0.39687376362936844,0,model1,2026-06-15 06:49:36
7b9c460a-580e-404a-b04b-56b29c2dcb76,2025-04-04,3,2025-05-16,FTM,0.6,0.9623713,-0.1428571428571428,0.37481612818581733,0,model1,2026-06-15 06:49:36
7b9c460a-580e-404a-b04b-56b29c2dcb76,2025-04-04,4,2025-05-16,PXM,0.6,0.80638754,0.0,0.34397923946380615,0,model1,2026-06-15 06:49:36
7b9c460a-580e-404a-b04b-56b29c2dcb76,2025-04-04,5,2025-05-16,ACM,0.6,0.90447813,-0.1428571428571428,0.2921116181782315,0,model1,2026-06-15 06:49:36
7b9c460a-580e-404a-b04b-56b29c2dcb76,2025-04-04,6,2025-05-16,LMH,0.9,1.2126082,-0.09999999999999998,0.2126082181930542,0,model1,2026-06-15 06:49:36
7b9c460a-580e-404a-b04b-56b29c2dcb76,2025-04-04,7,2025-05-16,TOP,1.0,1.0878532,0.11111111111111116,0.20872577031453443,1,model1,2026-06-15 06:49:36
7b9c460a-580e-404a-b04b-56b29c2dcb76,2025-04-04,8,2025-05-16,PXA,0.9,1.0829942,0.0,0.20332691404554581,0,model1,2026-06-15 06:49:36
7b9c460a-580e-404a-b04b-56b29c2dcb76,2025-04-04,9,2025-05-23,PVH,0.8,1.0548743,-0.11111111111111105,0.1720825566185844,0,model1,2026-06-15 06:49:36
7b9c460a-580e-404a-b04b-56b29c2dcb76,2025-04-04,10,2025-05-16,PVR,1.0,1.2635971,-0.09090909090909094,0.1487246643413196,0,model1,2026-06-15 06:49:36
7b9c460a-580e-404a-b04b-56b29c2dcb76,2025-04-08,1,2025-04-15,HHG,1.3,1.3786153,0.08333333333333348,0.1488460501035056,1,model1,2026-06-15 06:49:36
7b9c460a-580e-404a-b04b-56b29c2dcb76,2025-04-08,2,2025-04-15,MCG,1.7,1.7099237,0.1333333333333333,0.1399491628011067,1,model1,2026-06-15 06:49:36
7b9c460a-580e-404a-b04b-56b29c2dcb76,2025-04-08,3,2025-04-15,VE9,1.6,1.7920212,0.0,0.12001322209835052,0,model1,2026-06-15 06:49:36
7b9c460a-580e-404a-b04b-56b29c2dcb76,2025-04-08,4,2025-04-15,VEF,117.14,118.63671,0.10062952175138573,0.11469239049709157,1,model1,2026-06-15 06:49:36
7b9c460a-580e-404a-b04b-56b29c2dcb76,2025-04-08,5,2025-04-15,DTI,2.1,1.9980538,0.16666666666666674,0.11002988285488557,1,model1,2026-06-15 06:49:36
7b9c460a-580e-404a-b04b-56b29c2dcb76,2025-04-08,6,2025-04-15,VJC,83.3,90.96462,0.008474576271186418,0.10126661619320343,1,model1,2026-06-15 06:49:36
7b9c460a-580e-404a-b04b-56b29c2dcb76,2025-04-08,7,2025-04-15,EIN,2.0,1.9717702,0.11111111111111116,0.09542787075042725,1,model1,2026-06-15 06:49:36
7b9c460a-580e-404a-b04b-56b29c2dcb76,2025-04-08,8,2025-04-15,DLG,2.07,1.9986427,0.12499999999999978,0.08621884947237746,1,model1,2026-06-15 06:49:36
7b9c460a-580e-404a-b04b-56b29c2dcb76,2025-04-08,9,2025-04-15,TDS,8.2,7.521129,0.17142857142857126,0.07444701875959114,1,model1,2026-06-15 06:49:36
7b9c460a-580e-404a-b04b-56b29c2dcb76,2025-04-08,10,2025-04-15,KSQ,2.7,2.6799476,0.08000000000000007,0.07197904586791992,1,model1,2026-06-15 06:49:36
7b9c460a-580e-404a-b04b-56b29c2dcb76,2025-04-09,1,2025-04-16,VE9,1.6,1.5926517,0.14285714285714302,0.1376083748681205,1,model1,2026-06-15 06:49:36
7b9c460a-580e-404a-b04b-56b29c2dcb76,2025-04-09,2,2025-04-16,EIN,2.0,1.8836365,0.17647058823529416,0.1080214556525736,1,model1,2026-06-15 06:49:36
7b9c460a-580e-404a-b04b-56b29c2dcb76,2025-04-09,3,2025-04-16,HHG,1.4,1.4235871,0.07692307692307687,0.0950669875511756,1,model1,2026-06-15 06:49:36
7b9c460a-580e-404a-b04b-56b29c2dcb76,2025-04-09,4,2025-04-16,MCG,1.6,1.6337646,0.06666666666666665,0.08917641639709473,1,model1,2026-06-15 06:49:36
7b9c460a-580e-404a-b04b-56b29c2dcb76,2025-04-09,5,2025-04-16,PTL,2.2,2.1780703,0.10000000000000009,0.08903515338897705,1,model1,2026-06-15 06:49:36
7b9c460a-580e-404a-b04b-56b29c2dcb76,2025-04-09,6,2025-05-16,SD4,2.0,2.3786414,-0.09090909090909094,0.08120062134482642,0,model1,2026-06-15 06:49:36
7b9c460a-580e-404a-b04b-56b29c2dcb76,2025-04-09,7,2025-04-16,DTI,2.0,1.9286422,0.11111111111111116,0.07146786318884946,1,model1,2026-06-15 06:49:36
7b9c460a-580e-404a-b04b-56b29c2dcb76,2025-04-09,8,2025-04-16,PV2,2.4,2.346407,0.09090909090909083,0.0665486075661399,1,model1,2026-06-15 06:49:36
7b9c460a-580e-404a-b04b-56b29c2dcb76,2025-04-09,9,2025-04-16,VEF,117.81,112.71,0.11393721633888054,0.06571481736452967,1,model1,2026-06-15 06:49:36
7b9c460a-580e-404a-b04b-56b29c2dcb76,2025-04-09,10,2025-04-16,DLG,2.05,1.8911438,0.14525139664804465,0.05650491554643855,1,model1,2026-06-15 06:49:36
7b9c460a-580e-404a-b04b-56b29c2dcb76,2025-04-10,1,2025-04-17,VEF,117.41,134.52585,-0.0033952975129446505,0.1418881961520404,0,model1,2026-06-15 06:49:36
7b9c460a-580e-404a-b04b-56b29c2dcb76,2025-04-10,2,2025-04-17,VJC,88.0,95.2285,0.04018912529550844,0.1256323920355904,1,model1,2026-06-15 06:49:36
7b9c460a-580e-404a-b04b-56b29c2dcb76,2025-04-10,3,2025-04-25,NDC,118.89,141.8204,-0.061493526997158265,0.11951692495053967,0,model1,2026-06-15 06:49:36
7b9c460a-580e-404a-b04b-56b29c2dcb76,2025-04-10,4,2025-04-17,HHG,1.4,1.5446717,0.0,0.1033368962151664,0,model1,2026-06-15 06:49:36
7b9c460a-580e-404a-b04b-56b29c2dcb76,2025-04-10,5,2025-04-17,VE9,1.5,1.7341177,-0.0625,0.08382359147071838,0,model1,2026-06-15 06:49:36
7b9c460a-580e-404a-b04b-56b29c2dcb76,2025-04-10,6,2025-04-17,MCG,1.6,1.831529,-0.05882352941176461,0.07737001250771924,0,model1,2026-06-15 06:49:36
7b9c460a-580e-404a-b04b-56b29c2dcb76,2025-04-10,7,2025-04-17,DLG,2.06,2.0436313,0.0785340314136127,0.06996403938812734,1,model1,2026-06-15 06:49:36
7b9c460a-580e-404a-b04b-56b29c2dcb76,2025-04-10,8,2025-04-17,EIN,1.9,2.02354,0.0,0.06502106315211242,0,model1,2026-06-15 06:49:36
7b9c460a-580e-404a-b04b-56b29c2dcb76,2025-04-10,9,2025-04-17,TTF,2.51,2.639368,0.0040000000000000036,0.05574722290039058,1,model1,2026-06-15 06:49:36
7b9c460a-580e-404a-b04b-56b29c2dcb76,2025-04-10,10,2025-04-17,PTL,2.27,2.2449589,0.06074766355140171,0.04904620446891417,1,model1,2026-06-15 06:49:36
7b9c460a-580e-404a-b04b-56b29c2dcb76,2025-04-11,1,2025-05-23,PXM,0.5,0.80638754,0.0,0.6127750873565674,0,model1,2026-06-15 06:49:36
7b9c460a-580e-404a-b04b-56b29c2dcb76,2025-04-11,2,2025-05-23,G20,0.6,0.80638754,0.0,0.34397923946380615,0,model1,2026-06-15 06:49:36
7b9c460a-580e-404a-b04b-56b29c2dcb76,2025-04-11,3,2025-05-23,ACM,0.7,0.90447813,0.0,0.2921116181782315,0,model1,2026-06-15 06:49:36
7b9c460a-580e-404a-b04b-56b29c2dcb76,2025-04-11,4,2025-05-23,FTM,0.7,0.90447813,0.0,0.2921116181782315,0,model1,2026-06-15 06:49:36
7b9c460a-580e-404a-b04b-56b29c2dcb76,2025-04-11,5,2025-05-23,LMH,0.9,1.0878532,0.0,0.20872577031453443,0,model1,2026-06-15 06:49:36
7b9c460a-580e-404a-b04b-56b29c2dcb76,2025-04-11,6,2025-05-23,TOP,1.0,1.0829942,0.11111111111111116,0.20332691404554581,1,model1,2026-06-15 06:49:36
7b9c460a-580e-404a-b04b-56b29c2dcb76,2025-04-11,7,2025-04-18,VEF,123.17,138.47498,0.033738984473352884,0.16219031125419625,1,model1,2026-06-15 06:49:36
7b9c460a-580e-404a-b04b-56b29c2dcb76,2025-04-11,8,2025-05-23,PXA,0.9,1.1478881,-0.09999999999999998,0.14788806438446045,0,model1,2026-06-15 06:49:36
7b9c460a-580e-404a-b04b-56b29c2dcb76,2025-04-11,9,2025-05-23,L61,1.4,1.3727716,0.16666666666666674,0.1439763506253562,1,model1,2026-06-15 06:49:36
7b9c460a-580e-404a-b04b-56b29c2dcb76,2025-04-11,10,2025-04-18,VJC,86.5,96.02951,0.012880562060889833,0.12446733604270332,1,model1,2026-06-15 06:49:36
7b9c460a-580e-404a-b04b-56b29c2dcb76,2025-04-14,1,2025-04-21,VEF,138.36,136.95145,0.1547320981472211,0.1429765192221928,1,model1,2026-06-15 06:49:36
7b9c460a-580e-404a-b04b-56b29c2dcb76,2025-04-14,2,2025-04-21,VJC,84.0,95.66827,-0.01754385964912286,0.11892709118580957,0,model1,2026-06-15 06:49:36
7b9c460a-580e-404a-b04b-56b29c2dcb76,2025-04-14,3,2025-04-21,HHG,1.3,1.5518659,-0.07142857142857129,0.10847566808973053,0,model1,2026-06-15 06:49:36
7b9c460a-580e-404a-b04b-56b29c2dcb76,2025-04-14,4,2025-04-21,VE9,1.6,1.7692183,0.0,0.10576145350933075,0,model1,2026-06-15 06:49:36
7b9c460a-580e-404a-b04b-56b29c2dcb76,2025-04-14,5,2025-04-21,MCG,1.7,1.8392208,0.0,0.08189456603106327,0,model1,2026-06-15 06:49:36
7b9c460a-580e-404a-b04b-56b29c2dcb76,2025-04-14,6,2025-04-21,VE8,2.9,3.5164313,-0.12121212121212122,0.06558525201046117,0,model1,2026-06-15 06:49:36
7b9c460a-580e-404a-b04b-56b29c2dcb76,2025-04-14,7,2025-04-21,GPC,2.7,2.751055,0.03846153846153855,0.05809807777404785,1,model1,2026-06-15 06:49:36
7b9c460a-580e-404a-b04b-56b29c2dcb76,2025-04-14,8,2025-04-21,BHP,6.41,6.3197007,0.06655574043261248,0.05153090148519568,1,model1,2026-06-15 06:49:36
7b9c460a-580e-404a-b04b-56b29c2dcb76,2025-04-14,9,2025-04-24,SD2,4.4,4.2055497,0.10000000000000009,0.05138742923736572,1,model1,2026-06-15 06:49:36
7b9c460a-580e-404a-b04b-56b29c2dcb76,2025-04-14,10,2025-04-21,CTR,80.66,89.28523,-0.0506120527306968,0.05090904595039225,0,model1,2026-06-15 06:49:36
7b9c460a-580e-404a-b04b-56b29c2dcb76,2025-04-15,1,2025-04-22,VJC,83.5,95.44702,0.0024009603841537164,0.14582258684723892,1,model1,2026-06-15 06:49:36
7b9c460a-580e-404a-b04b-56b29c2dcb76,2025-04-15,2,2025-04-22,HHG,1.4,1.472071,0.07692307692307687,0.13236234738276553,1,model1,2026-06-15 06:49:36
7b9c460a-580e-404a-b04b-56b29c2dcb76,2025-04-15,3,2025-04-22,VE9,1.5,1.7692183,-0.0625,0.10576145350933075,0,model1,2026-06-15 06:49:36
7b9c460a-580e-404a-b04b-56b29c2dcb76,2025-04-15,4,2025-04-22,DRH,1.79,2.1145425,-0.07731958762886593,0.08997035272342635,0,model1,2026-06-15 06:49:36
7b9c460a-580e-404a-b04b-56b29c2dcb76,2025-04-15,5,2025-04-22,FRT,127.82,127.91096,0.07610708873547734,0.0768728517968158,1,model1,2026-06-15 06:49:36
7b9c460a-580e-404a-b04b-56b29c2dcb76,2025-04-15,6,2025-04-22,MCG,1.6,1.8204765,-0.05882352941176461,0.07086854822495403,0,model1,2026-06-15 06:49:36
7b9c460a-580e-404a-b04b-56b29c2dcb76,2025-04-15,7,2025-04-22,VE8,3.1,3.1898594,0.03333333333333344,0.06328646341959643,1,model1,2026-06-15 06:49:36
7b9c460a-580e-404a-b04b-56b29c2dcb76,2025-04-15,8,2025-04-22,PV2,2.5,2.4337409,0.0869565217391306,0.05814819750578515,1,model1,2026-06-15 06:49:36
7b9c460a-580e-404a-b04b-56b29c2dcb76,2025-04-15,9,2025-04-22,EIN,1.9,2.11572,-0.050000000000000044,0.05786001682281494,0,model1,2026-06-15 06:49:36
7b9c460a-580e-404a-b04b-56b29c2dcb76,2025-04-15,10,2025-04-22,TTF,2.38,2.6363335,-0.05555555555555558,0.04616407364133801,0,model1,2026-06-15 06:49:36
7b9c460a-580e-404a-b04b-56b29c2dcb76,2025-04-16,1,2025-04-24,VEF,140.24,139.1475,0.190391308038367,0.1811179586950784,1,model1,2026-06-15 06:49:36
7b9c460a-580e-404a-b04b-56b29c2dcb76,2025-04-16,2,2025-04-23,VJC,85.7,95.899086,0.003512880562060783,0.12294011707886598,1,model1,2026-06-15 06:49:36
7b9c460a-580e-404a-b04b-56b29c2dcb76,2025-04-16,3,2025-04-23,MCG,1.8,1.7722651,0.125,0.10766567289829254,1,model1,2026-06-15 06:49:36
7b9c460a-580e-404a-b04b-56b29c2dcb76,2025-04-16,4,2025-04-23,FRT,134.38,127.91096,0.15864804276599398,0.10287081683415922,1,model1,2026-06-15 06:49:36
7b9c460a-580e-404a-b04b-56b29c2dcb76,2025-04-16,5,2025-04-23,DRH,1.8,2.1145425,-0.07216494845360821,0.08997035272342635,0,model1,2026-06-15 06:49:36
7b9c460a-580e-404a-b04b-56b29c2dcb76,2025-04-16,6,2025-04-23,VE9,1.5,1.7341177,-0.0625,0.08382359147071838,0,model1,2026-06-15 06:49:36
7b9c460a-580e-404a-b04b-56b29c2dcb76,2025-04-16,7,2025-04-23,HHG,1.4,1.5139729,0.0,0.08140919889722564,0,model1,2026-06-15 06:49:36
7b9c460a-580e-404a-b04b-56b29c2dcb76,2025-04-16,8,2025-04-23,DTI,2.0,2.152083,0.0,0.07604146003723145,0,model1,2026-06-15 06:49:36
7b9c460a-580e-404a-b04b-56b29c2dcb76,2025-04-16,9,2025-04-23,VE8,3.2,2.8956685,0.18518518518518512,0.07246981726752377,1,model1,2026-06-15 06:49:36
7b9c460a-580e-404a-b04b-56b29c2dcb76,2025-04-16,10,2025-04-23,DGC,87.0,89.78835,0.03657810079828416,0.06980046427151887,1,model1,2026-06-15 06:49:36
7b9c460a-580e-404a-b04b-56b29c2dcb76,2025-04-17,1,2025-04-24,FRT,134.46,130.04697,0.17555516698723572,0.13697295464884052,1,model1,2026-06-15 06:49:36
7b9c460a-580e-404a-b04b-56b29c2dcb76,2025-04-17,2,2025-04-24,VE9,1.5,1.6640838,0.0,0.10938922564188647,0,model1,2026-06-15 06:49:36
7b9c460a-580e-404a-b04b-56b29c2dcb76,2025-04-17,3,2025-04-24,MCG,1.8,1.7722651,0.125,0.10766567289829254,1,model1,2026-06-15 06:49:36
7b9c460a-580e-404a-b04b-56b29c2dcb76,2025-04-17,4,2025-04-24,VJC,85.7,96.66569,-0.026136363636363624,0.09847372228449047,0,model1,2026-06-15 06:49:36
7b9c460a-580e-404a-b04b-56b29c2dcb76,2025-04-17,5,2025-04-24,HHG,1.3,1.5139729,-0.07142857142857129,0.08140919889722564,0,model1,2026-06-15 06:49:36
7b9c460a-580e-404a-b04b-56b29c2dcb76,2025-04-17,6,2025-04-24,VE8,2.9,2.6929033,0.15999999999999992,0.07716131210327148,1,model1,2026-06-15 06:49:36
7b9c460a-580e-404a-b04b-56b29c2dcb76,2025-04-17,7,2025-04-24,EIN,2.0,2.0457165,0.05263157894736836,0.07669290743376078,1,model1,2026-06-15 06:49:36
7b9c460a-580e-404a-b04b-56b29c2dcb76,2025-04-17,8,2025-04-24,DGC,87.76,89.824936,0.0503889886295632,0.07510396065931713,1,model1,2026-06-15 06:49:36
7b9c460a-580e-404a-b04b-56b29c2dcb76,2025-04-17,9,2025-04-24,DTI,1.9,2.1378965,-0.050000000000000044,0.06894826889038086,0,model1,2026-06-15 06:49:36
7b9c460a-580e-404a-b04b-56b29c2dcb76,2025-04-17,10,2025-04-24,DRH,1.77,2.0457165,-0.08762886597938135,0.05449305367223989,0,model1,2026-06-15 06:49:36
7b9c460a-580e-404a-b04b-56b29c2dcb76,2025-04-18,1,2025-05-30,PXM,0.6,0.80638754,0.19999999999999996,0.6127750873565674,1,model1,2026-06-15 06:49:36
7b9c460a-580e-404a-b04b-56b29c2dcb76,2025-04-18,2,2025-05-30,ACM,0.6,0.84226936,0.0,0.40378226836522435,0,model1,2026-06-15 06:49:36
7b9c460a-580e-404a-b04b-56b29c2dcb76,2025-04-18,3,2025-05-30,FTM,0.6,0.9623713,-0.1428571428571428,0.37481612818581733,0,model1,2026-06-15 06:49:36
7b9c460a-580e-404a-b04b-56b29c2dcb76,2025-04-18,4,2025-05-30,VKC,0.6,0.9455697,-0.1428571428571428,0.3508138486317227,0,model1,2026-06-15 06:49:36
7b9c460a-580e-404a-b04b-56b29c2dcb76,2025-04-18,5,2025-05-30,G20,0.5,0.80638754,-0.16666666666666663,0.34397923946380615,0,model1,2026-06-15 06:49:36
7b9c460a-580e-404a-b04b-56b29c2dcb76,2025-04-18,6,2025-05-30,MPT,0.7,0.92192185,0.0,0.3170312132154194,0,model1,2026-06-15 06:49:36
7b9c460a-580e-404a-b04b-56b29c2dcb76,2025-04-18,7,2025-05-30,PVR,1.1,1.2126082,0.10000000000000009,0.2126082181930542,1,model1,2026-06-15 06:49:36
7b9c460a-580e-404a-b04b-56b29c2dcb76,2025-04-18,8,2025-05-30,LMH,0.9,1.0829942,0.0,0.20332691404554581,0,model1,2026-06-15 06:49:36
7b9c460a-580e-404a-b04b-56b29c2dcb76,2025-04-18,9,2025-06-06,PVH,0.8,1.1641743,-0.19999999999999996,0.16417431831359863,0,model1,2026-06-15 06:49:36
7b9c460a-580e-404a-b04b-56b29c2dcb76,2025-04-18,10,2025-05-30,SSN,1.5,1.6219091,0.0714285714285714,0.15850652967180534,1,model1,2026-06-15 06:49:36
7b9c460a-580e-404a-b04b-56b29c2dcb76,2025-04-21,1,2025-04-29,VEF,138.63,161.35721,0.0019514310494361808,0.16621283790078856,1,model1,2026-06-15 06:49:36
7b9c460a-580e-404a-b04b-56b29c2dcb76,2025-04-21,2,2025-04-28,VJC,89.1,95.8161,0.06071428571428572,0.14066786993117564,1,model1,2026-06-15 06:49:36
7b9c460a-580e-404a-b04b-56b29c2dcb76,2025-04-21,3,2025-04-28,HHG,1.3,1.472071,0.0,0.13236234738276553,0,model1,2026-06-15 06:49:36
7b9c460a-580e-404a-b04b-56b29c2dcb76,2025-04-21,4,2025-04-28,VE9,1.6,1.7692183,0.0,0.10576145350933075,0,model1,2026-06-15 06:49:36
7b9c460a-580e-404a-b04b-56b29c2dcb76,2025-04-21,5,2025-04-28,DGC,87.67,89.88137,0.05056920311563817,0.0770685505624158,1,model1,2026-06-15 06:49:36
7b9c460a-580e-404a-b04b-56b29c2dcb76,2025-04-21,6,2025-04-28,FRT,132.7,129.48302,0.09869183639675438,0.07205677237765729,1,model1,2026-06-15 06:49:36
7b9c460a-580e-404a-b04b-56b29c2dcb76,2025-04-21,7,2025-04-28,MCG,1.7,1.8127849,0.0,0.06634406482472133,0,model1,2026-06-15 06:49:36
7b9c460a-580e-404a-b04b-56b29c2dcb76,2025-04-21,8,2025-04-28,KSQ,2.6,2.7561915,0.0,0.06007365080026483,0,model1,2026-06-15 06:49:36
7b9c460a-580e-404a-b04b-56b29c2dcb76,2025-04-21,9,2025-04-28,DLG,2.05,2.1707933,0.0,0.05892355849103237,0,model1,2026-06-15 06:49:36
7b9c460a-580e-404a-b04b-56b29c2dcb76,2025-04-21,10,2025-04-28,DRH,2.02,2.02354,0.05208333333333348,0.053927093744277954,1,model1,2026-06-15 06:49:36
7b9c460a-580e-404a-b04b-56b29c2dcb76,2025-04-22,1,2025-04-29,VE9,1.6,1.6688662,0.06666666666666665,0.11257743835449219,1,model1,2026-06-15 06:49:36
7b9c460a-580e-404a-b04b-56b29c2dcb76,2025-04-22,2,2025-04-29,VJC,86.0,91.14209,0.029940119760478945,0.0915220340568863,1,model1,2026-06-15 06:49:36
7b9c460a-580e-404a-b04b-56b29c2dcb76,2025-04-22,3,2025-04-29,EIN,2.0,2.059903,0.05263157894736836,0.08415942443044577,1,model1,2026-06-15 06:49:36
7b9c460a-580e-404a-b04b-56b29c2dcb76,2025-04-22,4,2025-04-29,MCG,1.7,1.7336371,0.0625,0.08352318406105042,1,model1,2026-06-15 06:49:36
7b9c460a-580e-404a-b04b-56b29c2dcb76,2025-04-22,5,2025-04-29,PTL,2.32,2.333206,0.05454545454545445,0.060548153790560555,1,model1,2026-06-15 06:49:36
7b9c460a-580e-404a-b04b-56b29c2dcb76,2025-04-22,6,2025-04-29,DTI,2.0,2.0099425,0.05263157894736836,0.057864490308259686,1,model1,2026-06-15 06:49:36
7b9c460a-580e-404a-b04b-56b29c2dcb76,2025-04-22,7,2025-04-29,DRH,2.09,1.8911438,0.16759776536312843,0.05650491554643855,1,model1,2026-06-15 06:49:36
7b9c460a-580e-404a-b04b-56b29c2dcb76,2025-04-22,8,2025-04-29,PVO,5.32,5.1759133,0.07910750507099396,0.0498810007896191,1,model1,2026-06-15 06:49:36
7b9c460a-580e-404a-b04b-56b29c2dcb76,2025-04-22,9,2025-04-29,HHG,1.4,1.4654887,0.0,0.046777623040335614,0,model1,2026-06-15 06:49:36
7b9c460a-580e-404a-b04b-56b29c2dcb76,2025-04-22,10,2025-05-05,HAV,3.5,3.452186,0.06060606060606055,0.04611700231378735,1,model1,2026-06-15 06:49:36
7b9c460a-580e-404a-b04b-56b29c2dcb76,2025-04-23,1,2025-05-12,NDC,115.77,137.99632,-0.014052120592744077,0.17523694968349468,0,model1,2026-06-15 06:49:36
7b9c460a-580e-404a-b04b-56b29c2dcb76,2025-04-23,2,2025-05-05,VEF,139.9,166.25105,-0.026985672555292828,0.15628775112286353,0,model1,2026-06-15 06:49:36
7b9c460a-580e-404a-b04b-56b29c2dcb76,2025-04-23,3,2025-05-05,VJC,89.6,96.66569,0.04550758459743287,0.12795434726995514,1,model1,2026-06-15 06:49:36
7b9c460a-580e-404a-b04b-56b29c2dcb76,2025-04-23,4,2025-05-05,VE9,1.8,1.6610371,0.19999999999999996,0.10735805829366041,1,model1,2026-06-15 06:49:36
7b9c460a-580e-404a-b04b-56b29c2dcb76,2025-04-23,5,2025-05-05,HHG,1.4,1.5139729,0.0,0.08140919889722564,0,model1,2026-06-15 06:49:36
7b9c460a-580e-404a-b04b-56b29c2dcb76,2025-04-23,6,2025-05-05,DRH,2.05,1.9242607,0.13888888888888884,0.06903374195098877,1,model1,2026-06-15 06:49:36
7b9c460a-580e-404a-b04b-56b29c2dcb76,2025-04-23,7,2025-05-05,KSQ,2.2,2.7409124,-0.15384615384615385,0.0541970913226788,0,model1,2026-06-15 06:49:36
7b9c460a-580e-404a-b04b-56b29c2dcb76,2025-04-23,8,2025-05-05,DGC,89.87,91.68636,0.03298850574712642,0.05386624391051553,1,model1,2026-06-15 06:49:36
7b9c460a-580e-404a-b04b-56b29c2dcb76,2025-04-23,9,2025-05-05,DLG,2.03,2.1384854,0.0,0.05344109934539043,0,model1,2026-06-15 06:49:36
7b9c460a-580e-404a-b04b-56b29c2dcb76,2025-04-23,10,2025-05-05,BTN,3.1,2.935815,0.1071428571428572,0.04850539139338905,1,model1,2026-06-15 06:49:36
7b9c460a-580e-404a-b04b-56b29c2dcb76,2025-04-24,1,2025-05-13,NDC,115.77,137.48793,0.006783198539003443,0.1956511896499833,1,model1,2026-06-15 06:49:36
7b9c460a-580e-404a-b04b-56b29c2dcb76,2025-04-24,2,2025-05-06,VEF,140.5,165.27032,0.001853964632059224,0.1784820643684486,1,model1,2026-06-15 06:49:36
7b9c460a-580e-404a-b04b-56b29c2dcb76,2025-04-24,3,2025-05-06,VJC,89.0,97.10204,0.03850641773628927,0.13304601110683167,1,model1,2026-06-15 06:49:36
7b9c460a-580e-404a-b04b-56b29c2dcb76,2025-04-24,4,2025-05-06,HHG,1.4,1.4662274,0.07692307692307687,0.1278672401721661,1,model1,2026-06-15 06:49:36
7b9c460a-580e-404a-b04b-56b29c2dcb76,2025-04-24,5,2025-05-06,CTR,87.2,89.11769,0.0455635491606714,0.06855744652325013,1,model1,2026-06-15 06:49:36
7b9c460a-580e-404a-b04b-56b29c2dcb76,2025-04-24,6,2025-05-06,DRH,2.06,1.8758227,0.16384180790960445,0.05978681542779096,1,model1,2026-06-15 06:49:36
7b9c460a-580e-404a-b04b-56b29c2dcb76,2025-04-24,7,2025-05-06,DTI,2.1,2.0099425,0.10526315789473695,0.057864490308259686,1,model1,2026-06-15 06:49:36
7b9c460a-580e-404a-b04b-56b29c2dcb76,2025-04-24,8,2025-05-06,DLG,2.05,2.1384854,0.009852216748768461,0.05344109934539043,1,model1,2026-06-15 06:49:36
7b9c460a-580e-404a-b04b-56b29c2dcb76,2025-04-24,9,2025-05-06,DGC,89.39,92.38274,0.018573381950774737,0.052674751664251174,1,model1,2026-06-15 06:49:36
7b9c460a-580e-404a-b04b-56b29c2dcb76,2025-04-24,10,2025-05-06,MCG,1.7,1.8876587,-0.05555555555555558,0.048699286248948814,0,model1,2026-06-15 06:49:36
7b9c460a-580e-404a-b04b-56b29c2dcb76,2025-04-25,1,2025-06-06,G20,0.5,0.80638754,0.0,0.6127750873565674,0,model1,2026-06-15 06:49:36
7b9c460a-580e-404a-b04b-56b29c2dcb76,2025-04-25,2,2025-06-06,PXM,0.6,0.80638754,0.19999999999999996,0.6127750873565674,1,model1,2026-06-15 06:49:36
7b9c460a-580e-404a-b04b-56b29c2dcb76,2025-04-25,3,2025-06-06,MPT,0.7,0.92192185,0.0,0.3170312132154194,0,model1,2026-06-15 06:49:36
7b9c460a-580e-404a-b04b-56b29c2dcb76,2025-04-25,4,2025-06-06,ACM,0.6,0.90447813,-0.1428571428571428,0.2921116181782315,0,model1,2026-06-15 06:49:36
7b9c460a-580e-404a-b04b-56b29c2dcb76,2025-04-25,5,2025-06-06,FTM,0.6,0.90447813,-0.1428571428571428,0.2921116181782315,0,model1,2026-06-15 06:49:36
7b9c460a-580e-404a-b04b-56b29c2dcb76,2025-04-25,6,2025-06-06,LMH,1.0,1.0829942,0.11111111111111116,0.20332691404554581,1,model1,2026-06-15 06:49:36
7b9c460a-580e-404a-b04b-56b29c2dcb76,2025-04-25,7,2025-06-06,VKC,0.7,0.9623713,-0.1250000000000001,0.20296411216259003,0,model1,2026-06-15 06:49:36
7b9c460a-580e-404a-b04b-56b29c2dcb76,2025-04-25,8,2025-05-14,NDC,116.84,137.0528,-0.01724282950626632,0.15276974859244885,0,model1,2026-06-15 06:49:36
7b9c460a-580e-404a-b04b-56b29c2dcb76,2025-04-25,9,2025-05-07,VEF,140.57,166.40903,-0.02780275261083065,0.15090273946752442,0,model1,2026-06-15 06:49:36
7b9c460a-580e-404a-b04b-56b29c2dcb76,2025-04-25,10,2025-06-06,PVV,1.3,1.3733366,0.08333333333333348,0.14444712797800707,1,model1,2026-06-15 06:49:36
7b9c460a-580e-404a-b04b-56b29c2dcb76,2025-04-28,1,2025-05-08,VEF,144.85,165.92104,0.011169284467713814,0.15826202978430404,1,model1,2026-06-15 06:49:36
7b9c460a-580e-404a-b04b-56b29c2dcb76,2025-04-28,2,2025-05-08,HHG,1.4,1.4662274,0.07692307692307687,0.1278672401721661,1,model1,2026-06-15 06:49:36
7b9c460a-580e-404a-b04b-56b29c2dcb76,2025-04-28,3,2025-05-08,VE9,1.9,1.7692183,0.18749999999999978,0.10576145350933075,1,model1,2026-06-15 06:49:36
7b9c460a-580e-404a-b04b-56b29c2dcb76,2025-04-28,4,2025-05-08,VJC,89.8,98.440094,0.007856341189674598,0.1048270930879982,1,model1,2026-06-15 06:49:36
7b9c460a-580e-404a-b04b-56b29c2dcb76,2025-04-28,5,2025-05-08,CTR,87.2,90.8094,0.05928085519922277,0.10312685211151984,1,model1,2026-06-15 06:49:36
7b9c460a-580e-404a-b04b-56b29c2dcb76,2025-04-28,6,2025-05-08,MCG,1.8,1.8392208,0.05882352941176472,0.08189456603106327,1,model1,2026-06-15 06:49:36
7b9c460a-580e-404a-b04b-56b29c2dcb76,2025-04-28,7,2025-05-08,DTI,2.0,2.024129,0.05263157894736836,0.06533100730494446,1,model1,2026-06-15 06:49:36
7b9c460a-580e-404a-b04b-56b29c2dcb76,2025-04-28,8,2025-05-08,VE8,2.5,2.9621494,-0.1071428571428571,0.05791049344199051,0,model1,2026-06-15 06:49:36
7b9c460a-580e-404a-b04b-56b29c2dcb76,2025-04-28,9,2025-05-08,DLG,2.32,2.1657567,0.13170731707317085,0.05646668410882727,1,model1,2026-06-15 06:49:36
7b9c460a-580e-404a-b04b-56b29c2dcb76,2025-04-28,10,2025-05-08,DGC,88.34,92.38274,0.007642294969772978,0.05375540328566997,1,model1,2026-06-15 06:49:36
7b9c460a-580e-404a-b04b-56b29c2dcb76,2025-04-29,1,2025-05-09,VEF,151.95,160.10077,0.09608309889634281,0.15487823013033797,1,model1,2026-06-15 06:49:36
7b9c460a-580e-404a-b04b-56b29c2dcb76,2025-04-29,2,2025-05-09,VJC,89.5,97.98557,0.04069767441860472,0.13936712575513255,1,model1,2026-06-15 06:49:36
7b9c460a-580e-404a-b04b-56b29c2dcb76,2025-04-29,3,2025-05-09,CTR,91.4,91.84695,0.10373143340176316,0.10912868876112292,1,model1,2026-06-15 06:49:36
7b9c460a-580e-404a-b04b-56b29c2dcb76,2025-04-29,4,2025-05-09,MCG,1.7,1.8392208,0.0,0.08189456603106327,0,model1,2026-06-15 06:49:36
7b9c460a-580e-404a-b04b-56b29c2dcb76,2025-04-29,5,2025-05-09,HHG,1.4,1.5081292,0.0,0.0772351707730976,0,model1,2026-06-15 06:49:36
7b9c460a-580e-404a-b04b-56b29c2dcb76,2025-04-29,6,2025-05-09,DGC,87.86,92.48498,0.007684367473334008,0.060729185940680885,1,model1,2026-06-15 06:49:36
7b9c460a-580e-404a-b04b-56b29c2dcb76,2025-04-29,7,2025-05-09,DLG,2.35,2.1657567,0.14077669902912615,0.05133820505975506,1,model1,2026-06-15 06:49:36
7b9c460a-580e-404a-b04b-56b29c2dcb76,2025-04-29,8,2025-05-09,DTI,2.0,2.1021225,0.0,0.051061272621154785,0,model1,2026-06-15 06:49:36
7b9c460a-580e-404a-b04b-56b29c2dcb76,2025-04-29,9,2025-05-09,EIN,2.0,2.1021225,0.0,0.051061272621154785,0,model1,2026-06-15 06:49:36
7b9c460a-580e-404a-b04b-56b29c2dcb76,2025-04-29,10,2025-05-13,BTN,2.8,2.935815,0.0,0.04850539139338905,0,model1,2026-06-15 06:49:36
7b9c460a-580e-404a-b04b-56b29c2dcb76,2025-05-05,1,2025-05-12,VEF,162.26,160.10077,0.1598284488920656,0.14439434626853997,1,model1,2026-06-15 06:49:36
7b9c460a-580e-404a-b04b-56b29c2dcb76,2025-05-05,2,2025-05-12,CTR,91.11,93.27656,0.07491741387446904,0.10047850309536654,1,model1,2026-06-15 06:49:36
7b9c460a-580e-404a-b04b-56b29c2dcb76,2025-05-05,3,2025-05-12,VJC,90.4,98.56041,0.008928571428571619,0.10000457082475944,1,model1,2026-06-15 06:49:36
7b9c460a-580e-404a-b04b-56b29c2dcb76,2025-05-05,4,2025-05-12,MCG,1.7,1.8392208,0.0,0.08189456603106327,0,model1,2026-06-15 06:49:36
7b9c460a-580e-404a-b04b-56b29c2dcb76,2025-05-05,5,2025-05-12,HHG,1.4,1.5081292,0.0,0.0772351707730976,0,model1,2026-06-15 06:49:36
7b9c460a-580e-404a-b04b-56b29c2dcb76,2025-05-05,6,2025-05-12,DLG,2.3,2.1657567,0.13300492610837433,0.0668752228685201,1,model1,2026-06-15 06:49:36
7b9c460a-580e-404a-b04b-56b29c2dcb76,2025-05-05,7,2025-05-13,PEG,4.3,3.9085906,0.16216216216216206,0.05637582572730815,1,model1,2026-06-15 06:49:36
7b9c460a-580e-404a-b04b-56b29c2dcb76,2025-05-05,8,2025-05-12,PV2,2.5,2.5185058,0.04166666666666674,0.04937742153803515,1,model1,2026-06-15 06:49:36
7b9c460a-580e-404a-b04b-56b29c2dcb76,2025-05-05,9,2025-05-12,VE8,2.3,2.8329096,-0.14814814814814825,0.04922577186867039,0,model1,2026-06-15 06:49:36
7b9c460a-580e-404a-b04b-56b29c2dcb76,2025-05-05,10,2025-05-12,HID,2.63,2.7561915,0.0,0.04798155592421627,0,model1,2026-06-15 06:49:36
7b9c460a-580e-404a-b04b-56b29c2dcb76,2025-05-06,1,2025-05-13,VEF,160.59,161.35399,0.14298932384341634,0.14842696546235534,1,model1,2026-06-15 06:49:36
7b9c460a-580e-404a-b04b-56b29c2dcb76,2025-05-06,2,2025-05-13,VJC,90.5,99.09825,0.016853932584269593,0.11346349823340951,1,model1,2026-06-15 06:49:36
7b9c460a-580e-404a-b04b-56b29c2dcb76,2025-05-06,3,2025-05-13,MCG,1.8,1.8392208,0.05882352941176472,0.08189456603106327,1,model1,2026-06-15 06:49:36
7b9c460a-580e-404a-b04b-56b29c2dcb76,2025-05-06,4,2025-05-13,KSQ,1.8,2.1633449,-0.09999999999999998,0.08167243003845215,0,model1,2026-06-15 06:49:36
7b9c460a-580e-404a-b04b-56b29c2dcb76,2025-05-06,5,2025-05-13,HHG,1.4,1.5081292,0.0,0.0772351707730976,0,model1,2026-06-15 06:49:36
7b9c460a-580e-404a-b04b-56b29c2dcb76,2025-05-06,6,2025-05-13,CTR,91.21,93.84653,0.045986238532109924,0.07622164105056628,1,model1,2026-06-15 06:49:36
7b9c460a-580e-404a-b04b-56b29c2dcb76,2025-05-06,7,2025-05-13,VE8,2.5,2.6557753,0.0,0.06231012344360343,0,model1,2026-06-15 06:49:36
7b9c460a-580e-404a-b04b-56b29c2dcb76,2025-05-06,8,2025-05-13,DLG,2.29,2.1657567,0.11707317073170742,0.05646668410882727,1,model1,2026-06-15 06:49:36
7b9c460a-580e-404a-b04b-56b29c2dcb76,2025-05-06,9,2025-05-13,DGC,87.76,94.29052,-0.01823470186821785,0.05482178895128609,0,model1,2026-06-15 06:49:36
7b9c460a-580e-404a-b04b-56b29c2dcb76,2025-05-06,10,2025-05-13,PV2,2.5,2.6363335,0.0,0.05453338623046866,0,model1,2026-06-15 06:49:36
7b9c460a-580e-404a-b04b-56b29c2dcb76,2025-05-07,1,2025-05-14,KSQ,1.7,2.0190046,-0.05555555555555558,0.12166921297709155,0,model1,2026-06-15 06:49:36
7b9c460a-580e-404a-b04b-56b29c2dcb76,2025-05-07,2,2025-05-14,VEF,156.37,157.52501,0.11239951625524669,0.12061612830101343,1,model1,2026-06-15 06:49:36
7b9c460a-580e-404a-b04b-56b29c2dcb76,2025-05-07,3,2025-05-14,VJC,93.0,99.21857,0.046119235095613,0.11606936889236485,1,model1,2026-06-15 06:49:36
7b9c460a-580e-404a-b04b-56b29c2dcb76,2025-05-07,4,2025-05-14,HHG,1.3,1.5081292,-0.07142857142857129,0.0772351707730976,0,model1,2026-06-15 06:49:36
7b9c460a-580e-404a-b04b-56b29c2dcb76,2025-05-07,5,2025-05-14,DTI,2.0,2.1384854,0.0,0.06924271583557129,0,model1,2026-06-15 06:49:36
7b9c460a-580e-404a-b04b-56b29c2dcb76,2025-05-07,6,2025-05-14,DRH,2.24,2.1657567,0.10344827586206917,0.0668752228685201,1,model1,2026-06-15 06:49:36
7b9c460a-580e-404a-b04b-56b29c2dcb76,2025-05-07,7,2025-05-14,MCG,1.7,1.8127849,0.0,0.06634406482472133,0,model1,2026-06-15 06:49:36
7b9c460a-580e-404a-b04b-56b29c2dcb76,2025-05-07,8,2025-05-14,DGC,89.87,93.808334,0.018472348141432615,0.06310442373737479,1,model1,2026-06-15 06:49:36
7b9c460a-580e-404a-b04b-56b29c2dcb76,2025-05-07,9,2025-05-14,GPC,2.9,2.7621012,0.11538461538461542,0.06234660515418411,1,model1,2026-06-15 06:49:36
7b9c460a-580e-404a-b04b-56b29c2dcb76,2025-05-07,10,2025-05-14,EIN,2.0,2.124299,0.0,0.0621495246887207,0,model1,2026-06-15 06:49:36
7b9c460a-580e-404a-b04b-56b29c2dcb76,2025-05-08,1,2025-05-15,NDC,114.99,128.48785,0.0172505307855626,0.13665829798218554,1,model1,2026-06-15 06:49:36
7b9c460a-580e-404a-b04b-56b29c2dcb76,2025-05-08,2,2025-05-15,KSQ,1.7,1.8946897,0.0,0.1145233406740076,0,model1,2026-06-15 06:49:36
7b9c460a-580e-404a-b04b-56b29c2dcb76,2025-05-08,3,2025-05-15,VJC,91.0,99.75934,0.013363028953229383,0.1109057725936109,1,model1,2026-06-15 06:49:36
7b9c460a-580e-404a-b04b-56b29c2dcb76,2025-05-08,4,2025-05-15,VEF,153.29,160.74016,0.05826717293752148,0.10970078067693945,1,model1,2026-06-15 06:49:36
7b9c460a-580e-404a-b04b-56b29c2dcb76,2025-05-08,5,2025-05-15,HHG,1.4,1.5081292,0.0,0.0772351707730976,0,model1,2026-06-15 06:49:36
7b9c460a-580e-404a-b04b-56b29c2dcb76,2025-05-08,6,2025-05-15,DTI,2.1,2.1384854,0.050000000000000044,0.06924271583557129,1,model1,2026-06-15 06:49:36
7b9c460a-580e-404a-b04b-56b29c2dcb76,2025-05-08,7,2025-05-15,EIN,2.2,2.1384854,0.10000000000000009,0.06924271583557129,1,model1,2026-06-15 06:49:36
7b9c460a-580e-404a-b04b-56b29c2dcb76,2025-05-08,8,2025-05-15,DGC,89.58,94.334755,0.014036676477247045,0.06786002879610198,1,model1,2026-06-15 06:49:36
7b9c460a-580e-404a-b04b-56b29c2dcb76,2025-05-08,9,2025-05-15,SSH,88.1,94.73993,-0.007882882882882969,0.06689109458579678,0,model1,2026-06-15 06:49:36
7b9c460a-580e-404a-b04b-56b29c2dcb76,2025-05-08,10,2025-05-15,GPC,3.0,2.7621012,0.15384615384615374,0.06234660515418411,1,model1,2026-06-15 06:49:36
7b9c460a-580e-404a-b04b-56b29c2dcb76,2025-05-09,1,2025-06-13,PXM,0.6,0.80638754,0.19999999999999996,0.6127750873565674,1,model1,2026-06-15 06:49:36
7b9c460a-580e-404a-b04b-56b29c2dcb76,2025-05-09,2,2025-06-13,VKC,0.6,0.9623713,-0.1428571428571428,0.37481612818581733,0,model1,2026-06-15 06:49:36
7b9c460a-580e-404a-b04b-56b29c2dcb76,2025-05-09,3,2025-06-13,FTM,0.6,0.9455697,-0.1428571428571428,0.3508138486317227,0,model1,2026-06-15 06:49:36
7b9c460a-580e-404a-b04b-56b29c2dcb76,2025-05-09,4,2025-06-13,G20,0.5,0.80638754,-0.16666666666666663,0.34397923946380615,0,model1,2026-06-15 06:49:36
7b9c460a-580e-404a-b04b-56b29c2dcb76,2025-05-09,5,2025-06-13,ACM,0.6,0.90447813,-0.1428571428571428,0.2921116181782315,0,model1,2026-06-15 06:49:36
7b9c460a-580e-404a-b04b-56b29c2dcb76,2025-05-09,6,2025-06-13,PXA,0.8,1.2126082,-0.19999999999999996,0.2126082181930542,0,model1,2026-06-15 06:49:36
7b9c460a-580e-404a-b04b-56b29c2dcb76,2025-05-09,7,2025-05-19,NDC,114.99,139.69133,-0.0033801352054082523,0.21070662121732275,0,model1,2026-06-15 06:49:36
7b9c460a-580e-404a-b04b-56b29c2dcb76,2025-05-09,8,2025-06-13,LMH,0.9,1.0829942,0.0,0.20332691404554581,0,model1,2026-06-15 06:49:36
7b9c460a-580e-404a-b04b-56b29c2dcb76,2025-05-09,9,2025-06-13,PVH,0.8,1.0829942,-0.11111111111111105,0.20332691404554581,0,model1,2026-06-15 06:49:36
7b9c460a-580e-404a-b04b-56b29c2dcb76,2025-05-09,10,2025-06-13,MPT,0.7,0.9623713,-0.1250000000000001,0.20296411216259003,0,model1,2026-06-15 06:49:36
7b9c460a-580e-404a-b04b-56b29c2dcb76,2025-05-12,1,2025-05-20,NDC,114.99,137.0528,-0.006737496760818917,0.18383687838089524,0,model1,2026-06-15 06:49:36
7b9c460a-580e-404a-b04b-56b29c2dcb76,2025-05-12,2,2025-05-19,FRT,134.38,160.27142,-0.02665507750253515,0.16088239417531325,0,model1,2026-06-15 06:49:36
7b9c460a-580e-404a-b04b-56b29c2dcb76,2025-05-12,3,2025-05-19,VEF,153.96,182.93542,-0.05115247134229006,0.12742157527848819,0,model1,2026-06-15 06:49:36
7b9c460a-580e-404a-b04b-56b29c2dcb76,2025-05-12,4,2025-05-19,VJC,88.0,99.61222,-0.026548672566371723,0.10190509694867433,0,model1,2026-06-15 06:49:36
7b9c460a-580e-404a-b04b-56b29c2dcb76,2025-05-12,5,2025-05-19,AGX,158.0,166.9359,0.02564102564102555,0.08364750293507583,1,model1,2026-06-15 06:49:36
7b9c460a-580e-404a-b04b-56b29c2dcb76,2025-05-12,6,2025-05-19,HHG,1.4,1.5081292,0.0,0.0772351707730976,0,model1,2026-06-15 06:49:36
7b9c460a-580e-404a-b04b-56b29c2dcb76,2025-05-12,7,2025-05-19,SSH,88.5,93.99298,0.012585812356979309,0.07543456472575794,1,model1,2026-06-15 06:49:36
7b9c460a-580e-404a-b04b-56b29c2dcb76,2025-05-12,8,2025-05-19,EIN,2.1,2.1384854,0.050000000000000044,0.06924271583557129,1,model1,2026-06-15 06:49:36
7b9c460a-580e-404a-b04b-56b29c2dcb76,2025-05-12,9,2025-05-19,MCG,1.7,1.8127849,0.0,0.06634406482472133,0,model1,2026-06-15 06:49:36
7b9c460a-580e-404a-b04b-56b29c2dcb76,2025-05-12,10,2025-05-19,DGC,85.75,93.53908,-0.025014212620807275,0.06354835427844296,0,model1,2026-06-15 06:49:36
7b9c460a-580e-404a-b04b-56b29c2dcb76,2025-05-13,1,2025-05-20,VEF,157.91,186.731,-0.016688461298960178,0.16278101256377853,0,model1,2026-06-15 06:49:36
7b9c460a-580e-404a-b04b-56b29c2dcb76,2025-05-13,2,2025-05-21,NDC,114.99,128.02318,-0.006737496760818917,0.10584070225953135,0,model1,2026-06-15 06:49:36
7b9c460a-580e-404a-b04b-56b29c2dcb76,2025-05-13,3,2025-05-20,VJC,88.3,99.61222,-0.024309392265193353,0.10068752225591338,0,model1,2026-06-15 06:49:36
7b9c460a-580e-404a-b04b-56b29c2dcb76,2025-05-13,4,2025-05-20,SSH,88.9,94.99649,0.017162471395880896,0.08691636703107108,1,model1,2026-06-15 06:49:36
7b9c460a-580e-404a-b04b-56b29c2dcb76,2025-05-13,5,2025-05-20,HHG,1.4,1.5081292,0.0,0.0772351707730976,0,model1,2026-06-15 06:49:36
7b9c460a-580e-404a-b04b-56b29c2dcb76,2025-05-13,6,2025-05-20,VE9,2.0,2.143522,0.0,0.07176101207733154,0,model1,2026-06-15 06:49:36
7b9c460a-580e-404a-b04b-56b29c2dcb76,2025-05-13,7,2025-05-20,DGC,86.13,93.53908,-0.01857338195077496,0.06585093161792455,0,model1,2026-06-15 06:49:36
7b9c460a-580e-404a-b04b-56b29c2dcb76,2025-05-13,8,2025-05-20,GPC,2.8,2.7561915,0.07692307692307687,0.06007365080026483,1,model1,2026-06-15 06:49:36
7b9c460a-580e-404a-b04b-56b29c2dcb76,2025-05-13,9,2025-05-20,PV2,2.6,2.6363335,0.040000000000000036,0.05453338623046866,1,model1,2026-06-15 06:49:36
7b9c460a-580e-404a-b04b-56b29c2dcb76,2025-05-13,10,2025-05-21,BTN,2.9,2.9447548,0.03571428571428581,0.051698156765529246,1,model1,2026-06-15 06:49:36
7b9c460a-580e-404a-b04b-56b29c2dcb76,2025-05-14,1,2025-05-22,NDC,114.5,136.8038,-0.02002738788086278,0.17086445130293026,0,model1,2026-06-15 06:49:36
7b9c460a-580e-404a-b04b-56b29c2dcb76,2025-05-14,2,2025-05-21,HHG,1.4,1.4662274,0.07692307692307687,0.1278672401721661,1,model1,2026-06-15 06:49:36
7b9c460a-580e-404a-b04b-56b29c2dcb76,2025-05-14,3,2025-05-21,VEF,155.23,173.17882,-0.007290400972053579,0.10749387829521928,0,model1,2026-06-15 06:49:36
7b9c460a-580e-404a-b04b-56b29c2dcb76,2025-05-14,4,2025-05-21,KSQ,1.7,1.8528183,0.0,0.08989308862125167,0,model1,2026-06-15 06:49:36
7b9c460a-580e-404a-b04b-56b29c2dcb76,2025-05-14,5,2025-05-21,SSH,88.8,95.31564,0.009090909090909038,0.08313231034712354,1,model1,2026-06-15 06:49:36
7b9c460a-580e-404a-b04b-56b29c2dcb76,2025-05-14,6,2025-05-21,DTI,2.0,2.143522,0.0,0.07176101207733154,0,model1,2026-06-15 06:49:36
7b9c460a-580e-404a-b04b-56b29c2dcb76,2025-05-14,7,2025-05-21,VJC,88.3,99.61222,-0.05053763440860215,0.07109914800172201,0,model1,2026-06-15 06:49:36
7b9c460a-580e-404a-b04b-56b29c2dcb76,2025-05-14,8,2025-05-21,MCG,1.7,1.8204765,0.0,0.07086854822495403,0,model1,2026-06-15 06:49:36
7b9c460a-580e-404a-b04b-56b29c2dcb76,2025-05-14,9,2025-05-21,EIN,2.2,2.1384854,0.10000000000000009,0.06924271583557129,1,model1,2026-06-15 06:49:36
7b9c460a-580e-404a-b04b-56b29c2dcb76,2025-05-14,10,2025-05-21,VE9,2.0,2.1384854,0.0,0.06924271583557129,0,model1,2026-06-15 06:49:36
7b9c460a-580e-404a-b04b-56b29c2dcb76,2025-05-15,1,2025-05-26,NDC,115.0,135.92581,8.696408383346288e-05,0.18206636896754613,1,model1,2026-06-15 06:49:36
7b9c460a-580e-404a-b04b-56b29c2dcb76,2025-05-15,2,2025-05-22,VEF,153.29,173.51494,0.0,0.13193905900249336,0,model1,2026-06-15 06:49:36
7b9c460a-580e-404a-b04b-56b29c2dcb76,2025-05-15,3,2025-05-22,SSH,88.5,95.98991,0.004540295119182858,0.08955625778700527,1,model1,2026-06-15 06:49:36
7b9c460a-580e-404a-b04b-56b29c2dcb76,2025-05-15,4,2025-05-22,VJC,87.2,99.03967,-0.04175824175824172,0.08834805331387363,0,model1,2026-06-15 06:49:36
7b9c460a-580e-404a-b04b-56b29c2dcb76,2025-05-15,5,2025-05-22,KSQ,1.6,1.834074,-0.05882352941176461,0.07886707081514244,0,model1,2026-06-15 06:49:36
7b9c460a-580e-404a-b04b-56b29c2dcb76,2025-05-15,6,2025-05-22,HHG,1.3,1.5081292,-0.07142857142857129,0.0772351707730976,0,model1,2026-06-15 06:49:36
7b9c460a-580e-404a-b04b-56b29c2dcb76,2025-05-15,7,2025-05-22,VE9,2.0,2.124299,0.0,0.0621495246887207,0,model1,2026-06-15 06:49:36
7b9c460a-580e-404a-b04b-56b29c2dcb76,2025-05-15,8,2025-05-22,DTI,2.1,2.2104106,0.0,0.0525764737810408,0,model1,2026-06-15 06:49:36
7b9c460a-580e-404a-b04b-56b29c2dcb76,2025-05-15,9,2025-05-22,DGC,85.08,93.96705,-0.050234427327528475,0.04897352807568134,0,model1,2026-06-15 06:49:36
7b9c460a-580e-404a-b04b-56b29c2dcb76,2025-05-15,10,2025-05-22,PTL,2.34,2.4722126,-0.008474576271186418,0.04754769195944575,0,model1,2026-06-15 06:49:36
7b9c460a-580e-404a-b04b-56b29c2dcb76,2025-05-16,1,2025-06-20,FTM,0.7,0.8833611,0.16666666666666674,0.47226850191752123,1,model1,2026-06-15 06:49:36
7b9c460a-580e-404a-b04b-56b29c2dcb76,2025-05-16,2,2025-06-20,ACM,0.6,0.8597133,0.0,0.43285552660624194,0,model1,2026-06-15 06:49:36
7b9c460a-580e-404a-b04b-56b29c2dcb76,2025-05-16,3,2025-06-20,VKC,0.8,0.9623713,0.14285714285714302,0.37481612818581733,1,model1,2026-06-15 06:49:36
7b9c460a-580e-404a-b04b-56b29c2dcb76,2025-05-16,4,2025-06-20,G20,0.6,0.80638754,0.0,0.34397923946380615,0,model1,2026-06-15 06:49:36
7b9c460a-580e-404a-b04b-56b29c2dcb76,2025-05-16,5,2025-06-20,PXM,0.6,0.80638754,0.0,0.34397923946380615,0,model1,2026-06-15 06:49:36
7b9c460a-580e-404a-b04b-56b29c2dcb76,2025-05-16,6,2025-06-20,PVH,0.8,1.0878532,-0.11111111111111105,0.20872577031453443,0,model1,2026-06-15 06:49:36
7b9c460a-580e-404a-b04b-56b29c2dcb76,2025-05-16,7,2025-06-20,LMH,0.9,1.0829942,0.0,0.20332691404554581,0,model1,2026-06-15 06:49:36
7b9c460a-580e-404a-b04b-56b29c2dcb76,2025-05-16,8,2025-06-20,MPT,0.7,0.9623713,-0.1250000000000001,0.20296411216259003,0,model1,2026-06-15 06:49:36
7b9c460a-580e-404a-b04b-56b29c2dcb76,2025-05-16,9,2025-06-27,PVR,1.0,1.1641743,0.0,0.16417431831359863,0,model1,2026-06-15 06:49:36
7b9c460a-580e-404a-b04b-56b29c2dcb76,2025-05-16,10,2025-06-20,DVG,1.2,1.3786153,0.0,0.1488460501035056,0,model1,2026-06-15 06:49:36
7b9c460a-580e-404a-b04b-56b29c2dcb76,2025-05-19,1,2025-05-27,NDC,116.0,135.92581,0.008783372467171091,0.18206636896754613,1,model1,2026-06-15 06:49:36
7b9c460a-580e-404a-b04b-56b29c2dcb76,2025-05-19,2,2025-05-26,VJC,87.8,98.305504,-0.002272727272727315,0.11710799824107787,0,model1,2026-06-15 06:49:36
7b9c460a-580e-404a-b04b-56b29c2dcb76,2025-05-19,3,2025-05-26,SSH,88.6,96.672935,0.001129943502824693,0.09234955351231466,1,model1,2026-06-15 06:49:36
7b9c460a-580e-404a-b04b-56b29c2dcb76,2025-05-19,4,2025-05-26,VEF,153.29,167.58759,-0.004351779683034684,0.08851380520407082,0,model1,2026-06-15 06:49:36
7b9c460a-580e-404a-b04b-56b29c2dcb76,2025-05-19,5,2025-05-26,DGC,86.23,92.93156,0.005597667638483905,0.08374993238087636,1,model1,2026-06-15 06:49:36
7b9c460a-580e-404a-b04b-56b29c2dcb76,2025-05-19,6,2025-05-26,MCG,1.6,1.8392208,-0.05882352941176461,0.08189456603106327,0,model1,2026-06-15 06:49:36
7b9c460a-580e-404a-b04b-56b29c2dcb76,2025-05-19,7,2025-05-26,KSQ,1.7,1.834074,0.0,0.07886707081514244,0,model1,2026-06-15 06:49:36
7b9c460a-580e-404a-b04b-56b29c2dcb76,2025-05-19,8,2025-05-26,HHG,1.4,1.5081292,0.0,0.0772351707730976,0,model1,2026-06-15 06:49:36
7b9c460a-580e-404a-b04b-56b29c2dcb76,2025-05-19,9,2025-05-26,EIN,2.0,2.2313614,-0.04761904761904767,0.06255304245721716,0,model1,2026-06-15 06:49:36
7b9c460a-580e-404a-b04b-56b29c2dcb76,2025-05-19,10,2025-05-26,VE9,1.9,2.0099425,0.0,0.057864490308259686,0,model1,2026-06-15 06:49:36
7b9c460a-580e-404a-b04b-56b29c2dcb76,2025-05-20,1,2025-06-02,NDC,112.0,135.92581,-0.026002261066179644,0.18206636896754613,0,model1,2026-06-15 06:49:36
7b9c460a-580e-404a-b04b-56b29c2dcb76,2025-05-20,2,2025-05-27,VJC,88.4,98.305504,0.0011325028312572094,0.11331261432859385,1,model1,2026-06-15 06:49:36
7b9c460a-580e-404a-b04b-56b29c2dcb76,2025-05-20,3,2025-05-27,SSH,88.8,96.672935,-0.0011248593925760053,0.08743459489133665,0,model1,2026-06-15 06:49:36
7b9c460a-580e-404a-b04b-56b29c2dcb76,2025-05-20,4,2025-05-27,DGC,87.95,93.150856,0.021130848717055617,0.08151464086922577,1,model1,2026-06-15 06:49:36
7b9c460a-580e-404a-b04b-56b29c2dcb76,2025-05-20,5,2025-05-27,VEF,153.29,170.63324,-0.02925717180672538,0.08057272969472318,0,model1,2026-06-15 06:49:36
7b9c460a-580e-404a-b04b-56b29c2dcb76,2025-05-20,6,2025-05-27,HHG,1.4,1.5081292,0.0,0.0772351707730976,0,model1,2026-06-15 06:49:36
7b9c460a-580e-404a-b04b-56b29c2dcb76,2025-05-20,7,2025-05-27,DTI,2.0,2.1384854,0.0,0.06924271583557129,0,model1,2026-06-15 06:49:36
7b9c460a-580e-404a-b04b-56b29c2dcb76,2025-05-20,8,2025-06-09,KSQ,2.0,1.8127849,0.17647058823529416,0.06634406482472133,1,model1,2026-06-15 06:49:36
7b9c460a-580e-404a-b04b-56b29c2dcb76,2025-05-20,9,2025-05-27,LG9,6.8,6.1490006,0.17241379310344818,0.060172524945489414,1,model1,2026-06-15 06:49:36
7b9c460a-580e-404a-b04b-56b29c2dcb76,2025-05-20,10,2025-05-27,EIN,2.1,2.2263248,0.0,0.06015466508411227,0,model1,2026-06-15 06:49:36
7b9c460a-580e-404a-b04b-56b29c2dcb76,2025-05-21,1,2025-06-03,NDC,112.0,135.92581,-0.026002261066179644,0.18206636896754613,0,model1,2026-06-15 06:49:36
7b9c460a-580e-404a-b04b-56b29c2dcb76,2025-05-21,2,2025-05-28,VJC,88.0,98.305504,-0.003397508493771184,0.11331261432859385,0,model1,2026-06-15 06:49:36
7b9c460a-580e-404a-b04b-56b29c2dcb76,2025-05-21,3,2025-05-28,SSH,88.5,97.45774,-0.0033783783783783994,0.09749708089742581,0,model1,2026-06-15 06:49:36
7b9c460a-580e-404a-b04b-56b29c2dcb76,2025-05-21,4,2025-05-28,DGC,86.9,92.21925,0.021391631405735856,0.083912241890445,1,model1,2026-06-15 06:49:36
7b9c460a-580e-404a-b04b-56b29c2dcb76,2025-05-21,5,2025-05-28,MCG,1.7,1.8392208,0.0,0.08189456603106327,0,model1,2026-06-15 06:49:36
7b9c460a-580e-404a-b04b-56b29c2dcb76,2025-05-21,6,2025-05-28,HHG,1.4,1.5081292,0.0,0.0772351707730976,0,model1,2026-06-15 06:49:36
7b9c460a-580e-404a-b04b-56b29c2dcb76,2025-05-21,7,2025-05-28,DTI,2.1,2.1384854,0.050000000000000044,0.06924271583557129,1,model1,2026-06-15 06:49:36
7b9c460a-580e-404a-b04b-56b29c2dcb76,2025-05-21,8,2025-05-28,VEF,152.69,165.81253,-0.01636281646588933,0.06817323015897792,0,model1,2026-06-15 06:49:36
7b9c460a-580e-404a-b04b-56b29c2dcb76,2025-05-21,9,2025-06-10,KSQ,1.8,1.8127849,0.05882352941176472,0.06634406482472133,1,model1,2026-06-15 06:49:36
7b9c460a-580e-404a-b04b-56b29c2dcb76,2025-05-21,10,2025-05-28,HAV,3.8,4.3183494,-0.07317073170731703,0.05325594180967763,0,model1,2026-06-15 06:49:36
7b9c460a-580e-404a-b04b-56b29c2dcb76,2025-05-22,1,2025-06-04,NDC,114.0,137.0528,-0.004366812227074246,0.19696764550354806,0,model1,2026-06-15 06:49:36
7b9c460a-580e-404a-b04b-56b29c2dcb76,2025-05-22,2,2025-05-29,HHG,1.4,1.4662274,0.07692307692307687,0.1278672401721661,1,model1,2026-06-15 06:49:36
7b9c460a-580e-404a-b04b-56b29c2dcb76,2025-05-22,3,2025-05-29,VJC,87.5,98.305504,0.0034403669724769603,0.12735669547264727,1,model1,2026-06-15 06:49:36
7b9c460a-580e-404a-b04b-56b29c2dcb76,2025-05-22,4,2025-06-11,KSQ,1.8,1.7722651,0.125,0.10766567289829254,1,model1,2026-06-15 06:49:36
7b9c460a-580e-404a-b04b-56b29c2dcb76,2025-05-22,5,2025-05-29,SSH,88.5,97.24915,0.0,0.09886048742606812,0,model1,2026-06-15 06:49:36
7b9c460a-580e-404a-b04b-56b29c2dcb76,2025-05-22,6,2025-05-29,DGC,85.75,92.149414,0.007874941231781785,0.0830913735601786,1,model1,2026-06-15 06:49:36
7b9c460a-580e-404a-b04b-56b29c2dcb76,2025-05-22,7,2025-05-29,MCG,1.6,1.831529,-0.05882352941176461,0.07737001250771924,0,model1,2026-06-15 06:49:36
7b9c460a-580e-404a-b04b-56b29c2dcb76,2025-05-22,8,2025-05-29,VEF,153.96,163.48283,0.004370800443603828,0.06649379517453657,1,model1,2026-06-15 06:49:36
7b9c460a-580e-404a-b04b-56b29c2dcb76,2025-05-22,9,2025-05-29,EIN,2.0,2.2313614,-0.04761904761904767,0.06255304245721716,0,model1,2026-06-15 06:49:36
7b9c460a-580e-404a-b04b-56b29c2dcb76,2025-05-22,10,2025-05-30,HID,2.66,2.7621012,0.023076923076922995,0.06234660515418411,1,model1,2026-06-15 06:49:36
7b9c460a-580e-404a-b04b-56b29c2dcb76,2025-05-23,1,2025-06-27,PXM,0.5,0.80638754,0.0,0.6127750873565674,0,model1,2026-06-15 06:49:36
7b9c460a-580e-404a-b04b-56b29c2dcb76,2025-05-23,2,2025-06-27,FTM,0.8,0.9455697,0.14285714285714302,0.3508138486317227,1,model1,2026-06-15 06:49:36
7b9c460a-580e-404a-b04b-56b29c2dcb76,2025-05-23,3,2025-06-27,G20,0.6,0.80638754,0.0,0.34397923946380615,0,model1,2026-06-15 06:49:36
7b9c460a-580e-404a-b04b-56b29c2dcb76,2025-05-23,4,2025-06-27,ACM,0.6,0.88083017,-0.1428571428571428,0.25832881246294304,0,model1,2026-06-15 06:49:36
7b9c460a-580e-404a-b04b-56b29c2dcb76,2025-05-23,5,2025-06-27,PVH,0.7,1.0059314,-0.1250000000000001,0.25741422176361084,0,model1,2026-06-15 06:49:36
7b9c460a-580e-404a-b04b-56b29c2dcb76,2025-05-23,6,2025-07-04,PVR,1.0,1.2126082,0.0,0.2126082181930542,0,model1,2026-06-15 06:49:36
7b9c460a-580e-404a-b04b-56b29c2dcb76,2025-05-23,7,2025-06-27,LMH,0.9,1.0829942,0.0,0.20332691404554581,0,model1,2026-06-15 06:49:36
7b9c460a-580e-404a-b04b-56b29c2dcb76,2025-05-23,8,2025-06-27,MPT,0.7,0.9623713,-0.1250000000000001,0.20296411216259003,0,model1,2026-06-15 06:49:36
7b9c460a-580e-404a-b04b-56b29c2dcb76,2025-05-23,9,2025-06-27,DVG,1.3,1.3048276,0.18181818181818166,0.1862068826502019,1,model1,2026-06-15 06:49:36
7b9c460a-580e-404a-b04b-56b29c2dcb76,2025-05-23,10,2025-06-27,PVV,1.3,1.3626224,0.08333333333333348,0.13551865021387743,1,model1,2026-06-15 06:49:36
7b9c460a-580e-404a-b04b-56b29c2dcb76,2025-05-26,1,2025-06-02,VJC,89.5,98.305504,0.019362186788154823,0.11965266338513492,1,model1,2026-06-15 06:49:36
7b9c460a-580e-404a-b04b-56b29c2dcb76,2025-05-26,2,2025-06-02,MCG,1.6,1.7722651,0.0,0.10766567289829254,0,model1,2026-06-15 06:49:36
7b9c460a-580e-404a-b04b-56b29c2dcb76,2025-05-26,3,2025-06-06,NDC,114.0,126.11089,-0.008695652173912993,0.09661646303923233,0,model1,2026-06-15 06:49:36
7b9c460a-580e-404a-b04b-56b29c2dcb76,2025-05-26,4,2025-06-02,DGC,85.37,93.02308,-0.009973327148324218,0.0787786027885542,0,model1,2026-06-15 06:49:36
7b9c460a-580e-404a-b04b-56b29c2dcb76,2025-05-26,5,2025-06-02,HHG,1.5,1.5081292,0.0714285714285714,0.0772351707730976,1,model1,2026-06-15 06:49:36
7b9c460a-580e-404a-b04b-56b29c2dcb76,2025-05-26,6,2025-06-02,EIN,2.1,2.143522,0.050000000000000044,0.07176101207733154,1,model1,2026-06-15 06:49:36
7b9c460a-580e-404a-b04b-56b29c2dcb76,2025-05-26,7,2025-06-02,SJM,5.1,6.3228607,-0.15000000000000002,0.05381011962890625,0,model1,2026-06-15 06:49:36
7b9c460a-580e-404a-b04b-56b29c2dcb76,2025-05-26,8,2025-06-03,BTN,2.9,2.9447548,0.03571428571428581,0.051698156765529246,1,model1,2026-06-15 06:49:36
7b9c460a-580e-404a-b04b-56b29c2dcb76,2025-05-26,9,2025-06-03,HID,2.66,2.7561915,0.011406844106463865,0.04798155592421627,1,model1,2026-06-15 06:49:36
7b9c460a-580e-404a-b04b-56b29c2dcb76,2025-05-26,10,2025-06-02,DLG,2.5,2.4722126,0.05932203389830515,0.04754769195944575,1,model1,2026-06-15 06:49:36
7b9c460a-580e-404a-b04b-56b29c2dcb76,2025-05-27,1,2025-06-03,VJC,89.8,98.348335,0.015837104072398134,0.11253772925467498,1,model1,2026-06-15 06:49:36
7b9c460a-580e-404a-b04b-56b29c2dcb76,2025-05-27,2,2025-06-09,NDC,111.1,127.86887,-0.042241379310344884,0.10231787582923624,0,model1,2026-06-15 06:49:36
7b9c460a-580e-404a-b04b-56b29c2dcb76,2025-05-27,3,2025-06-03,SSH,90.5,97.24692,0.019144144144144226,0.09512294734920479,1,model1,2026-06-15 06:49:36
7b9c460a-580e-404a-b04b-56b29c2dcb76,2025-05-27,4,2025-06-03,HHG,1.4,1.5081292,0.0,0.0772351707730976,0,model1,2026-06-15 06:49:36
7b9c460a-580e-404a-b04b-56b29c2dcb76,2025-05-27,5,2025-06-03,MCG,1.7,1.8127849,0.0,0.06634406482472133,0,model1,2026-06-15 06:49:36
7b9c460a-580e-404a-b04b-56b29c2dcb76,2025-05-27,6,2025-06-03,DGC,86.71,93.2231,-0.014098919840818791,0.0599556424659784,0,model1,2026-06-15 06:49:36
7b9c460a-580e-404a-b04b-56b29c2dcb76,2025-05-27,7,2025-06-04,HID,2.65,2.7561915,0.011450381679389166,0.05198148552698023,1,model1,2026-06-15 06:49:36
7b9c460a-580e-404a-b04b-56b29c2dcb76,2025-05-27,8,2025-06-03,DLG,2.45,2.4722126,0.038135593220339103,0.04754769195944575,1,model1,2026-06-15 06:49:36
7b9c460a-580e-404a-b04b-56b29c2dcb76,2025-05-27,9,2025-06-03,DRH,2.4,2.2989383,0.09090909090909083,0.04497194290161133,1,model1,2026-06-15 06:49:36
7b9c460a-580e-404a-b04b-56b29c2dcb76,2025-05-27,10,2025-06-03,TTF,2.56,2.751055,-0.030303030303030276,0.04206628871686524,0,model1,2026-06-15 06:49:36
7b9c460a-580e-404a-b04b-56b29c2dcb76,2025-05-28,1,2025-06-04,VJC,91.8,98.305504,0.04318181818181821,0.11710799824107787,1,model1,2026-06-15 06:49:36
7b9c460a-580e-404a-b04b-56b29c2dcb76,2025-05-28,2,2025-06-04,SSH,88.8,97.23117,0.003389830508474523,0.09865729552877833,1,model1,2026-06-15 06:49:36
7b9c460a-580e-404a-b04b-56b29c2dcb76,2025-05-28,3,2025-06-04,HHG,1.4,1.5081292,0.0,0.0772351707730976,0,model1,2026-06-15 06:49:36
7b9c460a-580e-404a-b04b-56b29c2dcb76,2025-05-28,4,2025-06-04,DGC,86.32,93.150856,-0.006674338319908046,0.07193159974759955,0,model1,2026-06-15 06:49:36
7b9c460a-580e-404a-b04b-56b29c2dcb76,2025-05-28,5,2025-06-04,EIN,2.2,2.143522,0.10000000000000009,0.07176101207733154,1,model1,2026-06-15 06:49:36
7b9c460a-580e-404a-b04b-56b29c2dcb76,2025-05-28,6,2025-06-04,MCG,1.7,1.8127849,0.0,0.06634406482472133,0,model1,2026-06-15 06:49:36
7b9c460a-580e-404a-b04b-56b29c2dcb76,2025-05-28,7,2025-06-04,PV2,2.6,2.6635404,0.040000000000000036,0.06541614532470708,1,model1,2026-06-15 06:49:36
7b9c460a-580e-404a-b04b-56b29c2dcb76,2025-05-28,8,2025-06-04,TTF,2.56,2.751055,-0.015384615384615441,0.05809807777404785,0,model1,2026-06-15 06:49:36
7b9c460a-580e-404a-b04b-56b29c2dcb76,2025-05-28,9,2025-06-04,PTL,2.46,2.4722126,0.04680851063829783,0.052005341712464626,1,model1,2026-06-15 06:49:36
7b9c460a-580e-404a-b04b-56b29c2dcb76,2025-05-28,10,2025-06-05,HID,2.65,2.7561915,0.0,0.04007226116252394,0,model1,2026-06-15 06:49:36
7b9c460a-580e-404a-b04b-56b29c2dcb76,2025-05-29,1,2025-06-05,VJC,91.3,98.305504,0.04342857142857137,0.12349147251674109,1,model1,2026-06-15 06:49:36
7b9c460a-580e-404a-b04b-56b29c2dcb76,2025-05-29,2,2025-06-05,MCG,1.7,1.7722651,0.0625,0.10766567289829254,1,model1,2026-06-15 06:49:36
7b9c460a-580e-404a-b04b-56b29c2dcb76,2025-05-29,3,2025-06-05,SSH,88.1,97.24692,-0.004519774011299549,0.0988352285266596,0,model1,2026-06-15 06:49:36
7b9c460a-580e-404a-b04b-56b29c2dcb76,2025-05-29,4,2025-06-05,DGC,86.8,92.93156,0.012244897959183598,0.08374993238087636,1,model1,2026-06-15 06:49:36
7b9c460a-580e-404a-b04b-56b29c2dcb76,2025-05-29,5,2025-06-05,HHG,1.3,1.5081292,-0.07142857142857129,0.0772351707730976,0,model1,2026-06-15 06:49:36
7b9c460a-580e-404a-b04b-56b29c2dcb76,2025-05-29,6,2025-06-05,EIN,2.2,2.1384854,0.10000000000000009,0.06924271583557129,1,model1,2026-06-15 06:49:36
7b9c460a-580e-404a-b04b-56b29c2dcb76,2025-05-29,7,2025-06-05,PV2,2.6,2.639368,0.040000000000000036,0.05574722290039058,1,model1,2026-06-15 06:49:36
7b9c460a-580e-404a-b04b-56b29c2dcb76,2025-05-29,8,2025-06-05,DRH,2.67,2.3302803,0.19730941704035865,0.04496874616819646,1,model1,2026-06-15 06:49:36
7b9c460a-580e-404a-b04b-56b29c2dcb76,2025-05-29,9,2025-06-05,DLG,2.47,2.5801756,0.0,0.044605521537996795,0,model1,2026-06-15 06:49:36
7b9c460a-580e-404a-b04b-56b29c2dcb76,2025-05-29,10,2025-06-05,GPC,2.8,2.9171276,0.0,0.04183128901890343,0,model1,2026-06-15 06:49:36
7b9c460a-580e-404a-b04b-56b29c2dcb76,2025-05-30,1,2025-07-04,G20,0.6,0.80638754,0.19999999999999996,0.6127750873565674,1,model1,2026-06-15 06:49:36
7b9c460a-580e-404a-b04b-56b29c2dcb76,2025-05-30,2,2025-07-04,PVH,0.7,0.97781163,0.0,0.39687376362936844,0,model1,2026-06-15 06:49:36
7b9c460a-580e-404a-b04b-56b29c2dcb76,2025-05-30,3,2025-07-04,MPT,0.7,0.9623713,0.0,0.37481612818581733,0,model1,2026-06-15 06:49:36
7b9c460a-580e-404a-b04b-56b29c2dcb76,2025-05-30,4,2025-07-04,ACM,0.6,0.8186215,0.0,0.36436919371287035,0,model1,2026-06-15 06:49:36
7b9c460a-580e-404a-b04b-56b29c2dcb76,2025-05-30,5,2025-07-04,FTM,0.7,0.8186215,0.16666666666666674,0.36436919371287035,1,model1,2026-06-15 06:49:36
7b9c460a-580e-404a-b04b-56b29c2dcb76,2025-05-30,6,2025-07-04,PXM,0.6,0.80638754,0.0,0.34397923946380615,0,model1,2026-06-15 06:49:36
7b9c460a-580e-404a-b04b-56b29c2dcb76,2025-05-30,7,2025-07-04,PXA,0.7,0.9997519,-0.1250000000000001,0.24968990683555603,0,model1,2026-06-15 06:49:36
7b9c460a-580e-404a-b04b-56b29c2dcb76,2025-05-30,8,2025-07-04,LMH,1.0,1.0829942,0.11111111111111116,0.20332691404554581,1,model1,2026-06-15 06:49:36
7b9c460a-580e-404a-b04b-56b29c2dcb76,2025-05-30,9,2025-07-04,PVV,1.4,1.3679011,0.16666666666666674,0.13991757233937596,1,model1,2026-06-15 06:49:36
7b9c460a-580e-404a-b04b-56b29c2dcb76,2025-05-30,10,2025-07-04,PXI,1.3,1.472071,0.0,0.13236234738276553,0,model1,2026-06-15 06:49:36
7b9c460a-580e-404a-b04b-56b29c2dcb76,2025-06-02,1,2025-06-11,NDC,120.0,127.556725,0.0714285714285714,0.1388993263244629,1,model1,2026-06-15 06:49:36
7b9c460a-580e-404a-b04b-56b29c2dcb76,2025-06-02,2,2025-06-09,MCG,1.8,1.7722651,0.125,0.10766567289829254,1,model1,2026-06-15 06:49:36
7b9c460a-580e-404a-b04b-56b29c2dcb76,2025-06-02,3,2025-06-09,VJC,88.8,98.65145,-0.007821229050279377,0.10225085040044513,0,model1,2026-06-15 06:49:36
7b9c460a-580e-404a-b04b-56b29c2dcb76,2025-06-02,4,2025-06-09,DGC,84.41,92.679756,-0.011245168091835622,0.08562441331323378,0,model1,2026-06-15 06:49:36
7b9c460a-580e-404a-b04b-56b29c2dcb76,2025-06-02,5,2025-06-09,SSH,87.2,97.278694,-0.027870680044593032,0.08448934395576391,0,model1,2026-06-15 06:49:36
7b9c460a-580e-404a-b04b-56b29c2dcb76,2025-06-02,6,2025-06-09,HHG,1.4,1.5871353,-0.06666666666666676,0.0580902099609375,0,model1,2026-06-15 06:49:36
7b9c460a-580e-404a-b04b-56b29c2dcb76,2025-06-02,7,2025-06-09,PV2,2.5,2.639368,0.0,0.05574722290039058,0,model1,2026-06-15 06:49:36
7b9c460a-580e-404a-b04b-56b29c2dcb76,2025-06-02,8,2025-06-11,BTN,2.9,2.9447548,0.03571428571428581,0.051698156765529246,1,model1,2026-06-15 06:49:36
7b9c460a-580e-404a-b04b-56b29c2dcb76,2025-06-02,9,2025-06-09,HID,2.61,2.7561915,-0.0076045627376425395,0.04798155592421627,0,model1,2026-06-15 06:49:36
7b9c460a-580e-404a-b04b-56b29c2dcb76,2025-06-02,10,2025-06-09,CTR,86.72,92.23361,-0.016557042413245737,0.045969744392683864,0,model1,2026-06-15 06:49:36
7b9c460a-580e-404a-b04b-56b29c2dcb76,2025-06-03,1,2025-06-13,NDC,112.4,135.03078,0.0035714285714285587,0.20563193729945595,1,model1,2026-06-15 06:49:36
7b9c460a-580e-404a-b04b-56b29c2dcb76,2025-06-03,2,2025-06-10,HHG,1.4,1.5767211,0.0,0.12622933728354324,0,model1,2026-06-15 06:49:36
7b9c460a-580e-404a-b04b-56b29c2dcb76,2025-06-03,3,2025-06-10,VJC,89.0,98.65145,-0.008908685968819552,0.0985684978935395,0,model1,2026-06-15 06:49:36
7b9c460a-580e-404a-b04b-56b29c2dcb76,2025-06-03,4,2025-06-10,SSH,88.4,97.278694,-0.023204419889502725,0.07490269782134851,0,model1,2026-06-15 06:49:36
7b9c460a-580e-404a-b04b-56b29c2dcb76,2025-06-03,5,2025-06-10,DGC,87.48,93.150856,0.008880175296966941,0.07428042922461553,1,model1,2026-06-15 06:49:36
7b9c460a-580e-404a-b04b-56b29c2dcb76,2025-06-03,6,2025-06-10,MCG,1.7,1.8204765,0.0,0.07086854822495403,0,model1,2026-06-15 06:49:36
7b9c460a-580e-404a-b04b-56b29c2dcb76,2025-06-03,7,2025-06-10,PV2,2.5,2.735776,-0.03846153846153855,0.05222151829646182,0,model1,2026-06-15 06:49:36
7b9c460a-580e-404a-b04b-56b29c2dcb76,2025-06-03,8,2025-06-10,PTL,2.86,2.5463343,0.17695473251028804,0.047874183811768445,1,model1,2026-06-15 06:49:36
7b9c460a-580e-404a-b04b-56b29c2dcb76,2025-06-03,9,2025-06-10,DLG,2.3,2.5463343,-0.061224489795918546,0.03932010884187642,0,model1,2026-06-15 06:49:36
7b9c460a-580e-404a-b04b-56b29c2dcb76,2025-06-03,10,2025-06-13,BTN,2.8,3.007661,-0.034482758620689724,0.03712451869043809,0,model1,2026-06-15 06:49:36
7b9c460a-580e-404a-b04b-56b29c2dcb76,2025-06-04,1,2025-06-17,NDC,115.5,127.185394,0.013157894736842035,0.11566135339569628,1,model1,2026-06-15 06:49:36
7b9c460a-580e-404a-b04b-56b29c2dcb76,2025-06-04,2,2025-06-11,HHG,1.3,1.5460223,-0.07142857142857129,0.10430163996560249,0,model1,2026-06-15 06:49:36
7b9c460a-580e-404a-b04b-56b29c2dcb76,2025-06-04,3,2025-06-11,SSH,88.1,96.67599,-0.007882882882882969,0.08869355004113011,0,model1,2026-06-15 06:49:36
7b9c460a-580e-404a-b04b-56b29c2dcb76,2025-06-04,4,2025-06-11,VJC,87.6,99.43587,-0.045751633986928164,0.08317938245719292,0,model1,2026-06-15 06:49:36
7b9c460a-580e-404a-b04b-56b29c2dcb76,2025-06-04,5,2025-06-11,DGC,88.82,93.150856,0.02896200185356812,0.07913410586267866,1,model1,2026-06-15 06:49:36
7b9c460a-580e-404a-b04b-56b29c2dcb76,2025-06-04,6,2025-06-11,MCG,1.7,1.8204765,0.0,0.07086854822495403,0,model1,2026-06-15 06:49:36
7b9c460a-580e-404a-b04b-56b29c2dcb76,2025-06-04,7,2025-06-11,VE9,2.9,2.9578245,0.03571428571428581,0.05636588164738243,1,model1,2026-06-15 06:49:36
7b9c460a-580e-404a-b04b-56b29c2dcb76,2025-06-04,8,2025-06-11,PV2,2.5,2.735776,-0.03846153846153855,0.05222151829646182,0,model1,2026-06-15 06:49:36
7b9c460a-580e-404a-b04b-56b29c2dcb76,2025-06-04,9,2025-06-11,GPC,2.7,2.9224887,-0.03571428571428559,0.04374596050807411,0,model1,2026-06-15 06:49:36
7b9c460a-580e-404a-b04b-56b29c2dcb76,2025-06-04,10,2025-06-11,CTR,94.82,92.24068,0.06935829480094724,0.04026927799574609,1,model1,2026-06-15 06:49:36
7b9c460a-580e-404a-b04b-56b29c2dcb76,2025-06-05,1,2025-06-12,HHG,1.4,1.5041205,0.07692307692307687,0.15701574545640207,1,model1,2026-06-15 06:49:36
7b9c460a-580e-404a-b04b-56b29c2dcb76,2025-06-05,2,2025-06-12,SSH,88.4,96.47209,0.0034052213393871433,0.09502941742116566,1,model1,2026-06-15 06:49:36
7b9c460a-580e-404a-b04b-56b29c2dcb76,2025-06-05,3,2025-06-12,VJC,88.9,98.94183,-0.026286966046002114,0.08370025735042441,0,model1,2026-06-15 06:49:36
7b9c460a-580e-404a-b04b-56b29c2dcb76,2025-06-05,4,2025-06-12,MCG,1.7,1.8392208,0.0,0.08189456603106327,0,model1,2026-06-15 06:49:36
7b9c460a-580e-404a-b04b-56b29c2dcb76,2025-06-05,5,2025-06-12,DGC,89.01,93.150856,0.02546082949308759,0.07316654398694022,1,model1,2026-06-15 06:49:36
7b9c460a-580e-404a-b04b-56b29c2dcb76,2025-06-05,6,2025-06-12,PV2,2.6,2.751055,0.0,0.05809807777404785,0,model1,2026-06-15 06:49:36
7b9c460a-580e-404a-b04b-56b29c2dcb76,2025-06-05,7,2025-06-12,DLG,2.3,2.5801756,-0.06882591093117418,0.044605521537996795,0,model1,2026-06-15 06:49:36
7b9c460a-580e-404a-b04b-56b29c2dcb76,2025-06-05,8,2025-06-12,GPC,2.7,2.9224887,-0.03571428571428559,0.04374596050807411,0,model1,2026-06-15 06:49:36
7b9c460a-580e-404a-b04b-56b29c2dcb76,2025-06-05,9,2025-06-12,PTL,2.92,2.6024923,0.16799999999999993,0.04099693298339835,1,model1,2026-06-15 06:49:36
7b9c460a-580e-404a-b04b-56b29c2dcb76,2025-06-05,10,2025-06-12,HID,2.6,2.7561915,-0.01886792452830177,0.04007226116252394,0,model1,2026-06-15 06:49:36
7b9c460a-580e-404a-b04b-56b29c2dcb76,2025-06-06,1,2025-07-11,G20,0.6,0.80638754,0.19999999999999996,0.6127750873565674,1,model1,2026-06-15 06:49:36
7b9c460a-580e-404a-b04b-56b29c2dcb76,2025-06-06,2,2025-07-11,FTM,0.7,0.8597133,0.16666666666666674,0.43285552660624194,1,model1,2026-06-15 06:49:36
7b9c460a-580e-404a-b04b-56b29c2dcb76,2025-06-06,3,2025-07-11,PXA,0.7,0.9997519,0.0,0.42821703638349273,0,model1,2026-06-15 06:49:36
7b9c460a-580e-404a-b04b-56b29c2dcb76,2025-06-06,4,2025-07-11,MPT,0.8,0.9623713,0.14285714285714302,0.37481612818581733,1,model1,2026-06-15 06:49:36
7b9c460a-580e-404a-b04b-56b29c2dcb76,2025-06-06,5,2025-07-11,ACM,0.7,0.8186215,0.16666666666666674,0.36436919371287035,1,model1,2026-06-15 06:49:36
7b9c460a-580e-404a-b04b-56b29c2dcb76,2025-06-06,6,2025-07-11,PXM,0.6,0.80638754,0.0,0.34397923946380615,0,model1,2026-06-15 06:49:36
7b9c460a-580e-404a-b04b-56b29c2dcb76,2025-06-06,7,2025-07-11,VKC,0.8,0.92192185,0.14285714285714302,0.3170312132154194,1,model1,2026-06-15 06:49:36
7b9c460a-580e-404a-b04b-56b29c2dcb76,2025-06-06,8,2025-07-11,PVH,0.7,0.9623713,-0.1250000000000001,0.20296411216259003,0,model1,2026-06-15 06:49:36
7b9c460a-580e-404a-b04b-56b29c2dcb76,2025-06-06,9,2025-07-11,LMH,1.0,1.1478881,0.0,0.14788806438446045,0,model1,2026-06-15 06:49:36
7b9c460a-580e-404a-b04b-56b29c2dcb76,2025-06-06,10,2025-06-18,NDC,119.7,130.11807,0.050000000000000044,0.14138660096285638,1,model1,2026-06-15 06:49:36
7b9c460a-580e-404a-b04b-56b29c2dcb76,2025-06-09,1,2025-06-26,NDC,119.6,125.50278,0.0765076507650766,0.12963795769225372,1,model1,2026-06-15 06:49:36
7b9c460a-580e-404a-b04b-56b29c2dcb76,2025-06-09,2,2025-06-16,VJC,87.8,98.43215,-0.011261261261261257,0.10847017786524327,0,model1,2026-06-15 06:49:36
7b9c460a-580e-404a-b04b-56b29c2dcb76,2025-06-09,3,2025-06-16,SSH,88.5,96.4625,0.014908256880733939,0.10622134777384074,1,model1,2026-06-15 06:49:36
7b9c460a-580e-404a-b04b-56b29c2dcb76,2025-06-09,4,2025-06-16,HHG,1.3,1.5460223,-0.07142857142857129,0.10430163996560249,0,model1,2026-06-15 06:49:36
7b9c460a-580e-404a-b04b-56b29c2dcb76,2025-06-09,5,2025-06-16,DGC,93.89,92.30031,0.11230896813173796,0.09347598895319353,1,model1,2026-06-15 06:49:36
7b9c460a-580e-404a-b04b-56b29c2dcb76,2025-06-09,6,2025-06-16,CTR,98.43,91.61962,0.13503228782287824,0.056499322841968125,1,model1,2026-06-15 06:49:36
7b9c460a-580e-404a-b04b-56b29c2dcb76,2025-06-09,7,2025-06-16,HID,2.6,2.7561915,-0.003831417624520994,0.05601206593129837,0,model1,2026-06-15 06:49:36
7b9c460a-580e-404a-b04b-56b29c2dcb76,2025-06-09,8,2025-06-16,PV2,2.6,2.639368,0.040000000000000036,0.05574722290039058,1,model1,2026-06-15 06:49:36
7b9c460a-580e-404a-b04b-56b29c2dcb76,2025-06-09,9,2025-06-16,DLG,2.25,2.419719,-0.021739130434782483,0.05205173077790648,0,model1,2026-06-15 06:49:36
7b9c460a-580e-404a-b04b-56b29c2dcb76,2025-06-09,10,2025-06-16,MCG,1.7,1.8876587,-0.05555555555555558,0.048699286248948814,0,model1,2026-06-15 06:49:36
7b9c460a-580e-404a-b04b-56b29c2dcb76,2025-06-10,1,2025-06-17,VJC,87.7,98.65145,-0.014606741573033655,0.10844327090831296,0,model1,2026-06-15 06:49:36
7b9c460a-580e-404a-b04b-56b29c2dcb76,2025-06-10,2,2025-06-17,HHG,1.4,1.5460223,0.0,0.10430163996560249,0,model1,2026-06-15 06:49:36
7b9c460a-580e-404a-b04b-56b29c2dcb76,2025-06-10,3,2025-06-17,SSH,88.8,96.646774,0.004524886877828038,0.09328930194561291,1,model1,2026-06-15 06:49:36
7b9c460a-580e-404a-b04b-56b29c2dcb76,2025-06-10,4,2025-06-17,MCG,1.6,1.831529,-0.05882352941176461,0.07737001250771924,0,model1,2026-06-15 06:49:36
7b9c460a-580e-404a-b04b-56b29c2dcb76,2025-06-10,5,2025-06-17,DGC,94.56,93.27264,0.08093278463648823,0.0662166942566782,1,model1,2026-06-15 06:49:36
7b9c460a-580e-404a-b04b-56b29c2dcb76,2025-06-10,6,2025-06-17,KSQ,1.7,1.8876587,-0.05555555555555558,0.048699286248948814,0,model1,2026-06-15 06:49:36
7b9c460a-580e-404a-b04b-56b29c2dcb76,2025-06-10,7,2025-06-17,DLG,2.28,2.4111245,-0.008695652173913104,0.04831498602162254,0,model1,2026-06-15 06:49:36
7b9c460a-580e-404a-b04b-56b29c2dcb76,2025-06-10,8,2025-06-17,TTF,2.53,2.639368,0.0,0.04322848112686839,0,model1,2026-06-15 06:49:36
7b9c460a-580e-404a-b04b-56b29c2dcb76,2025-06-10,9,2025-06-17,CTR,97.65,92.47042,0.10127438818089551,0.042860277854994244,1,model1,2026-06-15 06:49:36
7b9c460a-580e-404a-b04b-56b29c2dcb76,2025-06-10,10,2025-06-17,HID,2.6,2.7320192,-0.007633587786259555,0.042755414511411294,0,model1,2026-06-15 06:49:36
7b9c460a-580e-404a-b04b-56b29c2dcb76,2025-06-11,1,2025-06-18,HHG,1.4,1.4662274,0.07692307692307687,0.1278672401721661,1,model1,2026-06-15 06:49:36
7b9c460a-580e-404a-b04b-56b29c2dcb76,2025-06-11,2,2025-06-18,VJC,87.7,98.43215,0.0011415525114155667,0.12365470084969865,1,model1,2026-06-15 06:49:36
7b9c460a-580e-404a-b04b-56b29c2dcb76,2025-06-11,3,2025-06-18,SSH,88.7,96.456345,0.006810442678774287,0.09485067655496238,1,model1,2026-06-15 06:49:36
7b9c460a-580e-404a-b04b-56b29c2dcb76,2025-06-11,4,2025-07-03,NDC,111.1,130.38982,-0.07416666666666671,0.08658180236816415,0,model1,2026-06-15 06:49:36
7b9c460a-580e-404a-b04b-56b29c2dcb76,2025-06-11,5,2025-06-18,MCG,1.7,1.831529,0.0,0.07737001250771924,0,model1,2026-06-15 06:49:36
7b9c460a-580e-404a-b04b-56b29c2dcb76,2025-06-11,6,2025-06-18,DGC,93.32,94.035614,0.05066426480522401,0.05872116655789106,1,model1,2026-06-15 06:49:36
7b9c460a-580e-404a-b04b-56b29c2dcb76,2025-06-11,7,2025-06-18,DLG,2.26,2.406627,-0.017391304347826098,0.04635953903198242,0,model1,2026-06-15 06:49:36
7b9c460a-580e-404a-b04b-56b29c2dcb76,2025-06-11,8,2025-06-18,EIN,2.2,2.301864,0.0,0.046301776712590836,0,model1,2026-06-15 06:49:36
7b9c460a-580e-404a-b04b-56b29c2dcb76,2025-06-11,9,2025-06-18,HID,2.59,2.7320192,-0.011450381679389388,0.042755414511411294,0,model1,2026-06-15 06:49:36
7b9c460a-580e-404a-b04b-56b29c2dcb76,2025-06-11,10,2025-06-18,PV2,2.5,2.605527,0.0,0.04221076965332027,0,model1,2026-06-15 06:49:36
7b9c460a-580e-404a-b04b-56b29c2dcb76,2025-06-12,1,2025-06-19,VJC,88.5,98.66104,-0.004499437570303799,0.10979798942368535,0,model1,2026-06-15 06:49:36
7b9c460a-580e-404a-b04b-56b29c2dcb76,2025-06-12,2,2025-06-19,SSH,89.3,96.66252,0.010180995475113086,0.09346743622516618,1,model1,2026-06-15 06:49:36
7b9c460a-580e-404a-b04b-56b29c2dcb76,2025-06-12,3,2025-06-19,HHG,1.4,1.5081292,0.0,0.0772351707730976,0,model1,2026-06-15 06:49:36
7b9c460a-580e-404a-b04b-56b29c2dcb76,2025-06-12,4,2025-06-19,MCG,1.7,1.8127849,0.0,0.06634406482472133,0,model1,2026-06-15 06:49:36
7b9c460a-580e-404a-b04b-56b29c2dcb76,2025-06-12,5,2025-06-19,HID,2.58,2.7561915,-0.007692307692307665,0.06007365080026483,0,model1,2026-06-15 06:49:36
7b9c460a-580e-404a-b04b-56b29c2dcb76,2025-06-12,6,2025-06-19,DGC,93.32,94.035614,0.04842152567127278,0.05646122922898411,1,model1,2026-06-15 06:49:36
7b9c460a-580e-404a-b04b-56b29c2dcb76,2025-06-12,7,2025-06-19,DLG,2.28,2.406627,-0.008695652173913104,0.04635953903198242,0,model1,2026-06-15 06:49:36
7b9c460a-580e-404a-b04b-56b29c2dcb76,2025-06-12,8,2025-06-19,EIN,2.2,2.301864,0.0,0.046301776712590836,0,model1,2026-06-15 06:49:36
7b9c460a-580e-404a-b04b-56b29c2dcb76,2025-06-12,9,2025-06-19,PTL,2.74,3.0418518,-0.06164383561643827,0.0417300544372976,0,model1,2026-06-15 06:49:36
7b9c460a-580e-404a-b04b-56b29c2dcb76,2025-06-12,10,2025-06-19,KMR,3.04,3.1631153,0.0,0.04049844177145712,0,model1,2026-06-15 06:49:36
7b9c460a-580e-404a-b04b-56b29c2dcb76,2025-06-13,1,2025-07-18,MPT,0.8,0.9623713,0.14285714285714302,0.37481612818581733,1,model1,2026-06-15 06:49:36
7b9c460a-580e-404a-b04b-56b29c2dcb76,2025-06-13,2,2025-07-18,ACM,0.7,0.8124941,0.16666666666666674,0.3541568319002788,1,model1,2026-06-15 06:49:36
7b9c460a-580e-404a-b04b-56b29c2dcb76,2025-06-13,3,2025-07-18,PXM,0.7,0.80638754,0.16666666666666674,0.34397923946380615,1,model1,2026-06-15 06:49:36
7b9c460a-580e-404a-b04b-56b29c2dcb76,2025-06-13,4,2025-07-18,LMH,1.0,1.0878532,0.11111111111111116,0.20872577031453443,1,model1,2026-06-15 06:49:36
7b9c460a-580e-404a-b04b-56b29c2dcb76,2025-06-13,5,2025-07-18,JOS,0.8,1.0829942,-0.11111111111111105,0.20332691404554581,0,model1,2026-06-15 06:49:36
7b9c460a-580e-404a-b04b-56b29c2dcb76,2025-06-13,6,2025-07-18,PXA,0.8,0.9623713,0.0,0.20296411216259003,0,model1,2026-06-15 06:49:36
7b9c460a-580e-404a-b04b-56b29c2dcb76,2025-06-13,7,2025-07-18,VNH,1.3,1.2989839,0.18181818181818166,0.18089448321949342,1,model1,2026-06-15 06:49:36
7b9c460a-580e-404a-b04b-56b29c2dcb76,2025-06-13,8,2025-07-04,NDC,125.0,130.94257,0.1120996441281139,0.1649694476687611,1,model1,2026-06-15 06:49:36
7b9c460a-580e-404a-b04b-56b29c2dcb76,2025-06-13,9,2025-07-18,PXI,1.3,1.472071,0.0,0.13236234738276553,0,model1,2026-06-15 06:49:36
7b9c460a-580e-404a-b04b-56b29c2dcb76,2025-06-13,10,2025-06-20,VJC,88.7,98.65145,0.007954545454545547,0.12103921716863453,1,model1,2026-06-15 06:49:36
7b9c460a-580e-404a-b04b-56b29c2dcb76,2025-06-16,1,2025-06-23,HHG,1.4,1.4662274,0.07692307692307687,0.1278672401721661,1,model1,2026-06-15 06:49:36
7b9c460a-580e-404a-b04b-56b29c2dcb76,2025-06-16,2,2025-06-23,VJC,87.5,98.65145,-0.003416856492027276,0.12359283725330128,0,model1,2026-06-15 06:49:36
7b9c460a-580e-404a-b04b-56b29c2dcb76,2025-06-16,3,2025-06-23,SSH,88.4,96.66252,-0.001129943502824804,0.09223187980005298,0,model1,2026-06-15 06:49:36
7b9c460a-580e-404a-b04b-56b29c2dcb76,2025-06-16,4,2025-06-23,MCG,1.7,1.8127849,0.0,0.06634406482472133,0,model1,2026-06-15 06:49:36
7b9c460a-580e-404a-b04b-56b29c2dcb76,2025-06-16,5,2025-06-23,HID,2.56,2.7320192,-0.015384615384615441,0.05077661000765277,0,model1,2026-06-15 06:49:36
7b9c460a-580e-404a-b04b-56b29c2dcb76,2025-06-16,6,2025-06-23,DTI,2.5,3.1491137,-0.16666666666666663,0.049704551696777344,0,model1,2026-06-15 06:49:36
7b9c460a-580e-404a-b04b-56b29c2dcb76,2025-06-16,7,2025-06-23,KSQ,1.8,1.880979,0.0,0.044988301065232994,0,model1,2026-06-15 06:49:36
7b9c460a-580e-404a-b04b-56b29c2dcb76,2025-06-16,8,2025-06-23,EIN,2.1,2.2989383,-0.045454545454545525,0.04497194290161133,0,model1,2026-06-15 06:49:36
7b9c460a-580e-404a-b04b-56b29c2dcb76,2025-06-16,9,2025-06-23,DRH,2.75,2.8625686,0.0,0.04093404249711474,0,model1,2026-06-15 06:49:36
7b9c460a-580e-404a-b04b-56b29c2dcb76,2025-06-16,10,2025-06-23,TTF,2.55,2.639368,0.003937007874015741,0.03912128238227419,1,model1,2026-06-15 06:49:36
7b9c460a-580e-404a-b04b-56b29c2dcb76,2025-06-17,1,2025-07-07,NDC,119.8,130.50363,0.03722943722943728,0.12990157222334964,1,model1,2026-06-15 06:49:36
7b9c460a-580e-404a-b04b-56b29c2dcb76,2025-06-17,2,2025-06-24,VJC,88.1,98.43215,0.004561003420752385,0.12237345261611843,1,model1,2026-06-15 06:49:36
7b9c460a-580e-404a-b04b-56b29c2dcb76,2025-06-17,3,2025-06-24,MCG,1.7,1.7722651,0.0625,0.10766567289829254,1,model1,2026-06-15 06:49:36
7b9c460a-580e-404a-b04b-56b29c2dcb76,2025-06-17,4,2025-06-24,SSH,88.6,96.71113,-0.0022522522522522292,0.08908928192413601,0,model1,2026-06-15 06:49:36
7b9c460a-580e-404a-b04b-56b29c2dcb76,2025-06-17,5,2025-06-24,KSQ,1.7,1.8392208,0.0,0.08189456603106327,0,model1,2026-06-15 06:49:36
7b9c460a-580e-404a-b04b-56b29c2dcb76,2025-06-17,6,2025-06-24,HHG,1.4,1.5081292,0.0,0.0772351707730976,0,model1,2026-06-15 06:49:36
7b9c460a-580e-404a-b04b-56b29c2dcb76,2025-06-17,7,2025-06-24,EIN,2.1,2.2449589,0.0,0.06902803693498871,0,model1,2026-06-15 06:49:36
7b9c460a-580e-404a-b04b-56b29c2dcb76,2025-06-17,8,2025-06-24,GPC,2.6,2.7561915,0.0,0.06007365080026483,0,model1,2026-06-15 06:49:36
7b9c460a-580e-404a-b04b-56b29c2dcb76,2025-06-17,9,2025-06-24,PV2,2.5,2.639368,0.0,0.05574722290039058,0,model1,2026-06-15 06:49:36
7b9c460a-580e-404a-b04b-56b29c2dcb76,2025-06-17,10,2025-06-24,DLG,2.25,2.4037013,-0.013157894736842035,0.05425495850412476,0,model1,2026-06-15 06:49:36
7b9c460a-580e-404a-b04b-56b29c2dcb76,2025-06-18,1,2025-06-25,HHG,1.4,1.5767211,0.0,0.12622933728354324,0,model1,2026-06-15 06:49:36
7b9c460a-580e-404a-b04b-56b29c2dcb76,2025-06-18,2,2025-06-25,VJC,87.1,98.43215,-0.006841505131128911,0.12237345261611843,0,model1,2026-06-15 06:49:36
7b9c460a-580e-404a-b04b-56b29c2dcb76,2025-06-18,3,2025-07-11,NDC,119.1,130.86595,-0.005012531328320913,0.09328280315861259,0,model1,2026-06-15 06:49:36
7b9c460a-580e-404a-b04b-56b29c2dcb76,2025-06-18,4,2025-06-25,SSH,88.8,96.71113,0.0011273957158961512,0.09031711651480578,1,model1,2026-06-15 06:49:36
7b9c460a-580e-404a-b04b-56b29c2dcb76,2025-06-18,5,2025-06-25,MCG,1.6,1.831529,-0.05882352941176461,0.07737001250771924,0,model1,2026-06-15 06:49:36
7b9c460a-580e-404a-b04b-56b29c2dcb76,2025-06-18,6,2025-06-25,KSQ,1.7,1.8204765,0.0,0.07086854822495403,0,model1,2026-06-15 06:49:36
7b9c460a-580e-404a-b04b-56b29c2dcb76,2025-06-18,7,2025-06-25,GPC,2.6,2.7561915,0.0,0.06007365080026483,0,model1,2026-06-15 06:49:36
7b9c460a-580e-404a-b04b-56b29c2dcb76,2025-06-18,8,2025-06-25,PV2,2.5,2.639368,0.0,0.05574722290039058,0,model1,2026-06-15 06:49:36
7b9c460a-580e-404a-b04b-56b29c2dcb76,2025-06-18,9,2025-06-25,EIN,2.1,2.2989383,-0.045454545454545525,0.04497194290161133,0,model1,2026-06-15 06:49:36
7b9c460a-580e-404a-b04b-56b29c2dcb76,2025-06-18,10,2025-06-25,DRH,2.76,2.9224887,-0.014285714285714346,0.04374596050807411,0,model1,2026-06-15 06:49:36
7b9c460a-580e-404a-b04b-56b29c2dcb76,2025-06-19,1,2025-06-26,VJC,87.1,98.65145,-0.015819209039548032,0.11470566226937673,0,model1,2026-06-15 06:49:36
7b9c460a-580e-404a-b04b-56b29c2dcb76,2025-06-19,2,2025-06-26,KSQ,1.7,1.7722651,0.0625,0.10766567289829254,1,model1,2026-06-15 06:49:36
7b9c460a-580e-404a-b04b-56b29c2dcb76,2025-06-19,3,2025-06-26,HHG,1.4,1.5460223,0.0,0.10430163996560249,0,model1,2026-06-15 06:49:36
7b9c460a-580e-404a-b04b-56b29c2dcb76,2025-06-19,4,2025-06-26,SSH,88.7,97.24692,-0.006718924972004436,0.08899123991723834,0,model1,2026-06-15 06:49:36
7b9c460a-580e-404a-b04b-56b29c2dcb76,2025-06-19,5,2025-06-26,MCG,1.7,1.8127849,0.0,0.06634406482472133,0,model1,2026-06-15 06:49:36
7b9c460a-580e-404a-b04b-56b29c2dcb76,2025-06-19,6,2025-06-26,EIN,2.1,2.3302803,-0.045454545454545525,0.059218319979580825,0,model1,2026-06-15 06:49:36
7b9c460a-580e-404a-b04b-56b29c2dcb76,2025-06-19,7,2025-06-26,DLG,2.25,2.406627,-0.013157894736842035,0.05553813147963149,0,model1,2026-06-15 06:49:36
7b9c460a-580e-404a-b04b-56b29c2dcb76,2025-06-19,8,2025-06-26,GPC,2.5,2.7409124,-0.03846153846153855,0.0541970913226788,0,model1,2026-06-15 06:49:36
7b9c460a-580e-404a-b04b-56b29c2dcb76,2025-06-19,9,2025-06-26,PTL,2.75,2.8572075,0.0036496350364962904,0.04277647324722178,1,model1,2026-06-15 06:49:36
7b9c460a-580e-404a-b04b-56b29c2dcb76,2025-06-19,10,2025-06-26,PV2,2.5,2.6024923,0.0,0.04099693298339835,0,model1,2026-06-15 06:49:36
7b9c460a-580e-404a-b04b-56b29c2dcb76,2025-06-20,1,2025-07-25,ACM,0.7,0.83542305,0.16666666666666674,0.39237175385157275,1,model1,2026-06-15 06:49:36
7b9c460a-580e-404a-b04b-56b29c2dcb76,2025-06-20,2,2025-07-25,MPT,0.8,0.9623713,0.14285714285714302,0.37481612818581733,1,model1,2026-06-15 06:49:36
7b9c460a-580e-404a-b04b-56b29c2dcb76,2025-06-20,3,2025-07-25,G20,0.5,0.80638754,-0.16666666666666663,0.34397923946380615,0,model1,2026-06-15 06:49:36
7b9c460a-580e-404a-b04b-56b29c2dcb76,2025-06-20,4,2025-07-25,PXM,0.6,0.80638754,0.0,0.34397923946380615,0,model1,2026-06-15 06:49:36
7b9c460a-580e-404a-b04b-56b29c2dcb76,2025-06-20,5,2025-07-25,JOS,0.8,1.0278718,0.0,0.28483980894088745,0,model1,2026-06-15 06:49:36
7b9c460a-580e-404a-b04b-56b29c2dcb76,2025-06-20,6,2025-07-25,PVR,1.2,1.2126082,0.19999999999999996,0.2126082181930542,1,model1,2026-06-15 06:49:36
7b9c460a-580e-404a-b04b-56b29c2dcb76,2025-06-20,7,2025-07-25,PVH,0.7,0.9623713,-0.1250000000000001,0.20296411216259003,0,model1,2026-06-15 06:49:36
7b9c460a-580e-404a-b04b-56b29c2dcb76,2025-06-20,8,2025-07-25,VKC,0.9,0.9387233,0.125,0.17340415716171265,1,model1,2026-06-15 06:49:36
7b9c460a-580e-404a-b04b-56b29c2dcb76,2025-06-20,9,2025-07-25,DVG,1.4,1.368466,0.16666666666666674,0.14038834969202685,1,model1,2026-06-15 06:49:36
7b9c460a-580e-404a-b04b-56b29c2dcb76,2025-06-20,10,2025-07-25,VNH,1.4,1.3626224,0.16666666666666674,0.13551865021387743,1,model1,2026-06-15 06:49:36
7b9c460a-580e-404a-b04b-56b29c2dcb76,2025-06-23,1,2025-06-30,VJC,88.1,98.43215,0.006857142857142895,0.12493887765066969,1,model1,2026-06-15 06:49:36
7b9c460a-580e-404a-b04b-56b29c2dcb76,2025-06-23,2,2025-06-30,HHG,1.4,1.5460223,0.0,0.10430163996560249,0,model1,2026-06-15 06:49:36
7b9c460a-580e-404a-b04b-56b29c2dcb76,2025-06-23,3,2025-06-30,SSH,89.3,96.79733,0.010180995475113086,0.0949924520777361,1,model1,2026-06-15 06:49:36
7b9c460a-580e-404a-b04b-56b29c2dcb76,2025-06-23,4,2025-06-30,EIN,2.2,2.2478845,0.04761904761904767,0.07042119616553899,1,model1,2026-06-15 06:49:36
7b9c460a-580e-404a-b04b-56b29c2dcb76,2025-06-23,5,2025-06-30,MCG,1.7,1.8127849,0.0,0.06634406482472133,0,model1,2026-06-15 06:49:36
7b9c460a-580e-404a-b04b-56b29c2dcb76,2025-06-23,6,2025-06-30,DTI,2.6,2.6461065,0.040000000000000036,0.05844259262084961,1,model1,2026-06-15 06:49:36
7b9c460a-580e-404a-b04b-56b29c2dcb76,2025-06-23,7,2025-06-30,DLG,2.3,2.3302803,0.03139013452914785,0.04496874616819646,1,model1,2026-06-15 06:49:36
7b9c460a-580e-404a-b04b-56b29c2dcb76,2025-06-23,8,2025-06-30,KMR,3.04,3.1631153,0.0033003300330034513,0.04393243002812852,1,model1,2026-06-15 06:49:36
7b9c460a-580e-404a-b04b-56b29c2dcb76,2025-06-23,9,2025-06-30,GPC,2.6,2.7116036,0.0,0.04292447750384998,0,model1,2026-06-15 06:49:36
7b9c460a-580e-404a-b04b-56b29c2dcb76,2025-06-23,10,2025-06-30,DRH,2.81,2.8625686,0.021818181818181737,0.04093404249711474,1,model1,2026-06-15 06:49:36
7b9c460a-580e-404a-b04b-56b29c2dcb76,2025-06-24,1,2025-07-01,HHG,1.4,1.5767211,0.0,0.12622933728354324,0,model1,2026-06-15 06:49:36
7b9c460a-580e-404a-b04b-56b29c2dcb76,2025-06-24,2,2025-07-01,VJC,90.5,98.65145,0.02724177071509648,0.11976675494710376,1,model1,2026-06-15 06:49:36
7b9c460a-580e-404a-b04b-56b29c2dcb76,2025-06-24,3,2025-07-01,SSH,89.3,96.79733,0.007900677200902928,0.09252068582022432,1,model1,2026-06-15 06:49:36
7b9c460a-580e-404a-b04b-56b29c2dcb76,2025-06-24,4,2025-07-01,KSQ,1.7,1.8392208,0.0,0.08189456603106327,0,model1,2026-06-15 06:49:36
7b9c460a-580e-404a-b04b-56b29c2dcb76,2025-06-24,5,2025-07-01,EIN,2.1,2.2449589,0.0,0.06902803693498871,0,model1,2026-06-15 06:49:36
7b9c460a-580e-404a-b04b-56b29c2dcb76,2025-06-24,6,2025-07-01,MCG,1.8,1.8127849,0.05882352941176472,0.06634406482472133,1,model1,2026-06-15 06:49:36
7b9c460a-580e-404a-b04b-56b29c2dcb76,2025-06-24,7,2025-07-02,NNT,60.6,62.715233,0.008319467554076532,0.04351468966923622,1,model1,2026-06-15 06:49:36
7b9c460a-580e-404a-b04b-56b29c2dcb76,2025-06-24,8,2025-07-01,GPC,2.6,2.7116036,0.0,0.04292447750384998,0,model1,2026-06-15 06:49:36
7b9c460a-580e-404a-b04b-56b29c2dcb76,2025-06-24,9,2025-07-01,PV2,2.5,2.6024923,0.0,0.04099693298339835,0,model1,2026-06-15 06:49:36
7b9c460a-580e-404a-b04b-56b29c2dcb76,2025-06-24,10,2025-07-01,ILA,4.2,4.4754114,-0.023255813953488302,0.040793352348859946,0,model1,2026-06-15 06:49:36
7b9c460a-580e-404a-b04b-56b29c2dcb76,2025-06-25,1,2025-07-02,VJC,90.2,98.19331,0.03559127439724463,0.12736295750439508,1,model1,2026-06-15 06:49:36
7b9c460a-580e-404a-b04b-56b29c2dcb76,2025-06-25,2,2025-07-02,HHG,1.3,1.5767211,-0.07142857142857129,0.12622933728354324,0,model1,2026-06-15 06:49:36
7b9c460a-580e-404a-b04b-56b29c2dcb76,2025-06-25,3,2025-07-02,MCG,1.8,1.7722651,0.125,0.10766567289829254,1,model1,2026-06-15 06:49:36
7b9c460a-580e-404a-b04b-56b29c2dcb76,2025-06-25,4,2025-07-02,SSH,89.2,96.71113,0.0045045045045044585,0.08908928192413601,1,model1,2026-06-15 06:49:36
7b9c460a-580e-404a-b04b-56b29c2dcb76,2025-06-25,5,2025-07-02,KSQ,1.6,1.8204765,-0.05882352941176461,0.07086854822495403,0,model1,2026-06-15 06:49:36
7b9c460a-580e-404a-b04b-56b29c2dcb76,2025-06-25,6,2025-07-02,EIN,2.2,2.2478845,0.04761904761904767,0.07042119616553899,1,model1,2026-06-15 06:49:36
7b9c460a-580e-404a-b04b-56b29c2dcb76,2025-06-25,7,2025-07-02,DTI,2.6,2.5508492,0.08333333333333348,0.06285383303960179,1,model1,2026-06-15 06:49:36
7b9c460a-580e-404a-b04b-56b29c2dcb76,2025-06-25,8,2025-07-02,BTN,2.9,2.9447548,0.03571428571428581,0.051698156765529246,1,model1,2026-06-15 06:49:36
7b9c460a-580e-404a-b04b-56b29c2dcb76,2025-06-25,9,2025-07-02,GPC,2.6,2.7116036,0.0,0.04292447750384998,0,model1,2026-06-15 06:49:36
7b9c460a-580e-404a-b04b-56b29c2dcb76,2025-06-25,10,2025-07-02,DLG,2.3,2.333206,0.02678571428571419,0.04160979390144348,1,model1,2026-06-15 06:49:36
7b9c460a-580e-404a-b04b-56b29c2dcb76,2025-06-26,1,2025-07-03,VJC,89.0,98.19331,0.021814006888633886,0.12736295750439508,1,model1,2026-06-15 06:49:36
7b9c460a-580e-404a-b04b-56b29c2dcb76,2025-06-26,2,2025-07-14,NDC,118.8,130.83498,-0.006688963210702337,0.09393792806261758,0,model1,2026-06-15 06:49:36
7b9c460a-580e-404a-b04b-56b29c2dcb76,2025-06-26,3,2025-07-03,SSH,88.9,96.26873,0.0022547914317925244,0.08532953961188516,1,model1,2026-06-15 06:49:36
7b9c460a-580e-404a-b04b-56b29c2dcb76,2025-06-26,4,2025-07-03,MCG,1.7,1.8392208,0.0,0.08189456603106327,0,model1,2026-06-15 06:49:36
7b9c460a-580e-404a-b04b-56b29c2dcb76,2025-06-26,5,2025-07-03,HHG,1.4,1.5081292,0.0,0.0772351707730976,0,model1,2026-06-15 06:49:36
7b9c460a-580e-404a-b04b-56b29c2dcb76,2025-06-26,6,2025-07-03,KSQ,1.7,1.8204765,0.0,0.07086854822495403,0,model1,2026-06-15 06:49:36
7b9c460a-580e-404a-b04b-56b29c2dcb76,2025-06-26,7,2025-07-03,EIN,2.1,2.2449589,0.0,0.06902803693498871,0,model1,2026-06-15 06:49:36
7b9c460a-580e-404a-b04b-56b29c2dcb76,2025-06-26,8,2025-07-03,GPC,2.7,2.639368,0.08000000000000007,0.05574722290039058,1,model1,2026-06-15 06:49:36
7b9c460a-580e-404a-b04b-56b29c2dcb76,2025-06-26,9,2025-07-03,TTF,2.74,2.751055,0.04580152671755733,0.050020993210887044,1,model1,2026-06-15 06:49:36
7b9c460a-580e-404a-b04b-56b29c2dcb76,2025-06-26,10,2025-10-10,TSG,13.3,14.415306,-0.03202328966521106,0.04914891494240137,0,model1,2026-06-15 06:49:36
7b9c460a-580e-404a-b04b-56b29c2dcb76,2025-06-27,1,2025-08-01,PXM,0.6,0.80638754,0.19999999999999996,0.6127750873565674,1,model1,2026-06-15 06:49:36
7b9c460a-580e-404a-b04b-56b29c2dcb76,2025-06-27,2,2025-08-01,JOS,0.8,0.9997519,0.14285714285714302,0.42821703638349273,1,model1,2026-06-15 06:49:36
7b9c460a-580e-404a-b04b-56b29c2dcb76,2025-06-27,3,2025-08-01,MPT,0.7,0.9623713,0.0,0.37481612818581733,0,model1,2026-06-15 06:49:36
7b9c460a-580e-404a-b04b-56b29c2dcb76,2025-06-27,4,2025-08-01,PVH,0.6,0.9623713,-0.1428571428571428,0.37481612818581733,0,model1,2026-06-15 06:49:36
7b9c460a-580e-404a-b04b-56b29c2dcb76,2025-06-27,5,2025-08-01,ACM,0.7,0.8124941,0.16666666666666674,0.3541568319002788,1,model1,2026-06-15 06:49:36
7b9c460a-580e-404a-b04b-56b29c2dcb76,2025-06-27,6,2025-08-01,G20,0.6,0.80638754,0.0,0.34397923946380615,0,model1,2026-06-15 06:49:36
7b9c460a-580e-404a-b04b-56b29c2dcb76,2025-06-27,7,2025-08-01,VKC,0.8,1.0124317,0.0,0.26553967595100403,0,model1,2026-06-15 06:49:36
7b9c460a-580e-404a-b04b-56b29c2dcb76,2025-06-27,8,2025-08-01,FTM,0.8,0.9387233,0.0,0.17340415716171265,0,model1,2026-06-15 06:49:36
7b9c460a-580e-404a-b04b-56b29c2dcb76,2025-06-27,9,2025-08-01,PVR,1.1,1.152747,0.10000000000000009,0.1527470350265503,1,model1,2026-06-15 06:49:36
7b9c460a-580e-404a-b04b-56b29c2dcb76,2025-06-27,10,2025-08-01,PXI,1.3,1.472071,0.0,0.13236234738276553,0,model1,2026-06-15 06:49:36
7b9c460a-580e-404a-b04b-56b29c2dcb76,2025-06-30,1,2025-07-07,VJC,90.0,98.65145,0.02156640181611813,0.11976675494710376,1,model1,2026-06-15 06:49:36
7b9c460a-580e-404a-b04b-56b29c2dcb76,2025-06-30,2,2025-07-07,HHG,1.4,1.5460223,0.0,0.10430163996560249,0,model1,2026-06-15 06:49:36
7b9c460a-580e-404a-b04b-56b29c2dcb76,2025-06-30,3,2025-07-07,SSH,88.5,96.42221,-0.008958566629339249,0.07975599880581608,0,model1,2026-06-15 06:49:36
7b9c460a-580e-404a-b04b-56b29c2dcb76,2025-06-30,4,2025-07-07,KSQ,1.7,1.8204765,0.0,0.07086854822495403,0,model1,2026-06-15 06:49:36
7b9c460a-580e-404a-b04b-56b29c2dcb76,2025-06-30,5,2025-07-07,MCG,1.7,1.8204765,0.0,0.07086854822495403,0,model1,2026-06-15 06:49:36
7b9c460a-580e-404a-b04b-56b29c2dcb76,2025-06-30,6,2025-07-07,EIN,2.3,2.3302803,0.04545454545454519,0.059218319979580825,1,model1,2026-06-15 06:49:36
7b9c460a-580e-404a-b04b-56b29c2dcb76,2025-06-30,7,2025-07-07,GPC,2.7,2.751055,0.03846153846153855,0.05809807777404785,1,model1,2026-06-15 06:49:36
7b9c460a-580e-404a-b04b-56b29c2dcb76,2025-06-30,8,2025-07-07,TTF,3.0,2.7561915,0.14068441064638781,0.04798155592421627,1,model1,2026-06-15 06:49:36
7b9c460a-580e-404a-b04b-56b29c2dcb76,2025-06-30,9,2025-07-08,VE9,2.9,2.9224887,0.03571428571428581,0.04374596050807411,1,model1,2026-06-15 06:49:36
7b9c460a-580e-404a-b04b-56b29c2dcb76,2025-06-30,10,2025-07-07,HID,2.87,2.639368,0.13438735177865624,0.04322848112686839,1,model1,2026-06-15 06:49:36
7b9c460a-580e-404a-b04b-56b29c2dcb76,2025-07-01,1,2025-07-08,VJC,95.0,99.43587,0.04972375690607733,0.09873886529911946,1,model1,2026-06-15 06:49:36
7b9c460a-580e-404a-b04b-56b29c2dcb76,2025-07-01,2,2025-07-08,SSH,89.0,96.469734,-0.0033594624860021627,0.08028817684092426,0,model1,2026-06-15 06:49:36
7b9c460a-580e-404a-b04b-56b29c2dcb76,2025-07-01,3,2025-07-08,HHG,1.5,1.5081292,0.0714285714285714,0.0772351707730976,1,model1,2026-06-15 06:49:36
7b9c460a-580e-404a-b04b-56b29c2dcb76,2025-07-01,4,2025-07-08,KSQ,1.7,1.8204765,0.0,0.07086854822495403,0,model1,2026-06-15 06:49:36
7b9c460a-580e-404a-b04b-56b29c2dcb76,2025-07-01,5,2025-07-08,EIN,2.4,2.2399223,0.1428571428571428,0.06662965956188382,1,model1,2026-06-15 06:49:36
7b9c460a-580e-404a-b04b-56b29c2dcb76,2025-07-01,6,2025-07-08,GPC,2.8,2.751055,0.07692307692307687,0.05809807777404785,1,model1,2026-06-15 06:49:36
7b9c460a-580e-404a-b04b-56b29c2dcb76,2025-07-01,7,2025-07-08,DTI,2.6,2.7480204,0.0,0.05693092712989212,0,model1,2026-06-15 06:49:36
7b9c460a-580e-404a-b04b-56b29c2dcb76,2025-07-01,8,2025-07-08,HID,2.88,2.639368,0.1428571428571428,0.04736827668689547,1,model1,2026-06-15 06:49:36
7b9c460a-580e-404a-b04b-56b29c2dcb76,2025-07-01,9,2025-07-08,DRH,3.07,2.8239698,0.13703703703703685,0.04591475592719174,1,model1,2026-06-15 06:49:36
7b9c460a-580e-404a-b04b-56b29c2dcb76,2025-07-01,10,2025-07-08,KMR,3.05,3.1446478,0.009933774834437026,0.04127411810767567,1,model1,2026-06-15 06:49:36
7b9c460a-580e-404a-b04b-56b29c2dcb76,2025-07-02,1,2025-07-09,HHG,1.4,1.4662274,0.07692307692307687,0.1278672401721661,1,model1,2026-06-15 06:49:36
7b9c460a-580e-404a-b04b-56b29c2dcb76,2025-07-02,2,2025-07-09,KSQ,1.9,1.7799566,0.18749999999999978,0.11247286200523376,1,model1,2026-06-15 06:49:36
7b9c460a-580e-404a-b04b-56b29c2dcb76,2025-07-02,3,2025-07-09,VJC,94.0,99.43587,0.042128603104212736,0.10239320742317415,1,model1,2026-06-15 06:49:36
7b9c460a-580e-404a-b04b-56b29c2dcb76,2025-07-02,4,2025-07-09,SSH,89.0,96.572266,-0.0022421524663677195,0.08264871776905824,0,model1,2026-06-15 06:49:36
7b9c460a-580e-404a-b04b-56b29c2dcb76,2025-07-02,5,2025-07-09,GPC,2.9,2.751055,0.11538461538461542,0.05809807777404785,1,model1,2026-06-15 06:49:36
7b9c460a-580e-404a-b04b-56b29c2dcb76,2025-07-02,6,2025-07-09,MCG,2.1,1.8876587,0.16666666666666674,0.048699286248948814,1,model1,2026-06-15 06:49:36
7b9c460a-580e-404a-b04b-56b29c2dcb76,2025-07-02,7,2025-07-09,DRH,3.28,2.9224887,0.17142857142857149,0.04374596050807411,1,model1,2026-06-15 06:49:36
7b9c460a-580e-404a-b04b-56b29c2dcb76,2025-07-02,8,2025-07-09,HID,2.92,2.639368,0.1541501976284585,0.04322848112686839,1,model1,2026-06-15 06:49:36
7b9c460a-580e-404a-b04b-56b29c2dcb76,2025-07-02,9,2025-07-09,PV2,2.7,2.6024923,0.08000000000000007,0.04099693298339835,1,model1,2026-06-15 06:49:36
7b9c460a-580e-404a-b04b-56b29c2dcb76,2025-07-02,10,2025-07-17,BTN,3.0,3.007661,0.034482758620689724,0.03712451869043809,1,model1,2026-06-15 06:49:36
7b9c460a-580e-404a-b04b-56b29c2dcb76,2025-07-03,1,2025-07-15,NDC,118.6,126.188736,0.0675067506750675,0.1358122048777144,1,model1,2026-06-15 06:49:36
7b9c460a-580e-404a-b04b-56b29c2dcb76,2025-07-03,2,2025-07-10,VJC,96.0,99.43587,0.0786516853932584,0.11725693606258769,1,model1,2026-06-15 06:49:36
7b9c460a-580e-404a-b04b-56b29c2dcb76,2025-07-03,3,2025-07-10,SSH,89.1,97.4942,0.0022497187851517886,0.09667268459118383,1,model1,2026-06-15 06:49:36
7b9c460a-580e-404a-b04b-56b29c2dcb76,2025-07-03,4,2025-07-10,HHG,1.5,1.5081292,0.0714285714285714,0.0772351707730976,1,model1,2026-06-15 06:49:36
7b9c460a-580e-404a-b04b-56b29c2dcb76,2025-07-03,5,2025-07-10,KSQ,2.0,1.8204765,0.17647058823529416,0.07086854822495403,1,model1,2026-06-15 06:49:36
7b9c460a-580e-404a-b04b-56b29c2dcb76,2025-07-03,6,2025-07-10,PTL,3.04,2.7674623,0.16030534351145032,0.05628330288952532,1,model1,2026-06-15 06:49:36
7b9c460a-580e-404a-b04b-56b29c2dcb76,2025-07-03,7,2025-07-10,PV2,2.8,2.735776,0.07692307692307687,0.05222151829646182,1,model1,2026-06-15 06:49:36
7b9c460a-580e-404a-b04b-56b29c2dcb76,2025-07-03,8,2025-07-14,BAL,7.58,9.006486,-0.12166859791425266,0.043625253653056584,0,model1,2026-06-15 06:49:36
7b9c460a-580e-404a-b04b-56b29c2dcb76,2025-07-03,9,2025-07-10,HPX,4.77,4.4754114,0.11188811188811187,0.0432194440792768,1,model1,2026-06-15 06:49:36
7b9c460a-580e-404a-b04b-56b29c2dcb76,2025-07-03,10,2025-07-10,HID,2.9,2.6635404,0.12403100775193798,0.03237998577975487,1,model1,2026-06-15 06:49:36
7b9c460a-580e-404a-b04b-56b29c2dcb76,2025-07-04,1,2025-08-08,FTM,0.8,0.9623713,0.14285714285714302,0.37481612818581733,1,model1,2026-06-15 06:49:36
7b9c460a-580e-404a-b04b-56b29c2dcb76,2025-07-04,2,2025-08-08,MPT,0.6,0.9623713,-0.1428571428571428,0.37481612818581733,0,model1,2026-06-15 06:49:36
7b9c460a-580e-404a-b04b-56b29c2dcb76,2025-07-04,3,2025-08-08,ACM,0.6,0.8186215,0.0,0.36436919371287035,0,model1,2026-06-15 06:49:36
7b9c460a-580e-404a-b04b-56b29c2dcb76,2025-07-04,4,2025-08-08,PVH,0.7,0.9455697,0.0,0.3508138486317227,0,model1,2026-06-15 06:49:36
7b9c460a-580e-404a-b04b-56b29c2dcb76,2025-07-04,5,2025-08-08,PXA,0.8,0.9455697,0.14285714285714302,0.3508138486317227,1,model1,2026-06-15 06:49:36
7b9c460a-580e-404a-b04b-56b29c2dcb76,2025-07-04,6,2025-08-08,G20,0.7,0.80638754,0.16666666666666674,0.34397923946380615,1,model1,2026-06-15 06:49:36
7b9c460a-580e-404a-b04b-56b29c2dcb76,2025-07-04,7,2025-08-08,PXM,0.6,0.80638754,0.0,0.34397923946380615,0,model1,2026-06-15 06:49:36
7b9c460a-580e-404a-b04b-56b29c2dcb76,2025-07-04,8,2025-08-08,VKC,0.8,0.984312,0.0,0.23038999736309052,0,model1,2026-06-15 06:49:36
7b9c460a-580e-404a-b04b-56b29c2dcb76,2025-07-04,9,2025-08-08,PVR,1.2,1.1641743,0.19999999999999996,0.16417431831359863,1,model1,2026-06-15 06:49:36
7b9c460a-580e-404a-b04b-56b29c2dcb76,2025-07-04,10,2025-08-15,LMH,0.9,1.1478881,-0.09999999999999998,0.14788806438446045,0,model1,2026-06-15 06:49:36
7b9c460a-580e-404a-b04b-56b29c2dcb76,2025-07-07,1,2025-07-14,VJC,99.0,99.46764,0.10000000000000009,0.1051960415310329,1,model1,2026-06-15 06:49:36
7b9c460a-580e-404a-b04b-56b29c2dcb76,2025-07-07,2,2025-07-14,HHG,1.6,1.5460223,0.14285714285714302,0.10430163996560249,1,model1,2026-06-15 06:49:36
7b9c460a-580e-404a-b04b-56b29c2dcb76,2025-07-07,3,2025-07-14,SSH,80.3,97.50995,-0.09265536723163847,0.10180733028778244,0,model1,2026-06-15 06:49:36
7b9c460a-580e-404a-b04b-56b29c2dcb76,2025-07-07,4,2025-07-17,NDC,118.6,131.89046,-0.010016694490818101,0.10092201296594583,0,model1,2026-06-15 06:49:36
7b9c460a-580e-404a-b04b-56b29c2dcb76,2025-07-07,5,2025-07-14,DTI,2.7,2.639368,0.08000000000000007,0.05574722290039058,1,model1,2026-06-15 06:49:36
7b9c460a-580e-404a-b04b-56b29c2dcb76,2025-07-07,6,2025-07-17,BAL,8.25,7.741247,0.11637347767253048,0.04753006456346731,1,model1,2026-06-15 06:49:36
7b9c460a-580e-404a-b04b-56b29c2dcb76,2025-07-07,7,2025-07-14,PV2,2.8,2.7116036,0.07692307692307687,0.04292447750384998,1,model1,2026-06-15 06:49:36
7b9c460a-580e-404a-b04b-56b29c2dcb76,2025-07-07,8,2025-07-15,GPC,2.8,2.812699,0.03703703703703698,0.04174039981983313,1,model1,2026-06-15 06:49:36
7b9c460a-580e-404a-b04b-56b29c2dcb76,2025-07-07,9,2025-07-18,BTN,3.0,3.007661,0.034482758620689724,0.03712451869043809,1,model1,2026-06-15 06:49:36
7b9c460a-580e-404a-b04b-56b29c2dcb76,2025-07-07,10,2025-07-14,DLG,2.71,2.9030468,-0.03558718861209964,0.033112756722338155,0,model1,2026-06-15 06:49:36
7b9c460a-580e-404a-b04b-56b29c2dcb76,2025-07-08,1,2025-07-15,SSH,86.9,96.25859,-0.02359550561797752,0.08155719885665369,0,model1,2026-06-15 06:49:36
7b9c460a-580e-404a-b04b-56b29c2dcb76,2025-07-08,2,2025-07-15,HHG,1.6,1.5871353,0.06666666666666665,0.0580902099609375,1,model1,2026-06-15 06:49:36
7b9c460a-580e-404a-b04b-56b29c2dcb76,2025-07-08,3,2025-07-15,DTI,2.8,2.735776,0.07692307692307687,0.05222151829646182,1,model1,2026-06-15 06:49:36
7b9c460a-580e-404a-b04b-56b29c2dcb76,2025-07-08,4,2025-07-15,VJC,97.5,99.61222,0.026315789473684292,0.04854969225431738,1,model1,2026-06-15 06:49:36
7b9c460a-580e-404a-b04b-56b29c2dcb76,2025-07-08,5,2025-07-16,DC1,6.4,6.023741,0.10344827586206895,0.03857599455734784,1,model1,2026-06-15 06:49:36
7b9c460a-580e-404a-b04b-56b29c2dcb76,2025-07-08,6,2025-07-28,BTN,3.0,3.007661,0.034482758620689724,0.03712451869043809,1,model1,2026-06-15 06:49:36
7b9c460a-580e-404a-b04b-56b29c2dcb76,2025-07-08,7,2025-07-15,HID,2.88,2.981015,0.0,0.035074641307195176,0,model1,2026-06-15 06:49:36
7b9c460a-580e-404a-b04b-56b29c2dcb76,2025-07-08,8,2025-07-15,NAS,38.4,41.816196,-0.05185185185185193,0.03249867757161451,0,model1,2026-06-15 06:49:36
7b9c460a-580e-404a-b04b-56b29c2dcb76,2025-07-08,9,2025-07-15,PTL,3.22,3.1458032,0.05573770491803298,0.03141088954737925,1,model1,2026-06-15 06:49:36
7b9c460a-580e-404a-b04b-56b29c2dcb76,2025-07-08,10,2025-07-16,GPC,2.9,2.8873532,0.03571428571428581,0.03119756494249626,1,model1,2026-06-15 06:49:36
7b9c460a-580e-404a-b04b-56b29c2dcb76,2025-07-09,1,2025-07-16,SSH,87.0,96.68524,-0.022471910112359605,0.0863510303283006,0,model1,2026-06-15 06:49:36
7b9c460a-580e-404a-b04b-56b29c2dcb76,2025-07-09,2,2025-07-16,VJC,96.0,99.51188,0.02127659574468077,0.05863701029026758,1,model1,2026-06-15 06:49:36
7b9c460a-580e-404a-b04b-56b29c2dcb76,2025-07-09,3,2025-07-16,SMT,7.48,6.9279265,0.1316187594553706,0.04809781246214162,1,model1,2026-06-15 06:49:36
7b9c460a-580e-404a-b04b-56b29c2dcb76,2025-07-09,4,2025-07-16,DLG,2.72,2.9171276,-0.02857142857142847,0.04183128901890343,0,model1,2026-06-15 06:49:36
7b9c460a-580e-404a-b04b-56b29c2dcb76,2025-07-09,5,2025-07-16,PTL,3.44,3.1102703,0.14666666666666672,0.03675675392150879,1,model1,2026-06-15 06:49:36
7b9c460a-580e-404a-b04b-56b29c2dcb76,2025-07-09,6,2025-07-17,HID,2.87,3.0231779,-0.017123287671232834,0.03533488430388987,0,model1,2026-06-15 06:49:36
7b9c460a-580e-404a-b04b-56b29c2dcb76,2025-07-09,7,2025-07-22,CMM,20.8,18.560629,0.15555555555555567,0.03114604949951172,1,model1,2026-06-15 06:49:36
7b9c460a-580e-404a-b04b-56b29c2dcb76,2025-07-09,8,2025-07-16,PV2,2.8,2.7829242,0.03703703703703698,0.030712657504611496,1,model1,2026-06-15 06:49:36
7b9c460a-580e-404a-b04b-56b29c2dcb76,2025-07-09,9,2025-07-16,TTF,3.05,3.118829,0.0066006600660066805,0.029316505583206087,1,model1,2026-06-15 06:49:36
7b9c460a-580e-404a-b04b-56b29c2dcb76,2025-07-09,10,2025-07-18,PEG,3.9,4.4112144,-0.09302325581395343,0.02586380271024491,0,model1,2026-06-15 06:49:36
7b9c460a-580e-404a-b04b-56b29c2dcb76,2025-07-10,1,2025-07-17,SSH,88.5,96.68524,-0.006734006734006703,0.08513178113601305,0,model1,2026-06-15 06:49:36
7b9c460a-580e-404a-b04b-56b29c2dcb76,2025-07-10,2,2025-07-17,HHG,1.8,1.617834,0.19999999999999996,0.078555981318156,1,model1,2026-06-15 06:49:36
7b9c460a-580e-404a-b04b-56b29c2dcb76,2025-07-10,3,2025-07-17,DTI,2.9,2.735776,0.11538461538461542,0.05222151829646182,1,model1,2026-06-15 06:49:36
7b9c460a-580e-404a-b04b-56b29c2dcb76,2025-07-10,4,2025-07-18,GPC,2.9,2.9224887,0.03571428571428581,0.04374596050807411,1,model1,2026-06-15 06:49:36
7b9c460a-580e-404a-b04b-56b29c2dcb76,2025-07-10,5,2025-07-17,TTF,3.06,3.14222,0.013245033112582849,0.040470205395426895,1,model1,2026-06-15 06:49:36
7b9c460a-580e-404a-b04b-56b29c2dcb76,2025-07-10,6,2025-07-17,VJC,94.3,99.61222,-0.017708333333333326,0.03762729962666822,0,model1,2026-06-15 06:49:36
7b9c460a-580e-404a-b04b-56b29c2dcb76,2025-07-10,7,2025-07-17,DLG,2.75,2.935815,-0.028268551236749095,0.03739049325140953,0,model1,2026-06-15 06:49:36
7b9c460a-580e-404a-b04b-56b29c2dcb76,2025-07-10,8,2025-07-17,PV2,2.9,2.8814435,0.03571428571428581,0.029086964470999677,1,model1,2026-06-15 06:49:36
7b9c460a-580e-404a-b04b-56b29c2dcb76,2025-07-10,9,2025-07-17,KMR,3.15,3.2196903,0.006389776357827559,0.02865505523194134,1,model1,2026-06-15 06:49:36
7b9c460a-580e-404a-b04b-56b29c2dcb76,2025-07-10,10,2025-07-17,KSQ,2.2,2.0531137,0.10000000000000009,0.026556849479675293,1,model1,2026-06-15 06:49:36
7b9c460a-580e-404a-b04b-56b29c2dcb76,2025-07-11,1,2025-08-15,FTM,0.7,0.9623713,0.0,0.37481612818581733,0,model1,2026-06-15 06:49:36
7b9c460a-580e-404a-b04b-56b29c2dcb76,2025-07-11,2,2025-08-15,PXA,0.8,0.9623713,0.14285714285714302,0.37481612818581733,1,model1,2026-06-15 06:49:36
7b9c460a-580e-404a-b04b-56b29c2dcb76,2025-07-11,3,2025-08-15,PVH,0.6,0.9455697,-0.1428571428571428,0.3508138486317227,0,model1,2026-06-15 06:49:36
7b9c460a-580e-404a-b04b-56b29c2dcb76,2025-07-11,4,2025-08-15,G20,0.7,0.80638754,0.16666666666666674,0.34397923946380615,1,model1,2026-06-15 06:49:36
7b9c460a-580e-404a-b04b-56b29c2dcb76,2025-07-11,5,2025-08-15,PXM,0.7,0.80638754,0.16666666666666674,0.34397923946380615,1,model1,2026-06-15 06:49:36
7b9c460a-580e-404a-b04b-56b29c2dcb76,2025-07-11,6,2025-08-15,ACM,0.6,0.92192185,-0.1428571428571428,0.3170312132154194,0,model1,2026-06-15 06:49:36
7b9c460a-580e-404a-b04b-56b29c2dcb76,2025-07-11,7,2025-08-15,VKC,0.9,0.984312,0.125,0.23038999736309052,1,model1,2026-06-15 06:49:36
7b9c460a-580e-404a-b04b-56b29c2dcb76,2025-07-11,8,2025-08-15,DVG,1.3,1.4116378,0.08333333333333348,0.176364819208781,1,model1,2026-06-15 06:49:36
7b9c460a-580e-404a-b04b-56b29c2dcb76,2025-07-11,9,2025-08-22,LMH,0.9,1.1478881,-0.09999999999999998,0.14788806438446045,0,model1,2026-06-15 06:49:36
7b9c460a-580e-404a-b04b-56b29c2dcb76,2025-07-11,10,2025-08-15,HTT,1.4,1.6796046,-0.06666666666666676,0.1197364330291748,0,model1,2026-06-15 06:49:36
7b9c460a-580e-404a-b04b-56b29c2dcb76,2025-07-14,1,2025-07-21,NDC,116.0,131.89046,-0.023569023569023573,0.11018903327710694,0,model1,2026-06-15 06:49:36
7b9c460a-580e-404a-b04b-56b29c2dcb76,2025-07-14,2,2025-07-21,SSH,91.3,83.88891,0.13698630136986312,0.04469375325318148,1,model1,2026-06-15 06:49:36
7b9c460a-580e-404a-b04b-56b29c2dcb76,2025-07-14,3,2025-07-21,PV2,2.8,2.9171276,0.0,0.04183128901890343,0,model1,2026-06-15 06:49:36
7b9c460a-580e-404a-b04b-56b29c2dcb76,2025-07-14,4,2025-07-22,HID,2.98,2.9953158,0.03114186851211076,0.03644144988802478,1,model1,2026-06-15 06:49:36
7b9c460a-580e-404a-b04b-56b29c2dcb76,2025-07-14,5,2025-07-21,HHG,1.7,1.6550827,0.0625,0.03442668914794922,1,model1,2026-06-15 06:49:36
7b9c460a-580e-404a-b04b-56b29c2dcb76,2025-07-14,6,2025-07-21,DLG,3.04,2.794195,0.12177121771217725,0.031068242344029384,1,model1,2026-06-15 06:49:36
7b9c460a-580e-404a-b04b-56b29c2dcb76,2025-07-14,7,2025-07-21,SHN,5.7,6.18333,-0.04999999999999993,0.030555009841918945,0,model1,2026-06-15 06:49:36
7b9c460a-580e-404a-b04b-56b29c2dcb76,2025-07-14,8,2025-07-21,TTF,3.11,3.101196,0.03322259136212624,0.03029769124382753,1,model1,2026-06-15 06:49:36
7b9c460a-580e-404a-b04b-56b29c2dcb76,2025-07-14,9,2025-07-21,KMR,3.19,3.233838,0.015923566878980777,0.02988473928658064,1,model1,2026-06-15 06:49:36
7b9c460a-580e-404a-b04b-56b29c2dcb76,2025-07-14,10,2025-07-29,BTN,2.8,3.0864954,-0.06666666666666676,0.028831799825032478,0,model1,2026-06-15 06:49:36
7b9c460a-580e-404a-b04b-56b29c2dcb76,2025-07-15,1,2025-07-22,NDC,116.2,131.89046,-0.0202360876897133,0.11206119016290317,0,model1,2026-06-15 06:49:36
7b9c460a-580e-404a-b04b-56b29c2dcb76,2025-07-15,2,2025-07-22,SSH,93.2,94.115616,0.07249712313003442,0.08303355402447132,1,model1,2026-06-15 06:49:36
7b9c460a-580e-404a-b04b-56b29c2dcb76,2025-07-15,3,2025-07-22,DLG,2.9,2.8239698,0.07407407407407396,0.04591475592719174,1,model1,2026-06-15 06:49:36
7b9c460a-580e-404a-b04b-56b29c2dcb76,2025-07-15,4,2025-07-22,TTF,3.08,3.1631153,0.01650165016501659,0.04393243002812852,1,model1,2026-06-15 06:49:36
7b9c460a-580e-404a-b04b-56b29c2dcb76,2025-07-15,5,2025-07-22,PV2,2.7,2.9224887,-0.03571428571428559,0.04374596050807411,0,model1,2026-06-15 06:49:36
7b9c460a-580e-404a-b04b-56b29c2dcb76,2025-07-15,6,2025-07-24,SD2,4.8,4.267074,0.17073170731707332,0.04074978246921446,1,model1,2026-06-15 06:49:36
7b9c460a-580e-404a-b04b-56b29c2dcb76,2025-07-15,7,2025-07-23,HID,3.0,2.9953158,0.04166666666666674,0.04004020492235827,1,model1,2026-06-15 06:49:36
7b9c460a-580e-404a-b04b-56b29c2dcb76,2025-07-15,8,2025-07-22,HHG,1.6,1.6621231,0.0,0.03882692754268646,0,model1,2026-06-15 06:49:36
7b9c460a-580e-404a-b04b-56b29c2dcb76,2025-07-15,9,2025-07-22,DRH,3.68,3.536247,0.07917888563049846,0.037022585043809286,1,model1,2026-06-15 06:49:36
7b9c460a-580e-404a-b04b-56b29c2dcb76,2025-07-15,10,2025-07-22,TNV,11.1,13.062026,-0.11904761904761907,0.03666873205275767,0,model1,2026-06-15 06:49:36
7b9c460a-580e-404a-b04b-56b29c2dcb76,2025-07-16,1,2025-07-23,NDC,116.2,134.52899,-0.0202360876897133,0.13430853034754442,0,model1,2026-06-15 06:49:36
7b9c460a-580e-404a-b04b-56b29c2dcb76,2025-07-16,2,2025-07-23,SSH,91.0,95.36501,0.04597701149425282,0.0961495761213631,1,model1,2026-06-15 06:49:36
7b9c460a-580e-404a-b04b-56b29c2dcb76,2025-07-16,3,2025-07-23,KSQ,2.2,2.401624,-0.04347826086956508,0.044184332308562,0,model1,2026-06-15 06:49:36
7b9c460a-580e-404a-b04b-56b29c2dcb76,2025-07-16,4,2025-07-23,HHG,1.6,1.7711099,-0.05882352941176461,0.04182937565971834,0,model1,2026-06-15 06:49:36
7b9c460a-580e-404a-b04b-56b29c2dcb76,2025-07-16,5,2025-07-23,PV2,2.7,2.8927143,-0.03571428571428559,0.03311223643166694,0,model1,2026-06-15 06:49:36
7b9c460a-580e-404a-b04b-56b29c2dcb76,2025-07-16,6,2025-07-23,PEG,3.9,4.027442,0.0,0.03267743037297177,0,model1,2026-06-15 06:49:36
7b9c460a-580e-404a-b04b-56b29c2dcb76,2025-07-16,7,2025-07-23,TTF,3.05,3.1446478,0.0,0.03103207760169857,0,model1,2026-06-15 06:49:36
7b9c460a-580e-404a-b04b-56b29c2dcb76,2025-07-16,8,2025-07-23,VJC,108.8,98.83965,0.1333333333333333,0.02957971890767408,1,model1,2026-06-15 06:49:36
7b9c460a-580e-404a-b04b-56b29c2dcb76,2025-07-16,9,2025-07-29,CMM,19.0,17.568378,0.11111111111111094,0.02739055254306,1,model1,2026-06-15 06:49:36
7b9c460a-580e-404a-b04b-56b29c2dcb76,2025-07-16,10,2025-07-23,KMR,3.16,3.233838,0.0031746031746031633,0.02661526392376623,1,model1,2026-06-15 06:49:36
7b9c460a-580e-404a-b04b-56b29c2dcb76,2025-07-17,1,2025-07-25,NDC,117.0,134.73773,-0.013490725126475533,0.13606856605053763,0,model1,2026-06-15 06:49:36
7b9c460a-580e-404a-b04b-56b29c2dcb76,2025-07-17,2,2025-07-24,SSH,91.3,96.26605,0.031638418079096065,0.08775200278072037,1,model1,2026-06-15 06:49:36
7b9c460a-580e-404a-b04b-56b29c2dcb76,2025-07-17,3,2025-07-24,KSQ,2.2,2.328203,0.0,0.05827407403425733,0,model1,2026-06-15 06:49:36
7b9c460a-580e-404a-b04b-56b29c2dcb76,2025-07-17,4,2025-07-24,HHG,1.5,1.8876587,-0.16666666666666674,0.048699286248948814,0,model1,2026-06-15 06:49:36
7b9c460a-580e-404a-b04b-56b29c2dcb76,2025-07-17,5,2025-07-24,DLG,2.91,2.8572075,0.058181818181818334,0.03898455879905005,1,model1,2026-06-15 06:49:36
7b9c460a-580e-404a-b04b-56b29c2dcb76,2025-07-17,6,2025-08-04,BTN,2.8,3.1162148,-0.06666666666666676,0.038738250732421875,0,model1,2026-06-15 06:49:36
7b9c460a-580e-404a-b04b-56b29c2dcb76,2025-07-17,7,2025-07-24,DRH,3.53,3.5849006,0.01729106628242061,0.03311256991339695,1,model1,2026-06-15 06:49:36
7b9c460a-580e-404a-b04b-56b29c2dcb76,2025-07-17,8,2025-07-24,KMR,3.16,3.2491395,0.0031746031746031633,0.03147287217397543,1,model1,2026-06-15 06:49:36
7b9c460a-580e-404a-b04b-56b29c2dcb76,2025-07-17,9,2025-07-24,VMG,3.9,3.9153898,0.026315789473684292,0.030365730586804807,1,model1,2026-06-15 06:49:36
7b9c460a-580e-404a-b04b-56b29c2dcb76,2025-07-17,10,2025-07-24,DTI,2.6,2.98197,-0.10344827586206895,0.02826554199744913,0,model1,2026-06-15 06:49:36
7b9c460a-580e-404a-b04b-56b29c2dcb76,2025-07-18,1,2025-08-22,PVH,0.7,0.8833611,0.16666666666666674,0.47226850191752123,1,model1,2026-06-15 06:49:36
7b9c460a-580e-404a-b04b-56b29c2dcb76,2025-07-18,2,2025-08-22,ACM,0.6,0.9158153,-0.1428571428571428,0.3083075625555858,0,model1,2026-06-15 06:49:36
7b9c460a-580e-404a-b04b-56b29c2dcb76,2025-07-18,3,2025-08-22,PXM,0.6,0.9158153,-0.1428571428571428,0.3083075625555858,0,model1,2026-06-15 06:49:36
7b9c460a-580e-404a-b04b-56b29c2dcb76,2025-07-18,4,2025-08-22,G20,0.6,0.8747236,-0.1428571428571428,0.24960516180310943,0,model1,2026-06-15 06:49:36
7b9c460a-580e-404a-b04b-56b29c2dcb76,2025-07-18,5,2025-08-22,PXA,0.8,0.9904914,0.0,0.23811423778533936,0,model1,2026-06-15 06:49:36
7b9c460a-580e-404a-b04b-56b29c2dcb76,2025-07-18,6,2025-08-29,LMH,1.0,1.2126082,0.0,0.2126082181930542,0,model1,2026-06-15 06:49:36
7b9c460a-580e-404a-b04b-56b29c2dcb76,2025-07-18,7,2025-08-22,FTM,0.7,0.9623713,-0.1250000000000001,0.20296411216259003,0,model1,2026-06-15 06:49:36
7b9c460a-580e-404a-b04b-56b29c2dcb76,2025-07-18,8,2025-07-28,NDC,118.0,134.73773,0.01724137931034475,0.1615321718413254,1,model1,2026-06-15 06:49:36
7b9c460a-580e-404a-b04b-56b29c2dcb76,2025-07-18,9,2025-08-22,VKC,0.8,1.0394342,-0.11111111111111105,0.15492688284979916,0,model1,2026-06-15 06:49:36
7b9c460a-580e-404a-b04b-56b29c2dcb76,2025-07-18,10,2025-08-22,HTT,1.4,1.589605,0.0,0.13543212413787842,0,model1,2026-06-15 06:49:36
7b9c460a-580e-404a-b04b-56b29c2dcb76,2025-07-21,1,2025-07-29,NDC,116.0,134.60956,0.0,0.16042722504714435,0,model1,2026-06-15 06:49:36
7b9c460a-580e-404a-b04b-56b29c2dcb76,2025-07-21,2,2025-07-28,HHG,1.6,1.8204765,-0.05882352941176461,0.07086854822495403,0,model1,2026-06-15 06:49:36
7b9c460a-580e-404a-b04b-56b29c2dcb76,2025-07-21,3,2025-07-28,EIN,3.3,3.4892101,0.0,0.05733640266187279,0,model1,2026-06-15 06:49:36
7b9c460a-580e-404a-b04b-56b29c2dcb76,2025-07-21,4,2025-07-28,SSH,91.2,96.436485,-0.0010952902519166807,0.05625942267828421,0,model1,2026-06-15 06:49:36
7b9c460a-580e-404a-b04b-56b29c2dcb76,2025-07-21,5,2025-07-28,PV2,2.8,2.9224887,0.0,0.04374596050807411,0,model1,2026-06-15 06:49:36
7b9c460a-580e-404a-b04b-56b29c2dcb76,2025-07-21,6,2025-07-29,VTA,3.6,3.5441573,0.05882352941176472,0.04239919606377107,1,model1,2026-06-15 06:49:36
7b9c460a-580e-404a-b04b-56b29c2dcb76,2025-07-21,7,2025-07-29,VMG,3.7,3.9269016,-0.02631578947368407,0.03339515234294699,0,model1,2026-06-15 06:49:36
7b9c460a-580e-404a-b04b-56b29c2dcb76,2025-07-21,8,2025-07-28,HID,2.99,3.1362755,-0.016447368421052544,0.03166958219126648,0,model1,2026-06-15 06:49:36
7b9c460a-580e-404a-b04b-56b29c2dcb76,2025-07-21,9,2025-08-04,PRO,5.5,5.153167,0.10000000000000009,0.03063335418701163,1,model1,2026-06-15 06:49:36
7b9c460a-580e-404a-b04b-56b29c2dcb76,2025-07-21,10,2025-07-28,DTI,2.6,2.778916,-0.03703703703703709,0.029228104485405693,0,model1,2026-06-15 06:49:36
7b9c460a-580e-404a-b04b-56b29c2dcb76,2025-07-22,1,2025-08-01,NDC,116.0,134.04245,-0.0017211703958691649,0.15354948322867368,0,model1,2026-06-15 06:49:36
7b9c460a-580e-404a-b04b-56b29c2dcb76,2025-07-22,2,2025-07-29,HHG,1.7,1.7336371,0.0625,0.08352318406105042,1,model1,2026-06-15 06:49:36
7b9c460a-580e-404a-b04b-56b29c2dcb76,2025-07-22,3,2025-07-29,GPC,2.8,2.9447548,0.0,0.051698156765529246,0,model1,2026-06-15 06:49:36
7b9c460a-580e-404a-b04b-56b29c2dcb76,2025-07-22,4,2025-07-29,KSQ,2.2,2.296861,0.0,0.04402769695628761,0,model1,2026-06-15 06:49:36
7b9c460a-580e-404a-b04b-56b29c2dcb76,2025-07-22,5,2025-07-29,PTL,3.28,3.5461037,-0.0381231671554253,0.03991311316616031,0,model1,2026-06-15 06:49:36
7b9c460a-580e-404a-b04b-56b29c2dcb76,2025-07-22,6,2025-07-29,SSH,88.2,96.58124,-0.05364806866952787,0.03627937546103799,0,model1,2026-06-15 06:49:36
7b9c460a-580e-404a-b04b-56b29c2dcb76,2025-07-22,7,2025-07-29,YTC,40.8,41.41242,0.020000000000000018,0.035310459136962846,1,model1,2026-06-15 06:49:36
7b9c460a-580e-404a-b04b-56b29c2dcb76,2025-07-22,8,2025-07-29,DTI,2.6,2.794195,-0.03703703703703709,0.03488701361197011,0,model1,2026-06-15 06:49:36
7b9c460a-580e-404a-b04b-56b29c2dcb76,2025-07-22,9,2025-07-29,PV2,2.7,2.794195,0.0,0.03488701361197011,0,model1,2026-06-15 06:49:36
7b9c460a-580e-404a-b04b-56b29c2dcb76,2025-07-22,10,2025-07-29,DLG,3.32,2.9927046,0.14482758620689662,0.03196711375795558,1,model1,2026-06-15 06:49:36
7b9c460a-580e-404a-b04b-56b29c2dcb76,2025-07-23,1,2025-08-05,NDC,118.0,130.95874,0.015490533562822595,0.12701153385864883,1,model1,2026-06-15 06:49:36
7b9c460a-580e-404a-b04b-56b29c2dcb76,2025-07-23,2,2025-07-30,SSH,90.7,96.8334,-0.003296703296703285,0.06410326276506706,0,model1,2026-06-15 06:49:36
7b9c460a-580e-404a-b04b-56b29c2dcb76,2025-07-23,3,2025-07-30,DTI,2.6,2.7621012,0.0,0.06234660515418411,0,model1,2026-06-15 06:49:36
7b9c460a-580e-404a-b04b-56b29c2dcb76,2025-07-23,4,2025-07-30,HHG,1.7,1.6954892,0.0625,0.05968073010444641,1,model1,2026-06-15 06:49:36
7b9c460a-580e-404a-b04b-56b29c2dcb76,2025-07-23,5,2025-08-04,YTC,35.0,41.595882,-0.1116751269035533,0.05573305623785507,0,model1,2026-06-15 06:49:36
7b9c460a-580e-404a-b04b-56b29c2dcb76,2025-07-23,6,2025-07-30,GPC,2.8,2.935815,0.0,0.04850539139338905,0,model1,2026-06-15 06:49:36
7b9c460a-580e-404a-b04b-56b29c2dcb76,2025-07-23,7,2025-07-30,KSQ,2.2,2.2853408,0.0,0.03879126635464747,0,model1,2026-06-15 06:49:36
7b9c460a-580e-404a-b04b-56b29c2dcb76,2025-07-23,8,2025-07-30,TTF,3.04,3.1631153,-0.003278688524590123,0.037086971470567054,0,model1,2026-06-15 06:49:36
7b9c460a-580e-404a-b04b-56b29c2dcb76,2025-07-23,9,2025-07-30,PV2,2.7,2.794195,0.0,0.03488701361197011,0,model1,2026-06-15 06:49:36
7b9c460a-580e-404a-b04b-56b29c2dcb76,2025-07-23,10,2025-07-30,HID,2.97,3.0987682,-0.009999999999999898,0.03292274475097656,0,model1,2026-06-15 06:49:36
7b9c460a-580e-404a-b04b-56b29c2dcb76,2025-07-24,1,2025-07-31,HHG,1.6,1.6610371,0.06666666666666665,0.10735805829366041,1,model1,2026-06-15 06:49:36
7b9c460a-580e-404a-b04b-56b29c2dcb76,2025-07-24,2,2025-07-31,DTI,2.5,2.7561915,-0.03846153846153855,0.06007365080026483,0,model1,2026-06-15 06:49:36
7b9c460a-580e-404a-b04b-56b29c2dcb76,2025-07-24,3,2025-07-31,SSH,89.0,96.673416,-0.025191675794085433,0.05885450315109875,0,model1,2026-06-15 06:49:36
7b9c460a-580e-404a-b04b-56b29c2dcb76,2025-07-24,4,2025-07-31,GPC,2.8,2.9224887,0.0,0.04374596050807411,0,model1,2026-06-15 06:49:36
7b9c460a-580e-404a-b04b-56b29c2dcb76,2025-07-24,5,2025-07-31,KSQ,2.2,2.2853408,0.0,0.03879126635464747,0,model1,2026-06-15 06:49:36
7b9c460a-580e-404a-b04b-56b29c2dcb76,2025-07-24,6,2025-07-31,TTC,5.31,5.139368,0.07272727272727253,0.03825617318201546,1,model1,2026-06-15 06:49:36
7b9c460a-580e-404a-b04b-56b29c2dcb76,2025-07-24,7,2025-07-31,APP,6.2,6.823373,-0.06060606060606055,0.033844369830507315,0,model1,2026-06-15 06:49:36
7b9c460a-580e-404a-b04b-56b29c2dcb76,2025-07-24,8,2025-07-31,PTL,3.37,3.5756617,-0.026011560693641522,0.03342822521408162,0,model1,2026-06-15 06:49:36
7b9c460a-580e-404a-b04b-56b29c2dcb76,2025-07-24,9,2025-07-31,PV2,2.7,2.8927143,-0.03571428571428559,0.03311223643166694,0,model1,2026-06-15 06:49:36
7b9c460a-580e-404a-b04b-56b29c2dcb76,2025-07-24,10,2025-07-31,HID,2.93,3.0948677,-0.023333333333333317,0.031622568766276116,0,model1,2026-06-15 06:49:36
7b9c460a-580e-404a-b04b-56b29c2dcb76,2025-07-25,1,2025-08-29,PXM,0.7,0.81251496,0.16666666666666674,0.3541916012763977,1,model1,2026-06-15 06:49:36
7b9c460a-580e-404a-b04b-56b29c2dcb76,2025-07-25,2,2025-08-29,PVH,0.7,0.9455697,0.0,0.3508138486317227,0,model1,2026-06-15 06:49:36
7b9c460a-580e-404a-b04b-56b29c2dcb76,2025-07-25,3,2025-08-29,ACM,0.6,0.9326168,-0.1428571428571428,0.33230967181069526,0,model1,2026-06-15 06:49:36
7b9c460a-580e-404a-b04b-56b29c2dcb76,2025-07-25,4,2025-08-29,MPT,0.7,0.9623713,-0.1250000000000001,0.20296411216259003,0,model1,2026-06-15 06:49:36
7b9c460a-580e-404a-b04b-56b29c2dcb76,2025-07-25,5,2025-08-29,PXA,0.8,1.0675541,-0.11111111111111105,0.18617124027676057,0,model1,2026-06-15 06:49:36
7b9c460a-580e-404a-b04b-56b29c2dcb76,2025-07-25,6,2025-08-29,VKC,0.9,1.0675541,0.0,0.18617124027676057,0,model1,2026-06-15 06:49:36
7b9c460a-580e-404a-b04b-56b29c2dcb76,2025-07-25,7,2025-08-07,NDC,128.0,131.18686,0.09401709401709413,0.12125520624666142,1,model1,2026-06-15 06:49:36
7b9c460a-580e-404a-b04b-56b29c2dcb76,2025-07-25,8,2025-08-29,PVR,1.2,1.34147,0.0,0.11789166927337646,0,model1,2026-06-15 06:49:36
7b9c460a-580e-404a-b04b-56b29c2dcb76,2025-07-25,9,2025-08-29,HTT,1.4,1.5517119,0.0,0.10836565494537354,0,model1,2026-06-15 06:49:36
7b9c460a-580e-404a-b04b-56b29c2dcb76,2025-07-25,10,2025-08-29,PXI,1.2,1.4235871,-0.07692307692307698,0.0950669875511756,0,model1,2026-06-15 06:49:36
7b9c460a-580e-404a-b04b-56b29c2dcb76,2025-07-28,1,2025-08-11,NDC,116.1,130.95874,-0.01610169491525426,0.10981983249470328,0,model1,2026-06-15 06:49:36
7b9c460a-580e-404a-b04b-56b29c2dcb76,2025-07-28,2,2025-08-04,HHG,1.6,1.7305903,0.0,0.08161896467208862,0,model1,2026-06-15 06:49:36
7b9c460a-580e-404a-b04b-56b29c2dcb76,2025-07-28,3,2025-08-04,DTI,2.6,2.7409124,0.0,0.0541970913226788,0,model1,2026-06-15 06:49:36
7b9c460a-580e-404a-b04b-56b29c2dcb76,2025-07-28,4,2025-08-04,SSH,91.1,95.551476,-0.0010964912280703176,0.04771354742217482,0,model1,2026-06-15 06:49:36
7b9c460a-580e-404a-b04b-56b29c2dcb76,2025-07-28,5,2025-08-04,PV2,2.7,2.9171276,-0.03571428571428559,0.04183128901890343,0,model1,2026-06-15 06:49:36
7b9c460a-580e-404a-b04b-56b29c2dcb76,2025-07-28,6,2025-08-04,KSQ,2.2,2.2882664,0.0,0.0401211001656272,0,model1,2026-06-15 06:49:36
7b9c460a-580e-404a-b04b-56b29c2dcb76,2025-07-28,7,2025-08-04,HID,3.05,3.101196,0.020066889632106788,0.037189314596628886,1,model1,2026-06-15 06:49:36
7b9c460a-580e-404a-b04b-56b29c2dcb76,2025-07-28,8,2025-08-04,SD2,4.0,4.3481016,-0.04761904761904767,0.03526228950137189,0,model1,2026-06-15 06:49:36
7b9c460a-580e-404a-b04b-56b29c2dcb76,2025-07-28,9,2025-08-08,DPC,9.1,8.981162,0.04597701149425282,0.032317479451497544,1,model1,2026-06-15 06:49:36
7b9c460a-580e-404a-b04b-56b29c2dcb76,2025-07-28,10,2025-08-08,BTN,2.8,3.0948677,-0.06666666666666676,0.031622568766276116,0,model1,2026-06-15 06:49:36
7b9c460a-580e-404a-b04b-56b29c2dcb76,2025-07-29,1,2025-08-12,NDC,116.1,131.18686,0.0008620689655172153,0.13092119940396008,1,model1,2026-06-15 06:49:36
7b9c460a-580e-404a-b04b-56b29c2dcb76,2025-07-29,2,2025-08-05,SSH,91.0,94.79516,0.03174603174603163,0.07477503839263577,1,model1,2026-06-15 06:49:36
7b9c460a-580e-404a-b04b-56b29c2dcb76,2025-07-29,3,2025-08-05,HHG,1.6,1.8174298,-0.05882352941176461,0.06907634174122523,0,model1,2026-06-15 06:49:36
7b9c460a-580e-404a-b04b-56b29c2dcb76,2025-07-29,4,2025-08-05,DRH,3.37,3.4526978,0.033742331288343586,0.059109740462039984,1,model1,2026-06-15 06:49:36
7b9c460a-580e-404a-b04b-56b29c2dcb76,2025-07-29,5,2025-08-05,DTI,2.5,2.751055,-0.03846153846153855,0.05809807777404785,0,model1,2026-06-15 06:49:36
7b9c460a-580e-404a-b04b-56b29c2dcb76,2025-07-29,6,2025-08-11,BTN,2.9,2.9506993,0.03571428571428581,0.05382118906293609,1,model1,2026-06-15 06:49:36
7b9c460a-580e-404a-b04b-56b29c2dcb76,2025-07-29,7,2025-08-05,KSQ,2.2,2.3166828,0.0,0.05303764343261719,0,model1,2026-06-15 06:49:36
7b9c460a-580e-404a-b04b-56b29c2dcb76,2025-07-29,8,2025-08-05,EIN,3.5,3.1568093,0.16666666666666674,0.05226977666219068,1,model1,2026-06-15 06:49:36
7b9c460a-580e-404a-b04b-56b29c2dcb76,2025-07-29,9,2025-08-05,GPC,2.7,2.935815,-0.03571428571428559,0.04850539139338905,0,model1,2026-06-15 06:49:36
7b9c460a-580e-404a-b04b-56b29c2dcb76,2025-07-29,10,2025-08-05,TTF,3.19,3.1371105,0.06333333333333324,0.04570349057515455,1,model1,2026-06-15 06:49:36
7b9c460a-580e-404a-b04b-56b29c2dcb76,2025-07-30,1,2025-08-12,BTN,2.9,2.9447548,0.03571428571428581,0.051698156765529246,1,model1,2026-06-15 06:49:36
7b9c460a-580e-404a-b04b-56b29c2dcb76,2025-07-30,2,2025-08-06,SD2,4.1,4.300218,0.0,0.04883368422345424,0,model1,2026-06-15 06:49:36
7b9c460a-580e-404a-b04b-56b29c2dcb76,2025-07-30,3,2025-08-06,PV2,2.7,2.8186088,0.0,0.04392917067916291,0,model1,2026-06-15 06:49:36
7b9c460a-580e-404a-b04b-56b29c2dcb76,2025-07-30,4,2025-08-06,GPC,2.8,2.9224887,0.0,0.04374596050807411,0,model1,2026-06-15 06:49:36
7b9c460a-580e-404a-b04b-56b29c2dcb76,2025-07-30,5,2025-08-06,HHG,1.7,1.7741567,0.0,0.04362158214344691,0,model1,2026-06-15 06:49:36
7b9c460a-580e-404a-b04b-56b29c2dcb76,2025-07-30,6,2025-08-27,DNH,47.26,41.583344,0.18535239528467518,0.042973250711296096,1,model1,2026-06-15 06:49:36
7b9c460a-580e-404a-b04b-56b29c2dcb76,2025-07-30,7,2025-08-06,DTI,2.5,2.7116036,-0.03846153846153855,0.04292447750384998,0,model1,2026-06-15 06:49:36
7b9c460a-580e-404a-b04b-56b29c2dcb76,2025-07-30,8,2025-08-06,SSH,92.0,94.368286,0.014332965821389099,0.0404441690497519,1,model1,2026-06-15 06:49:36
7b9c460a-580e-404a-b04b-56b29c2dcb76,2025-07-30,9,2025-08-15,SJM,5.5,6.6523705,-0.140625,0.03943288326263428,0,model1,2026-06-15 06:49:36
7b9c460a-580e-404a-b04b-56b29c2dcb76,2025-07-30,10,2025-08-06,PTL,3.32,3.2568352,0.053968253968254,0.033915943569607254,1,model1,2026-06-15 06:49:36
7b9c460a-580e-404a-b04b-56b29c2dcb76,2025-07-31,1,2025-08-07,HHG,1.7,1.7336371,0.0625,0.08352318406105042,1,model1,2026-06-15 06:49:36
7b9c460a-580e-404a-b04b-56b29c2dcb76,2025-07-31,2,2025-08-07,SSH,93.0,94.34735,0.04494382022471921,0.06008259633953661,1,model1,2026-06-15 06:49:36
7b9c460a-580e-404a-b04b-56b29c2dcb76,2025-07-31,3,2025-08-07,DTI,2.5,2.639368,0.0,0.05574722290039058,0,model1,2026-06-15 06:49:36
7b9c460a-580e-404a-b04b-56b29c2dcb76,2025-07-31,4,2025-08-07,KSQ,2.2,2.2989383,0.0,0.04497194290161133,0,model1,2026-06-15 06:49:36
7b9c460a-580e-404a-b04b-56b29c2dcb76,2025-07-31,5,2025-08-07,LHC,94.4,90.893616,0.08505747126436791,0.04475420370869254,1,model1,2026-06-15 06:49:36
7b9c460a-580e-404a-b04b-56b29c2dcb76,2025-07-31,6,2025-08-07,PV2,2.7,2.8186088,0.0,0.04392917067916291,0,model1,2026-06-15 06:49:36
7b9c460a-580e-404a-b04b-56b29c2dcb76,2025-07-31,7,2025-08-07,GPC,2.8,2.9224887,0.0,0.04374596050807411,0,model1,2026-06-15 06:49:36
7b9c460a-580e-404a-b04b-56b29c2dcb76,2025-07-31,8,2025-08-07,TTF,3.22,3.1186426,0.07692307692307687,0.043024270430854994,1,model1,2026-06-15 06:49:36
7b9c460a-580e-404a-b04b-56b29c2dcb76,2025-07-31,9,2025-08-07,HID,2.95,3.038062,0.006825938566553003,0.036881261311293434,1,model1,2026-06-15 06:49:36
7b9c460a-580e-404a-b04b-56b29c2dcb76,2025-07-31,10,2025-08-07,SD2,4.1,4.23504,0.0,0.03293663117943746,0,model1,2026-06-15 06:49:36
7b9c460a-580e-404a-b04b-56b29c2dcb76,2025-08-01,1,2025-09-05,PVH,0.7,0.8765148,0.16666666666666674,0.46085798740386963,1,model1,2026-06-15 06:49:36
7b9c460a-580e-404a-b04b-56b29c2dcb76,2025-08-01,2,2025-09-05,MPT,0.7,0.9623713,0.0,0.37481612818581733,0,model1,2026-06-15 06:49:36
7b9c460a-580e-404a-b04b-56b29c2dcb76,2025-08-01,3,2025-09-05,ACM,0.6,0.95626473,-0.1428571428571428,0.36609247752598373,0,model1,2026-06-15 06:49:36
7b9c460a-580e-404a-b04b-56b29c2dcb76,2025-08-01,4,2025-09-05,G20,0.7,0.80638754,0.16666666666666674,0.34397923946380615,1,model1,2026-06-15 06:49:36
7b9c460a-580e-404a-b04b-56b29c2dcb76,2025-08-01,5,2025-09-05,PXM,0.6,0.80638754,0.0,0.34397923946380615,0,model1,2026-06-15 06:49:36
7b9c460a-580e-404a-b04b-56b29c2dcb76,2025-08-01,6,2025-09-05,PXA,0.8,1.0124317,0.0,0.26553967595100403,0,model1,2026-06-15 06:49:36
7b9c460a-580e-404a-b04b-56b29c2dcb76,2025-08-01,7,2025-09-05,PVR,1.2,1.2778314,0.09090909090909083,0.1616649410941382,1,model1,2026-06-15 06:49:36
7b9c460a-580e-404a-b04b-56b29c2dcb76,2025-08-01,8,2025-08-14,NDC,117.0,131.30821,0.008620689655172376,0.1319673472437366,1,model1,2026-06-15 06:49:36
7b9c460a-580e-404a-b04b-56b29c2dcb76,2025-08-01,9,2025-09-05,HTT,1.5,1.5825647,0.0714285714285714,0.13040336540767128,1,model1,2026-06-15 06:49:36
7b9c460a-580e-404a-b04b-56b29c2dcb76,2025-08-01,10,2025-09-05,PVV,1.4,1.5767211,0.0,0.12622933728354324,0,model1,2026-06-15 06:49:36
7b9c460a-580e-404a-b04b-56b29c2dcb76,2025-08-04,1,2025-08-11,HHG,1.5,1.7336371,-0.0625,0.08352318406105042,0,model1,2026-06-15 06:49:36
7b9c460a-580e-404a-b04b-56b29c2dcb76,2025-08-04,2,2025-08-13,BTN,2.8,2.9447548,0.0,0.051698156765529246,0,model1,2026-06-15 06:49:36
7b9c460a-580e-404a-b04b-56b29c2dcb76,2025-08-04,3,2025-08-11,KSQ,2.1,2.2989383,-0.045454545454545525,0.04497194290161133,0,model1,2026-06-15 06:49:36
7b9c460a-580e-404a-b04b-56b29c2dcb76,2025-08-04,4,2025-08-11,GPC,2.7,2.9224887,-0.03571428571428559,0.04374596050807411,0,model1,2026-06-15 06:49:36
7b9c460a-580e-404a-b04b-56b29c2dcb76,2025-08-04,5,2025-08-11,DTI,2.5,2.7116036,-0.03846153846153855,0.04292447750384998,0,model1,2026-06-15 06:49:36
7b9c460a-580e-404a-b04b-56b29c2dcb76,2025-08-04,6,2025-08-11,SSH,95.0,94.76667,0.04281009879253572,0.0402488499127418,1,model1,2026-06-15 06:49:36
7b9c460a-580e-404a-b04b-56b29c2dcb76,2025-08-04,7,2025-08-11,PV2,2.8,2.7888339,0.03703703703703698,0.032901428363941276,1,model1,2026-06-15 06:49:36
7b9c460a-580e-404a-b04b-56b29c2dcb76,2025-08-04,8,2025-08-11,VTA,3.5,3.6959002,-0.02777777777777779,0.026638944943745857,0,model1,2026-06-15 06:49:36
7b9c460a-580e-404a-b04b-56b29c2dcb76,2025-08-04,9,2025-08-19,VIE,4.9,4.720279,0.0652173913043479,0.02614765581877343,1,model1,2026-06-15 06:49:36
7b9c460a-580e-404a-b04b-56b29c2dcb76,2025-08-04,10,2025-08-11,SD2,4.1,4.102226,0.02499999999999991,0.025556445121765137,1,model1,2026-06-15 06:49:36
7b9c460a-580e-404a-b04b-56b29c2dcb76,2025-08-05,1,2025-08-15,NDC,117.0,130.8605,-0.008474576271186418,0.10898732330839511,0,model1,2026-06-15 06:49:36
7b9c460a-580e-404a-b04b-56b29c2dcb76,2025-08-05,2,2025-08-12,HHG,1.7,1.7336371,0.0625,0.08352318406105042,1,model1,2026-06-15 06:49:36
7b9c460a-580e-404a-b04b-56b29c2dcb76,2025-08-05,3,2025-08-12,PV2,2.8,2.7621012,0.07692307692307687,0.06234660515418411,1,model1,2026-06-15 06:49:36
7b9c460a-580e-404a-b04b-56b29c2dcb76,2025-08-05,4,2025-08-12,DTI,2.5,2.639368,0.0,0.05574722290039058,0,model1,2026-06-15 06:49:36
7b9c460a-580e-404a-b04b-56b29c2dcb76,2025-08-05,5,2025-08-14,BTN,2.9,2.935815,0.03571428571428581,0.04850539139338905,1,model1,2026-06-15 06:49:36
7b9c460a-580e-404a-b04b-56b29c2dcb76,2025-08-05,6,2025-08-12,GPC,2.9,2.8239698,0.07407407407407396,0.04591475592719174,1,model1,2026-06-15 06:49:36
7b9c460a-580e-404a-b04b-56b29c2dcb76,2025-08-05,7,2025-08-12,KSQ,2.2,2.2989383,0.0,0.04497194290161133,0,model1,2026-06-15 06:49:36
7b9c460a-580e-404a-b04b-56b29c2dcb76,2025-08-05,8,2025-08-12,DRH,3.49,3.5207856,0.035608308605341366,0.04474349262452626,1,model1,2026-06-15 06:49:36
7b9c460a-580e-404a-b04b-56b29c2dcb76,2025-08-05,9,2025-08-12,SSH,96.0,94.76667,0.05494505494505497,0.041391980517041516,1,model1,2026-06-15 06:49:36
7b9c460a-580e-404a-b04b-56b29c2dcb76,2025-08-05,10,2025-08-15,HAV,3.8,3.7365232,0.05555555555555558,0.03792309761047363,1,model1,2026-06-15 06:49:36
7b9c460a-580e-404a-b04b-56b29c2dcb76,2025-08-06,1,2025-08-13,DTI,2.7,2.6363335,0.08000000000000007,0.05453338623046866,1,model1,2026-06-15 06:49:36
7b9c460a-580e-404a-b04b-56b29c2dcb76,2025-08-06,2,2025-08-13,KSQ,2.2,2.2989383,0.0,0.04497194290161133,0,model1,2026-06-15 06:49:36
7b9c460a-580e-404a-b04b-56b29c2dcb76,2025-08-06,3,2025-08-13,GPC,2.8,2.9224887,0.0,0.04374596050807411,0,model1,2026-06-15 06:49:36
7b9c460a-580e-404a-b04b-56b29c2dcb76,2025-08-06,4,2025-08-13,HHG,1.6,1.7741567,-0.05882352941176461,0.04362158214344691,0,model1,2026-06-15 06:49:36
7b9c460a-580e-404a-b04b-56b29c2dcb76,2025-08-06,5,2025-08-13,HID,3.01,3.0987682,0.006688963210702115,0.036377335870545036,1,model1,2026-06-15 06:49:36
7b9c460a-580e-404a-b04b-56b29c2dcb76,2025-08-06,6,2025-08-13,HU3,3.7,4.041868,-0.05128205128205121,0.03637646406124806,0,model1,2026-06-15 06:49:36
7b9c460a-580e-404a-b04b-56b29c2dcb76,2025-08-06,7,2025-08-13,DLG,3.5,3.3962355,0.06707317073170738,0.03543764207421285,1,model1,2026-06-15 06:49:36
7b9c460a-580e-404a-b04b-56b29c2dcb76,2025-08-06,8,2025-08-13,PV2,2.7,2.7888339,0.0,0.032901428363941276,0,model1,2026-06-15 06:49:36
7b9c460a-580e-404a-b04b-56b29c2dcb76,2025-08-06,9,2025-08-13,E12,6.8,6.6992126,0.04615384615384621,0.03064808478722214,1,model1,2026-06-15 06:49:36
7b9c460a-580e-404a-b04b-56b29c2dcb76,2025-08-06,10,2025-08-13,TTF,3.4,3.363265,0.039755351681957096,0.02852141820691778,1,model1,2026-06-15 06:49:36
7b9c460a-580e-404a-b04b-56b29c2dcb76,2025-08-07,1,2025-08-14,HHG,1.6,1.8127849,-0.05882352941176461,0.06634406482472133,0,model1,2026-06-15 06:49:36
7b9c460a-580e-404a-b04b-56b29c2dcb76,2025-08-07,2,2025-08-14,DTI,2.7,2.6363335,0.08000000000000007,0.05453338623046866,1,model1,2026-06-15 06:49:36
7b9c460a-580e-404a-b04b-56b29c2dcb76,2025-08-07,3,2025-08-14,KSQ,2.2,2.2989383,0.0,0.04497194290161133,0,model1,2026-06-15 06:49:36
7b9c460a-580e-404a-b04b-56b29c2dcb76,2025-08-07,4,2025-08-14,GPC,2.8,2.9224887,0.0,0.04374596050807411,0,model1,2026-06-15 06:49:36
7b9c460a-580e-404a-b04b-56b29c2dcb76,2025-08-07,5,2025-08-14,HID,2.99,3.0591638,0.013559322033898313,0.0370046809568243,1,model1,2026-06-15 06:49:36
7b9c460a-580e-404a-b04b-56b29c2dcb76,2025-08-07,6,2025-08-14,PV2,2.7,2.7888339,0.0,0.032901428363941276,0,model1,2026-06-15 06:49:36
7b9c460a-580e-404a-b04b-56b29c2dcb76,2025-08-07,7,2025-08-18,NDC,117.0,131.7315,-0.0859375,0.029152393341064453,0,model1,2026-06-15 06:49:36
7b9c460a-580e-404a-b04b-56b29c2dcb76,2025-08-07,8,2025-08-14,DBD,55.0,56.35811,0.0018214936247722413,0.026559353743311753,1,model1,2026-06-15 06:49:36
7b9c460a-580e-404a-b04b-56b29c2dcb76,2025-08-07,9,2025-08-14,SD2,4.2,4.207506,0.024390243902439046,0.02622101946574884,1,model1,2026-06-15 06:49:36
7b9c460a-580e-404a-b04b-56b29c2dcb76,2025-08-07,10,2025-08-14,VMG,3.8,3.7960691,0.027027027027026973,0.02596463383855041,1,model1,2026-06-15 06:49:36
7b9c460a-580e-404a-b04b-56b29c2dcb76,2025-08-08,1,2025-09-12,MPT,0.6,0.90016276,0.0,0.5002712607383728,0,model1,2026-06-15 06:49:36
7b9c460a-580e-404a-b04b-56b29c2dcb76,2025-08-08,2,2025-09-12,ACM,0.7,0.87725455,0.16666666666666674,0.4620909094810486,1,model1,2026-06-15 06:49:36
7b9c460a-580e-404a-b04b-56b29c2dcb76,2025-08-08,3,2025-09-12,PXM,0.6,0.80638754,0.0,0.34397923946380615,0,model1,2026-06-15 06:49:36
7b9c460a-580e-404a-b04b-56b29c2dcb76,2025-08-08,4,2025-09-12,PVH,0.7,0.92192185,0.0,0.3170312132154194,0,model1,2026-06-15 06:49:36
7b9c460a-580e-404a-b04b-56b29c2dcb76,2025-08-08,5,2025-09-12,G20,0.6,0.8747236,-0.1428571428571428,0.24960516180310943,0,model1,2026-06-15 06:49:36
7b9c460a-580e-404a-b04b-56b29c2dcb76,2025-08-08,6,2025-09-12,PXA,0.9,0.984312,0.125,0.23038999736309052,1,model1,2026-06-15 06:49:36
7b9c460a-580e-404a-b04b-56b29c2dcb76,2025-08-08,7,2025-09-12,FTM,0.7,0.9623713,-0.1250000000000001,0.20296411216259003,0,model1,2026-06-15 06:49:36
7b9c460a-580e-404a-b04b-56b29c2dcb76,2025-08-08,8,2025-09-12,JOS,1.0,1.0675541,0.11111111111111116,0.18617124027676057,1,model1,2026-06-15 06:49:36
7b9c460a-580e-404a-b04b-56b29c2dcb76,2025-08-08,9,2025-09-12,PVV,1.4,1.6933417,-0.06666666666666676,0.1288944880167644,0,model1,2026-06-15 06:49:36
7b9c460a-580e-404a-b04b-56b29c2dcb76,2025-08-08,10,2025-09-12,PVR,1.3,1.34147,0.08333333333333348,0.11789166927337646,1,model1,2026-06-15 06:49:36
7b9c460a-580e-404a-b04b-56b29c2dcb76,2025-08-11,1,2025-08-20,NDC,117.2,132.26292,0.009474590869939847,0.1392155400028936,1,model1,2026-06-15 06:49:36
7b9c460a-580e-404a-b04b-56b29c2dcb76,2025-08-11,2,2025-08-18,HHG,1.7,1.7022321,0.1333333333333333,0.13482141494750977,1,model1,2026-06-15 06:49:36
7b9c460a-580e-404a-b04b-56b29c2dcb76,2025-08-11,3,2025-08-18,KSQ,2.1,2.2449589,0.0,0.06902803693498871,0,model1,2026-06-15 06:49:36
7b9c460a-580e-404a-b04b-56b29c2dcb76,2025-08-11,4,2025-08-18,GPC,2.8,2.8186088,0.03703703703703698,0.04392917067916291,1,model1,2026-06-15 06:49:36
7b9c460a-580e-404a-b04b-56b29c2dcb76,2025-08-11,5,2025-08-18,PV2,3.1,2.9171276,0.1071428571428572,0.04183128901890343,1,model1,2026-06-15 06:49:36
7b9c460a-580e-404a-b04b-56b29c2dcb76,2025-08-11,6,2025-08-21,HAV,3.7,3.6389625,0.05714285714285716,0.03970357349940712,1,model1,2026-06-15 06:49:36
7b9c460a-580e-404a-b04b-56b29c2dcb76,2025-08-11,7,2025-08-18,HID,2.99,3.1272013,-0.009933774834437026,0.035497125410875796,0,model1,2026-06-15 06:49:36
7b9c460a-580e-404a-b04b-56b29c2dcb76,2025-08-11,8,2025-08-18,TTF,3.24,3.5055444,-0.04705882352941171,0.03104247766382562,0,model1,2026-06-15 06:49:36
7b9c460a-580e-404a-b04b-56b29c2dcb76,2025-08-11,9,2025-08-18,HU3,3.7,3.8050497,0.0,0.028391799411258134,0,model1,2026-06-15 06:49:36
7b9c460a-580e-404a-b04b-56b29c2dcb76,2025-08-11,10,2025-08-18,FCM,4.02,4.1490746,-0.004950495049505066,0.026998652089940345,0,model1,2026-06-15 06:49:36
7b9c460a-580e-404a-b04b-56b29c2dcb76,2025-08-12,1,2025-08-21,NDC,117.0,132.26292,0.007751937984496138,0.1392155400028936,1,model1,2026-06-15 06:49:36
7b9c460a-580e-404a-b04b-56b29c2dcb76,2025-08-12,2,2025-08-19,KSQ,2.2,2.2989383,0.0,0.04497194290161133,0,model1,2026-06-15 06:49:36
7b9c460a-580e-404a-b04b-56b29c2dcb76,2025-08-12,3,2025-08-19,PV2,3.2,2.9224887,0.14285714285714302,0.04374596050807411,1,model1,2026-06-15 06:49:36
7b9c460a-580e-404a-b04b-56b29c2dcb76,2025-08-12,4,2025-08-19,HHG,1.6,1.7741567,-0.05882352941176461,0.04362158214344691,0,model1,2026-06-15 06:49:36
7b9c460a-580e-404a-b04b-56b29c2dcb76,2025-08-12,5,2025-08-19,HID,2.98,3.1186426,-0.009966777408637828,0.03609387660739438,0,model1,2026-06-15 06:49:36
7b9c460a-580e-404a-b04b-56b29c2dcb76,2025-08-12,6,2025-08-19,BTN,2.9,2.9987214,0.0,0.034041848675958164,0,model1,2026-06-15 06:49:36
7b9c460a-580e-404a-b04b-56b29c2dcb76,2025-08-12,7,2025-08-19,VTA,3.2,3.4095397,-0.030303030303030165,0.0331938483498313,0,model1,2026-06-15 06:49:36
7b9c460a-580e-404a-b04b-56b29c2dcb76,2025-08-12,8,2025-08-19,TTF,3.46,3.5055444,0.01764705882352935,0.03104247766382562,1,model1,2026-06-15 06:49:36
7b9c460a-580e-404a-b04b-56b29c2dcb76,2025-08-12,9,2025-08-19,HU3,3.7,3.8050497,0.0,0.028391799411258134,0,model1,2026-06-15 06:49:36
7b9c460a-580e-404a-b04b-56b29c2dcb76,2025-08-12,10,2025-08-19,DRH,3.58,3.5837114,0.025787965616045794,0.026851399921756114,1,model1,2026-06-15 06:49:36
7b9c460a-580e-404a-b04b-56b29c2dcb76,2025-08-13,1,2025-08-20,HHG,1.6,1.7722651,0.0,0.10766567289829254,0,model1,2026-06-15 06:49:36
7b9c460a-580e-404a-b04b-56b29c2dcb76,2025-08-13,2,2025-08-20,BTN,2.9,2.935815,0.03571428571428581,0.04850539139338905,1,model1,2026-06-15 06:49:36
7b9c460a-580e-404a-b04b-56b29c2dcb76,2025-08-13,3,2025-08-20,PV2,3.2,2.8239698,0.18518518518518512,0.04591475592719174,1,model1,2026-06-15 06:49:36
7b9c460a-580e-404a-b04b-56b29c2dcb76,2025-08-13,4,2025-08-20,KSQ,2.1,2.2989383,-0.045454545454545525,0.04497194290161133,0,model1,2026-06-15 06:49:36
7b9c460a-580e-404a-b04b-56b29c2dcb76,2025-08-13,5,2025-08-20,GPC,3.1,2.9224887,0.1071428571428572,0.04374596050807411,1,model1,2026-06-15 06:49:36
7b9c460a-580e-404a-b04b-56b29c2dcb76,2025-08-13,6,2025-08-21,TRC,71.3,69.61685,0.059435364041604766,0.03442573263953386,1,model1,2026-06-15 06:49:36
7b9c460a-580e-404a-b04b-56b29c2dcb76,2025-08-13,7,2026-03-17,BLN,6.9,8.241997,-0.13425345043914672,0.03412757404475775,0,model1,2026-06-15 06:49:36
7b9c460a-580e-404a-b04b-56b29c2dcb76,2025-08-13,8,2025-08-20,HID,2.95,3.101196,-0.019933554817275656,0.03029769124382753,0,model1,2026-06-15 06:49:36
7b9c460a-580e-404a-b04b-56b29c2dcb76,2025-08-13,9,2025-08-20,KMR,3.18,3.2723296,0.0,0.029034455617268806,0,model1,2026-06-15 06:49:36
7b9c460a-580e-404a-b04b-56b29c2dcb76,2025-08-13,10,2025-08-20,HU3,3.6,3.8050497,-0.027027027027027084,0.028391799411258134,0,model1,2026-06-15 06:49:36
7b9c460a-580e-404a-b04b-56b29c2dcb76,2025-08-14,1,2025-08-22,NDC,117.0,131.63203,0.0,0.12506012223724627,0,model1,2026-06-15 06:49:36
7b9c460a-580e-404a-b04b-56b29c2dcb76,2025-08-14,2,2025-08-21,HHG,1.6,1.7692183,0.0,0.10576145350933075,0,model1,2026-06-15 06:49:36
7b9c460a-580e-404a-b04b-56b29c2dcb76,2025-08-14,3,2025-08-21,KSQ,2.2,2.333206,0.0,0.060548153790560555,0,model1,2026-06-15 06:49:36
7b9c460a-580e-404a-b04b-56b29c2dcb76,2025-08-14,4,2025-08-21,GPC,3.0,2.935815,0.0714285714285714,0.04850539139338905,1,model1,2026-06-15 06:49:36
7b9c460a-580e-404a-b04b-56b29c2dcb76,2025-08-14,5,2025-08-21,PV2,3.2,2.8239698,0.18518518518518512,0.04591475592719174,1,model1,2026-06-15 06:49:36
7b9c460a-580e-404a-b04b-56b29c2dcb76,2025-08-14,6,2025-08-21,HID,2.99,3.1186426,0.0,0.043024270430854994,0,model1,2026-06-15 06:49:36
7b9c460a-580e-404a-b04b-56b29c2dcb76,2025-08-14,7,2025-08-25,SZG,38.0,36.502598,0.08262108262108248,0.039960051533842966,1,model1,2026-06-15 06:49:36
7b9c460a-580e-404a-b04b-56b29c2dcb76,2025-08-14,8,2025-08-25,DPC,8.0,8.510326,-0.024390243902438935,0.03784468115829842,0,model1,2026-06-15 06:49:36
7b9c460a-580e-404a-b04b-56b29c2dcb76,2025-08-14,9,2025-08-21,MCG,3.3,3.6277933,-0.05714285714285716,0.03651237487792969,0,model1,2026-06-15 06:49:36
7b9c460a-580e-404a-b04b-56b29c2dcb76,2025-08-14,10,2025-08-21,SJM,5.5,6.010892,-0.051724137931034475,0.036360674890978606,0,model1,2026-06-15 06:49:36
7b9c460a-580e-404a-b04b-56b29c2dcb76,2025-08-15,1,2025-09-19,MPT,0.6,0.8772337,0.0,0.4620561401049297,0,model1,2026-06-15 06:49:36
7b9c460a-580e-404a-b04b-56b29c2dcb76,2025-08-15,2,2025-09-19,PVH,0.7,0.8765148,0.16666666666666674,0.46085798740386963,1,model1,2026-06-15 06:49:36
7b9c460a-580e-404a-b04b-56b29c2dcb76,2025-08-15,3,2025-09-19,ACM,0.7,0.8293165,0.16666666666666674,0.3821941614151001,1,model1,2026-06-15 06:49:36
7b9c460a-580e-404a-b04b-56b29c2dcb76,2025-08-15,4,2025-09-19,FTM,0.8,0.9623713,0.14285714285714302,0.37481612818581733,1,model1,2026-06-15 06:49:36
7b9c460a-580e-404a-b04b-56b29c2dcb76,2025-08-15,5,2025-09-19,G20,0.7,0.9326168,0.0,0.33230967181069526,0,model1,2026-06-15 06:49:36
7b9c460a-580e-404a-b04b-56b29c2dcb76,2025-08-15,6,2025-09-19,LMH,1.0,1.1362871,0.11111111111111116,0.26254121462504076,1,model1,2026-06-15 06:49:36
7b9c460a-580e-404a-b04b-56b29c2dcb76,2025-08-15,7,2025-09-19,PXM,0.7,0.8747236,0.0,0.24960516180310943,0,model1,2026-06-15 06:49:36
7b9c460a-580e-404a-b04b-56b29c2dcb76,2025-08-15,8,2025-09-19,PXA,0.8,0.984312,0.0,0.23038999736309052,0,model1,2026-06-15 06:49:36
7b9c460a-580e-404a-b04b-56b29c2dcb76,2025-08-15,9,2025-09-19,JOS,1.0,1.0675541,0.11111111111111116,0.18617124027676057,1,model1,2026-06-15 06:49:36
7b9c460a-580e-404a-b04b-56b29c2dcb76,2025-08-15,10,2025-09-19,PXI,1.2,1.3679011,0.0,0.13991757233937596,0,model1,2026-06-15 06:49:36
7b9c460a-580e-404a-b04b-56b29c2dcb76,2025-08-18,1,2025-08-27,NDC,122.0,130.26721,0.042735042735042805,0.11339497362446571,1,model1,2026-06-15 06:49:36
7b9c460a-580e-404a-b04b-56b29c2dcb76,2025-08-18,2,2025-08-25,KSQ,2.1,2.2478845,0.0,0.07042119616553899,0,model1,2026-06-15 06:49:36
7b9c460a-580e-404a-b04b-56b29c2dcb76,2025-08-18,3,2025-08-25,HHG,1.5,1.8127849,-0.11764705882352944,0.06634406482472133,0,model1,2026-06-15 06:49:36
7b9c460a-580e-404a-b04b-56b29c2dcb76,2025-08-18,4,2025-08-26,TBR,6.81,6.746265,0.059097978227060644,0.04918583740898841,1,model1,2026-06-15 06:49:36
7b9c460a-580e-404a-b04b-56b29c2dcb76,2025-08-18,5,2025-08-25,BTN,2.8,2.935815,0.0,0.04850539139338905,0,model1,2026-06-15 06:49:36
7b9c460a-580e-404a-b04b-56b29c2dcb76,2025-08-18,6,2025-08-25,TTF,3.0,3.3836882,-0.07407407407407418,0.04434821340772843,0,model1,2026-06-15 06:49:36
7b9c460a-580e-404a-b04b-56b29c2dcb76,2025-08-18,7,2025-08-25,GPC,2.8,2.9224887,0.0,0.04374596050807411,0,model1,2026-06-15 06:49:36
7b9c460a-580e-404a-b04b-56b29c2dcb76,2025-08-18,8,2025-08-25,MCG,3.0,3.322363,-0.0625,0.03823840618133545,0,model1,2026-06-15 06:49:36
7b9c460a-580e-404a-b04b-56b29c2dcb76,2025-08-18,9,2025-08-25,DRH,3.11,3.4749331,-0.07164179104477619,0.03729347684490136,0,model1,2026-06-15 06:49:36
7b9c460a-580e-404a-b04b-56b29c2dcb76,2025-08-18,10,2025-08-25,HID,2.93,3.0948677,-0.02006688963210701,0.0350728114711798,0,model1,2026-06-15 06:49:36
7b9c460a-580e-404a-b04b-56b29c2dcb76,2025-08-19,1,2025-08-26,HHG,1.6,1.7722651,0.0,0.10766567289829254,0,model1,2026-06-15 06:49:36
7b9c460a-580e-404a-b04b-56b29c2dcb76,2025-08-19,2,2025-08-26,KSQ,2.1,2.2989383,-0.045454545454545525,0.04497194290161133,0,model1,2026-06-15 06:49:36
7b9c460a-580e-404a-b04b-56b29c2dcb76,2025-08-19,3,2025-08-26,GPC,2.8,2.9224887,0.0,0.04374596050807411,0,model1,2026-06-15 06:49:36
7b9c460a-580e-404a-b04b-56b29c2dcb76,2025-08-19,4,2025-08-26,VEF,134.65,137.33446,0.01860957712383704,0.03891714499932619,1,model1,2026-06-15 06:49:36
7b9c460a-580e-404a-b04b-56b29c2dcb76,2025-08-19,5,2025-08-26,DLG,3.07,3.3604972,-0.05246913580246926,0.03719050501599708,0,model1,2026-06-15 06:49:36
7b9c460a-580e-404a-b04b-56b29c2dcb76,2025-08-19,6,2025-08-26,MCG,3.2,3.5261416,-0.05882352941176461,0.0371004833894617,0,model1,2026-06-15 06:49:36
7b9c460a-580e-404a-b04b-56b29c2dcb76,2025-08-19,7,2025-08-26,BTN,3.2,2.9987214,0.10344827586206895,0.034041848675958164,1,model1,2026-06-15 06:49:36
7b9c460a-580e-404a-b04b-56b29c2dcb76,2025-08-19,8,2025-08-28,TBR,6.52,6.841057,-0.015105740181268978,0.03339226944569007,0,model1,2026-06-15 06:49:36
7b9c460a-580e-404a-b04b-56b29c2dcb76,2025-08-19,9,2025-08-26,CTR,84.37,92.70708,-0.06297201243891604,0.02962102428217661,0,model1,2026-06-15 06:49:36
7b9c460a-580e-404a-b04b-56b29c2dcb76,2025-08-19,10,2025-08-26,VTA,2.8,3.2940838,-0.1250000000000001,0.029401198029518127,0,model1,2026-06-15 06:49:36
7b9c460a-580e-404a-b04b-56b29c2dcb76,2025-08-20,1,2025-09-04,NDC,123.0,130.26721,0.04948805460750849,0.11149498220189846,1,model1,2026-06-15 06:49:36
7b9c460a-580e-404a-b04b-56b29c2dcb76,2025-08-20,2,2025-08-27,HHG,1.6,1.7336371,0.0,0.08352318406105042,0,model1,2026-06-15 06:49:36
7b9c460a-580e-404a-b04b-56b29c2dcb76,2025-08-20,3,2025-08-27,KSQ,2.1,2.2449589,0.0,0.06902803693498871,0,model1,2026-06-15 06:49:36
7b9c460a-580e-404a-b04b-56b29c2dcb76,2025-08-20,4,2025-08-27,VEF,139.58,136.11555,0.0828549262994569,0.05597792714949801,1,model1,2026-06-15 06:49:36
7b9c460a-580e-404a-b04b-56b29c2dcb76,2025-08-20,5,2025-08-27,CTR,86.23,91.09857,-0.01776967763982229,0.03768734226385395,0,model1,2026-06-15 06:49:36
7b9c460a-580e-404a-b04b-56b29c2dcb76,2025-08-20,6,2025-08-27,BTN,3.0,2.9987214,0.034482758620689724,0.034041848675958164,1,model1,2026-06-15 06:49:36
7b9c460a-580e-404a-b04b-56b29c2dcb76,2025-08-20,7,2025-08-27,HID,2.93,3.0504074,-0.006779661016949157,0.03403641005693858,0,model1,2026-06-15 06:49:36
7b9c460a-580e-404a-b04b-56b29c2dcb76,2025-08-20,8,2025-08-27,VE9,4.7,4.639936,0.04444444444444451,0.03109688229031038,1,model1,2026-06-15 06:49:36
7b9c460a-580e-404a-b04b-56b29c2dcb76,2025-08-20,9,2025-08-27,DLG,3.01,3.1963232,-0.02903225806451626,0.031071985921552026,0,model1,2026-06-15 06:49:36
7b9c460a-580e-404a-b04b-56b29c2dcb76,2025-08-20,10,2025-08-27,DRH,3.21,3.5229743,-0.06140350877192979,0.030109430614270627,0,model1,2026-06-15 06:49:36
7b9c460a-580e-404a-b04b-56b29c2dcb76,2025-08-21,1,2025-09-05,NDC,125.0,130.26721,0.06837606837606836,0.11339497362446571,1,model1,2026-06-15 06:49:36
7b9c460a-580e-404a-b04b-56b29c2dcb76,2025-08-21,2,2025-08-28,HHG,1.6,1.7336371,0.0,0.08352318406105042,0,model1,2026-06-15 06:49:36
7b9c460a-580e-404a-b04b-56b29c2dcb76,2025-08-21,3,2025-08-28,VEF,138.76,136.29306,0.08686457272656067,0.0675417897919195,1,model1,2026-06-15 06:49:36
7b9c460a-580e-404a-b04b-56b29c2dcb76,2025-08-21,4,2025-08-28,DLG,3.0,3.107081,0.013513513513513598,0.04968950555131246,1,model1,2026-06-15 06:49:36
7b9c460a-580e-404a-b04b-56b29c2dcb76,2025-08-21,5,2025-08-28,KSQ,2.1,2.2989383,-0.045454545454545525,0.04497194290161133,0,model1,2026-06-15 06:49:36
7b9c460a-580e-404a-b04b-56b29c2dcb76,2025-08-21,6,2025-08-28,CTR,86.13,91.044785,-0.015657142857142925,0.040511823381696344,0,model1,2026-06-15 06:49:36
7b9c460a-580e-404a-b04b-56b29c2dcb76,2025-08-21,7,2025-08-28,GPC,2.8,3.1102703,-0.06666666666666676,0.03675675392150879,0,model1,2026-06-15 06:49:36
7b9c460a-580e-404a-b04b-56b29c2dcb76,2025-08-21,8,2025-08-28,HID,2.92,3.09244,-0.02341137123745829,0.03426083274509595,0,model1,2026-06-15 06:49:36
7b9c460a-580e-404a-b04b-56b29c2dcb76,2025-08-21,9,2025-08-28,BTN,3.1,2.9987214,0.06896551724137945,0.034041848675958164,1,model1,2026-06-15 06:49:36
7b9c460a-580e-404a-b04b-56b29c2dcb76,2025-08-21,10,2025-08-28,DTI,3.0,3.2040188,-0.032258064516129115,0.03355446169453269,0,model1,2026-06-15 06:49:36
7b9c460a-580e-404a-b04b-56b29c2dcb76,2025-08-22,1,2025-09-26,MPT,0.6,0.8597133,0.0,0.43285552660624194,0,model1,2026-06-15 06:49:36
7b9c460a-580e-404a-b04b-56b29c2dcb76,2025-08-22,2,2025-09-26,G20,0.7,0.85360676,0.16666666666666674,0.4226779341697693,1,model1,2026-06-15 06:49:36
7b9c460a-580e-404a-b04b-56b29c2dcb76,2025-08-22,3,2025-09-26,FTM,0.7,0.9623713,0.0,0.37481612818581733,0,model1,2026-06-15 06:49:36
7b9c460a-580e-404a-b04b-56b29c2dcb76,2025-08-22,4,2025-09-26,ACM,0.6,0.81251496,0.0,0.3541916012763977,0,model1,2026-06-15 06:49:36
7b9c460a-580e-404a-b04b-56b29c2dcb76,2025-08-22,5,2025-09-26,PXM,0.7,0.80638754,0.16666666666666674,0.34397923946380615,1,model1,2026-06-15 06:49:36
7b9c460a-580e-404a-b04b-56b29c2dcb76,2025-08-22,6,2025-09-26,PVH,0.7,0.92192185,0.0,0.3170312132154194,0,model1,2026-06-15 06:49:36
7b9c460a-580e-404a-b04b-56b29c2dcb76,2025-08-22,7,2025-09-26,PXA,0.8,1.0124317,0.0,0.26553967595100403,0,model1,2026-06-15 06:49:36
7b9c460a-580e-404a-b04b-56b29c2dcb76,2025-08-22,8,2025-09-26,LMH,1.0,1.0878532,0.11111111111111116,0.20872577031453443,1,model1,2026-06-15 06:49:36
7b9c460a-580e-404a-b04b-56b29c2dcb76,2025-08-22,9,2025-09-26,JOS,1.0,1.152747,0.0,0.1527470350265503,0,model1,2026-06-15 06:49:36
7b9c460a-580e-404a-b04b-56b29c2dcb76,2025-08-22,10,2025-09-26,PXI,1.3,1.3679011,0.08333333333333348,0.13991757233937596,1,model1,2026-06-15 06:49:36
7b9c460a-580e-404a-b04b-56b29c2dcb76,2025-08-25,1,2025-09-03,HHG,1.6,1.6610371,0.06666666666666665,0.10735805829366041,1,model1,2026-06-15 06:49:36
7b9c460a-580e-404a-b04b-56b29c2dcb76,2025-08-25,2,2025-09-03,TTF,3.16,3.1716814,0.053333333333333455,0.057227134704589844,1,model1,2026-06-15 06:49:36
7b9c460a-580e-404a-b04b-56b29c2dcb76,2025-08-25,3,2025-09-03,KSQ,2.1,2.2089057,0.0,0.05185985565185547,0,model1,2026-06-15 06:49:36
7b9c460a-580e-404a-b04b-56b29c2dcb76,2025-08-25,4,2025-09-03,MCG,2.8,3.1507864,-0.06666666666666676,0.05026213328043627,0,model1,2026-06-15 06:49:36
7b9c460a-580e-404a-b04b-56b29c2dcb76,2025-08-25,5,2025-09-03,GPC,2.8,2.9314284,0.0,0.046938725880214305,0,model1,2026-06-15 06:49:36
7b9c460a-580e-404a-b04b-56b29c2dcb76,2025-08-25,6,2025-09-03,DTI,2.8,3.0287323,-0.034482758620689724,0.0443904482085129,0,model1,2026-06-15 06:49:36
7b9c460a-580e-404a-b04b-56b29c2dcb76,2025-08-25,7,2025-09-03,HID,2.98,3.0504074,0.017064846416382284,0.04109467906756614,1,model1,2026-06-15 06:49:36
7b9c460a-580e-404a-b04b-56b29c2dcb76,2025-08-25,8,2025-09-03,DRH,3.38,3.2352254,0.08681672025723475,0.040265414492493656,1,model1,2026-06-15 06:49:36
7b9c460a-580e-404a-b04b-56b29c2dcb76,2025-08-25,9,2025-09-03,DLG,3.15,3.0776312,0.06418918918918926,0.03974028213604086,1,model1,2026-06-15 06:49:36
7b9c460a-580e-404a-b04b-56b29c2dcb76,2025-08-25,10,2025-09-03,PV2,3.1,3.1153438,0.03333333333333344,0.0384479363759358,1,model1,2026-06-15 06:49:36
7b9c460a-580e-404a-b04b-56b29c2dcb76,2025-08-26,1,2025-09-09,NDC,128.0,130.6318,0.06755629691409504,0.08950630041636254,1,model1,2026-06-15 06:49:36
7b9c460a-580e-404a-b04b-56b29c2dcb76,2025-08-26,2,2025-09-04,CTR,89.65,89.511345,0.0625814863102998,0.06093806933350665,1,model1,2026-06-15 06:49:36
7b9c460a-580e-404a-b04b-56b29c2dcb76,2025-08-26,3,2025-09-04,HHG,1.5,1.6924424,-0.0625,0.05777651071548462,0,model1,2026-06-15 06:49:36
7b9c460a-580e-404a-b04b-56b29c2dcb76,2025-08-26,4,2025-09-08,VTA,3.1,2.9594557,0.1071428571428572,0.0569484744753157,1,model1,2026-06-15 06:49:36
7b9c460a-580e-404a-b04b-56b29c2dcb76,2025-08-26,5,2025-09-04,KSQ,2.2,2.2089057,0.04761904761904767,0.05185985565185547,1,model1,2026-06-15 06:49:36
7b9c460a-580e-404a-b04b-56b29c2dcb76,2025-08-26,6,2025-09-04,GPC,2.8,2.9447548,0.0,0.051698156765529246,0,model1,2026-06-15 06:49:36
7b9c460a-580e-404a-b04b-56b29c2dcb76,2025-08-26,7,2025-09-04,KMR,3.1,3.2275298,-0.003215434083601254,0.037790920956725094,0,model1,2026-06-15 06:49:36
7b9c460a-580e-404a-b04b-56b29c2dcb76,2025-08-26,8,2025-09-04,HID,2.98,3.0504074,0.010169491525423568,0.03403641005693858,1,model1,2026-06-15 06:49:36
7b9c460a-580e-404a-b04b-56b29c2dcb76,2025-08-26,9,2025-09-10,SZG,38.0,38.168465,0.027027027027026973,0.03158012596336568,1,model1,2026-06-15 06:49:36
7b9c460a-580e-404a-b04b-56b29c2dcb76,2025-08-26,10,2025-09-04,FCM,3.94,4.058816,0.0,0.030156334039523447,0,model1,2026-06-15 06:49:36
7b9c460a-580e-404a-b04b-56b29c2dcb76,2025-08-27,1,2025-09-10,NDC,128.0,130.71231,0.049180327868852514,0.07141238353291501,1,model1,2026-06-15 06:49:36
7b9c460a-580e-404a-b04b-56b29c2dcb76,2025-08-27,2,2025-09-05,KSQ,2.1,2.2399223,0.0,0.06662965956188382,0,model1,2026-06-15 06:49:36
7b9c460a-580e-404a-b04b-56b29c2dcb76,2025-08-27,3,2025-09-05,CTR,88.67,91.74434,0.02829641656036186,0.06394919389142761,1,model1,2026-06-15 06:49:36
7b9c460a-580e-404a-b04b-56b29c2dcb76,2025-08-27,4,2025-09-05,GPC,2.8,2.9224887,0.0,0.04374596050807411,0,model1,2026-06-15 06:49:36
7b9c460a-580e-404a-b04b-56b29c2dcb76,2025-08-27,5,2025-09-05,HID,2.94,3.0504074,0.0034129692832762792,0.04109467906756614,1,model1,2026-06-15 06:49:36
7b9c460a-580e-404a-b04b-56b29c2dcb76,2025-08-27,6,2025-09-05,HHG,1.6,1.6621231,0.0,0.03882692754268646,0,model1,2026-06-15 06:49:36
7b9c460a-580e-404a-b04b-56b29c2dcb76,2025-08-27,7,2025-09-05,DLG,3.1,3.1186426,0.029900332225913706,0.03609387660739438,1,model1,2026-06-15 06:49:36
7b9c460a-580e-404a-b04b-56b29c2dcb76,2025-08-27,8,2025-09-05,TTF,3.13,3.2491395,-0.0031847133757962887,0.03475781762675867,0,model1,2026-06-15 06:49:36
7b9c460a-580e-404a-b04b-56b29c2dcb76,2025-08-27,9,2025-09-05,PV2,2.9,3.101196,-0.033333333333333326,0.03373201688130689,0,model1,2026-06-15 06:49:36
7b9c460a-580e-404a-b04b-56b29c2dcb76,2025-08-27,10,2025-09-05,FCM,3.93,4.058816,0.0,0.0327775969760109,0,model1,2026-06-15 06:49:36
7b9c460a-580e-404a-b04b-56b29c2dcb76,2025-08-28,1,2025-09-08,KSQ,2.1,2.2449589,0.0,0.06902803693498871,0,model1,2026-06-15 06:49:36
7b9c460a-580e-404a-b04b-56b29c2dcb76,2025-08-28,2,2025-09-08,CTR,85.45,91.66932,-0.00789504237780092,0.06431346978790242,0,model1,2026-06-15 06:49:36
7b9c460a-580e-404a-b04b-56b29c2dcb76,2025-08-28,3,2025-09-08,HHG,1.6,1.6924424,0.0,0.05777651071548462,0,model1,2026-06-15 06:49:36
7b9c460a-580e-404a-b04b-56b29c2dcb76,2025-08-28,4,2025-09-08,VMG,4.0,3.9823906,0.05263157894736836,0.04799753741214152,1,model1,2026-06-15 06:49:36
7b9c460a-580e-404a-b04b-56b29c2dcb76,2025-08-28,5,2025-09-08,GPC,2.7,2.9224887,-0.03571428571428559,0.04374596050807411,0,model1,2026-06-15 06:49:36
7b9c460a-580e-404a-b04b-56b29c2dcb76,2025-08-28,6,2025-09-08,HID,2.94,3.0321176,0.006849315068493178,0.038396440140188615,1,model1,2026-06-15 06:49:36
7b9c460a-580e-404a-b04b-56b29c2dcb76,2025-08-28,7,2025-09-08,HAV,3.9,3.5274124,0.1470588235294117,0.03747423957375928,1,model1,2026-06-15 06:49:36
7b9c460a-580e-404a-b04b-56b29c2dcb76,2025-08-28,8,2025-09-08,DLG,2.97,3.101196,-0.009999999999999898,0.03373201688130689,0,model1,2026-06-15 06:49:36
7b9c460a-580e-404a-b04b-56b29c2dcb76,2025-08-28,9,2025-09-08,DTI,2.7,3.101196,-0.09999999999999998,0.03373201688130689,0,model1,2026-06-15 06:49:36
7b9c460a-580e-404a-b04b-56b29c2dcb76,2025-08-28,10,2025-09-08,PV2,2.8,3.101196,-0.06666666666666676,0.03373201688130689,0,model1,2026-06-15 06:49:36
7b9c460a-580e-404a-b04b-56b29c2dcb76,2025-08-29,1,2025-10-03,FTM,0.7,0.9455697,0.0,0.3508138486317227,0,model1,2026-06-15 06:49:36
7b9c460a-580e-404a-b04b-56b29c2dcb76,2025-08-29,2,2025-10-03,ACM,0.5,0.80638754,-0.16666666666666663,0.34397923946380615,0,model1,2026-06-15 06:49:36
7b9c460a-580e-404a-b04b-56b29c2dcb76,2025-08-29,3,2025-10-03,PVH,0.6,0.9387233,-0.1428571428571428,0.34103332247052887,0,model1,2026-06-15 06:49:36
7b9c460a-580e-404a-b04b-56b29c2dcb76,2025-08-29,4,2025-10-03,G20,0.7,0.9326168,0.0,0.33230967181069526,0,model1,2026-06-15 06:49:36
7b9c460a-580e-404a-b04b-56b29c2dcb76,2025-08-29,5,2025-10-03,MPT,0.7,0.92192185,0.0,0.3170312132154194,0,model1,2026-06-15 06:49:36
7b9c460a-580e-404a-b04b-56b29c2dcb76,2025-08-29,6,2025-10-03,PXM,0.6,0.8747236,-0.1428571428571428,0.24960516180310943,0,model1,2026-06-15 06:49:36
7b9c460a-580e-404a-b04b-56b29c2dcb76,2025-08-29,7,2025-10-03,PXA,0.8,0.984312,0.0,0.23038999736309052,0,model1,2026-06-15 06:49:36
7b9c460a-580e-404a-b04b-56b29c2dcb76,2025-08-29,8,2025-10-03,JOS,1.0,1.2126082,0.0,0.2126082181930542,0,model1,2026-06-15 06:49:36
7b9c460a-580e-404a-b04b-56b29c2dcb76,2025-08-29,9,2025-10-03,LMH,1.1,1.1478881,0.10000000000000009,0.14788806438446045,1,model1,2026-06-15 06:49:36
7b9c460a-580e-404a-b04b-56b29c2dcb76,2025-08-29,10,2025-10-03,DVG,1.4,1.3679011,0.16666666666666674,0.13991757233937596,1,model1,2026-06-15 06:49:36
7b9c460a-580e-404a-b04b-56b29c2dcb76,2025-09-03,1,2025-09-10,KSQ,2.1,2.2449589,0.0,0.06902803693498871,0,model1,2026-06-15 06:49:36
7b9c460a-580e-404a-b04b-56b29c2dcb76,2025-09-03,2,2025-09-10,CTR,85.74,92.17937,-0.014596023445581086,0.059411183374666,0,model1,2026-06-15 06:49:36
7b9c460a-580e-404a-b04b-56b29c2dcb76,2025-09-03,3,2025-09-10,HHG,1.5,1.6924424,-0.0625,0.05777651071548462,0,model1,2026-06-15 06:49:36
7b9c460a-580e-404a-b04b-56b29c2dcb76,2025-09-03,4,2025-09-10,DTI,2.7,2.9531271,-0.03571428571428559,0.05468826634543289,0,model1,2026-06-15 06:49:36
7b9c460a-580e-404a-b04b-56b29c2dcb76,2025-09-03,5,2025-09-10,MCG,3.3,2.9506993,0.1785714285714286,0.05382118906293609,1,model1,2026-06-15 06:49:36
7b9c460a-580e-404a-b04b-56b29c2dcb76,2025-09-03,6,2025-09-10,GPC,2.7,2.9224887,-0.03571428571428559,0.04374596050807411,0,model1,2026-06-15 06:49:36
7b9c460a-580e-404a-b04b-56b29c2dcb76,2025-09-03,7,2025-09-10,FCM,3.93,4.0555854,0.0025510204081633514,0.034588108257371575,1,model1,2026-06-15 06:49:36
7b9c460a-580e-404a-b04b-56b29c2dcb76,2025-09-03,8,2025-09-29,THP,8.73,8.02643,0.125,0.03433377963980444,1,model1,2026-06-15 06:49:36
7b9c460a-580e-404a-b04b-56b29c2dcb76,2025-09-03,9,2025-09-10,KMR,3.07,3.19376,-0.00967741935483879,0.030245134907384008,0,model1,2026-06-15 06:49:36
7b9c460a-580e-404a-b04b-56b29c2dcb76,2025-09-03,10,2025-09-10,MSN,81.0,85.439674,-0.02409638554216864,0.029393667198089224,0,model1,2026-06-15 06:49:36
7b9c460a-580e-404a-b04b-56b29c2dcb76,2025-09-04,1,2025-09-11,HHG,1.5,1.6610371,0.0,0.10735805829366041,0,model1,2026-06-15 06:49:36
7b9c460a-580e-404a-b04b-56b29c2dcb76,2025-09-04,2,2025-09-15,NDC,128.0,130.5281,0.04065040650406515,0.0612041194264481,1,model1,2026-06-15 06:49:36
7b9c460a-580e-404a-b04b-56b29c2dcb76,2025-09-04,3,2025-09-11,DTI,2.7,2.9506993,-0.03571428571428559,0.05382118906293609,0,model1,2026-06-15 06:49:36
7b9c460a-580e-404a-b04b-56b29c2dcb76,2025-09-04,4,2025-09-11,KSQ,2.0,2.2989383,-0.09090909090909094,0.04497194290161133,0,model1,2026-06-15 06:49:36
7b9c460a-580e-404a-b04b-56b29c2dcb76,2025-09-04,5,2025-09-11,GPC,2.7,2.9224887,-0.03571428571428559,0.04374596050807411,0,model1,2026-06-15 06:49:36
7b9c460a-580e-404a-b04b-56b29c2dcb76,2025-09-04,6,2025-09-11,PGT,8.4,8.421301,0.0370370370370372,0.039666776303891815,1,model1,2026-06-15 06:49:36
7b9c460a-580e-404a-b04b-56b29c2dcb76,2025-09-04,7,2025-09-11,PV2,2.9,3.1186426,-0.033333333333333326,0.039547522862752205,0,model1,2026-06-15 06:49:36
7b9c460a-580e-404a-b04b-56b29c2dcb76,2025-09-04,8,2025-09-11,CTR,85.35,93.174805,-0.04796430563301746,0.03931739751812602,0,model1,2026-06-15 06:49:36
7b9c460a-580e-404a-b04b-56b29c2dcb76,2025-09-04,9,2025-09-11,TFC,64.03,65.705376,0.010734017363851711,0.03718035787508622,1,model1,2026-06-15 06:49:36
7b9c460a-580e-404a-b04b-56b29c2dcb76,2025-09-04,10,2025-09-17,BTN,2.9,3.2148023,-0.06451612903225812,0.037032988763624486,0,model1,2026-06-15 06:49:36
7b9c460a-580e-404a-b04b-56b29c2dcb76,2025-09-05,1,2025-10-10,FTM,0.7,0.90016276,0.16666666666666674,0.5002712607383728,1,model1,2026-06-15 06:49:36
7b9c460a-580e-404a-b04b-56b29c2dcb76,2025-09-05,2,2025-10-10,PXM,0.6,0.87040824,0.0,0.4506803949673972,0,model1,2026-06-15 06:49:36
7b9c460a-580e-404a-b04b-56b29c2dcb76,2025-09-05,3,2025-10-10,PVH,0.6,0.9455697,-0.1428571428571428,0.3508138486317227,0,model1,2026-06-15 06:49:36
7b9c460a-580e-404a-b04b-56b29c2dcb76,2025-09-05,4,2025-10-10,ACM,0.5,0.80638754,-0.16666666666666663,0.34397923946380615,0,model1,2026-06-15 06:49:36
7b9c460a-580e-404a-b04b-56b29c2dcb76,2025-09-05,5,2025-10-10,MPT,0.7,0.9387233,0.0,0.34103332247052887,0,model1,2026-06-15 06:49:36
7b9c460a-580e-404a-b04b-56b29c2dcb76,2025-09-05,6,2025-10-17,G20,0.7,0.8983716,0.0,0.2833879675183979,0,model1,2026-06-15 06:49:36
7b9c460a-580e-404a-b04b-56b29c2dcb76,2025-09-05,7,2025-10-10,JOS,0.9,1.2126082,-0.09999999999999998,0.2126082181930542,0,model1,2026-06-15 06:49:36
7b9c460a-580e-404a-b04b-56b29c2dcb76,2025-09-05,8,2025-10-10,PXA,0.8,0.9623713,0.0,0.20296411216259003,0,model1,2026-06-15 06:49:36
7b9c460a-580e-404a-b04b-56b29c2dcb76,2025-09-05,9,2025-10-10,VKC,1.0,1.1641743,0.0,0.16417431831359863,0,model1,2026-06-15 06:49:36
7b9c460a-580e-404a-b04b-56b29c2dcb76,2025-09-05,10,2025-10-10,STT,1.3,1.7022321,-0.1333333333333333,0.13482141494750977,0,model1,2026-06-15 06:49:36
7b9c460a-580e-404a-b04b-56b29c2dcb76,2025-09-08,1,2025-09-15,CTR,90.33,92.23361,0.0571094207138676,0.07938691703390144,1,model1,2026-06-15 06:49:36
7b9c460a-580e-404a-b04b-56b29c2dcb76,2025-09-08,2,2025-09-15,HHG,1.5,1.6924424,-0.0625,0.05777651071548462,0,model1,2026-06-15 06:49:36
7b9c460a-580e-404a-b04b-56b29c2dcb76,2025-09-08,3,2025-09-15,PV2,3.0,2.9506993,0.0714285714285714,0.05382118906293609,1,model1,2026-06-15 06:49:36
7b9c460a-580e-404a-b04b-56b29c2dcb76,2025-09-08,4,2025-09-15,HAV,4.1,4.0993176,0.05128205128205132,0.05110706427158451,1,model1,2026-06-15 06:49:36
7b9c460a-580e-404a-b04b-56b29c2dcb76,2025-09-08,5,2025-09-15,TTF,3.21,3.1512582,0.07000000000000006,0.050419410069783455,1,model1,2026-06-15 06:49:36
7b9c460a-580e-404a-b04b-56b29c2dcb76,2025-09-08,6,2025-09-15,KSQ,2.0,2.203869,-0.04761904761904767,0.04946147827875036,0,model1,2026-06-15 06:49:36
7b9c460a-580e-404a-b04b-56b29c2dcb76,2025-09-08,7,2025-09-15,DTI,2.7,2.8239698,0.0,0.04591475592719174,0,model1,2026-06-15 06:49:36
7b9c460a-580e-404a-b04b-56b29c2dcb76,2025-09-08,8,2025-09-15,GPC,2.7,2.8239698,0.0,0.04591475592719174,0,model1,2026-06-15 06:49:36
7b9c460a-580e-404a-b04b-56b29c2dcb76,2025-09-08,9,2025-09-19,NDC,128.0,130.5281,0.02400000000000002,0.04422485351562511,1,model1,2026-06-15 06:49:36
7b9c460a-580e-404a-b04b-56b29c2dcb76,2025-09-08,10,2025-09-15,GEE,64.06,61.835808,0.07772543741588156,0.040306322346786105,1,model1,2026-06-15 06:49:36
7b9c460a-580e-404a-b04b-56b29c2dcb76,2025-09-09,1,2025-09-16,CTR,88.96,92.18006,0.0363466915191053,0.07385905568886342,1,model1,2026-06-15 06:49:36
7b9c460a-580e-404a-b04b-56b29c2dcb76,2025-09-09,2,2025-09-16,KSQ,2.0,2.2449589,-0.04761904761904767,0.06902803693498871,0,model1,2026-06-15 06:49:36
7b9c460a-580e-404a-b04b-56b29c2dcb76,2025-09-09,3,2025-09-16,HHG,1.5,1.6924424,-0.0625,0.05777651071548462,0,model1,2026-06-15 06:49:36
7b9c460a-580e-404a-b04b-56b29c2dcb76,2025-09-09,4,2025-09-16,GPC,2.7,2.9224887,-0.03571428571428559,0.04374596050807411,0,model1,2026-06-15 06:49:36
7b9c460a-580e-404a-b04b-56b29c2dcb76,2025-09-09,5,2025-09-16,HID,3.23,3.0504074,0.10238907849829348,0.04109467906756614,1,model1,2026-06-15 06:49:36
7b9c460a-580e-404a-b04b-56b29c2dcb76,2025-09-09,6,2025-09-16,TTF,3.28,3.1587956,0.07540983606557372,0.03567068694067799,1,model1,2026-06-15 06:49:36
7b9c460a-580e-404a-b04b-56b29c2dcb76,2025-09-09,7,2025-09-16,FCM,3.97,4.0555854,0.012755102040816313,0.034588108257371575,1,model1,2026-06-15 06:49:36
7b9c460a-580e-404a-b04b-56b29c2dcb76,2025-09-09,8,2025-09-16,VE9,4.1,4.6509957,-0.08888888888888902,0.03355460696750212,0,model1,2026-06-15 06:49:36
7b9c460a-580e-404a-b04b-56b29c2dcb76,2025-09-09,9,2025-09-16,DTI,2.7,2.8927143,-0.03571428571428559,0.03311223643166694,0,model1,2026-06-15 06:49:36
7b9c460a-580e-404a-b04b-56b29c2dcb76,2025-09-09,10,2025-10-06,SD2,3.8,4.2336965,-0.07317073170731703,0.03260889285948232,0,model1,2026-06-15 06:49:36
7b9c460a-580e-404a-b04b-56b29c2dcb76,2025-09-10,1,2025-09-17,HHG,1.5,1.6610371,0.0,0.10735805829366041,0,model1,2026-06-15 06:49:36
7b9c460a-580e-404a-b04b-56b29c2dcb76,2025-09-10,2,2025-09-17,CTR,89.45,92.18006,0.043270352227665176,0.07511151551588569,1,model1,2026-06-15 06:49:36
7b9c460a-580e-404a-b04b-56b29c2dcb76,2025-09-10,3,2025-09-17,KSQ,2.1,2.2399223,0.0,0.06662965956188382,0,model1,2026-06-15 06:49:36
7b9c460a-580e-404a-b04b-56b29c2dcb76,2025-09-10,4,2025-09-17,VEF,135.06,138.22298,0.03980291015474635,0.06415410489314288,1,model1,2026-06-15 06:49:36
7b9c460a-580e-404a-b04b-56b29c2dcb76,2025-09-10,5,2025-09-17,DRH,2.99,3.107081,0.01013513513513531,0.04968950555131246,1,model1,2026-06-15 06:49:36
7b9c460a-580e-404a-b04b-56b29c2dcb76,2025-09-10,6,2025-09-17,DTI,2.6,2.8239698,-0.03703703703703709,0.04591475592719174,0,model1,2026-06-15 06:49:36
7b9c460a-580e-404a-b04b-56b29c2dcb76,2025-09-10,7,2025-09-17,GPC,2.7,2.8239698,0.0,0.04591475592719174,0,model1,2026-06-15 06:49:36
7b9c460a-580e-404a-b04b-56b29c2dcb76,2025-09-10,8,2025-09-23,BTN,2.9,3.1306462,-0.033333333333333326,0.043548742930094475,0,model1,2026-06-15 06:49:36
7b9c460a-580e-404a-b04b-56b29c2dcb76,2025-09-10,9,2025-09-17,DLG,2.97,3.04049,0.017123287671233056,0.04126366850447982,1,model1,2026-06-15 06:49:36
7b9c460a-580e-404a-b04b-56b29c2dcb76,2025-09-10,10,2025-09-18,E12,5.6,5.2952275,0.0980392156862746,0.038279907376158606,1,model1,2026-06-15 06:49:36
7b9c460a-580e-404a-b04b-56b29c2dcb76,2025-09-11,1,2025-09-18,HHG,1.6,1.6307179,0.06666666666666665,0.08714524904886889,1,model1,2026-06-15 06:49:36
7b9c460a-580e-404a-b04b-56b29c2dcb76,2025-09-11,2,2025-09-18,CTR,88.86,92.19435,0.04112478031634459,0.08019157816390243,1,model1,2026-06-15 06:49:36
7b9c460a-580e-404a-b04b-56b29c2dcb76,2025-09-11,3,2025-09-19,KSQ,2.1,2.152083,0.050000000000000044,0.07604146003723145,1,model1,2026-06-15 06:49:36
7b9c460a-580e-404a-b04b-56b29c2dcb76,2025-09-11,4,2025-09-18,VEF,135.06,141.01253,0.02171117331114303,0.06674126231802946,1,model1,2026-06-15 06:49:36
7b9c460a-580e-404a-b04b-56b29c2dcb76,2025-09-11,5,2025-09-18,DRH,3.0,2.8798807,0.0869565217391306,0.04343502417854639,1,model1,2026-06-15 06:49:36
7b9c460a-580e-404a-b04b-56b29c2dcb76,2025-09-11,6,2025-09-25,BTN,2.9,3.0160334,0.0,0.04001152104344863,0,model1,2026-06-15 06:49:36
7b9c460a-580e-404a-b04b-56b29c2dcb76,2025-09-11,7,2025-09-18,DC1,7.4,6.6489725,0.15625,0.038901954889297485,1,model1,2026-06-15 06:49:36
7b9c460a-580e-404a-b04b-56b29c2dcb76,2025-09-11,8,2025-09-18,DTI,2.7,2.794195,0.0,0.03488701361197011,0,model1,2026-06-15 06:49:36
7b9c460a-580e-404a-b04b-56b29c2dcb76,2025-09-11,9,2025-09-19,HAV,3.9,3.9300663,0.026315789473684292,0.03422798608478761,1,model1,2026-06-15 06:49:36
7b9c460a-580e-404a-b04b-56b29c2dcb76,2025-09-11,10,2025-09-18,GPC,2.7,2.7888339,0.0,0.032901428363941276,0,model1,2026-06-15 06:49:36
7b9c460a-580e-404a-b04b-56b29c2dcb76,2025-09-12,1,2025-10-17,MPT,0.5,0.8765148,-0.16666666666666663,0.46085798740386963,0,model1,2026-06-15 06:49:36
7b9c460a-580e-404a-b04b-56b29c2dcb76,2025-09-12,2,2025-10-24,G20,0.7,0.85360676,0.16666666666666674,0.4226779341697693,1,model1,2026-06-15 06:49:36
7b9c460a-580e-404a-b04b-56b29c2dcb76,2025-09-12,3,2025-10-17,FTM,0.7,0.9623713,0.0,0.37481612818581733,0,model1,2026-06-15 06:49:36
7b9c460a-580e-404a-b04b-56b29c2dcb76,2025-09-12,4,2025-10-17,PVH,0.6,0.9623713,-0.1428571428571428,0.37481612818581733,0,model1,2026-06-15 06:49:36
7b9c460a-580e-404a-b04b-56b29c2dcb76,2025-09-12,5,2025-10-17,PXM,0.5,0.80638754,-0.16666666666666663,0.34397923946380615,0,model1,2026-06-15 06:49:36
7b9c460a-580e-404a-b04b-56b29c2dcb76,2025-09-12,6,2025-10-17,ACM,0.6,0.9326168,-0.1428571428571428,0.33230967181069526,0,model1,2026-06-15 06:49:36
7b9c460a-580e-404a-b04b-56b29c2dcb76,2025-09-12,7,2025-10-17,JOS,0.8,1.2126082,-0.19999999999999996,0.2126082181930542,0,model1,2026-06-15 06:49:36
7b9c460a-580e-404a-b04b-56b29c2dcb76,2025-09-12,8,2025-10-17,PXA,0.8,1.0394342,-0.11111111111111105,0.15492688284979916,0,model1,2026-06-15 06:49:36
7b9c460a-580e-404a-b04b-56b29c2dcb76,2025-09-12,9,2025-10-24,HTT,1.6,1.5825647,0.14285714285714302,0.13040336540767128,1,model1,2026-06-15 06:49:36
7b9c460a-580e-404a-b04b-56b29c2dcb76,2025-09-12,10,2025-10-17,VKC,1.0,1.2126082,-0.09090909090909094,0.10237110744823097,0,model1,2026-06-15 06:49:36
7b9c460a-580e-404a-b04b-56b29c2dcb76,2025-09-15,1,2025-09-22,HHG,1.5,1.6610371,0.0,0.10735805829366041,0,model1,2026-06-15 06:49:36
7b9c460a-580e-404a-b04b-56b29c2dcb76,2025-09-15,2,2025-09-23,KSQ,2.2,2.1384854,0.10000000000000009,0.06924271583557129,1,model1,2026-06-15 06:49:36
7b9c460a-580e-404a-b04b-56b29c2dcb76,2025-09-15,3,2025-09-22,DTI,2.6,2.8186088,-0.03703703703703709,0.04392917067916291,0,model1,2026-06-15 06:49:36
7b9c460a-580e-404a-b04b-56b29c2dcb76,2025-09-15,4,2025-09-22,DRH,2.92,3.1606874,-0.0363036303630363,0.043131170493148074,0,model1,2026-06-15 06:49:36
7b9c460a-580e-404a-b04b-56b29c2dcb76,2025-09-15,5,2025-09-22,CTR,87.2,93.93778,-0.03465072511900802,0.039940023110790035,0,model1,2026-06-15 06:49:36
7b9c460a-580e-404a-b04b-56b29c2dcb76,2025-09-15,6,2025-09-22,GPC,2.6,2.7888339,-0.03703703703703709,0.032901428363941276,0,model1,2026-06-15 06:49:36
7b9c460a-580e-404a-b04b-56b29c2dcb76,2025-09-15,7,2025-09-22,DLG,2.93,3.0928237,-0.023333333333333317,0.030941247940063477,0,model1,2026-06-15 06:49:36
7b9c460a-580e-404a-b04b-56b29c2dcb76,2025-09-15,8,2025-09-22,PV2,2.9,3.09244,-0.033333333333333326,0.030813296635945564,0,model1,2026-06-15 06:49:36
7b9c460a-580e-404a-b04b-56b29c2dcb76,2025-09-15,9,2025-09-22,UDC,3.9,4.225112,-0.04878048780487798,0.030515112527987,0,model1,2026-06-15 06:49:36
7b9c460a-580e-404a-b04b-56b29c2dcb76,2025-09-15,10,2025-09-22,HID,3.15,3.1980796,0.012861736334405238,0.02832141029873081,1,model1,2026-06-15 06:49:36
7b9c460a-580e-404a-b04b-56b29c2dcb76,2025-09-16,1,2025-09-23,HHG,1.5,1.6539967,0.0,0.10266447067260742,0,model1,2026-06-15 06:49:36
7b9c460a-580e-404a-b04b-56b29c2dcb76,2025-09-16,2,2026-01-13,VFC,96.4,92.3764,0.13411764705882367,0.0867812212775736,1,model1,2026-06-15 06:49:36
7b9c460a-580e-404a-b04b-56b29c2dcb76,2025-09-16,3,2025-09-24,KSQ,2.2,2.1384854,0.10000000000000009,0.06924271583557129,1,model1,2026-06-15 06:49:36
7b9c460a-580e-404a-b04b-56b29c2dcb76,2025-09-16,4,2025-09-23,CTR,87.2,93.906006,-0.01978417266187038,0.055598087448010425,0,model1,2026-06-15 06:49:36
7b9c460a-580e-404a-b04b-56b29c2dcb76,2025-09-16,5,2025-09-23,VE9,4.4,4.309773,0.07317073170731736,0.05116413860786251,1,model1,2026-06-15 06:49:36
7b9c460a-580e-404a-b04b-56b29c2dcb76,2025-09-16,6,2025-09-23,GPC,2.6,2.8186088,-0.03703703703703709,0.04392917067916291,0,model1,2026-06-15 06:49:36
7b9c460a-580e-404a-b04b-56b29c2dcb76,2025-09-16,7,2025-09-23,MCG,3.0,3.1306462,0.0,0.043548742930094475,0,model1,2026-06-15 06:49:36
7b9c460a-580e-404a-b04b-56b29c2dcb76,2025-09-16,8,2025-09-23,DRH,2.89,3.0507915,-0.013651877133105783,0.041225768600307466,0,model1,2026-06-15 06:49:36
7b9c460a-580e-404a-b04b-56b29c2dcb76,2025-09-16,9,2025-09-23,PV2,2.9,3.0987682,-0.033333333333333326,0.03292274475097656,0,model1,2026-06-15 06:49:36
7b9c460a-580e-404a-b04b-56b29c2dcb76,2025-09-16,10,2025-09-23,DTI,2.5,2.7888339,-0.07407407407407418,0.032901428363941276,0,model1,2026-06-15 06:49:36
7b9c460a-580e-404a-b04b-56b29c2dcb76,2025-09-17,1,2025-09-24,HHG,1.5,1.6539967,0.0,0.10266447067260742,0,model1,2026-06-15 06:49:36
7b9c460a-580e-404a-b04b-56b29c2dcb76,2025-09-17,2,2025-09-24,DTI,2.6,2.7621012,0.0,0.06234660515418411,0,model1,2026-06-15 06:49:36
7b9c460a-580e-404a-b04b-56b29c2dcb76,2025-09-17,3,2025-09-24,MSN,82.9,88.624374,-0.015439429928741033,0.05254601412884119,0,model1,2026-06-15 06:49:36
7b9c460a-580e-404a-b04b-56b29c2dcb76,2025-09-17,4,2025-09-24,CTR,87.3,93.93778,-0.024035774175517166,0.05017084726213139,0,model1,2026-06-15 06:49:36
7b9c460a-580e-404a-b04b-56b29c2dcb76,2025-09-17,5,2025-09-26,BTN,3.0,3.0160334,0.034482758620689724,0.04001152104344863,1,model1,2026-06-15 06:49:36
7b9c460a-580e-404a-b04b-56b29c2dcb76,2025-09-17,6,2025-09-24,MCG,2.9,3.1153438,-0.033333333333333326,0.0384479363759358,0,model1,2026-06-15 06:49:36
7b9c460a-580e-404a-b04b-56b29c2dcb76,2025-09-17,7,2025-09-24,HID,3.18,3.2275298,0.022508038585209,0.037790920956725094,1,model1,2026-06-15 06:49:36
7b9c460a-580e-404a-b04b-56b29c2dcb76,2025-09-17,8,2025-09-24,VTA,3.2,3.1123142,0.06666666666666665,0.03743807474772143,1,model1,2026-06-15 06:49:36
7b9c460a-580e-404a-b04b-56b29c2dcb76,2025-09-17,9,2025-09-24,VE9,4.3,3.9375088,0.13157894736842102,0.03618653197037558,1,model1,2026-06-15 06:49:36
7b9c460a-580e-404a-b04b-56b29c2dcb76,2025-09-17,10,2025-09-25,KSQ,2.1,2.1743574,0.0,0.035408292497907334,0,model1,2026-06-15 06:49:36
7b9c460a-580e-404a-b04b-56b29c2dcb76,2025-09-18,1,2025-09-25,HHG,1.5,1.6924424,-0.0625,0.05777651071548462,0,model1,2026-06-15 06:49:36
7b9c460a-580e-404a-b04b-56b29c2dcb76,2025-09-18,2,2025-09-25,CTR,88.38,93.906006,-0.00540175557056044,0.05678602137491562,0,model1,2026-06-15 06:49:36
7b9c460a-580e-404a-b04b-56b29c2dcb76,2025-09-18,3,2025-09-25,MSN,82.2,88.58154,-0.021428571428571352,0.054542178199404656,0,model1,2026-06-15 06:49:36
7b9c460a-580e-404a-b04b-56b29c2dcb76,2025-09-18,4,2025-09-25,DTI,2.6,2.8186088,-0.03703703703703709,0.04392917067916291,0,model1,2026-06-15 06:49:36
7b9c460a-580e-404a-b04b-56b29c2dcb76,2025-09-18,5,2025-09-25,DLG,3.0,3.056736,0.020408163265306145,0.039706119874707735,1,model1,2026-06-15 06:49:36
7b9c460a-580e-404a-b04b-56b29c2dcb76,2025-09-18,6,2025-09-25,VTA,3.3,3.1186426,0.09999999999999987,0.039547522862752205,1,model1,2026-06-15 06:49:36
7b9c460a-580e-404a-b04b-56b29c2dcb76,2025-09-18,7,2025-09-25,DRH,2.89,3.1162148,-0.036666666666666625,0.038738250732421875,0,model1,2026-06-15 06:49:36
7b9c460a-580e-404a-b04b-56b29c2dcb76,2025-09-18,8,2025-09-25,HID,3.19,3.2491395,0.015923566878980777,0.03475781762675867,1,model1,2026-06-15 06:49:36
7b9c460a-580e-404a-b04b-56b29c2dcb76,2025-09-18,9,2025-09-25,TTF,3.15,3.4520085,-0.05688622754491013,0.03353547478864294,0,model1,2026-06-15 06:49:36
7b9c460a-580e-404a-b04b-56b29c2dcb76,2025-09-18,10,2025-09-25,GPC,2.6,2.7888339,-0.03703703703703709,0.032901428363941276,0,model1,2026-06-15 06:49:36
7b9c460a-580e-404a-b04b-56b29c2dcb76,2025-09-19,1,2025-10-24,MPT,0.6,0.8597133,0.0,0.43285552660624194,0,model1,2026-06-15 06:49:36
7b9c460a-580e-404a-b04b-56b29c2dcb76,2025-09-19,2,2025-10-24,PVH,0.6,0.9623713,-0.1428571428571428,0.37481612818581733,0,model1,2026-06-15 06:49:36
7b9c460a-580e-404a-b04b-56b29c2dcb76,2025-09-19,3,2025-10-24,ACM,0.6,0.9158153,-0.1428571428571428,0.3083075625555858,0,model1,2026-06-15 06:49:36
7b9c460a-580e-404a-b04b-56b29c2dcb76,2025-09-19,4,2025-10-31,G20,0.6,0.9158153,-0.1428571428571428,0.3083075625555858,0,model1,2026-06-15 06:49:36
7b9c460a-580e-404a-b04b-56b29c2dcb76,2025-09-19,5,2025-10-24,PXM,0.6,0.8747236,-0.1428571428571428,0.24960516180310943,0,model1,2026-06-15 06:49:36
7b9c460a-580e-404a-b04b-56b29c2dcb76,2025-09-19,6,2025-10-24,PXA,0.7,0.9623713,-0.1250000000000001,0.20296411216259003,0,model1,2026-06-15 06:49:36
7b9c460a-580e-404a-b04b-56b29c2dcb76,2025-09-19,7,2025-10-24,JOS,0.9,1.1641743,-0.09999999999999998,0.16417431831359863,0,model1,2026-06-15 06:49:36
7b9c460a-580e-404a-b04b-56b29c2dcb76,2025-09-19,8,2025-10-24,PXI,1.2,1.3679011,0.0,0.13991757233937596,0,model1,2026-06-15 06:49:36
7b9c460a-580e-404a-b04b-56b29c2dcb76,2025-09-19,9,2025-10-31,STT,1.3,1.4791113,0.0,0.13777793370760394,0,model1,2026-06-15 06:49:36
7b9c460a-580e-404a-b04b-56b29c2dcb76,2025-09-19,10,2025-10-24,PVR,1.2,1.3626224,0.0,0.13551865021387743,0,model1,2026-06-15 06:49:36
7b9c460a-580e-404a-b04b-56b29c2dcb76,2025-09-22,1,2025-09-29,HHG,1.5,1.6610371,0.0,0.10735805829366041,0,model1,2026-06-15 06:49:36
7b9c460a-580e-404a-b04b-56b29c2dcb76,2025-09-22,2,2025-09-29,MSN,81.8,88.58154,-0.0012210012210013277,0.08158172123015861,0,model1,2026-06-15 06:49:36
7b9c460a-580e-404a-b04b-56b29c2dcb76,2025-09-22,3,2025-09-29,CTR,87.4,93.165215,0.002293577981651307,0.06840842360750243,1,model1,2026-06-15 06:49:36
7b9c460a-580e-404a-b04b-56b29c2dcb76,2025-09-22,4,2025-09-29,DTI,2.5,2.7561915,-0.03846153846153855,0.06007365080026483,0,model1,2026-06-15 06:49:36
7b9c460a-580e-404a-b04b-56b29c2dcb76,2025-09-22,5,2025-09-29,GPC,2.6,2.746822,0.0,0.05647004567659808,0,model1,2026-06-15 06:49:36
7b9c460a-580e-404a-b04b-56b29c2dcb76,2025-09-22,6,2025-09-29,KSQ,2.0,2.205374,-0.04761904761904767,0.05017809640793569,0,model1,2026-06-15 06:49:36
7b9c460a-580e-404a-b04b-56b29c2dcb76,2025-09-22,7,2025-09-29,EIN,3.4,3.2352254,0.09677419354838701,0.04362110937795327,1,model1,2026-06-15 06:49:36
7b9c460a-580e-404a-b04b-56b29c2dcb76,2025-09-22,8,2025-09-29,DRH,2.79,3.038062,-0.044520547945205435,0.0404322245349622,0,model1,2026-06-15 06:49:36
7b9c460a-580e-404a-b04b-56b29c2dcb76,2025-09-22,9,2025-09-29,PV2,2.8,3.0160334,-0.034482758620689724,0.04001152104344863,0,model1,2026-06-15 06:49:36
7b9c460a-580e-404a-b04b-56b29c2dcb76,2025-09-22,10,2025-10-01,BTN,2.9,3.1162148,-0.033333333333333326,0.038738250732421875,0,model1,2026-06-15 06:49:36
7b9c460a-580e-404a-b04b-56b29c2dcb76,2025-09-23,1,2025-09-30,HHG,1.5,1.6610371,0.0,0.10735805829366041,0,model1,2026-06-15 06:49:36
7b9c460a-580e-404a-b04b-56b29c2dcb76,2025-09-23,2,2025-09-30,MSN,81.0,87.49618,-0.010989010989011061,0.0683293977208772,0,model1,2026-06-15 06:49:36
7b9c460a-580e-404a-b04b-56b29c2dcb76,2025-09-23,3,2025-09-30,CTR,85.7,93.150925,-0.017201834862385357,0.06824454911258249,0,model1,2026-06-15 06:49:36
7b9c460a-580e-404a-b04b-56b29c2dcb76,2025-09-23,4,2025-09-30,DAS,10.8,11.091684,0.03846153846153855,0.06650810975294852,1,model1,2026-06-15 06:49:36
7b9c460a-580e-404a-b04b-56b29c2dcb76,2025-09-23,5,2025-09-30,VMG,3.5,3.274969,0.12903225806451601,0.05644164546843489,1,model1,2026-06-15 06:49:36
7b9c460a-580e-404a-b04b-56b29c2dcb76,2025-09-23,6,2025-09-30,DTI,2.5,2.639368,0.0,0.05574722290039058,0,model1,2026-06-15 06:49:36
7b9c460a-580e-404a-b04b-56b29c2dcb76,2025-09-23,7,2025-09-30,GPC,2.7,2.7320192,0.03846153846153855,0.05077661000765277,1,model1,2026-06-15 06:49:36
7b9c460a-580e-404a-b04b-56b29c2dcb76,2025-09-23,8,2025-10-09,BCP,11.0,10.600257,0.07843137254901977,0.03924087449616076,1,model1,2026-06-15 06:49:36
7b9c460a-580e-404a-b04b-56b29c2dcb76,2025-09-23,9,2025-10-03,BTN,2.9,3.0120907,0.0,0.038651959649447676,0,model1,2026-06-15 06:49:36
7b9c460a-580e-404a-b04b-56b29c2dcb76,2025-09-23,10,2025-09-30,DRH,2.6,3.0012603,-0.10034602076124566,0.038498366992778754,0,model1,2026-06-15 06:49:36
7b9c460a-580e-404a-b04b-56b29c2dcb76,2025-09-24,1,2025-10-01,HHG,1.5,1.6610371,0.0,0.10735805829366041,0,model1,2026-06-15 06:49:36
7b9c460a-580e-404a-b04b-56b29c2dcb76,2025-09-24,2,2026-01-22,VFC,96.4,91.76401,0.13411764705882367,0.07957655962775734,1,model1,2026-06-15 06:49:36
7b9c460a-580e-404a-b04b-56b29c2dcb76,2025-09-24,3,2025-10-01,MSN,81.3,88.59178,-0.01930036188178541,0.06865840309060234,0,model1,2026-06-15 06:49:36
7b9c460a-580e-404a-b04b-56b29c2dcb76,2025-09-24,4,2025-10-01,CTR,84.6,93.22694,-0.030927835051546393,0.06789159610918705,0,model1,2026-06-15 06:49:36
7b9c460a-580e-404a-b04b-56b29c2dcb76,2025-09-24,5,2025-10-01,DTI,2.5,2.7116036,-0.03846153846153855,0.04292447750384998,0,model1,2026-06-15 06:49:36
7b9c460a-580e-404a-b04b-56b29c2dcb76,2025-09-24,6,2025-10-01,MCG,2.8,3.0160334,-0.034482758620689724,0.04001152104344863,0,model1,2026-06-15 06:49:36
7b9c460a-580e-404a-b04b-56b29c2dcb76,2025-09-24,7,2025-10-01,KSQ,2.0,2.2853408,-0.09090909090909094,0.03879126635464747,0,model1,2026-06-15 06:49:36
7b9c460a-580e-404a-b04b-56b29c2dcb76,2025-09-24,8,2025-10-01,DRH,2.6,2.9845815,-0.09722222222222221,0.03631301058663272,0,model1,2026-06-15 06:49:36
7b9c460a-580e-404a-b04b-56b29c2dcb76,2025-09-24,9,2025-10-01,CID,14.0,16.713032,-0.1358024691358024,0.031668627703631325,0,model1,2026-06-15 06:49:36
7b9c460a-580e-404a-b04b-56b29c2dcb76,2025-09-24,10,2025-10-01,GPC,2.6,2.7829242,-0.03703703703703709,0.030712657504611496,0,model1,2026-06-15 06:49:36
7b9c460a-580e-404a-b04b-56b29c2dcb76,2025-09-25,1,2025-10-02,HHG,1.5,1.6236776,0.0,0.08245174090067553,0,model1,2026-06-15 06:49:36
7b9c460a-580e-404a-b04b-56b29c2dcb76,2025-09-25,2,2025-10-02,MSN,81.5,88.58154,-0.008515815085158196,0.07763434268552305,0,model1,2026-06-15 06:49:36
7b9c460a-580e-404a-b04b-56b29c2dcb76,2025-09-25,3,2025-10-02,KSQ,1.9,2.2313614,-0.09523809523809534,0.06255304245721716,0,model1,2026-06-15 06:49:36
7b9c460a-580e-404a-b04b-56b29c2dcb76,2025-09-25,4,2025-10-02,CTR,83.9,93.350945,-0.050690201403032265,0.05624512920392588,0,model1,2026-06-15 06:49:36
7b9c460a-580e-404a-b04b-56b29c2dcb76,2025-09-25,5,2025-10-02,DTI,2.6,2.7268827,0.0,0.048801036981435786,0,model1,2026-06-15 06:49:36
7b9c460a-580e-404a-b04b-56b29c2dcb76,2025-09-25,6,2025-10-02,GPC,2.6,2.7167401,0.0,0.04490005053006674,0,model1,2026-06-15 06:49:36
7b9c460a-580e-404a-b04b-56b29c2dcb76,2025-09-25,7,2025-10-06,ILC,5.8,5.411479,0.11538461538461542,0.0406690377455492,1,model1,2026-06-15 06:49:36
7b9c460a-580e-404a-b04b-56b29c2dcb76,2025-09-25,8,2025-10-13,BTN,2.8,3.0136056,-0.034482758620689724,0.039174342977589705,0,model1,2026-06-15 06:49:36
7b9c460a-580e-404a-b04b-56b29c2dcb76,2025-09-25,9,2025-10-02,DLG,2.85,3.1162148,-0.04999999999999993,0.038738250732421875,0,model1,2026-06-15 06:49:36
7b9c460a-580e-404a-b04b-56b29c2dcb76,2025-09-25,10,2025-10-02,DRH,2.42,2.9845815,-0.16262975778546718,0.03272715241851265,0,model1,2026-06-15 06:49:36
7b9c460a-580e-404a-b04b-56b29c2dcb76,2025-09-26,1,2025-10-31,MPT,0.5,0.8597133,-0.16666666666666663,0.43285552660624194,0,model1,2026-06-15 06:49:36
7b9c460a-580e-404a-b04b-56b29c2dcb76,2025-09-26,2,2025-10-31,FTM,0.7,0.9623713,0.0,0.37481612818581733,0,model1,2026-06-15 06:49:36
7b9c460a-580e-404a-b04b-56b29c2dcb76,2025-09-26,3,2025-10-31,ACM,0.5,0.81251496,-0.16666666666666663,0.3541916012763977,0,model1,2026-06-15 06:49:36
7b9c460a-580e-404a-b04b-56b29c2dcb76,2025-09-26,4,2025-11-07,G20,0.6,0.93946314,-0.1428571428571428,0.3420901979718891,0,model1,2026-06-15 06:49:36
7b9c460a-580e-404a-b04b-56b29c2dcb76,2025-09-26,5,2025-10-31,PXA,0.7,0.9904914,-0.1250000000000001,0.23811423778533936,0,model1,2026-06-15 06:49:36
7b9c460a-580e-404a-b04b-56b29c2dcb76,2025-09-26,6,2025-10-31,JOS,1.0,1.1641743,0.0,0.16417431831359863,0,model1,2026-06-15 06:49:36
7b9c460a-580e-404a-b04b-56b29c2dcb76,2025-09-26,7,2025-10-31,LMH,1.2,1.1478881,0.19999999999999996,0.14788806438446045,1,model1,2026-06-15 06:49:36
7b9c460a-580e-404a-b04b-56b29c2dcb76,2025-09-26,8,2025-10-31,PVR,1.1,1.3626224,-0.08333333333333326,0.13551865021387743,0,model1,2026-06-15 06:49:36
7b9c460a-580e-404a-b04b-56b29c2dcb76,2025-09-26,9,2025-10-31,VKC,1.0,1.34147,-0.16666666666666663,0.11789166927337646,0,model1,2026-06-15 06:49:36
7b9c460a-580e-404a-b04b-56b29c2dcb76,2025-09-26,10,2025-11-07,HTT,1.6,1.5446717,0.14285714285714302,0.1033368962151664,1,model1,2026-06-15 06:49:36
7b9c460a-580e-404a-b04b-56b29c2dcb76,2025-09-29,1,2025-10-06,HHG,1.5,1.6236776,0.0,0.08245174090067553,0,model1,2026-06-15 06:49:36
7b9c460a-580e-404a-b04b-56b29c2dcb76,2025-09-29,2,2025-10-06,KSQ,2.0,2.1594362,0.0,0.07971811294555664,0,model1,2026-06-15 06:49:36
7b9c460a-580e-404a-b04b-56b29c2dcb76,2025-09-29,3,2025-10-06,CTR,82.8,93.160515,-0.052631578947368474,0.06590978068126963,0,model1,2026-06-15 06:49:36
7b9c460a-580e-404a-b04b-56b29c2dcb76,2025-09-29,4,2025-10-06,GPC,2.7,2.7561915,0.03846153846153855,0.06007365080026483,1,model1,2026-06-15 06:49:36
7b9c460a-580e-404a-b04b-56b29c2dcb76,2025-09-29,5,2025-10-06,DTI,2.5,2.639368,0.0,0.05574722290039058,0,model1,2026-06-15 06:49:36
7b9c460a-580e-404a-b04b-56b29c2dcb76,2025-09-29,6,2025-10-06,PV2,2.9,2.9447548,0.03571428571428581,0.051698156765529246,1,model1,2026-06-15 06:49:36
7b9c460a-580e-404a-b04b-56b29c2dcb76,2025-09-29,7,2025-10-06,VTA,3.0,3.3497722,-0.0625,0.04680381715297699,0,model1,2026-06-15 06:49:36
7b9c460a-580e-404a-b04b-56b29c2dcb76,2025-09-29,8,2025-10-06,TTF,3.06,3.1740975,0.006578947368421018,0.04411103223499491,1,model1,2026-06-15 06:49:36
7b9c460a-580e-404a-b04b-56b29c2dcb76,2025-09-29,9,2025-10-07,MCG,2.9,3.0136056,0.0,0.039174342977589705,0,model1,2026-06-15 06:49:36
7b9c460a-580e-404a-b04b-56b29c2dcb76,2025-09-29,10,2025-10-06,DLG,2.88,3.0136056,-0.010309278350515538,0.035603297125432753,0,model1,2026-06-15 06:49:36
7b9c460a-580e-404a-b04b-56b29c2dcb76,2025-09-30,1,2025-10-07,HHG,1.4,1.6236776,-0.06666666666666676,0.08245174090067553,0,model1,2026-06-15 06:49:36
7b9c460a-580e-404a-b04b-56b29c2dcb76,2025-09-30,2,2025-10-07,CTR,83.1,92.694115,-0.030338389731622062,0.08161160659344913,0,model1,2026-06-15 06:49:36
7b9c460a-580e-404a-b04b-56b29c2dcb76,2025-09-30,3,2025-10-16,BTN,2.9,2.776402,0.11538461538461542,0.06784692177405716,1,model1,2026-06-15 06:49:36
7b9c460a-580e-404a-b04b-56b29c2dcb76,2025-09-30,4,2025-10-07,DRH,2.36,2.7674623,-0.09230769230769242,0.06440855906559873,0,model1,2026-06-15 06:49:36
7b9c460a-580e-404a-b04b-56b29c2dcb76,2025-09-30,5,2025-10-07,DGC,89.1,91.45346,0.013075611142694621,0.03983468667833279,1,model1,2026-06-15 06:49:36
7b9c460a-580e-404a-b04b-56b29c2dcb76,2025-09-30,6,2025-10-15,PGT,8.7,8.459772,0.060975609756097615,0.03167952560796983,1,model1,2026-06-15 06:49:36
7b9c460a-580e-404a-b04b-56b29c2dcb76,2025-09-30,7,2025-10-08,MCG,2.7,2.990526,-0.06896551724137923,0.031215848593876272,0,model1,2026-06-15 06:49:36
7b9c460a-580e-404a-b04b-56b29c2dcb76,2025-09-30,8,2025-10-07,GPC,2.6,2.7829242,-0.03703703703703709,0.030712657504611496,0,model1,2026-06-15 06:49:36
7b9c460a-580e-404a-b04b-56b29c2dcb76,2025-09-30,9,2025-10-07,VTA,3.4,3.293937,0.0625,0.029355302453041077,1,model1,2026-06-15 06:49:36
7b9c460a-580e-404a-b04b-56b29c2dcb76,2025-09-30,10,2025-10-07,PV2,2.9,2.9845815,0.0,0.02916602430672488,0,model1,2026-06-15 06:49:36
7b9c460a-580e-404a-b04b-56b29c2dcb76,2025-10-01,1,2025-10-08,CTR,83.6,92.21932,-0.011820330969267157,0.09006291021973811,0,model1,2026-06-15 06:49:36
7b9c460a-580e-404a-b04b-56b29c2dcb76,2025-10-01,2,2025-10-08,HHG,1.5,1.6236776,0.0,0.08245174090067553,0,model1,2026-06-15 06:49:36
7b9c460a-580e-404a-b04b-56b29c2dcb76,2025-10-01,3,2025-10-08,DRH,2.28,2.7621012,-0.1230769230769232,0.06234660515418411,0,model1,2026-06-15 06:49:36
7b9c460a-580e-404a-b04b-56b29c2dcb76,2025-10-01,4,2025-10-08,GPC,2.6,2.7561915,0.0,0.06007365080026483,0,model1,2026-06-15 06:49:36
7b9c460a-580e-404a-b04b-56b29c2dcb76,2025-10-01,5,2025-10-08,CTP,9.0,10.760454,-0.11764705882352933,0.05494648802514179,0,model1,2026-06-15 06:49:36
7b9c460a-580e-404a-b04b-56b29c2dcb76,2025-10-01,6,2025-10-09,MCG,2.9,2.9447548,0.03571428571428581,0.051698156765529246,1,model1,2026-06-15 06:49:36
7b9c460a-580e-404a-b04b-56b29c2dcb76,2025-10-01,7,2025-10-08,KSQ,2.0,2.0906112,0.0,0.045305609703063965,0,model1,2026-06-15 06:49:36
7b9c460a-580e-404a-b04b-56b29c2dcb76,2025-10-01,8,2025-10-08,DTI,2.5,2.605527,0.0,0.04221076965332027,0,model1,2026-06-15 06:49:36
7b9c460a-580e-404a-b04b-56b29c2dcb76,2025-10-01,9,2025-10-08,TTF,3.03,3.1186426,0.010000000000000009,0.039547522862752205,1,model1,2026-06-15 06:49:36
7b9c460a-580e-404a-b04b-56b29c2dcb76,2025-10-01,10,2025-10-13,PEG,3.2,3.629982,-0.08571428571428563,0.0371377127511161,0,model1,2026-06-15 06:49:36
7b9c460a-580e-404a-b04b-56b29c2dcb76,2025-10-02,1,2025-10-28,NDC,128.0,141.8204,0.007874015748031482,0.11669609490342037,1,model1,2026-06-15 06:49:36
7b9c460a-580e-404a-b04b-56b29c2dcb76,2025-10-02,2,2025-10-09,CTR,82.9,91.5006,-0.011918951132300348,0.0905912124215491,0,model1,2026-06-15 06:49:36
7b9c460a-580e-404a-b04b-56b29c2dcb76,2025-10-02,3,2025-10-09,HHG,1.5,1.6236776,0.0,0.08245174090067553,0,model1,2026-06-15 06:49:36
7b9c460a-580e-404a-b04b-56b29c2dcb76,2025-10-02,4,2025-10-09,KSQ,1.9,2.032119,0.0,0.06953633458990804,0,model1,2026-06-15 06:49:36
7b9c460a-580e-404a-b04b-56b29c2dcb76,2025-10-02,5,2025-10-09,GPC,2.6,2.7561915,0.0,0.06007365080026483,0,model1,2026-06-15 06:49:36
7b9c460a-580e-404a-b04b-56b29c2dcb76,2025-10-02,6,2025-10-09,DRH,2.18,2.5508492,-0.09917355371900816,0.05406991706406772,0,model1,2026-06-15 06:49:36
7b9c460a-580e-404a-b04b-56b29c2dcb76,2025-10-02,7,2025-10-10,MCG,2.9,2.9447548,0.03571428571428581,0.051698156765529246,1,model1,2026-06-15 06:49:36
7b9c460a-580e-404a-b04b-56b29c2dcb76,2025-10-02,8,2025-10-09,VTA,3.1,3.1417642,0.03333333333333344,0.04725472132364916,1,model1,2026-06-15 06:49:36
7b9c460a-580e-404a-b04b-56b29c2dcb76,2025-10-02,9,2025-10-09,DTI,2.5,2.7116036,-0.03846153846153855,0.04292447750384998,0,model1,2026-06-15 06:49:36
7b9c460a-580e-404a-b04b-56b29c2dcb76,2025-10-02,10,2025-10-09,HU3,3.7,3.629982,0.05714285714285716,0.0371377127511161,1,model1,2026-06-15 06:49:36
7b9c460a-580e-404a-b04b-56b29c2dcb76,2025-10-03,1,2025-11-07,ACM,0.6,0.80638754,0.19999999999999996,0.6127750873565674,1,model1,2026-06-15 06:49:36
7b9c460a-580e-404a-b04b-56b29c2dcb76,2025-10-03,2,2025-11-07,PVH,0.6,0.8772337,0.0,0.4620561401049297,0,model1,2026-06-15 06:49:36
7b9c460a-580e-404a-b04b-56b29c2dcb76,2025-10-03,3,2025-11-07,FTM,0.7,0.9623713,0.0,0.37481612818581733,0,model1,2026-06-15 06:49:36
7b9c460a-580e-404a-b04b-56b29c2dcb76,2025-10-03,4,2025-11-14,G20,0.7,0.95626473,0.0,0.36609247752598373,0,model1,2026-06-15 06:49:36
7b9c460a-580e-404a-b04b-56b29c2dcb76,2025-10-03,5,2025-11-14,PXM,0.5,0.80638754,-0.16666666666666663,0.34397923946380615,0,model1,2026-06-15 06:49:36
7b9c460a-580e-404a-b04b-56b29c2dcb76,2025-10-03,6,2025-11-07,MPT,0.6,0.92192185,-0.1428571428571428,0.3170312132154194,0,model1,2026-06-15 06:49:36
7b9c460a-580e-404a-b04b-56b29c2dcb76,2025-10-03,7,2025-11-07,PXA,0.7,0.9623713,-0.1250000000000001,0.20296411216259003,0,model1,2026-06-15 06:49:36
7b9c460a-580e-404a-b04b-56b29c2dcb76,2025-10-03,8,2025-11-07,JOS,1.0,1.1478881,0.0,0.14788806438446045,0,model1,2026-06-15 06:49:36
7b9c460a-580e-404a-b04b-56b29c2dcb76,2025-10-03,9,2025-11-07,VKC,1.1,1.2523265,0.0,0.13847862590442994,0,model1,2026-06-15 06:49:36
7b9c460a-580e-404a-b04b-56b29c2dcb76,2025-10-03,10,2025-11-07,LTC,1.9,1.8056188,0.18749999999999978,0.1285117268562317,1,model1,2026-06-15 06:49:36
7b9c460a-580e-404a-b04b-56b29c2dcb76,2025-10-06,1,2025-10-13,CTR,83.6,91.05372,0.009661835748792313,0.09968259138761515,1,model1,2026-06-15 06:49:36
7b9c460a-580e-404a-b04b-56b29c2dcb76,2025-10-06,2,2025-10-13,MSN,85.0,91.039116,0.024096385542168752,0.09685681814170755,1,model1,2026-06-15 06:49:36
7b9c460a-580e-404a-b04b-56b29c2dcb76,2025-10-06,3,2025-10-13,HHG,1.5,1.6236776,0.0,0.08245174090067553,0,model1,2026-06-15 06:49:36
7b9c460a-580e-404a-b04b-56b29c2dcb76,2025-10-06,4,2025-10-13,KSQ,1.8,2.0906112,-0.09999999999999998,0.045305609703063965,0,model1,2026-06-15 06:49:36
7b9c460a-580e-404a-b04b-56b29c2dcb76,2025-10-06,5,2025-10-13,DRH,2.28,2.5185058,-0.05394190871369309,0.045023158378126205,0,model1,2026-06-15 06:49:36
7b9c460a-580e-404a-b04b-56b29c2dcb76,2025-10-06,6,2025-10-13,DTI,2.5,2.6024923,0.0,0.04099693298339835,0,model1,2026-06-15 06:49:36
7b9c460a-580e-404a-b04b-56b29c2dcb76,2025-10-06,7,2025-10-13,DC1,7.0,6.649974,0.09375,0.039058417081832886,1,model1,2026-06-15 06:49:36
7b9c460a-580e-404a-b04b-56b29c2dcb76,2025-10-06,8,2025-10-13,VTA,3.0,3.1123142,0.0,0.03743807474772143,0,model1,2026-06-15 06:49:36
7b9c460a-580e-404a-b04b-56b29c2dcb76,2025-10-06,9,2025-10-13,TTF,3.02,3.1631153,-0.013071895424836666,0.03369779836118614,0,model1,2026-06-15 06:49:36
7b9c460a-580e-404a-b04b-56b29c2dcb76,2025-10-06,10,2025-10-13,DLG,2.76,2.9756417,-0.04166666666666674,0.03320893314149642,0,model1,2026-06-15 06:49:36
7b9c460a-580e-404a-b04b-56b29c2dcb76,2025-10-07,1,2025-10-14,HHG,1.4,1.5825647,0.0,0.13040336540767128,0,model1,2026-06-15 06:49:36
7b9c460a-580e-404a-b04b-56b29c2dcb76,2025-10-07,2,2025-10-14,MSN,82.5,92.366875,0.0,0.11959848114938443,0,model1,2026-06-15 06:49:36
7b9c460a-580e-404a-b04b-56b29c2dcb76,2025-10-07,3,2025-10-14,CTR,82.4,91.03943,-0.008423586040914421,0.09554065837469916,0,model1,2026-06-15 06:49:36
7b9c460a-580e-404a-b04b-56b29c2dcb76,2025-10-07,4,2025-10-14,GPC,2.5,2.7561915,-0.03846153846153855,0.06007365080026483,0,model1,2026-06-15 06:49:36
7b9c460a-580e-404a-b04b-56b29c2dcb76,2025-10-07,5,2025-10-14,KSQ,1.8,2.0099425,-0.05263157894736836,0.057864490308259686,0,model1,2026-06-15 06:49:36
7b9c460a-580e-404a-b04b-56b29c2dcb76,2025-10-07,6,2025-10-14,DTI,2.4,2.6363335,-0.040000000000000036,0.05453338623046866,0,model1,2026-06-15 06:49:36
7b9c460a-580e-404a-b04b-56b29c2dcb76,2025-10-07,7,2025-10-14,DRH,2.24,2.4853046,-0.05084745762711851,0.05309516696606664,0,model1,2026-06-15 06:49:36
7b9c460a-580e-404a-b04b-56b29c2dcb76,2025-10-07,8,2025-10-14,TTF,2.98,3.1446478,-0.013245033112582738,0.04127411810767567,0,model1,2026-06-15 06:49:36
7b9c460a-580e-404a-b04b-56b29c2dcb76,2025-10-07,9,2025-10-14,DLG,2.69,2.935815,-0.046099290780141855,0.04106918294379058,0,model1,2026-06-15 06:49:36
7b9c460a-580e-404a-b04b-56b29c2dcb76,2025-10-07,10,2025-10-14,MCG,2.7,3.00505,-0.06896551724137923,0.036224118594465615,0,model1,2026-06-15 06:49:36
7b9c460a-580e-404a-b04b-56b29c2dcb76,2025-10-08,1,2025-10-15,MSN,82.5,92.70708,-0.001210653753026536,0.12236170734100726,0,model1,2026-06-15 06:49:36
7b9c460a-580e-404a-b04b-56b29c2dcb76,2025-10-08,2,2025-10-15,CTR,81.0,91.52564,-0.031100478468899406,0.0948043348686547,0,model1,2026-06-15 06:49:36
7b9c460a-580e-404a-b04b-56b29c2dcb76,2025-10-08,3,2025-10-15,HHG,1.4,1.6236776,-0.06666666666666676,0.08245174090067553,0,model1,2026-06-15 06:49:36
7b9c460a-580e-404a-b04b-56b29c2dcb76,2025-10-08,4,2025-10-15,DRH,2.17,2.419719,-0.04824561403508765,0.06128025473209853,0,model1,2026-06-15 06:49:36
7b9c460a-580e-404a-b04b-56b29c2dcb76,2025-10-08,5,2025-10-15,GPC,2.5,2.7561915,-0.03846153846153855,0.06007365080026483,0,model1,2026-06-15 06:49:36
7b9c460a-580e-404a-b04b-56b29c2dcb76,2025-10-08,6,2025-10-15,DTI,2.4,2.6363335,-0.040000000000000036,0.05453338623046866,0,model1,2026-06-15 06:49:36
7b9c460a-580e-404a-b04b-56b29c2dcb76,2025-10-08,7,2025-10-15,VTA,3.0,3.2606568,-0.032258064516129115,0.05182478504796184,0,model1,2026-06-15 06:49:36
7b9c460a-580e-404a-b04b-56b29c2dcb76,2025-10-08,8,2025-10-15,MCG,2.7,2.8239698,0.0,0.04591475592719174,0,model1,2026-06-15 06:49:36
7b9c460a-580e-404a-b04b-56b29c2dcb76,2025-10-08,9,2025-10-15,DLG,2.61,2.935815,-0.07117437722419939,0.04477405548095703,0,model1,2026-06-15 06:49:36
7b9c460a-580e-404a-b04b-56b29c2dcb76,2025-10-08,10,2025-10-15,KSQ,1.9,2.082621,-0.050000000000000044,0.04131054878234863,0,model1,2026-06-15 06:49:36
7b9c460a-580e-404a-b04b-56b29c2dcb76,2025-10-09,1,2025-10-16,MSN,88.2,92.70708,0.06137184115523486,0.11560862847613951,1,model1,2026-06-15 06:49:36
7b9c460a-580e-404a-b04b-56b29c2dcb76,2025-10-09,2,2025-10-16,CTR,81.4,91.03943,-0.018094089264173663,0.09818369977005426,0,model1,2026-06-15 06:49:36
7b9c460a-580e-404a-b04b-56b29c2dcb76,2025-10-09,3,2025-10-16,HHG,1.4,1.6236776,-0.06666666666666676,0.08245174090067553,0,model1,2026-06-15 06:49:36
7b9c460a-580e-404a-b04b-56b29c2dcb76,2025-10-09,4,2025-10-16,KSQ,1.8,2.0099425,-0.05263157894736836,0.057864490308259686,0,model1,2026-06-15 06:49:36
7b9c460a-580e-404a-b04b-56b29c2dcb76,2025-10-09,5,2025-10-16,DRH,2.2,2.301864,0.00917431192660545,0.0559008755815138,1,model1,2026-06-15 06:49:36
7b9c460a-580e-404a-b04b-56b29c2dcb76,2025-10-09,6,2025-10-16,GPC,2.5,2.7409124,-0.03846153846153855,0.0541970913226788,0,model1,2026-06-15 06:49:36
7b9c460a-580e-404a-b04b-56b29c2dcb76,2025-10-09,7,2025-10-16,PV2,2.8,2.9447548,0.0,0.051698156765529246,0,model1,2026-06-15 06:49:36
7b9c460a-580e-404a-b04b-56b29c2dcb76,2025-10-09,8,2025-10-16,HID,3.45,3.6236022,-0.0057636887608069065,0.04426574981865339,0,model1,2026-06-15 06:49:36
7b9c460a-580e-404a-b04b-56b29c2dcb76,2025-10-09,9,2025-10-16,TTF,2.89,3.1446478,-0.04304635761589404,0.04127411810767567,0,model1,2026-06-15 06:49:36
7b9c460a-580e-404a-b04b-56b29c2dcb76,2025-10-09,10,2025-10-16,DTI,2.5,2.6024923,0.0,0.04099693298339835,0,model1,2026-06-15 06:49:36
7b9c460a-580e-404a-b04b-56b29c2dcb76,2025-10-10,1,2025-11-14,ACM,0.5,0.80638754,0.0,0.6127750873565674,0,model1,2026-06-15 06:49:36
7b9c460a-580e-404a-b04b-56b29c2dcb76,2025-10-10,2,2025-11-14,PVH,0.7,0.8186215,0.16666666666666674,0.36436919371287035,1,model1,2026-06-15 06:49:36
7b9c460a-580e-404a-b04b-56b29c2dcb76,2025-10-10,3,2025-11-14,FTM,0.7,0.9455697,0.0,0.3508138486317227,0,model1,2026-06-15 06:49:36
7b9c460a-580e-404a-b04b-56b29c2dcb76,2025-10-10,4,2025-11-21,PXM,0.5,0.80638754,-0.16666666666666663,0.34397923946380615,0,model1,2026-06-15 06:49:36
7b9c460a-580e-404a-b04b-56b29c2dcb76,2025-10-10,5,2025-11-14,MPT,0.6,0.92192185,-0.1428571428571428,0.3170312132154194,0,model1,2026-06-15 06:49:36
7b9c460a-580e-404a-b04b-56b29c2dcb76,2025-10-10,6,2025-11-14,VKC,1.0,1.2126082,0.0,0.2126082181930542,0,model1,2026-06-15 06:49:36
7b9c460a-580e-404a-b04b-56b29c2dcb76,2025-10-10,7,2025-11-14,JOS,0.9,1.0829942,0.0,0.20332691404554581,0,model1,2026-06-15 06:49:36
7b9c460a-580e-404a-b04b-56b29c2dcb76,2025-10-10,8,2025-11-14,PXA,0.7,0.9623713,-0.1250000000000001,0.20296411216259003,0,model1,2026-06-15 06:49:36
7b9c460a-580e-404a-b04b-56b29c2dcb76,2025-10-10,9,2025-11-14,PVR,1.2,1.3626224,0.0,0.13551865021387743,0,model1,2026-06-15 06:49:36
7b9c460a-580e-404a-b04b-56b29c2dcb76,2025-10-10,10,2025-11-14,PXI,1.1,1.3626224,-0.08333333333333326,0.13551865021387743,0,model1,2026-06-15 06:49:36
7b9c460a-580e-404a-b04b-56b29c2dcb76,2025-10-13,1,2025-10-20,CTR,83.1,91.46441,-0.005980861244019087,0.09407187648937465,0,model1,2026-06-15 06:49:36
7b9c460a-580e-404a-b04b-56b29c2dcb76,2025-10-13,2,2025-10-20,HHG,1.4,1.6236776,-0.06666666666666676,0.08245174090067553,0,model1,2026-06-15 06:49:36
7b9c460a-580e-404a-b04b-56b29c2dcb76,2025-10-13,3,2025-10-20,KSQ,1.8,1.9469581,0.0,0.08164336946275497,0,model1,2026-06-15 06:49:36
7b9c460a-580e-404a-b04b-56b29c2dcb76,2025-10-13,4,2025-10-20,GPC,2.5,2.639368,0.0,0.05574722290039058,0,model1,2026-06-15 06:49:36
7b9c460a-580e-404a-b04b-56b29c2dcb76,2025-10-13,5,2025-10-20,DTI,2.2,2.6363335,-0.11999999999999988,0.05453338623046866,0,model1,2026-06-15 06:49:36
7b9c460a-580e-404a-b04b-56b29c2dcb76,2025-10-13,6,2025-10-20,MSN,81.9,89.50089,-0.03647058823529403,0.052951678107766575,0,model1,2026-06-15 06:49:36
7b9c460a-580e-404a-b04b-56b29c2dcb76,2025-10-13,7,2025-10-31,BTN,2.9,2.935815,0.03571428571428581,0.04850539139338905,1,model1,2026-06-15 06:49:36
7b9c460a-580e-404a-b04b-56b29c2dcb76,2025-10-13,8,2025-10-20,PV2,2.7,2.9224887,-0.03571428571428559,0.04374596050807411,0,model1,2026-06-15 06:49:36
7b9c460a-580e-404a-b04b-56b29c2dcb76,2025-10-13,9,2025-10-20,TTF,2.7,3.1446478,-0.10596026490066224,0.04127411810767567,0,model1,2026-06-15 06:49:36
7b9c460a-580e-404a-b04b-56b29c2dcb76,2025-10-13,10,2025-10-20,DRH,2.12,2.3723583,-0.07017543859649111,0.040508036027874894,0,model1,2026-06-15 06:49:36
7b9c460a-580e-404a-b04b-56b29c2dcb76,2025-10-14,1,2025-10-21,HHG,1.4,1.5825647,0.0,0.13040336540767128,0,model1,2026-06-15 06:49:36
7b9c460a-580e-404a-b04b-56b29c2dcb76,2025-10-14,2,2025-10-21,CTR,86.9,91.31317,0.05461165048543681,0.1081695556640625,1,model1,2026-06-15 06:49:36
7b9c460a-580e-404a-b04b-56b29c2dcb76,2025-10-14,3,2025-10-21,MSN,78.0,89.3537,-0.054545454545454564,0.08307513612689399,0,model1,2026-06-15 06:49:36
7b9c460a-580e-404a-b04b-56b29c2dcb76,2025-10-14,4,2025-10-21,KSQ,1.7,1.9469581,-0.05555555555555558,0.08164336946275497,0,model1,2026-06-15 06:49:36
7b9c460a-580e-404a-b04b-56b29c2dcb76,2025-10-14,5,2025-10-21,GPC,2.4,2.639368,-0.040000000000000036,0.05574722290039058,0,model1,2026-06-15 06:49:36
7b9c460a-580e-404a-b04b-56b29c2dcb76,2025-10-14,6,2025-10-21,DLG,2.47,2.8239698,-0.0817843866171003,0.049802914871159176,0,model1,2026-06-15 06:49:36
7b9c460a-580e-404a-b04b-56b29c2dcb76,2025-10-14,7,2025-10-21,DTI,2.3,2.5185058,-0.04166666666666674,0.04937742153803515,0,model1,2026-06-15 06:49:36
7b9c460a-580e-404a-b04b-56b29c2dcb76,2025-10-14,8,2025-11-05,BTN,2.9,2.935815,0.03571428571428581,0.04850539139338905,1,model1,2026-06-15 06:49:36
7b9c460a-580e-404a-b04b-56b29c2dcb76,2025-10-14,9,2025-10-21,DAT,7.96,8.545397,-0.028083028083027983,0.04339399326124194,0,model1,2026-06-15 06:49:36
7b9c460a-580e-404a-b04b-56b29c2dcb76,2025-10-14,10,2025-10-21,DRH,2.08,2.333206,-0.07142857142857151,0.04160979390144348,0,model1,2026-06-15 06:49:36
7b9c460a-580e-404a-b04b-56b29c2dcb76,2025-10-15,1,2025-10-22,HHG,1.4,1.5825647,0.0,0.13040336540767128,0,model1,2026-06-15 06:49:36
7b9c460a-580e-404a-b04b-56b29c2dcb76,2025-10-15,2,2026-02-13,VFC,78.8,90.8918,-0.048309178743961345,0.09772705225552913,0,model1,2026-06-15 06:49:36
7b9c460a-580e-404a-b04b-56b29c2dcb76,2025-10-15,3,2025-10-22,MSN,79.0,89.3537,-0.042424242424242475,0.08307513612689399,0,model1,2026-06-15 06:49:36
7b9c460a-580e-404a-b04b-56b29c2dcb76,2025-10-15,4,2025-10-22,DLG,2.64,2.7621012,0.011494252873563315,0.05827631164784641,1,model1,2026-06-15 06:49:36
7b9c460a-580e-404a-b04b-56b29c2dcb76,2025-10-15,5,2025-10-22,GPC,2.5,2.639368,0.0,0.05574722290039058,0,model1,2026-06-15 06:49:36
7b9c460a-580e-404a-b04b-56b29c2dcb76,2025-10-15,6,2025-10-22,DAS,7.7,8.442702,-0.03749999999999998,0.05533778667449951,0,model1,2026-06-15 06:49:36
7b9c460a-580e-404a-b04b-56b29c2dcb76,2025-10-15,7,2025-10-22,QPH,34.4,40.43342,-0.10649350649350653,0.05021865646560464,0,model1,2026-06-15 06:49:36
7b9c460a-580e-404a-b04b-56b29c2dcb76,2025-10-15,8,2025-10-22,EIN,2.9,3.0454836,0.0,0.050166754887021936,0,model1,2026-06-15 06:49:36
7b9c460a-580e-404a-b04b-56b29c2dcb76,2025-10-15,9,2025-10-22,KSQ,1.7,1.9946215,-0.10526315789473684,0.04980079751265687,0,model1,2026-06-15 06:49:36
7b9c460a-580e-404a-b04b-56b29c2dcb76,2025-10-15,10,2025-10-22,PV2,2.7,2.935815,-0.03571428571428559,0.04850539139338905,0,model1,2026-06-15 06:49:36
7b9c460a-580e-404a-b04b-56b29c2dcb76,2025-10-16,1,2025-10-23,HHG,1.5,1.5825647,0.0714285714285714,0.13040336540767128,1,model1,2026-06-15 06:49:36
7b9c460a-580e-404a-b04b-56b29c2dcb76,2025-10-16,2,2025-10-23,KSQ,1.8,1.9469581,0.0,0.08164336946275497,0,model1,2026-06-15 06:49:36
7b9c460a-580e-404a-b04b-56b29c2dcb76,2025-10-16,3,2025-10-23,MSN,78.2,93.93778,-0.11337868480725621,0.0650542209478191,0,model1,2026-06-15 06:49:36
7b9c460a-580e-404a-b04b-56b29c2dcb76,2025-10-16,4,2025-10-23,GPC,2.5,2.6363335,0.0,0.05453338623046866,0,model1,2026-06-15 06:49:36
7b9c460a-580e-404a-b04b-56b29c2dcb76,2025-10-16,5,2025-10-29,NDC,139.0,141.8204,0.029629629629629672,0.050521511501736116,1,model1,2026-06-15 06:49:36
7b9c460a-580e-404a-b04b-56b29c2dcb76,2025-10-16,6,2025-10-23,ILA,6.5,6.2858696,0.08333333333333326,0.04764493306477857,1,model1,2026-06-15 06:49:36
7b9c460a-580e-404a-b04b-56b29c2dcb76,2025-10-16,7,2025-10-23,DLG,2.63,2.7621012,-0.0037878787878788955,0.046250444470029795,0,model1,2026-06-15 06:49:36
7b9c460a-580e-404a-b04b-56b29c2dcb76,2025-10-16,8,2025-10-23,DRH,2.08,2.2989383,-0.054545454545454564,0.04497194290161133,0,model1,2026-06-15 06:49:36
7b9c460a-580e-404a-b04b-56b29c2dcb76,2025-10-16,9,2025-10-23,PV2,2.7,2.9224887,-0.03571428571428559,0.04374596050807411,0,model1,2026-06-15 06:49:36
7b9c460a-580e-404a-b04b-56b29c2dcb76,2025-10-16,10,2025-11-04,SVG,6.5,6.4490814,0.048387096774193505,0.04017442272555449,1,model1,2026-06-15 06:49:36
7b9c460a-580e-404a-b04b-56b29c2dcb76,2025-10-17,1,2025-11-21,MPT,0.6,0.83542305,0.19999999999999996,0.6708461046218872,1,model1,2026-06-15 06:49:36
7b9c460a-580e-404a-b04b-56b29c2dcb76,2025-10-17,2,2025-11-28,PXM,0.6,0.80638754,0.19999999999999996,0.6127750873565674,1,model1,2026-06-15 06:49:36
7b9c460a-580e-404a-b04b-56b29c2dcb76,2025-10-17,3,2025-11-21,FTM,0.7,0.9623713,0.0,0.37481612818581733,0,model1,2026-06-15 06:49:36
7b9c460a-580e-404a-b04b-56b29c2dcb76,2025-10-17,4,2025-11-21,PVH,0.6,0.8124941,0.0,0.3541568319002788,0,model1,2026-06-15 06:49:36
7b9c460a-580e-404a-b04b-56b29c2dcb76,2025-10-17,5,2025-11-21,ACM,0.6,0.80638754,0.0,0.34397923946380615,0,model1,2026-06-15 06:49:36
7b9c460a-580e-404a-b04b-56b29c2dcb76,2025-10-17,6,2025-11-21,G20,0.6,0.93946314,-0.1428571428571428,0.3420901979718891,0,model1,2026-06-15 06:49:36
7b9c460a-580e-404a-b04b-56b29c2dcb76,2025-10-17,7,2025-11-21,JOS,0.9,0.97781163,0.125,0.22226454317569733,1,model1,2026-06-15 06:49:36
7b9c460a-580e-404a-b04b-56b29c2dcb76,2025-10-17,8,2025-11-21,PXA,0.7,0.9623713,-0.1250000000000001,0.20296411216259003,0,model1,2026-06-15 06:49:36
7b9c460a-580e-404a-b04b-56b29c2dcb76,2025-10-17,9,2025-11-21,VKC,0.9,1.2011809,-0.09999999999999998,0.20118093490600586,0,model1,2026-06-15 06:49:36
7b9c460a-580e-404a-b04b-56b29c2dcb76,2025-10-17,10,2025-11-21,VNH,1.0,1.3038545,-0.09090909090909094,0.18532224134965358,0,model1,2026-06-15 06:49:36
7b9c460a-580e-404a-b04b-56b29c2dcb76,2025-10-20,1,2025-10-27,MSN,78.5,92.70708,-0.04151404151404159,0.13195454244648563,0,model1,2026-06-15 06:49:36
7b9c460a-580e-404a-b04b-56b29c2dcb76,2025-10-20,2,2025-10-27,HHG,1.4,1.5825647,0.0,0.13040336540767128,0,model1,2026-06-15 06:49:36
7b9c460a-580e-404a-b04b-56b29c2dcb76,2025-10-20,3,2025-10-27,DGC,89.01,91.27039,0.06777831094049902,0.09489435426561932,1,model1,2026-06-15 06:49:36
7b9c460a-580e-404a-b04b-56b29c2dcb76,2025-10-20,4,2025-10-27,DTI,2.2,2.346298,0.0,0.06649908152493555,0,model1,2026-06-15 06:49:36
7b9c460a-580e-404a-b04b-56b29c2dcb76,2025-10-20,5,2025-10-27,DRH,2.1,2.2449589,-0.009433962264150941,0.058942866775224756,0,model1,2026-06-15 06:49:36
7b9c460a-580e-404a-b04b-56b29c2dcb76,2025-10-20,6,2025-10-27,PTL,3.0,3.2029538,-0.009900990099009799,0.0570804671485825,0,model1,2026-06-15 06:49:36
7b9c460a-580e-404a-b04b-56b29c2dcb76,2025-10-20,7,2025-10-27,DLG,2.53,2.5883467,0.03265306122448974,0.05646804887421264,1,model1,2026-06-15 06:49:36
7b9c460a-580e-404a-b04b-56b29c2dcb76,2025-10-20,8,2025-10-27,KSQ,1.9,1.8997234,0.05555555555555558,0.05540189478132462,1,model1,2026-06-15 06:49:36
7b9c460a-580e-404a-b04b-56b29c2dcb76,2025-10-20,9,2025-10-28,EIN,3.2,2.937373,0.14285714285714302,0.04906175817762115,1,model1,2026-06-15 06:49:36
7b9c460a-580e-404a-b04b-56b29c2dcb76,2025-10-20,10,2025-10-27,CTR,91.0,86.979675,0.09506618531889299,0.04668682663018964,1,model1,2026-06-15 06:49:36
7b9c460a-580e-404a-b04b-56b29c2dcb76,2025-10-21,1,2025-10-28,KSQ,1.8,1.8512855,0.05882352941176472,0.08899144565357875,1,model1,2026-06-15 06:49:36
7b9c460a-580e-404a-b04b-56b29c2dcb76,2025-10-21,2,2025-10-28,HHG,1.4,1.5139729,0.0,0.08140919889722564,0,model1,2026-06-15 06:49:36
7b9c460a-580e-404a-b04b-56b29c2dcb76,2025-10-21,3,2025-10-28,CTR,90.5,93.832016,0.04142692750287691,0.07977003442129948,1,model1,2026-06-15 06:49:36
7b9c460a-580e-404a-b04b-56b29c2dcb76,2025-10-21,4,2025-10-28,DGC,90.06,91.67733,0.05382635150947812,0.07275134585876253,1,model1,2026-06-15 06:49:36
7b9c460a-580e-404a-b04b-56b29c2dcb76,2025-10-21,5,2025-10-28,DRH,2.17,2.2053416,0.043269230769230616,0.060260373812455414,1,model1,2026-06-15 06:49:36
7b9c460a-580e-404a-b04b-56b29c2dcb76,2025-10-21,6,2025-10-28,GPC,2.6,2.5185058,0.08333333333333348,0.04937742153803515,1,model1,2026-06-15 06:49:36
7b9c460a-580e-404a-b04b-56b29c2dcb76,2025-10-21,7,2025-10-28,VTA,2.9,2.8329096,0.07407407407407396,0.04922577186867039,1,model1,2026-06-15 06:49:36
7b9c460a-580e-404a-b04b-56b29c2dcb76,2025-10-21,8,2025-10-28,DTI,2.3,2.4037013,0.0,0.04508752408234984,0,model1,2026-06-15 06:49:36
7b9c460a-580e-404a-b04b-56b29c2dcb76,2025-10-21,9,2025-10-28,VEF,132.5,157.6377,-0.12292314820943928,0.04347451719401607,0,model1,2026-06-15 06:49:36
7b9c460a-580e-404a-b04b-56b29c2dcb76,2025-10-21,10,2025-10-29,FCM,3.6,3.5335846,0.06194690265486735,0.04235533767745192,1,model1,2026-06-15 06:49:36
7b9c460a-580e-404a-b04b-56b29c2dcb76,2025-10-22,1,2025-10-29,CTR,91.8,93.174805,0.06868451688009314,0.08468922802677525,1,model1,2026-06-15 06:49:36
7b9c460a-580e-404a-b04b-56b29c2dcb76,2025-10-22,2,2025-10-29,KSQ,1.8,1.8392208,0.05882352941176472,0.08189456603106327,1,model1,2026-06-15 06:49:36
7b9c460a-580e-404a-b04b-56b29c2dcb76,2025-10-22,3,2025-10-29,HHG,1.5,1.5139729,0.0714285714285714,0.08140919889722564,1,model1,2026-06-15 06:49:36
7b9c460a-580e-404a-b04b-56b29c2dcb76,2025-10-22,4,2025-10-29,DTI,2.3,2.333206,0.04545454545454519,0.060548153790560555,1,model1,2026-06-15 06:49:36
7b9c460a-580e-404a-b04b-56b29c2dcb76,2025-10-22,5,2025-10-29,DGC,90.44,92.28472,0.03727491684826245,0.058432404799996895,1,model1,2026-06-15 06:49:36
7b9c460a-580e-404a-b04b-56b29c2dcb76,2025-10-22,6,2025-10-29,MCG,2.6,2.639368,0.040000000000000036,0.05574722290039058,1,model1,2026-06-15 06:49:36
7b9c460a-580e-404a-b04b-56b29c2dcb76,2025-10-22,7,2025-10-29,PTL,3.05,3.1751184,0.0066006600660066805,0.047893876683200665,1,model1,2026-06-15 06:49:36
7b9c460a-580e-404a-b04b-56b29c2dcb76,2025-10-22,8,2025-10-29,DRH,2.32,2.1780703,0.11004784688995217,0.04213890276457133,1,model1,2026-06-15 06:49:36
7b9c460a-580e-404a-b04b-56b29c2dcb76,2025-10-22,9,2025-10-29,GPC,2.5,2.6024923,0.0,0.04099693298339835,0,model1,2026-06-15 06:49:36
7b9c460a-580e-404a-b04b-56b29c2dcb76,2025-10-22,10,2025-11-20,SSH,79.0,88.416405,-0.07058823529411762,0.04019299675436572,0,model1,2026-06-15 06:49:36
7b9c460a-580e-404a-b04b-56b29c2dcb76,2025-10-23,1,2025-10-30,HHG,1.4,1.6236776,-0.06666666666666676,0.08245174090067553,0,model1,2026-06-15 06:49:36
7b9c460a-580e-404a-b04b-56b29c2dcb76,2025-10-23,2,2025-11-24,NDC,136.0,155.67564,-0.06849315068493156,0.06627153370478389,0,model1,2026-06-15 06:49:36
7b9c460a-580e-404a-b04b-56b29c2dcb76,2025-10-23,3,2025-10-30,DRH,2.48,2.2053416,0.1923076923076923,0.060260373812455414,1,model1,2026-06-15 06:49:36
7b9c460a-580e-404a-b04b-56b29c2dcb76,2025-10-23,4,2025-10-30,DGC,89.68,92.24194,0.02855832090836108,0.05794177496702613,1,model1,2026-06-15 06:49:36
7b9c460a-580e-404a-b04b-56b29c2dcb76,2025-10-23,5,2025-10-30,DTI,2.3,2.4292433,0.0,0.05619275051614525,0,model1,2026-06-15 06:49:36
7b9c460a-580e-404a-b04b-56b29c2dcb76,2025-10-23,6,2025-10-30,GPC,2.4,2.6363335,-0.040000000000000036,0.05453338623046866,0,model1,2026-06-15 06:49:36
7b9c460a-580e-404a-b04b-56b29c2dcb76,2025-10-23,7,2025-10-30,CTR,94.0,89.44166,0.10588235294117654,0.05225480023552387,1,model1,2026-06-15 06:49:36
7b9c460a-580e-404a-b04b-56b29c2dcb76,2025-10-23,8,2025-10-30,KSQ,1.9,1.8876587,0.05555555555555558,0.048699286248948814,1,model1,2026-06-15 06:49:36
7b9c460a-580e-404a-b04b-56b29c2dcb76,2025-10-23,9,2025-10-30,DLG,2.93,2.751055,0.11406844106463887,0.04602851795153029,1,model1,2026-06-15 06:49:36
7b9c460a-580e-404a-b04b-56b29c2dcb76,2025-10-23,10,2025-10-30,HID,3.65,3.536752,0.07352941176470584,0.04022117222056676,1,model1,2026-06-15 06:49:36
7b9c460a-580e-404a-b04b-56b29c2dcb76,2025-10-24,1,2025-11-28,FTM,0.7,0.8833611,0.16666666666666674,0.47226850191752123,1,model1,2026-06-15 06:49:36
7b9c460a-580e-404a-b04b-56b29c2dcb76,2025-10-24,2,2025-11-28,MPT,0.6,0.84747934,0.0,0.41246557235717773,0,model1,2026-06-15 06:49:36
7b9c460a-580e-404a-b04b-56b29c2dcb76,2025-10-24,3,2025-11-28,PXA,0.8,0.9623713,0.14285714285714302,0.37481612818581733,1,model1,2026-06-15 06:49:36
7b9c460a-580e-404a-b04b-56b29c2dcb76,2025-10-24,4,2025-11-28,PVH,0.6,0.8124941,0.0,0.3541568319002788,0,model1,2026-06-15 06:49:36
7b9c460a-580e-404a-b04b-56b29c2dcb76,2025-10-24,5,2025-11-28,ACM,0.6,0.80638754,0.0,0.34397923946380615,0,model1,2026-06-15 06:49:36
7b9c460a-580e-404a-b04b-56b29c2dcb76,2025-10-24,6,2025-12-05,PXM,0.5,0.80638754,-0.16666666666666663,0.34397923946380615,0,model1,2026-06-15 06:49:36
7b9c460a-580e-404a-b04b-56b29c2dcb76,2025-10-24,7,2025-11-28,G20,0.7,0.93946314,0.0,0.3420901979718891,0,model1,2026-06-15 06:49:36
7b9c460a-580e-404a-b04b-56b29c2dcb76,2025-10-24,8,2025-11-28,VKC,1.0,1.0878532,0.11111111111111116,0.20872577031453443,1,model1,2026-06-15 06:49:36
7b9c460a-580e-404a-b04b-56b29c2dcb76,2025-10-24,9,2025-11-28,JOS,1.0,1.0829942,0.11111111111111116,0.20332691404554581,1,model1,2026-06-15 06:49:36
7b9c460a-580e-404a-b04b-56b29c2dcb76,2025-10-24,10,2025-11-28,PVR,1.1,1.3626224,-0.08333333333333326,0.13551865021387743,0,model1,2026-06-15 06:49:36
7b9c460a-580e-404a-b04b-56b29c2dcb76,2025-10-27,1,2025-11-03,VEF,134.8,153.3393,-0.000741289844329085,0.1366886170021775,0,model1,2026-06-15 06:49:36
7b9c460a-580e-404a-b04b-56b29c2dcb76,2025-10-27,2,2025-11-03,HHG,1.4,1.5139729,0.0,0.08140919889722564,0,model1,2026-06-15 06:49:36
7b9c460a-580e-404a-b04b-56b29c2dcb76,2025-10-27,3,2025-11-03,PV2,2.6,2.7621012,0.0,0.06234660515418411,0,model1,2026-06-15 06:49:36
7b9c460a-580e-404a-b04b-56b29c2dcb76,2025-10-27,4,2025-11-03,DTI,2.5,2.333206,0.13636363636363624,0.060548153790560555,1,model1,2026-06-15 06:49:36
7b9c460a-580e-404a-b04b-56b29c2dcb76,2025-10-27,5,2025-11-03,DRH,2.31,2.2152262,0.10000000000000009,0.05486960638137095,1,model1,2026-06-15 06:49:36
7b9c460a-580e-404a-b04b-56b29c2dcb76,2025-10-27,6,2025-11-03,GPC,2.3,2.6363335,-0.08000000000000007,0.05453338623046866,0,model1,2026-06-15 06:49:36
7b9c460a-580e-404a-b04b-56b29c2dcb76,2025-10-27,7,2025-11-03,MCG,2.4,2.735776,-0.07692307692307698,0.05222151829646182,0,model1,2026-06-15 06:49:36
7b9c460a-580e-404a-b04b-56b29c2dcb76,2025-10-27,8,2025-11-03,KSQ,1.8,1.9946215,-0.05263157894736836,0.04980079751265687,0,model1,2026-06-15 06:49:36
7b9c460a-580e-404a-b04b-56b29c2dcb76,2025-10-27,9,2025-11-03,DGC,91.5,93.26305,0.027974384900572913,0.04778166795470651,1,model1,2026-06-15 06:49:36
7b9c460a-580e-404a-b04b-56b29c2dcb76,2025-10-27,10,2025-11-03,DLG,2.81,2.639368,0.11067193675889331,0.04322848112686839,1,model1,2026-06-15 06:49:36
7b9c460a-580e-404a-b04b-56b29c2dcb76,2025-10-28,1,2025-11-04,VEF,131.9,153.45805,-0.00452830188679243,0.15817398934994098,0,model1,2026-06-15 06:49:36
7b9c460a-580e-404a-b04b-56b29c2dcb76,2025-10-28,2,2025-11-28,NDC,127.0,141.92503,-0.0078125,0.10878932476043701,0,model1,2026-06-15 06:49:36
7b9c460a-580e-404a-b04b-56b29c2dcb76,2025-10-28,3,2025-11-04,KSQ,1.7,1.9469581,-0.05555555555555558,0.08164336946275497,0,model1,2026-06-15 06:49:36
7b9c460a-580e-404a-b04b-56b29c2dcb76,2025-10-28,4,2025-11-04,HHG,1.4,1.5139729,0.0,0.08140919889722564,0,model1,2026-06-15 06:49:36
7b9c460a-580e-404a-b04b-56b29c2dcb76,2025-10-28,5,2025-11-04,PV2,2.7,2.7561915,0.03846153846153855,0.06007365080026483,1,model1,2026-06-15 06:49:36
7b9c460a-580e-404a-b04b-56b29c2dcb76,2025-10-28,6,2025-11-04,MCG,2.5,2.639368,0.0,0.05574722290039058,0,model1,2026-06-15 06:49:36
7b9c460a-580e-404a-b04b-56b29c2dcb76,2025-10-28,7,2025-11-04,DTI,2.4,2.4037013,0.04347826086956519,0.04508752408234984,1,model1,2026-06-15 06:49:36
7b9c460a-580e-404a-b04b-56b29c2dcb76,2025-10-28,8,2025-11-04,GPC,2.4,2.708569,-0.07692307692307698,0.041757326859694244,0,model1,2026-06-15 06:49:36
7b9c460a-580e-404a-b04b-56b29c2dcb76,2025-10-28,9,2025-11-04,CTR,90.3,93.96877,-0.0022099447513812542,0.03832898218987402,0,model1,2026-06-15 06:49:36
7b9c460a-580e-404a-b04b-56b29c2dcb76,2025-10-28,10,2025-11-04,DGC,90.64,93.463066,0.006440151010437489,0.0377866544645149,1,model1,2026-06-15 06:49:36
7b9c460a-580e-404a-b04b-56b29c2dcb76,2025-10-29,1,2025-11-05,VEF,132.0,149.25209,-0.014189693801344383,0.11465340144960079,0,model1,2026-06-15 06:49:36
7b9c460a-580e-404a-b04b-56b29c2dcb76,2025-10-29,2,2025-11-05,KSQ,1.8,1.9469581,0.0,0.08164336946275497,0,model1,2026-06-15 06:49:36
7b9c460a-580e-404a-b04b-56b29c2dcb76,2025-10-29,3,2025-11-05,HHG,1.4,1.592979,-0.06666666666666676,0.06198596954345703,0,model1,2026-06-15 06:49:36
7b9c460a-580e-404a-b04b-56b29c2dcb76,2025-10-29,4,2025-12-08,NDC,136.0,147.26108,-0.021582733812949617,0.05943221497021134,0,model1,2026-06-15 06:49:36
7b9c460a-580e-404a-b04b-56b29c2dcb76,2025-10-29,5,2025-11-05,GPC,2.4,2.6363335,-0.040000000000000036,0.05453338623046866,0,model1,2026-06-15 06:49:36
7b9c460a-580e-404a-b04b-56b29c2dcb76,2025-10-29,6,2025-11-05,MCG,2.5,2.735776,-0.03846153846153855,0.05222151829646182,0,model1,2026-06-15 06:49:36
7b9c460a-580e-404a-b04b-56b29c2dcb76,2025-10-29,7,2025-11-05,DTI,2.4,2.4037013,0.04347826086956519,0.04508752408234984,1,model1,2026-06-15 06:49:36
7b9c460a-580e-404a-b04b-56b29c2dcb76,2025-10-29,8,2025-11-05,SJM,3.8,4.4860215,-0.11627906976744184,0.04326081830401751,0,model1,2026-06-15 06:49:36
7b9c460a-580e-404a-b04b-56b29c2dcb76,2025-10-29,9,2025-11-05,DLG,2.72,2.8512979,-0.007299270072992692,0.040619655247152275,0,model1,2026-06-15 06:49:36
7b9c460a-580e-404a-b04b-56b29c2dcb76,2025-10-29,10,2025-11-05,VTA,3.0,3.0136056,0.034482758620689724,0.039174342977589705,1,model1,2026-06-15 06:49:36
7b9c460a-580e-404a-b04b-56b29c2dcb76,2025-10-30,1,2025-11-06,HHG,1.4,1.5825647,0.0,0.13040336540767128,0,model1,2026-06-15 06:49:36
7b9c460a-580e-404a-b04b-56b29c2dcb76,2025-10-30,2,2025-12-11,NDC,145.0,139.80467,0.1417322834645669,0.10082419087567662,1,model1,2026-06-15 06:49:36
7b9c460a-580e-404a-b04b-56b29c2dcb76,2025-10-30,3,2025-11-06,VEF,131.5,150.36964,-0.049168474331164225,0.08727146901691296,0,model1,2026-06-15 06:49:36
7b9c460a-580e-404a-b04b-56b29c2dcb76,2025-10-30,4,2025-11-06,MCG,2.5,2.751055,-0.03846153846153855,0.05809807777404785,0,model1,2026-06-15 06:49:36
7b9c460a-580e-404a-b04b-56b29c2dcb76,2025-10-30,5,2025-11-06,DTI,2.3,2.4206488,0.0,0.05245600575986131,0,model1,2026-06-15 06:49:36
7b9c460a-580e-404a-b04b-56b29c2dcb76,2025-10-30,6,2025-11-07,VTA,2.9,2.9447548,0.03571428571428581,0.051698156765529246,1,model1,2026-06-15 06:49:36
7b9c460a-580e-404a-b04b-56b29c2dcb76,2025-10-30,7,2025-11-06,KSQ,1.9,1.9946215,0.0,0.04980079751265687,0,model1,2026-06-15 06:49:36
7b9c460a-580e-404a-b04b-56b29c2dcb76,2025-10-30,8,2025-11-06,GPC,2.4,2.5185058,0.0,0.04937742153803515,0,model1,2026-06-15 06:49:36
7b9c460a-580e-404a-b04b-56b29c2dcb76,2025-10-30,9,2025-11-06,PV2,2.6,2.8186088,-0.03703703703703709,0.04392917067916291,0,model1,2026-06-15 06:49:36
7b9c460a-580e-404a-b04b-56b29c2dcb76,2025-10-30,10,2025-11-06,DGC,91.02,93.27264,0.014942016057091667,0.04006062013352163,1,model1,2026-06-15 06:49:36
7b9c460a-580e-404a-b04b-56b29c2dcb76,2025-10-31,1,2025-12-05,ACM,0.6,0.80638754,0.19999999999999996,0.6127750873565674,1,model1,2026-06-15 06:49:36
7b9c460a-580e-404a-b04b-56b29c2dcb76,2025-10-31,2,2025-12-05,MPT,0.6,0.80638754,0.19999999999999996,0.6127750873565674,1,model1,2026-06-15 06:49:36
7b9c460a-580e-404a-b04b-56b29c2dcb76,2025-10-31,3,2025-12-05,PVH,0.6,0.80638754,0.19999999999999996,0.6127750873565674,1,model1,2026-06-15 06:49:36
7b9c460a-580e-404a-b04b-56b29c2dcb76,2025-10-31,4,2025-12-12,PXM,0.4,0.80638754,-0.19999999999999996,0.6127750873565674,0,model1,2026-06-15 06:49:36
7b9c460a-580e-404a-b04b-56b29c2dcb76,2025-10-31,5,2025-12-05,G20,0.7,0.8361628,0.16666666666666674,0.3936046759287517,1,model1,2026-06-15 06:49:36
7b9c460a-580e-404a-b04b-56b29c2dcb76,2025-10-31,6,2025-12-05,FTM,0.7,0.9623713,0.0,0.37481612818581733,0,model1,2026-06-15 06:49:36
7b9c460a-580e-404a-b04b-56b29c2dcb76,2025-10-31,7,2025-12-05,PXA,0.8,0.9623713,0.14285714285714302,0.37481612818581733,1,model1,2026-06-15 06:49:36
7b9c460a-580e-404a-b04b-56b29c2dcb76,2025-10-31,8,2025-12-05,VNH,1.0,1.2238789,0.0,0.2238788604736328,0,model1,2026-06-15 06:49:36
7b9c460a-580e-404a-b04b-56b29c2dcb76,2025-10-31,9,2025-12-05,PVR,1.2,1.2989839,0.09090909090909083,0.18089448321949342,1,model1,2026-06-15 06:49:36
7b9c460a-580e-404a-b04b-56b29c2dcb76,2025-10-31,10,2025-12-05,JOS,1.0,1.152747,0.0,0.1527470350265503,0,model1,2026-06-15 06:49:36
7b9c460a-580e-404a-b04b-56b29c2dcb76,2025-11-03,1,2025-11-10,VEF,128.6,150.6401,-0.0459940652818992,0.11750820624014735,0,model1,2026-06-15 06:49:36
7b9c460a-580e-404a-b04b-56b29c2dcb76,2025-11-03,2,2025-11-10,HHG,1.4,1.5518659,0.0,0.10847566808973053,0,model1,2026-06-15 06:49:36
7b9c460a-580e-404a-b04b-56b29c2dcb76,2025-11-03,3,2025-11-10,PV2,2.5,2.7621012,-0.03846153846153855,0.06234660515418411,0,model1,2026-06-15 06:49:36
7b9c460a-580e-404a-b04b-56b29c2dcb76,2025-11-03,4,2025-11-10,MCG,2.5,2.5457127,0.04166666666666674,0.06071362892786669,1,model1,2026-06-15 06:49:36
7b9c460a-580e-404a-b04b-56b29c2dcb76,2025-11-03,5,2025-11-10,KSQ,1.8,1.8997234,0.0,0.05540189478132462,0,model1,2026-06-15 06:49:36
7b9c460a-580e-404a-b04b-56b29c2dcb76,2025-11-03,6,2025-11-10,EIN,2.7,2.9506993,-0.03571428571428559,0.05382118906293609,0,model1,2026-06-15 06:49:36
7b9c460a-580e-404a-b04b-56b29c2dcb76,2025-11-03,7,2025-11-10,DRH,2.26,2.4292433,-0.0216450216450218,0.05162048752689774,0,model1,2026-06-15 06:49:36
7b9c460a-580e-404a-b04b-56b29c2dcb76,2025-11-03,8,2025-11-17,VTA,2.8,2.935815,0.0,0.04850539139338905,0,model1,2026-06-15 06:49:36
7b9c460a-580e-404a-b04b-56b29c2dcb76,2025-11-03,9,2025-11-10,GPC,2.4,2.4111245,0.04347826086956519,0.04831498602162254,1,model1,2026-06-15 06:49:36
7b9c460a-580e-404a-b04b-56b29c2dcb76,2025-11-03,10,2025-11-10,DLG,2.55,2.935815,-0.09252669039145911,0.04477405548095703,0,model1,2026-06-15 06:49:36
7b9c460a-580e-404a-b04b-56b29c2dcb76,2025-11-04,1,2025-11-11,VEF,129.5,147.85185,-0.0181956027293404,0.12093898724027441,0,model1,2026-06-15 06:49:36
7b9c460a-580e-404a-b04b-56b29c2dcb76,2025-11-04,2,2025-11-11,KSQ,1.8,1.8512855,0.05882352941176472,0.08899144565357875,1,model1,2026-06-15 06:49:36
7b9c460a-580e-404a-b04b-56b29c2dcb76,2025-11-04,3,2025-11-11,HHG,1.4,1.5139729,0.0,0.08140919889722564,0,model1,2026-06-15 06:49:36
7b9c460a-580e-404a-b04b-56b29c2dcb76,2025-11-04,4,2025-11-11,DTI,2.3,2.5185058,-0.04166666666666674,0.04937742153803515,0,model1,2026-06-15 06:49:36
7b9c460a-580e-404a-b04b-56b29c2dcb76,2025-11-04,5,2025-11-11,EIN,2.7,2.935815,-0.03571428571428559,0.04850539139338905,0,model1,2026-06-15 06:49:36
7b9c460a-580e-404a-b04b-56b29c2dcb76,2025-11-04,6,2025-11-19,VTA,2.9,2.935815,0.03571428571428581,0.04850539139338905,1,model1,2026-06-15 06:49:36
7b9c460a-580e-404a-b04b-56b29c2dcb76,2025-11-04,7,2025-11-12,PEG,3.5,3.4469695,0.06060606060606055,0.04453621488628978,1,model1,2026-06-15 06:49:36
7b9c460a-580e-404a-b04b-56b29c2dcb76,2025-11-04,8,2025-11-11,SHN,4.4,4.487069,0.023255813953488413,0.04350444882415072,1,model1,2026-06-15 06:49:36
7b9c460a-580e-404a-b04b-56b29c2dcb76,2025-11-04,9,2025-11-11,MCG,2.4,2.605527,-0.040000000000000036,0.04221076965332027,0,model1,2026-06-15 06:49:36
7b9c460a-580e-404a-b04b-56b29c2dcb76,2025-11-04,10,2025-11-11,DGC,87.95,94.00384,-0.029677846425419263,0.03711206515279364,0,model1,2026-06-15 06:49:36
7b9c460a-580e-404a-b04b-56b29c2dcb76,2025-11-05,1,2025-11-12,VEF,129.9,146.7343,-0.015909090909090873,0.11162347504586889,0,model1,2026-06-15 06:49:36
7b9c460a-580e-404a-b04b-56b29c2dcb76,2025-11-05,2,2025-11-12,HHG,1.4,1.5139729,0.0,0.08140919889722564,0,model1,2026-06-15 06:49:36
7b9c460a-580e-404a-b04b-56b29c2dcb76,2025-11-05,3,2025-11-12,KSQ,1.9,1.8997234,0.05555555555555558,0.05540189478132462,1,model1,2026-06-15 06:49:36
7b9c460a-580e-404a-b04b-56b29c2dcb76,2025-11-05,4,2025-11-12,MCG,2.4,2.6363335,-0.040000000000000036,0.05453338623046866,0,model1,2026-06-15 06:49:36
7b9c460a-580e-404a-b04b-56b29c2dcb76,2025-11-05,5,2025-11-12,NAG,8.0,8.94355,-0.05882352941176472,0.05218236586626834,0,model1,2026-06-15 06:49:36
7b9c460a-580e-404a-b04b-56b29c2dcb76,2025-11-05,6,2025-11-12,DTI,2.4,2.5185058,0.0,0.04937742153803515,0,model1,2026-06-15 06:49:36
7b9c460a-580e-404a-b04b-56b29c2dcb76,2025-11-05,7,2025-11-12,PTL,3.01,3.177263,-0.0066006600660065695,0.04860165725053345,0,model1,2026-06-15 06:49:36
7b9c460a-580e-404a-b04b-56b29c2dcb76,2025-11-05,8,2025-11-12,DRH,2.4,2.4111245,0.04347826086956519,0.04831498602162254,1,model1,2026-06-15 06:49:36
7b9c460a-580e-404a-b04b-56b29c2dcb76,2025-11-05,9,2025-12-19,DNH,37.44,39.766342,-0.015255128879537172,0.04593219787180258,0,model1,2026-06-15 06:49:36
7b9c460a-580e-404a-b04b-56b29c2dcb76,2025-11-05,10,2025-11-12,KMR,3.05,3.1123142,0.020066889632106788,0.04090776730540591,1,model1,2026-06-15 06:49:36
7b9c460a-580e-404a-b04b-56b29c2dcb76,2025-11-06,1,2025-11-13,VEF,132.1,146.7343,0.004562737642585413,0.11585018027418004,1,model1,2026-06-15 06:49:36
7b9c460a-580e-404a-b04b-56b29c2dcb76,2025-11-06,2,2025-11-13,HHG,1.4,1.5139729,0.0,0.08140919889722564,0,model1,2026-06-15 06:49:36
7b9c460a-580e-404a-b04b-56b29c2dcb76,2025-11-06,3,2025-11-13,DTI,2.3,2.4337409,0.0,0.05814819750578515,0,model1,2026-06-15 06:49:36
7b9c460a-580e-404a-b04b-56b29c2dcb76,2025-11-06,4,2025-11-13,PV2,2.7,2.7409124,0.03846153846153855,0.0541970913226788,1,model1,2026-06-15 06:49:36
7b9c460a-580e-404a-b04b-56b29c2dcb76,2025-11-06,5,2025-11-13,KSQ,1.8,1.9946215,-0.05263157894736836,0.04980079751265687,0,model1,2026-06-15 06:49:36
7b9c460a-580e-404a-b04b-56b29c2dcb76,2025-11-06,6,2025-11-13,EIN,2.9,2.935815,0.03571428571428581,0.04850539139338905,1,model1,2026-06-15 06:49:36
7b9c460a-580e-404a-b04b-56b29c2dcb76,2025-11-06,7,2025-11-13,DRH,2.47,2.406627,0.06926406926406936,0.04182984405781798,1,model1,2026-06-15 06:49:36
7b9c460a-580e-404a-b04b-56b29c2dcb76,2025-11-06,8,2025-11-13,MCG,2.5,2.6024923,0.0,0.04099693298339835,0,model1,2026-06-15 06:49:36
7b9c460a-580e-404a-b04b-56b29c2dcb76,2025-11-06,9,2025-11-13,CTR,92.9,92.82592,0.04031354983202706,0.03948398773774331,1,model1,2026-06-15 06:49:36
7b9c460a-580e-404a-b04b-56b29c2dcb76,2025-11-06,10,2025-11-13,GPC,2.4,2.4853046,0.0,0.03554358084996556,0,model1,2026-06-15 06:49:36
7b9c460a-580e-404a-b04b-56b29c2dcb76,2025-11-07,1,2025-12-12,G20,0.7,0.85360676,0.16666666666666674,0.4226779341697693,1,model1,2026-06-15 06:49:36
7b9c460a-580e-404a-b04b-56b29c2dcb76,2025-11-07,2,2025-12-12,FTM,0.6,0.9623713,-0.1428571428571428,0.37481612818581733,0,model1,2026-06-15 06:49:36
7b9c460a-580e-404a-b04b-56b29c2dcb76,2025-11-07,3,2025-12-12,PXA,0.7,0.9623713,0.0,0.37481612818581733,0,model1,2026-06-15 06:49:36
7b9c460a-580e-404a-b04b-56b29c2dcb76,2025-11-07,4,2025-12-12,ACM,0.5,0.80638754,-0.16666666666666663,0.34397923946380615,0,model1,2026-06-15 06:49:36
7b9c460a-580e-404a-b04b-56b29c2dcb76,2025-11-07,5,2025-12-12,MPT,0.6,0.80638754,0.0,0.34397923946380615,0,model1,2026-06-15 06:49:36
7b9c460a-580e-404a-b04b-56b29c2dcb76,2025-11-07,6,2025-12-12,PVH,0.6,0.80638754,0.0,0.34397923946380615,0,model1,2026-06-15 06:49:36
7b9c460a-580e-404a-b04b-56b29c2dcb76,2025-11-07,7,2025-12-12,VNH,0.9,1.0878532,0.0,0.20872577031453443,0,model1,2026-06-15 06:49:36
7b9c460a-580e-404a-b04b-56b29c2dcb76,2025-11-07,8,2025-12-12,JOS,1.0,1.196322,0.0,0.19632196426391602,0,model1,2026-06-15 06:49:36
7b9c460a-580e-404a-b04b-56b29c2dcb76,2025-11-07,9,2025-12-12,PVR,1.3,1.2989839,0.18181818181818166,0.18089448321949342,1,model1,2026-06-15 06:49:36
7b9c460a-580e-404a-b04b-56b29c2dcb76,2025-11-07,10,2025-11-14,VEF,132.0,147.63673,0.019305019305019266,0.1400520000678691,1,model1,2026-06-15 06:49:36
7b9c460a-580e-404a-b04b-56b29c2dcb76,2025-11-10,1,2025-11-17,VEF,131.9,145.47064,0.025660964230171057,0.13118695248712098,1,model1,2026-06-15 06:49:36
7b9c460a-580e-404a-b04b-56b29c2dcb76,2025-11-10,2,2025-11-17,KSQ,1.9,1.9469581,0.05555555555555558,0.08164336946275497,1,model1,2026-06-15 06:49:36
7b9c460a-580e-404a-b04b-56b29c2dcb76,2025-11-10,3,2025-11-17,HHG,1.4,1.5081292,0.0,0.0772351707730976,0,model1,2026-06-15 06:49:36
7b9c460a-580e-404a-b04b-56b29c2dcb76,2025-11-10,4,2025-11-17,CTR,91.2,92.70708,0.048275862068965614,0.06559858650996775,1,model1,2026-06-15 06:49:36
7b9c460a-580e-404a-b04b-56b29c2dcb76,2025-11-10,5,2025-11-17,VHM,95.0,92.10951,0.09321058688147299,0.05994835821750932,1,model1,2026-06-15 06:49:36
7b9c460a-580e-404a-b04b-56b29c2dcb76,2025-11-10,6,2025-11-17,DGC,94.85,92.84774,0.08189802669100033,0.05905942937538322,1,model1,2026-06-15 06:49:36
7b9c460a-580e-404a-b04b-56b29c2dcb76,2025-11-10,7,2025-11-17,DTI,2.4,2.4337409,0.04347826086956519,0.05814819750578515,1,model1,2026-06-15 06:49:36
7b9c460a-580e-404a-b04b-56b29c2dcb76,2025-11-10,8,2025-11-17,PV2,2.8,2.6445045,0.11999999999999988,0.05780181884765634,1,model1,2026-06-15 06:49:36
7b9c460a-580e-404a-b04b-56b29c2dcb76,2025-11-10,9,2025-11-17,DLG,2.72,2.6898656,0.06666666666666687,0.05484925064386115,1,model1,2026-06-15 06:49:36
7b9c460a-580e-404a-b04b-56b29c2dcb76,2025-11-10,10,2025-11-17,MCG,2.5,2.6363335,0.0,0.05453338623046866,0,model1,2026-06-15 06:49:36
7b9c460a-580e-404a-b04b-56b29c2dcb76,2025-11-11,1,2025-11-18,VEF,131.5,142.97192,0.015444015444015413,0.10403029983108114,1,model1,2026-06-15 06:49:36
7b9c460a-580e-404a-b04b-56b29c2dcb76,2025-11-11,2,2025-11-18,KSQ,1.8,1.9469581,0.0,0.08164336946275497,0,model1,2026-06-15 06:49:36
7b9c460a-580e-404a-b04b-56b29c2dcb76,2025-11-11,3,2025-11-18,HHG,1.4,1.5081292,0.0,0.0772351707730976,0,model1,2026-06-15 06:49:36
7b9c460a-580e-404a-b04b-56b29c2dcb76,2025-11-11,4,2025-11-18,DGC,94.66,93.26305,0.07629334849346203,0.06040984951277362,1,model1,2026-06-15 06:49:36
7b9c460a-580e-404a-b04b-56b29c2dcb76,2025-11-11,5,2025-11-18,DTI,2.5,2.4292433,0.0869565217391306,0.05619275051614525,1,model1,2026-06-15 06:49:36
7b9c460a-580e-404a-b04b-56b29c2dcb76,2025-11-11,6,2025-11-18,PV2,2.8,2.735776,0.07692307692307687,0.05222151829646182,1,model1,2026-06-15 06:49:36
7b9c460a-580e-404a-b04b-56b29c2dcb76,2025-11-11,7,2025-11-18,VHM,97.0,94.384,0.07777777777777772,0.04871114095052076,1,model1,2026-06-15 06:49:36
7b9c460a-580e-404a-b04b-56b29c2dcb76,2025-11-11,8,2025-11-18,DRH,2.38,2.4581907,0.012765957446808418,0.04603858704262587,1,model1,2026-06-15 06:49:36
7b9c460a-580e-404a-b04b-56b29c2dcb76,2025-11-11,9,2025-11-18,EIN,2.8,2.8239698,0.03703703703703698,0.04591475592719174,1,model1,2026-06-15 06:49:36
7b9c460a-580e-404a-b04b-56b29c2dcb76,2025-11-11,10,2025-11-18,TTF,2.89,2.9224887,0.028469750889679846,0.040031562072102345,1,model1,2026-06-15 06:49:36
7b9c460a-580e-404a-b04b-56b29c2dcb76,2025-11-12,1,2025-11-19,HHG,1.4,1.5460223,0.0,0.10430163996560249,0,model1,2026-06-15 06:49:36
7b9c460a-580e-404a-b04b-56b29c2dcb76,2025-11-12,2,2025-11-19,VEF,131.0,142.20746,0.008468052347959887,0.0947456389229695,1,model1,2026-06-15 06:49:36
7b9c460a-580e-404a-b04b-56b29c2dcb76,2025-11-12,3,2025-11-19,PV2,2.8,2.735776,0.07692307692307687,0.05222151829646182,1,model1,2026-06-15 06:49:36
7b9c460a-580e-404a-b04b-56b29c2dcb76,2025-11-12,4,2025-11-19,KSQ,1.8,1.9946215,-0.05263157894736836,0.04980079751265687,0,model1,2026-06-15 06:49:36
7b9c460a-580e-404a-b04b-56b29c2dcb76,2025-11-12,5,2025-11-19,GPC,2.4,2.5185058,0.0,0.04937742153803515,0,model1,2026-06-15 06:49:36
7b9c460a-580e-404a-b04b-56b29c2dcb76,2025-11-12,6,2025-11-19,MCG,2.5,2.5185058,0.04166666666666674,0.04937742153803515,1,model1,2026-06-15 06:49:36
7b9c460a-580e-404a-b04b-56b29c2dcb76,2025-11-12,7,2025-11-19,DLG,2.77,2.7561915,0.04924242424242431,0.044011928818442625,1,model1,2026-06-15 06:49:36
7b9c460a-580e-404a-b04b-56b29c2dcb76,2025-11-12,8,2025-11-19,DGC,92.55,93.27264,0.03315472203616876,0.04122166123659543,1,model1,2026-06-15 06:49:36
7b9c460a-580e-404a-b04b-56b29c2dcb76,2025-11-12,9,2025-11-19,UDC,3.7,3.629982,0.05714285714285716,0.0371377127511161,1,model1,2026-06-15 06:49:36
7b9c460a-580e-404a-b04b-56b29c2dcb76,2025-11-12,10,2025-11-19,DRH,2.35,2.480807,-0.02083333333333326,0.03366961081822728,0,model1,2026-06-15 06:49:36
7b9c460a-580e-404a-b04b-56b29c2dcb76,2025-11-13,1,2025-11-20,HHG,1.4,1.5460223,0.0,0.10430163996560249,0,model1,2026-06-15 06:49:36
7b9c460a-580e-404a-b04b-56b29c2dcb76,2025-11-13,2,2025-11-20,KSQ,1.8,1.9469581,0.0,0.08164336946275497,0,model1,2026-06-15 06:49:36
7b9c460a-580e-404a-b04b-56b29c2dcb76,2025-11-13,3,2025-11-20,VEF,130.7,142.28064,-0.010598031794095464,0.07706767334169196,0,model1,2026-06-15 06:49:36
7b9c460a-580e-404a-b04b-56b29c2dcb76,2025-11-13,4,2025-11-20,DTI,2.4,2.4292433,0.04347826086956519,0.05619275051614525,1,model1,2026-06-15 06:49:36
7b9c460a-580e-404a-b04b-56b29c2dcb76,2025-11-13,5,2025-11-20,MCG,2.4,2.6024923,-0.040000000000000036,0.04099693298339835,0,model1,2026-06-15 06:49:36
7b9c460a-580e-404a-b04b-56b29c2dcb76,2025-11-13,6,2025-11-20,DLG,2.85,2.7829242,0.06343283582089554,0.03840454300837726,1,model1,2026-06-15 06:49:36
7b9c460a-580e-404a-b04b-56b29c2dcb76,2025-11-13,7,2025-11-20,GPC,2.4,2.4853046,0.0,0.03554358084996556,0,model1,2026-06-15 06:49:36
7b9c460a-580e-404a-b04b-56b29c2dcb76,2025-11-13,8,2025-11-20,KMR,2.99,3.1446478,-0.01967213114754085,0.03103207760169857,0,model1,2026-06-15 06:49:36
7b9c460a-580e-404a-b04b-56b29c2dcb76,2025-11-13,9,2025-11-20,PV2,2.7,2.7777877,0.0,0.0288102538497359,0,model1,2026-06-15 06:49:36
7b9c460a-580e-404a-b04b-56b29c2dcb76,2025-11-13,10,2025-11-20,TTF,2.9,2.935815,0.013986013986013957,0.02650877479073066,1,model1,2026-06-15 06:49:36
7b9c460a-580e-404a-b04b-56b29c2dcb76,2025-11-14,1,2025-12-19,ACM,0.6,0.80638754,0.19999999999999996,0.6127750873565674,1,model1,2026-06-15 06:49:36
7b9c460a-580e-404a-b04b-56b29c2dcb76,2025-11-14,2,2025-12-19,PXM,0.5,0.80638754,0.0,0.6127750873565674,0,model1,2026-06-15 06:49:36
7b9c460a-580e-404a-b04b-56b29c2dcb76,2025-11-14,3,2025-12-19,MPT,0.6,0.84747934,0.0,0.41246557235717773,0,model1,2026-06-15 06:49:36
7b9c460a-580e-404a-b04b-56b29c2dcb76,2025-11-14,4,2025-12-19,FTM,0.7,0.9623713,0.0,0.37481612818581733,0,model1,2026-06-15 06:49:36
7b9c460a-580e-404a-b04b-56b29c2dcb76,2025-11-14,5,2025-12-19,PXA,0.8,0.9623713,0.14285714285714302,0.37481612818581733,1,model1,2026-06-15 06:49:36
7b9c460a-580e-404a-b04b-56b29c2dcb76,2025-11-14,6,2025-12-19,G20,0.6,0.9158153,-0.1428571428571428,0.3083075625555858,0,model1,2026-06-15 06:49:36
7b9c460a-580e-404a-b04b-56b29c2dcb76,2025-11-14,7,2025-12-19,PVH,0.6,0.8747236,-0.1428571428571428,0.24960516180310943,0,model1,2026-06-15 06:49:36
7b9c460a-580e-404a-b04b-56b29c2dcb76,2025-11-14,8,2025-12-19,JOS,0.9,1.0829942,0.0,0.20332691404554581,0,model1,2026-06-15 06:49:36
7b9c460a-580e-404a-b04b-56b29c2dcb76,2025-11-14,9,2025-12-19,PXI,1.2,1.2989839,0.09090909090909083,0.18089448321949342,1,model1,2026-06-15 06:49:36
7b9c460a-580e-404a-b04b-56b29c2dcb76,2025-11-14,10,2025-12-19,VKC,0.9,1.1641743,-0.09999999999999998,0.16417431831359863,0,model1,2026-06-15 06:49:36
7b9c460a-580e-404a-b04b-56b29c2dcb76,2025-11-17,1,2025-11-24,HHG,1.3,1.5081292,-0.07142857142857129,0.0772351707730976,0,model1,2026-06-15 06:49:36
7b9c460a-580e-404a-b04b-56b29c2dcb76,2025-11-17,2,2025-11-24,VEF,131.7,139.23059,-0.0015163002274451998,0.05557688264073146,0,model1,2026-06-15 06:49:36
7b9c460a-580e-404a-b04b-56b29c2dcb76,2025-11-17,3,2025-11-24,DRH,2.31,2.5185058,-0.03347280334728031,0.05376812204656245,0,model1,2026-06-15 06:49:36
7b9c460a-580e-404a-b04b-56b29c2dcb76,2025-11-17,4,2025-11-24,KSQ,1.8,1.9946215,-0.05263157894736836,0.04980079751265687,0,model1,2026-06-15 06:49:36
7b9c460a-580e-404a-b04b-56b29c2dcb76,2025-11-17,5,2025-11-24,DTI,2.4,2.5185058,0.0,0.04937742153803515,0,model1,2026-06-15 06:49:36
7b9c460a-580e-404a-b04b-56b29c2dcb76,2025-11-17,6,2025-11-27,VTA,2.6,2.935815,-0.07142857142857129,0.04850539139338905,0,model1,2026-06-15 06:49:36
7b9c460a-580e-404a-b04b-56b29c2dcb76,2025-11-17,7,2025-11-24,PV2,2.7,2.9171276,-0.03571428571428559,0.04183128901890343,0,model1,2026-06-15 06:49:36
7b9c460a-580e-404a-b04b-56b29c2dcb76,2025-11-17,8,2025-11-27,BTN,3.0,3.007661,0.034482758620689724,0.03712451869043809,1,model1,2026-06-15 06:49:36
7b9c460a-580e-404a-b04b-56b29c2dcb76,2025-11-17,9,2025-11-24,GPC,2.4,2.4853046,0.0,0.03554358084996556,0,model1,2026-06-15 06:49:36
7b9c460a-580e-404a-b04b-56b29c2dcb76,2025-11-17,10,2025-11-24,DLG,2.79,2.812699,0.025735294117646967,0.034080543938805,1,model1,2026-06-15 06:49:36
7b9c460a-580e-404a-b04b-56b29c2dcb76,2025-11-18,1,2025-11-25,KSQ,1.8,1.9469581,0.0,0.08164336946275497,0,model1,2026-06-15 06:49:36
7b9c460a-580e-404a-b04b-56b29c2dcb76,2025-11-18,2,2025-11-25,HHG,1.3,1.5081292,-0.07142857142857129,0.0772351707730976,0,model1,2026-06-15 06:49:36
7b9c460a-580e-404a-b04b-56b29c2dcb76,2025-11-18,3,2025-11-25,VEF,131.8,141.26419,0.0022813688212928174,0.07425240056143068,1,model1,2026-06-15 06:49:36
7b9c460a-580e-404a-b04b-56b29c2dcb76,2025-11-18,4,2025-11-25,DTI,2.4,2.6363335,-0.040000000000000036,0.05453338623046866,0,model1,2026-06-15 06:49:36
7b9c460a-580e-404a-b04b-56b29c2dcb76,2025-11-18,5,2025-11-25,EIN,2.7,2.9447548,-0.03571428571428559,0.051698156765529246,0,model1,2026-06-15 06:49:36
7b9c460a-580e-404a-b04b-56b29c2dcb76,2025-11-18,6,2025-11-25,DRH,2.3,2.4853046,-0.03361344537815125,0.044245627747864225,0,model1,2026-06-15 06:49:36
7b9c460a-580e-404a-b04b-56b29c2dcb76,2025-11-18,7,2025-11-25,PV2,2.7,2.9171276,-0.03571428571428559,0.04183128901890343,0,model1,2026-06-15 06:49:36
7b9c460a-580e-404a-b04b-56b29c2dcb76,2025-11-18,8,2025-11-25,KMR,2.95,3.1123142,-0.016666666666666607,0.03743807474772143,0,model1,2026-06-15 06:49:36
7b9c460a-580e-404a-b04b-56b29c2dcb76,2025-11-18,9,2025-11-28,BTN,3.0,3.007661,0.034482758620689724,0.03712451869043809,1,model1,2026-06-15 06:49:36
7b9c460a-580e-404a-b04b-56b29c2dcb76,2025-11-18,10,2025-11-25,GPC,2.3,2.4853046,-0.04166666666666674,0.03554358084996556,0,model1,2026-06-15 06:49:36
7b9c460a-580e-404a-b04b-56b29c2dcb76,2025-11-19,1,2025-11-26,KSQ,1.7,1.9469581,-0.05555555555555558,0.08164336946275497,0,model1,2026-06-15 06:49:36
7b9c460a-580e-404a-b04b-56b29c2dcb76,2025-11-19,2,2025-11-26,VEF,132.2,141.48346,0.009160305343511421,0.0800264081882156,1,model1,2026-06-15 06:49:36
7b9c460a-580e-404a-b04b-56b29c2dcb76,2025-11-19,3,2025-11-26,HHG,1.3,1.5081292,-0.07142857142857129,0.0772351707730976,0,model1,2026-06-15 06:49:36
7b9c460a-580e-404a-b04b-56b29c2dcb76,2025-11-19,4,2025-11-26,LHC,120.0,120.94801,0.06666666666666665,0.07509345160590275,1,model1,2026-06-15 06:49:36
7b9c460a-580e-404a-b04b-56b29c2dcb76,2025-11-19,5,2025-11-26,EIN,2.9,2.7737906,0.11538461538461542,0.06684253765986514,1,model1,2026-06-15 06:49:36
7b9c460a-580e-404a-b04b-56b29c2dcb76,2025-11-19,6,2025-11-26,DRH,2.34,2.4853046,-0.004255319148936287,0.05757642299570942,0,model1,2026-06-15 06:49:36
7b9c460a-580e-404a-b04b-56b29c2dcb76,2025-11-19,7,2025-11-28,HAV,3.7,3.5806704,0.08823529411764719,0.05313834022073194,1,model1,2026-06-15 06:49:36
7b9c460a-580e-404a-b04b-56b29c2dcb76,2025-11-19,8,2025-11-26,GPC,2.2,2.5185058,-0.08333333333333326,0.04937742153803515,0,model1,2026-06-15 06:49:36
7b9c460a-580e-404a-b04b-56b29c2dcb76,2025-11-19,9,2025-11-26,PV2,2.8,2.9224887,0.0,0.04374596050807411,0,model1,2026-06-15 06:49:36
7b9c460a-580e-404a-b04b-56b29c2dcb76,2025-11-19,10,2025-11-26,DTI,2.4,2.6024923,-0.040000000000000036,0.04099693298339835,0,model1,2026-06-15 06:49:36
7b9c460a-580e-404a-b04b-56b29c2dcb76,2025-11-20,1,2025-11-27,KSQ,1.8,1.9469581,0.0,0.08164336946275497,0,model1,2026-06-15 06:49:36
7b9c460a-580e-404a-b04b-56b29c2dcb76,2025-11-20,2,2025-11-27,VEF,131.9,141.07013,0.009181331293037553,0.07934299460238159,1,model1,2026-06-15 06:49:36
7b9c460a-580e-404a-b04b-56b29c2dcb76,2025-11-20,3,2025-11-27,HHG,1.3,1.5081292,-0.07142857142857129,0.0772351707730976,0,model1,2026-06-15 06:49:36
7b9c460a-580e-404a-b04b-56b29c2dcb76,2025-11-20,4,2025-11-27,LHC,120.1,120.82262,0.06660746003552398,0.07302501400664685,1,model1,2026-06-15 06:49:36
7b9c460a-580e-404a-b04b-56b29c2dcb76,2025-11-20,5,2025-11-27,DRH,2.33,2.4853046,-0.008510638297872353,0.05757642299570942,0,model1,2026-06-15 06:49:36
7b9c460a-580e-404a-b04b-56b29c2dcb76,2025-11-20,6,2025-11-27,DTI,2.4,2.5185058,0.0,0.04937742153803515,0,model1,2026-06-15 06:49:36
7b9c460a-580e-404a-b04b-56b29c2dcb76,2025-11-20,7,2025-11-27,GPC,2.3,2.5185058,-0.04166666666666674,0.04937742153803515,0,model1,2026-06-15 06:49:36
7b9c460a-580e-404a-b04b-56b29c2dcb76,2025-11-20,8,2025-11-27,MCG,2.5,2.5185058,0.04166666666666674,0.04937742153803515,1,model1,2026-06-15 06:49:36
7b9c460a-580e-404a-b04b-56b29c2dcb76,2025-11-20,9,2025-11-27,EIN,2.8,2.935815,0.0,0.04850539139338905,0,model1,2026-06-15 06:49:36
7b9c460a-580e-404a-b04b-56b29c2dcb76,2025-11-20,10,2025-11-27,PV2,2.8,2.8239698,0.03703703703703698,0.04591475592719174,1,model1,2026-06-15 06:49:36
7b9c460a-580e-404a-b04b-56b29c2dcb76,2025-11-21,1,2025-12-26,PXM,0.4,0.80638754,-0.19999999999999996,0.6127750873565674,0,model1,2026-06-15 06:49:36
7b9c460a-580e-404a-b04b-56b29c2dcb76,2025-11-21,2,2025-12-26,MPT,0.6,0.84747934,0.0,0.41246557235717773,0,model1,2026-06-15 06:49:36
7b9c460a-580e-404a-b04b-56b29c2dcb76,2025-11-21,3,2025-12-26,PVH,0.6,0.84747934,0.0,0.41246557235717773,0,model1,2026-06-15 06:49:36
7b9c460a-580e-404a-b04b-56b29c2dcb76,2025-11-21,4,2025-12-26,PXA,0.8,0.9623713,0.14285714285714302,0.37481612818581733,1,model1,2026-06-15 06:49:36
7b9c460a-580e-404a-b04b-56b29c2dcb76,2025-11-21,5,2025-12-26,G20,0.6,0.81251496,0.0,0.3541916012763977,0,model1,2026-06-15 06:49:36
7b9c460a-580e-404a-b04b-56b29c2dcb76,2025-11-21,6,2025-12-26,FTM,0.7,0.9455697,0.0,0.3508138486317227,0,model1,2026-06-15 06:49:36
7b9c460a-580e-404a-b04b-56b29c2dcb76,2025-11-21,7,2025-12-26,ACM,0.5,0.80638754,-0.16666666666666663,0.34397923946380615,0,model1,2026-06-15 06:49:36
7b9c460a-580e-404a-b04b-56b29c2dcb76,2025-11-21,8,2025-12-26,JOS,0.9,1.0829942,0.0,0.20332691404554581,0,model1,2026-06-15 06:49:36
7b9c460a-580e-404a-b04b-56b29c2dcb76,2025-11-21,9,2025-12-26,VKC,0.9,1.0829942,0.0,0.20332691404554581,0,model1,2026-06-15 06:49:36
7b9c460a-580e-404a-b04b-56b29c2dcb76,2025-11-21,10,2025-12-26,PXI,1.2,1.2891021,0.09090909090909083,0.17191097953102785,1,model1,2026-06-15 06:49:36
7b9c460a-580e-404a-b04b-56b29c2dcb76,2025-11-24,1,2025-12-01,HHG,1.4,1.4662274,0.07692307692307687,0.1278672401721661,1,model1,2026-06-15 06:49:36
7b9c460a-580e-404a-b04b-56b29c2dcb76,2025-11-24,2,2025-12-01,KSQ,1.8,1.9469581,0.0,0.08164336946275497,0,model1,2026-06-15 06:49:36
7b9c460a-580e-404a-b04b-56b29c2dcb76,2025-11-24,3,2025-12-01,EIN,2.8,2.6745865,0.11999999999999988,0.06983461380004874,1,model1,2026-06-15 06:49:36
7b9c460a-580e-404a-b04b-56b29c2dcb76,2025-11-24,4,2025-12-01,LHC,113.0,119.86122,0.005338078291814874,0.066380972539827,1,model1,2026-06-15 06:49:36
7b9c460a-580e-404a-b04b-56b29c2dcb76,2025-11-24,5,2025-12-01,DTI,2.4,2.5185058,0.0,0.04937742153803515,0,model1,2026-06-15 06:49:36
7b9c460a-580e-404a-b04b-56b29c2dcb76,2025-11-24,6,2025-12-01,MCG,2.4,2.5185058,0.0,0.04937742153803515,0,model1,2026-06-15 06:49:36
7b9c460a-580e-404a-b04b-56b29c2dcb76,2025-11-24,7,2025-12-01,VEF,132.0,138.18365,0.002277904328018332,0.04923048432161181,1,model1,2026-06-15 06:49:36
7b9c460a-580e-404a-b04b-56b29c2dcb76,2025-11-24,8,2025-12-01,DRH,2.31,2.4206488,0.0,0.047899919154840154,0,model1,2026-06-15 06:49:36
7b9c460a-580e-404a-b04b-56b29c2dcb76,2025-11-24,9,2025-12-01,PV2,2.8,2.8239698,0.03703703703703698,0.04591475592719174,1,model1,2026-06-15 06:49:36
7b9c460a-580e-404a-b04b-56b29c2dcb76,2025-11-24,10,2025-12-01,CTX,7.75,9.23205,-0.1252821670428893,0.04199209277839744,0,model1,2026-06-15 06:49:36
7b9c460a-580e-404a-b04b-56b29c2dcb76,2025-11-25,1,2025-12-02,HHG,1.3,1.4662274,0.0,0.1278672401721661,0,model1,2026-06-15 06:49:36
7b9c460a-580e-404a-b04b-56b29c2dcb76,2025-11-25,2,2025-12-02,KSQ,1.8,1.9469581,0.0,0.08164336946275497,0,model1,2026-06-15 06:49:36
7b9c460a-580e-404a-b04b-56b29c2dcb76,2025-11-25,3,2025-12-02,CTX,7.68,8.224844,0.0,0.07094322641690587,0,model1,2026-06-15 06:49:36
7b9c460a-580e-404a-b04b-56b29c2dcb76,2025-11-25,4,2025-12-02,CTR,87.0,91.7474,0.009280742459396807,0.06435496956455733,1,model1,2026-06-15 06:49:36
7b9c460a-580e-404a-b04b-56b29c2dcb76,2025-11-25,5,2025-12-02,GPC,2.3,2.4337409,0.0,0.05814819750578515,0,model1,2026-06-15 06:49:36
7b9c460a-580e-404a-b04b-56b29c2dcb76,2025-11-25,6,2025-12-02,DLG,2.75,2.8239698,0.026119402985074647,0.05372008992664834,1,model1,2026-06-15 06:49:36
7b9c460a-580e-404a-b04b-56b29c2dcb76,2025-11-25,7,2025-12-02,DTI,2.3,2.5185058,-0.04166666666666674,0.04937742153803515,0,model1,2026-06-15 06:49:36
7b9c460a-580e-404a-b04b-56b29c2dcb76,2025-11-25,8,2025-12-02,MCG,2.4,2.5185058,0.0,0.04937742153803515,0,model1,2026-06-15 06:49:36
7b9c460a-580e-404a-b04b-56b29c2dcb76,2025-11-25,9,2025-12-02,DRH,2.33,2.406627,0.013043478260869712,0.04635953903198242,1,model1,2026-06-15 06:49:36
7b9c460a-580e-404a-b04b-56b29c2dcb76,2025-11-25,10,2025-12-02,VEF,132.1,137.8008,0.0022761760242790974,0.04552956379961337,1,model1,2026-06-15 06:49:36
7b9c460a-580e-404a-b04b-56b29c2dcb76,2025-11-26,1,2025-12-03,HHG,1.4,1.4177434,0.07692307692307687,0.09057188034057617,1,model1,2026-06-15 06:49:36
7b9c460a-580e-404a-b04b-56b29c2dcb76,2025-11-26,2,2025-12-03,KSQ,1.7,1.8392208,0.0,0.08189456603106327,0,model1,2026-06-15 06:49:36
7b9c460a-580e-404a-b04b-56b29c2dcb76,2025-11-26,3,2025-12-03,GPC,2.2,2.3418005,0.0,0.06445475058122097,0,model1,2026-06-15 06:49:36
7b9c460a-580e-404a-b04b-56b29c2dcb76,2025-11-26,4,2025-12-05,HEV,9.6,8.568564,0.18518518518518512,0.05784745863926277,1,model1,2026-06-15 06:49:36
7b9c460a-580e-404a-b04b-56b29c2dcb76,2025-11-26,5,2025-12-03,DTI,2.4,2.5185058,0.0,0.04937742153803515,0,model1,2026-06-15 06:49:36
7b9c460a-580e-404a-b04b-56b29c2dcb76,2025-11-26,6,2025-12-03,CTR,87.6,92.15962,-0.00454545454545463,0.0472684340043501,0,model1,2026-06-15 06:49:36
7b9c460a-580e-404a-b04b-56b29c2dcb76,2025-11-26,7,2025-12-03,VEF,131.8,138.24597,-0.0030257186081692478,0.0457335225392399,0,model1,2026-06-15 06:49:36
7b9c460a-580e-404a-b04b-56b29c2dcb76,2025-11-26,8,2025-12-03,PV2,2.7,2.9171276,-0.03571428571428559,0.04183128901890343,0,model1,2026-06-15 06:49:36
7b9c460a-580e-404a-b04b-56b29c2dcb76,2025-11-26,9,2025-12-03,DLG,2.77,2.8625686,0.0072727272727273196,0.04093404249711474,1,model1,2026-06-15 06:49:36
7b9c460a-580e-404a-b04b-56b29c2dcb76,2025-11-26,10,2025-12-03,PTL,2.99,3.2122278,-0.032362459546925404,0.03955592923951379,0,model1,2026-06-15 06:49:36
7b9c460a-580e-404a-b04b-56b29c2dcb76,2025-11-27,1,2025-12-04,HHG,1.3,1.4662274,0.0,0.1278672401721661,0,model1,2026-06-15 06:49:36
7b9c460a-580e-404a-b04b-56b29c2dcb76,2025-11-27,2,2025-12-04,LHC,117.8,132.0415,-0.01915070774354699,0.09942967449000828,0,model1,2026-06-15 06:49:36
7b9c460a-580e-404a-b04b-56b29c2dcb76,2025-11-27,3,2025-12-04,KSQ,1.9,1.9348934,0.05555555555555558,0.07494076093037916,1,model1,2026-06-15 06:49:36
7b9c460a-580e-404a-b04b-56b29c2dcb76,2025-11-27,4,2025-12-05,VTA,2.6,2.74329,0.0,0.05511151827298666,0,model1,2026-06-15 06:49:36
7b9c460a-580e-404a-b04b-56b29c2dcb76,2025-11-27,5,2025-12-04,DTI,2.6,2.5185058,0.08333333333333348,0.04937742153803515,1,model1,2026-06-15 06:49:36
7b9c460a-580e-404a-b04b-56b29c2dcb76,2025-11-27,6,2025-12-04,VEF,136.0,138.24597,0.031084154662623265,0.04811199150634948,1,model1,2026-06-15 06:49:36
7b9c460a-580e-404a-b04b-56b29c2dcb76,2025-11-27,7,2025-12-04,CTR,88.0,92.00802,0.002277904328018332,0.047927317695356964,1,model1,2026-06-15 06:49:36
7b9c460a-580e-404a-b04b-56b29c2dcb76,2025-11-27,8,2025-12-04,PTL,2.99,3.1631153,-0.009933774834437026,0.04738915992888404,0,model1,2026-06-15 06:49:36
7b9c460a-580e-404a-b04b-56b29c2dcb76,2025-11-27,9,2025-12-04,GPC,2.4,2.406627,0.04347826086956519,0.04635953903198242,1,model1,2026-06-15 06:49:36
7b9c460a-580e-404a-b04b-56b29c2dcb76,2025-11-27,10,2025-12-05,EIN,2.7,2.9224887,-0.03571428571428559,0.04374596050807411,0,model1,2026-06-15 06:49:36
7b9c460a-580e-404a-b04b-56b29c2dcb76,2025-11-28,1,2026-01-09,PVH,0.7,0.84747934,0.16666666666666674,0.41246557235717773,1,model1,2026-06-15 06:49:36
7b9c460a-580e-404a-b04b-56b29c2dcb76,2025-11-28,2,2026-01-09,PXM,0.5,0.84747934,-0.16666666666666663,0.41246557235717773,0,model1,2026-06-15 06:49:36
7b9c460a-580e-404a-b04b-56b29c2dcb76,2025-11-28,3,2026-01-09,FTM,0.7,0.9623713,0.0,0.37481612818581733,0,model1,2026-06-15 06:49:36
7b9c460a-580e-404a-b04b-56b29c2dcb76,2025-11-28,4,2026-01-09,ACM,0.5,0.80638754,-0.16666666666666663,0.34397923946380615,0,model1,2026-06-15 06:49:36
7b9c460a-580e-404a-b04b-56b29c2dcb76,2025-11-28,5,2026-01-09,MPT,0.6,0.80638754,0.0,0.34397923946380615,0,model1,2026-06-15 06:49:36
7b9c460a-580e-404a-b04b-56b29c2dcb76,2025-11-28,6,2026-01-09,G20,0.6,0.8747236,-0.1428571428571428,0.24960516180310943,0,model1,2026-06-15 06:49:36
7b9c460a-580e-404a-b04b-56b29c2dcb76,2025-11-28,7,2026-01-09,PXA,0.9,0.9623713,0.125,0.20296411216259003,1,model1,2026-06-15 06:49:36
7b9c460a-580e-404a-b04b-56b29c2dcb76,2025-11-28,8,2026-01-09,PVR,1.1,1.2877133,0.0,0.17064844478260377,0,model1,2026-06-15 06:49:36
7b9c460a-580e-404a-b04b-56b29c2dcb76,2025-11-28,9,2025-12-05,LHC,117.1,130.44788,0.03536693191865603,0.15338528714909372,1,model1,2026-06-15 06:49:36
7b9c460a-580e-404a-b04b-56b29c2dcb76,2025-11-28,10,2026-01-09,JOS,0.9,1.152747,-0.09999999999999998,0.1527470350265503,0,model1,2026-06-15 06:49:36
7b9c460a-580e-404a-b04b-56b29c2dcb76,2025-12-01,1,2025-12-08,LHC,115.8,130.9649,0.024778761061946986,0.15898145827571897,1,model1,2026-06-15 06:49:36
7b9c460a-580e-404a-b04b-56b29c2dcb76,2025-12-01,2,2025-12-08,HHG,1.4,1.5081292,0.0,0.0772351707730976,0,model1,2026-06-15 06:49:36
7b9c460a-580e-404a-b04b-56b29c2dcb76,2025-12-01,3,2025-12-08,KSQ,1.9,1.9348934,0.05555555555555558,0.07494076093037916,1,model1,2026-06-15 06:49:36
7b9c460a-580e-404a-b04b-56b29c2dcb76,2025-12-01,4,2025-12-08,CMN,68.6,71.73607,0.010309278350515205,0.05649585751967501,1,model1,2026-06-15 06:49:36
7b9c460a-580e-404a-b04b-56b29c2dcb76,2025-12-01,5,2025-12-08,DTI,2.5,2.5185058,0.04166666666666674,0.04937742153803515,1,model1,2026-06-15 06:49:36
7b9c460a-580e-404a-b04b-56b29c2dcb76,2025-12-01,6,2025-12-08,MCG,2.5,2.5185058,0.04166666666666674,0.04937742153803515,1,model1,2026-06-15 06:49:36
7b9c460a-580e-404a-b04b-56b29c2dcb76,2025-12-01,7,2025-12-08,CTR,85.5,91.76684,-0.02285714285714291,0.0487638636997767,0,model1,2026-06-15 06:49:36
7b9c460a-580e-404a-b04b-56b29c2dcb76,2025-12-01,8,2025-12-09,VTA,2.6,2.935815,-0.07142857142857129,0.04850539139338905,0,model1,2026-06-15 06:49:36
7b9c460a-580e-404a-b04b-56b29c2dcb76,2025-12-01,9,2025-12-08,DRH,2.48,2.4206488,0.07359307359307365,0.047899919154840154,1,model1,2026-06-15 06:49:36
7b9c460a-580e-404a-b04b-56b29c2dcb76,2025-12-01,10,2025-12-08,GPC,2.3,2.406627,0.0,0.04635953903198242,0,model1,2026-06-15 06:49:36
7b9c460a-580e-404a-b04b-56b29c2dcb76,2025-12-02,1,2025-12-09,LHC,114.9,134.96878,-0.0051948051948051965,0.1685608702820618,0,model1,2026-06-15 06:49:36
7b9c460a-580e-404a-b04b-56b29c2dcb76,2025-12-02,2,2025-12-09,HHG,1.4,1.4662274,0.07692307692307687,0.1278672401721661,1,model1,2026-06-15 06:49:36
7b9c460a-580e-404a-b04b-56b29c2dcb76,2025-12-02,3,2025-12-09,KSQ,1.9,1.9348934,0.05555555555555558,0.07494076093037916,1,model1,2026-06-15 06:49:36
7b9c460a-580e-404a-b04b-56b29c2dcb76,2025-12-02,4,2025-12-09,DTI,2.5,2.4337409,0.0869565217391306,0.05814819750578515,1,model1,2026-06-15 06:49:36
7b9c460a-580e-404a-b04b-56b29c2dcb76,2025-12-02,5,2025-12-09,CTR,84.9,91.99563,-0.024137931034482696,0.05742101559693791,0,model1,2026-06-15 06:49:36
7b9c460a-580e-404a-b04b-56b29c2dcb76,2025-12-02,6,2025-12-09,MCG,2.5,2.5185058,0.04166666666666674,0.04937742153803515,1,model1,2026-06-15 06:49:36
7b9c460a-580e-404a-b04b-56b29c2dcb76,2025-12-02,7,2025-12-10,VTA,2.9,2.935815,0.03571428571428581,0.04850539139338905,1,model1,2026-06-15 06:49:36
7b9c460a-580e-404a-b04b-56b29c2dcb76,2025-12-02,8,2025-12-09,PV2,2.8,2.8239698,0.03703703703703698,0.04591475592719174,1,model1,2026-06-15 06:49:36
7b9c460a-580e-404a-b04b-56b29c2dcb76,2025-12-02,9,2025-12-09,GPC,2.4,2.4037013,0.04347826086956519,0.04508752408234984,1,model1,2026-06-15 06:49:36
7b9c460a-580e-404a-b04b-56b29c2dcb76,2025-12-02,10,2025-12-09,DLG,2.78,2.8572075,0.010909090909090757,0.03898455879905005,1,model1,2026-06-15 06:49:36
7b9c460a-580e-404a-b04b-56b29c2dcb76,2025-12-03,1,2025-12-10,LHC,115.9,130.74785,0.0,0.12810913296585147,0,model1,2026-06-15 06:49:36
7b9c460a-580e-404a-b04b-56b29c2dcb76,2025-12-03,2,2025-12-10,KSQ,1.9,1.8392208,0.11764705882352944,0.08189456603106327,1,model1,2026-06-15 06:49:36
7b9c460a-580e-404a-b04b-56b29c2dcb76,2025-12-03,3,2025-12-10,HHG,1.3,1.5081292,-0.07142857142857129,0.0772351707730976,0,model1,2026-06-15 06:49:36
7b9c460a-580e-404a-b04b-56b29c2dcb76,2025-12-03,4,2025-12-10,GPC,2.3,2.333206,0.04545454545454519,0.060548153790560555,1,model1,2026-06-15 06:49:36
7b9c460a-580e-404a-b04b-56b29c2dcb76,2025-12-03,5,2025-12-10,CTR,84.0,92.56634,-0.041095890410958846,0.056693351432068884,0,model1,2026-06-15 06:49:36
7b9c460a-580e-404a-b04b-56b29c2dcb76,2025-12-03,6,2025-12-10,CMN,66.0,67.5126,0.032863849765258246,0.05653527010587833,1,model1,2026-06-15 06:49:36
7b9c460a-580e-404a-b04b-56b29c2dcb76,2025-12-03,7,2025-12-10,DTI,2.6,2.5185058,0.08333333333333348,0.04937742153803515,1,model1,2026-06-15 06:49:36
7b9c460a-580e-404a-b04b-56b29c2dcb76,2025-12-03,8,2025-12-10,DRH,2.4,2.4581907,0.02127659574468077,0.04603858704262587,1,model1,2026-06-15 06:49:36
7b9c460a-580e-404a-b04b-56b29c2dcb76,2025-12-03,9,2025-12-10,PV2,2.7,2.8239698,0.0,0.04591475592719174,0,model1,2026-06-15 06:49:36
7b9c460a-580e-404a-b04b-56b29c2dcb76,2025-12-03,10,2025-12-11,VTA,2.9,2.8186088,0.07407407407407396,0.04392917067916291,1,model1,2026-06-15 06:49:36
7b9c460a-580e-404a-b04b-56b29c2dcb76,2025-12-04,1,2025-12-11,HHG,1.4,1.4662274,0.07692307692307687,0.1278672401721661,1,model1,2026-06-15 06:49:36
7b9c460a-580e-404a-b04b-56b29c2dcb76,2025-12-04,2,2025-12-11,LHC,115.7,131.17776,-0.017826825127334467,0.1135633692069451,0,model1,2026-06-15 06:49:36
7b9c460a-580e-404a-b04b-56b29c2dcb76,2025-12-04,3,2025-12-11,CTR,84.4,92.5793,-0.040909090909090895,0.052037499167702395,0,model1,2026-06-15 06:49:36
7b9c460a-580e-404a-b04b-56b29c2dcb76,2025-12-04,4,2025-12-11,KSQ,1.9,1.9946215,0.0,0.04980079751265687,0,model1,2026-06-15 06:49:36
7b9c460a-580e-404a-b04b-56b29c2dcb76,2025-12-04,5,2025-12-11,CMN,72.0,67.48473,0.11627906976744184,0.046274939248728275,1,model1,2026-06-15 06:49:36
7b9c460a-580e-404a-b04b-56b29c2dcb76,2025-12-04,6,2025-12-11,PV2,2.8,2.8186088,0.03703703703703698,0.04392917067916291,1,model1,2026-06-15 06:49:36
7b9c460a-580e-404a-b04b-56b29c2dcb76,2025-12-04,7,2025-12-11,MCG,2.4,2.6024923,-0.040000000000000036,0.04099693298339835,0,model1,2026-06-15 06:49:36
7b9c460a-580e-404a-b04b-56b29c2dcb76,2025-12-04,8,2025-12-11,DLG,2.92,2.8572075,0.05797101449275366,0.03522012199180713,1,model1,2026-06-15 06:49:36
7b9c460a-580e-404a-b04b-56b29c2dcb76,2025-12-04,9,2025-12-11,PTL,3.02,3.0948677,0.010033444816053505,0.0350728114711798,1,model1,2026-06-15 06:49:36
7b9c460a-580e-404a-b04b-56b29c2dcb76,2025-12-04,10,2025-12-11,EIN,2.8,2.794195,0.03703703703703698,0.03488701361197011,1,model1,2026-06-15 06:49:36
7b9c460a-580e-404a-b04b-56b29c2dcb76,2025-12-05,1,2026-01-16,PXM,0.6,0.80638754,0.19999999999999996,0.6127750873565674,1,model1,2026-06-15 06:49:36
7b9c460a-580e-404a-b04b-56b29c2dcb76,2025-12-05,2,2026-01-16,MPT,0.6,0.85360676,0.0,0.4226779341697693,0,model1,2026-06-15 06:49:36
7b9c460a-580e-404a-b04b-56b29c2dcb76,2025-12-05,3,2026-01-16,FTM,0.6,0.9623713,-0.1428571428571428,0.37481612818581733,0,model1,2026-06-15 06:49:36
7b9c460a-580e-404a-b04b-56b29c2dcb76,2025-12-05,4,2026-01-16,PVH,0.6,0.81251496,0.0,0.3541916012763977,0,model1,2026-06-15 06:49:36
7b9c460a-580e-404a-b04b-56b29c2dcb76,2025-12-05,5,2026-01-16,ACM,0.6,0.80638754,0.0,0.34397923946380615,0,model1,2026-06-15 06:49:36
7b9c460a-580e-404a-b04b-56b29c2dcb76,2025-12-05,6,2026-01-16,G20,0.6,0.9158153,-0.1428571428571428,0.3083075625555858,0,model1,2026-06-15 06:49:36
7b9c460a-580e-404a-b04b-56b29c2dcb76,2025-12-05,7,2026-01-16,VKC,0.8,1.0878532,-0.11111111111111105,0.20872577031453443,0,model1,2026-06-15 06:49:36
7b9c460a-580e-404a-b04b-56b29c2dcb76,2025-12-05,8,2026-01-16,JOS,0.9,1.1478881,-0.09999999999999998,0.14788806438446045,0,model1,2026-06-15 06:49:36
7b9c460a-580e-404a-b04b-56b29c2dcb76,2025-12-05,9,2026-01-16,VNH,1.1,1.1478881,0.10000000000000009,0.14788806438446045,1,model1,2026-06-15 06:49:36
7b9c460a-580e-404a-b04b-56b29c2dcb76,2025-12-05,10,2026-01-16,STT,1.1,1.472071,-0.15384615384615385,0.13236234738276553,0,model1,2026-06-15 06:49:36
7b9c460a-580e-404a-b04b-56b29c2dcb76,2025-12-08,1,2025-12-15,LHC,113.0,131.0265,-0.024179620034542326,0.1314896763091673,0,model1,2026-06-15 06:49:36
7b9c460a-580e-404a-b04b-56b29c2dcb76,2025-12-08,2,2025-12-15,HHG,1.4,1.5081292,0.0,0.0772351707730976,0,model1,2026-06-15 06:49:36
7b9c460a-580e-404a-b04b-56b29c2dcb76,2025-12-08,3,2025-12-15,CTR,83.0,91.523705,-0.0292397660818714,0.07045268454746889,0,model1,2026-06-15 06:49:36
7b9c460a-580e-404a-b04b-56b29c2dcb76,2025-12-08,4,2025-12-15,GPC,2.3,2.4292433,0.0,0.05619275051614525,0,model1,2026-06-15 06:49:36
7b9c460a-580e-404a-b04b-56b29c2dcb76,2025-12-08,5,2025-12-15,DTI,2.5,2.6363335,0.0,0.05453338623046866,0,model1,2026-06-15 06:49:36
7b9c460a-580e-404a-b04b-56b29c2dcb76,2025-12-08,6,2026-01-08,BTN,3.0,3.0454836,0.034482758620689724,0.050166754887021936,1,model1,2026-06-15 06:49:36
7b9c460a-580e-404a-b04b-56b29c2dcb76,2025-12-08,7,2025-12-15,KSQ,1.9,1.9946215,0.0,0.04980079751265687,0,model1,2026-06-15 06:49:36
7b9c460a-580e-404a-b04b-56b29c2dcb76,2025-12-08,8,2025-12-15,PV2,2.7,2.930454,-0.03571428571428559,0.04659071990421837,0,model1,2026-06-15 06:49:36
7b9c460a-580e-404a-b04b-56b29c2dcb76,2025-12-08,9,2025-12-15,EIN,2.9,2.8186088,0.07407407407407396,0.04392917067916291,1,model1,2026-06-15 06:49:36
7b9c460a-580e-404a-b04b-56b29c2dcb76,2025-12-08,10,2025-12-15,VTA,2.6,2.8186088,-0.03703703703703709,0.04392917067916291,0,model1,2026-06-15 06:49:36
7b9c460a-580e-404a-b04b-56b29c2dcb76,2025-12-09,1,2025-12-16,LHC,116.0,132.50102,0.009573542210617791,0.15318557301015834,1,model1,2026-06-15 06:49:36
7b9c460a-580e-404a-b04b-56b29c2dcb76,2025-12-09,2,2025-12-16,HHG,1.3,1.5081292,-0.07142857142857129,0.0772351707730976,0,model1,2026-06-15 06:49:36
7b9c460a-580e-404a-b04b-56b29c2dcb76,2025-12-09,3,2025-12-16,CTR,83.8,91.12179,-0.012956419316843437,0.07328372231922664,0,model1,2026-06-15 06:49:36
7b9c460a-580e-404a-b04b-56b29c2dcb76,2025-12-09,4,2025-12-16,VTA,2.5,2.7621012,-0.03846153846153855,0.06234660515418411,0,model1,2026-06-15 06:49:36
7b9c460a-580e-404a-b04b-56b29c2dcb76,2025-12-09,5,2025-12-16,KSQ,1.9,1.9946215,0.0,0.04980079751265687,0,model1,2026-06-15 06:49:36
7b9c460a-580e-404a-b04b-56b29c2dcb76,2025-12-09,6,2026-01-09,BTN,2.9,3.1417642,-0.033333333333333326,0.04725472132364916,0,model1,2026-06-15 06:49:36
7b9c460a-580e-404a-b04b-56b29c2dcb76,2025-12-09,7,2025-12-16,PV2,2.7,2.9171276,-0.03571428571428559,0.04183128901890343,0,model1,2026-06-15 06:49:36
7b9c460a-580e-404a-b04b-56b29c2dcb76,2025-12-09,8,2025-12-16,DTI,2.5,2.6024923,0.0,0.04099693298339835,0,model1,2026-06-15 06:49:36
7b9c460a-580e-404a-b04b-56b29c2dcb76,2025-12-09,9,2025-12-16,MCG,2.3,2.6024923,-0.08000000000000007,0.04099693298339835,0,model1,2026-06-15 06:49:36
7b9c460a-580e-404a-b04b-56b29c2dcb76,2025-12-09,10,2025-12-16,KMR,2.98,3.1098864,-0.0033444816053512794,0.040095788579322056,0,model1,2026-06-15 06:49:36
7b9c460a-580e-404a-b04b-56b29c2dcb76,2025-12-10,1,2025-12-17,LHC,114.0,131.16118,-0.016393442622950838,0.13167539766063152,0,model1,2026-06-15 06:49:36
7b9c460a-580e-404a-b04b-56b29c2dcb76,2025-12-10,2,2025-12-17,HHG,1.4,1.4662274,0.07692307692307687,0.1278672401721661,1,model1,2026-06-15 06:49:36
7b9c460a-580e-404a-b04b-56b29c2dcb76,2025-12-10,3,2025-12-17,CTR,84.8,90.91911,0.00952380952380949,0.08237039475213903,1,model1,2026-06-15 06:49:36
7b9c460a-580e-404a-b04b-56b29c2dcb76,2025-12-10,4,2025-12-17,EIN,3.1,2.7621012,0.1923076923076923,0.06234660515418411,1,model1,2026-06-15 06:49:36
7b9c460a-580e-404a-b04b-56b29c2dcb76,2025-12-10,5,2025-12-17,KSQ,1.9,2.0099425,0.0,0.057864490308259686,0,model1,2026-06-15 06:49:36
7b9c460a-580e-404a-b04b-56b29c2dcb76,2025-12-10,6,2025-12-17,GPC,2.3,2.4292433,0.0,0.05619275051614525,0,model1,2026-06-15 06:49:36
7b9c460a-580e-404a-b04b-56b29c2dcb76,2025-12-10,7,2025-12-17,MCG,2.4,2.5185058,0.0,0.04937742153803515,0,model1,2026-06-15 06:49:36
7b9c460a-580e-404a-b04b-56b29c2dcb76,2025-12-10,8,2026-01-08,SDU,18.5,16.976908,0.14197530864197527,0.04795726729028016,1,model1,2026-06-15 06:49:36
7b9c460a-580e-404a-b04b-56b29c2dcb76,2025-12-10,9,2025-12-17,PV2,2.7,2.8186088,0.0,0.04392917067916291,0,model1,2026-06-15 06:49:36
7b9c460a-580e-404a-b04b-56b29c2dcb76,2025-12-10,10,2025-12-17,DLG,2.67,2.9224887,-0.046428571428571375,0.04374596050807411,0,model1,2026-06-15 06:49:36
7b9c460a-580e-404a-b04b-56b29c2dcb76,2025-12-11,1,2025-12-18,LHC,114.9,130.74785,-0.00691443388072599,0.13005919196838533,0,model1,2026-06-15 06:49:36
7b9c460a-580e-404a-b04b-56b29c2dcb76,2025-12-11,2,2025-12-18,HHG,1.4,1.5081292,0.0,0.0772351707730976,0,model1,2026-06-15 06:49:36
7b9c460a-580e-404a-b04b-56b29c2dcb76,2025-12-11,3,2025-12-18,CTR,83.8,90.515465,-0.007109004739336622,0.07245811353927523,0,model1,2026-06-15 06:49:36
7b9c460a-580e-404a-b04b-56b29c2dcb76,2025-12-11,4,2025-12-18,KSQ,1.9,2.0099425,0.0,0.057864490308259686,0,model1,2026-06-15 06:49:36
7b9c460a-580e-404a-b04b-56b29c2dcb76,2025-12-11,5,2025-12-18,GPC,2.3,2.4292433,0.0,0.05619275051614525,0,model1,2026-06-15 06:49:36
7b9c460a-580e-404a-b04b-56b29c2dcb76,2025-12-11,6,2025-12-18,MCG,2.4,2.5185058,0.0,0.04937742153803515,0,model1,2026-06-15 06:49:36
7b9c460a-580e-404a-b04b-56b29c2dcb76,2025-12-11,7,2025-12-18,PV2,2.7,2.9224887,-0.03571428571428559,0.04374596050807411,0,model1,2026-06-15 06:49:36
7b9c460a-580e-404a-b04b-56b29c2dcb76,2025-12-11,8,2025-12-18,EIN,3.0,2.9171276,0.0714285714285714,0.04183128901890343,1,model1,2026-06-15 06:49:36
7b9c460a-580e-404a-b04b-56b29c2dcb76,2025-12-11,9,2025-12-18,VTA,2.8,3.0207307,-0.034482758620689724,0.04163128754188272,0,model1,2026-06-15 06:49:36
7b9c460a-580e-404a-b04b-56b29c2dcb76,2025-12-11,10,2025-12-18,DTI,2.4,2.6024923,-0.040000000000000036,0.04099693298339835,0,model1,2026-06-15 06:49:36
7b9c460a-580e-404a-b04b-56b29c2dcb76,2025-12-12,1,2026-01-23,ACM,0.6,0.80638754,0.19999999999999996,0.6127750873565674,1,model1,2026-06-15 06:49:36
7b9c460a-580e-404a-b04b-56b29c2dcb76,2025-12-12,2,2026-01-23,FTM,0.6,0.90016276,0.0,0.5002712607383728,0,model1,2026-06-15 06:49:36
7b9c460a-580e-404a-b04b-56b29c2dcb76,2025-12-12,3,2026-01-23,MPT,0.5,0.87040824,-0.16666666666666663,0.4506803949673972,0,model1,2026-06-15 06:49:36
7b9c460a-580e-404a-b04b-56b29c2dcb76,2025-12-12,4,2026-01-23,PVH,0.6,0.84747934,0.0,0.41246557235717773,0,model1,2026-06-15 06:49:36
7b9c460a-580e-404a-b04b-56b29c2dcb76,2025-12-12,5,2026-01-23,G20,0.6,0.8983716,-0.1428571428571428,0.2833879675183979,0,model1,2026-06-15 06:49:36
7b9c460a-580e-404a-b04b-56b29c2dcb76,2025-12-12,6,2026-01-23,VKC,0.8,1.0878532,-0.11111111111111105,0.20872577031453443,0,model1,2026-06-15 06:49:36
7b9c460a-580e-404a-b04b-56b29c2dcb76,2025-12-12,7,2026-01-23,PXI,1.1,1.2989839,0.0,0.18089448321949342,0,model1,2026-06-15 06:49:36
7b9c460a-580e-404a-b04b-56b29c2dcb76,2025-12-12,8,2026-01-23,JOS,0.8,1.1478881,-0.19999999999999996,0.14788806438446045,0,model1,2026-06-15 06:49:36
7b9c460a-580e-404a-b04b-56b29c2dcb76,2025-12-12,9,2026-01-23,STT,1.1,1.3733366,-0.08333333333333326,0.14444712797800707,0,model1,2026-06-15 06:49:36
7b9c460a-580e-404a-b04b-56b29c2dcb76,2025-12-12,10,2026-01-23,LMH,1.3,1.3727716,0.08333333333333348,0.1439763506253562,1,model1,2026-06-15 06:49:36
7b9c460a-580e-404a-b04b-56b29c2dcb76,2025-12-15,1,2025-12-22,LHC,117.5,128.44603,0.03982300884955747,0.13669052799191106,1,model1,2026-06-15 06:49:36
7b9c460a-580e-404a-b04b-56b29c2dcb76,2025-12-15,2,2025-12-22,CTR,84.6,90.515465,0.01927710843373487,0.09054776846644397,1,model1,2026-06-15 06:49:36
7b9c460a-580e-404a-b04b-56b29c2dcb76,2025-12-15,3,2025-12-23,HHG,1.4,1.5081292,0.0,0.0772351707730976,0,model1,2026-06-15 06:49:36
7b9c460a-580e-404a-b04b-56b29c2dcb76,2025-12-15,4,2025-12-22,VTA,2.7,2.7674623,0.03846153846153855,0.06440855906559873,1,model1,2026-06-15 06:49:36
7b9c460a-580e-404a-b04b-56b29c2dcb76,2025-12-15,5,2025-12-22,MCG,2.4,2.4337409,0.04347826086956519,0.05814819750578515,1,model1,2026-06-15 06:49:36
7b9c460a-580e-404a-b04b-56b29c2dcb76,2025-12-15,6,2025-12-22,KSQ,1.9,2.0099425,0.0,0.057864490308259686,0,model1,2026-06-15 06:49:36
7b9c460a-580e-404a-b04b-56b29c2dcb76,2025-12-15,7,2025-12-22,DTI,2.5,2.6363335,0.0,0.05453338623046866,0,model1,2026-06-15 06:49:36
7b9c460a-580e-404a-b04b-56b29c2dcb76,2025-12-15,8,2025-12-22,GPC,2.4,2.406627,0.04347826086956519,0.04635953903198242,1,model1,2026-06-15 06:49:36
7b9c460a-580e-404a-b04b-56b29c2dcb76,2025-12-15,9,2025-12-22,DRH,2.4,2.5185058,-0.004149377593361092,0.045023158378126205,0,model1,2026-06-15 06:49:36
7b9c460a-580e-404a-b04b-56b29c2dcb76,2025-12-15,10,2025-12-22,TT6,6.0,5.846848,0.0714285714285714,0.044080001967294,1,model1,2026-06-15 06:49:36
7b9c460a-580e-404a-b04b-56b29c2dcb76,2025-12-16,1,2025-12-23,LHC,114.8,136.53467,-0.010344827586206917,0.17702299973060343,0,model1,2026-06-15 06:49:36
7b9c460a-580e-404a-b04b-56b29c2dcb76,2025-12-16,2,2025-12-24,HHG,1.4,1.4662274,0.07692307692307687,0.1278672401721661,1,model1,2026-06-15 06:49:36
7b9c460a-580e-404a-b04b-56b29c2dcb76,2025-12-16,3,2025-12-23,DGC,68.6,90.50666,-0.17229729729729737,0.0920205171504076,0,model1,2026-06-15 06:49:36
7b9c460a-580e-404a-b04b-56b29c2dcb76,2025-12-16,4,2025-12-23,CTR,84.0,90.47465,0.0023866348448686736,0.0796497317657836,1,model1,2026-06-15 06:49:36
7b9c460a-580e-404a-b04b-56b29c2dcb76,2025-12-16,5,2025-12-23,GPC,2.3,2.333206,0.04545454545454519,0.060548153790560555,1,model1,2026-06-15 06:49:36
7b9c460a-580e-404a-b04b-56b29c2dcb76,2025-12-16,6,2025-12-23,MCG,2.4,2.4337409,0.04347826086956519,0.05814819750578515,1,model1,2026-06-15 06:49:36
7b9c460a-580e-404a-b04b-56b29c2dcb76,2025-12-16,7,2025-12-23,KSQ,1.9,2.0099425,0.0,0.057864490308259686,0,model1,2026-06-15 06:49:36
7b9c460a-580e-404a-b04b-56b29c2dcb76,2025-12-16,8,2025-12-23,VTA,2.5,2.616573,0.0,0.046629238128662154,0,model1,2026-06-15 06:49:36
7b9c460a-580e-404a-b04b-56b29c2dcb76,2025-12-16,9,2025-12-23,DTI,2.5,2.6024923,0.0,0.04099693298339835,0,model1,2026-06-15 06:49:36
7b9c460a-580e-404a-b04b-56b29c2dcb76,2025-12-16,10,2025-12-23,PTL,2.87,3.0443907,-0.020477815699658675,0.039041187169201796,0,model1,2026-06-15 06:49:36
7b9c460a-580e-404a-b04b-56b29c2dcb76,2025-12-17,1,2025-12-24,LHC,112.0,133.46362,-0.01754385964912286,0.17073353549890347,0,model1,2026-06-15 06:49:36
7b9c460a-580e-404a-b04b-56b29c2dcb76,2025-12-17,2,2025-12-24,CTR,83.5,91.91723,-0.015330188679245293,0.08392958371144421,0,model1,2026-06-15 06:49:36
7b9c460a-580e-404a-b04b-56b29c2dcb76,2025-12-17,3,2025-12-25,HHG,1.3,1.5081292,-0.07142857142857129,0.0772351707730976,0,model1,2026-06-15 06:49:36
7b9c460a-580e-404a-b04b-56b29c2dcb76,2025-12-17,4,2025-12-24,KSQ,1.9,2.0099425,0.0,0.057864490308259686,0,model1,2026-06-15 06:49:36
7b9c460a-580e-404a-b04b-56b29c2dcb76,2025-12-17,5,2025-12-24,GPC,2.2,2.4292433,-0.04347826086956508,0.05619275051614525,0,model1,2026-06-15 06:49:36
7b9c460a-580e-404a-b04b-56b29c2dcb76,2025-12-17,6,2025-12-24,DTI,2.6,2.5185058,0.08333333333333348,0.04937742153803515,1,model1,2026-06-15 06:49:36
7b9c460a-580e-404a-b04b-56b29c2dcb76,2025-12-17,7,2025-12-24,MCG,2.4,2.5185058,0.0,0.04937742153803515,0,model1,2026-06-15 06:49:36
7b9c460a-580e-404a-b04b-56b29c2dcb76,2025-12-17,8,2025-12-25,PEG,4.0,3.554014,0.17647058823529416,0.04529822573942299,1,model1,2026-06-15 06:49:36
7b9c460a-580e-404a-b04b-56b29c2dcb76,2025-12-17,9,2025-12-24,PV2,2.8,2.8186088,0.03703703703703698,0.04392917067916291,1,model1,2026-06-15 06:49:36
7b9c460a-580e-404a-b04b-56b29c2dcb76,2025-12-17,10,2025-12-24,VTA,2.4,2.8186088,-0.11111111111111116,0.04392917067916291,0,model1,2026-06-15 06:49:36
7b9c460a-580e-404a-b04b-56b29c2dcb76,2025-12-18,1,2025-12-25,LHC,112.7,132.0185,-0.019147084421235916,0.14898601960264357,0,model1,2026-06-15 06:49:36
7b9c460a-580e-404a-b04b-56b29c2dcb76,2025-12-18,2,2025-12-25,CTR,84.0,91.13173,0.0023866348448686736,0.0874908010259734,1,model1,2026-06-15 06:49:36
7b9c460a-580e-404a-b04b-56b29c2dcb76,2025-12-18,3,2025-12-26,HHG,1.4,1.5081292,0.0,0.0772351707730976,0,model1,2026-06-15 06:49:36
7b9c460a-580e-404a-b04b-56b29c2dcb76,2025-12-18,4,2025-12-25,KSQ,1.9,2.0099425,0.0,0.057864490308259686,0,model1,2026-06-15 06:49:36
7b9c460a-580e-404a-b04b-56b29c2dcb76,2025-12-18,5,2025-12-25,GPC,2.3,2.4292433,0.0,0.05619275051614525,0,model1,2026-06-15 06:49:36
7b9c460a-580e-404a-b04b-56b29c2dcb76,2025-12-18,6,2025-12-25,DTI,2.5,2.5185058,0.04166666666666674,0.04937742153803515,1,model1,2026-06-15 06:49:36
7b9c460a-580e-404a-b04b-56b29c2dcb76,2025-12-18,7,2025-12-25,PTL,2.79,2.9447548,-0.007117437722419906,0.047955458698747844,0,model1,2026-06-15 06:49:36
7b9c460a-580e-404a-b04b-56b29c2dcb76,2025-12-18,8,2025-12-25,DRH,2.35,2.5185058,-0.028925619834710647,0.040704880864167015,0,model1,2026-06-15 06:49:36
7b9c460a-580e-404a-b04b-56b29c2dcb76,2025-12-18,9,2025-12-25,DLG,2.61,2.7888339,-0.026119402985074758,0.04060964797859756,0,model1,2026-06-15 06:49:36
7b9c460a-580e-404a-b04b-56b29c2dcb76,2025-12-18,10,2025-12-25,MCG,2.4,2.4853046,0.0,0.03554358084996556,0,model1,2026-06-15 06:49:36
7b9c460a-580e-404a-b04b-56b29c2dcb76,2025-12-19,1,2026-01-30,PXM,0.5,0.80638754,0.0,0.6127750873565674,0,model1,2026-06-15 06:49:36
7b9c460a-580e-404a-b04b-56b29c2dcb76,2025-12-19,2,2026-01-30,PVH,0.7,0.87040824,0.16666666666666674,0.4506803949673972,1,model1,2026-06-15 06:49:36
7b9c460a-580e-404a-b04b-56b29c2dcb76,2025-12-19,3,2026-01-30,G20,0.6,0.84747934,0.0,0.41246557235717773,0,model1,2026-06-15 06:49:36
7b9c460a-580e-404a-b04b-56b29c2dcb76,2025-12-19,4,2026-01-30,MPT,0.6,0.84747934,0.0,0.41246557235717773,0,model1,2026-06-15 06:49:36
7b9c460a-580e-404a-b04b-56b29c2dcb76,2025-12-19,5,2026-01-30,FTM,0.6,0.9623713,-0.1428571428571428,0.37481612818581733,0,model1,2026-06-15 06:49:36
7b9c460a-580e-404a-b04b-56b29c2dcb76,2025-12-19,6,2026-01-30,ACM,0.6,0.80638754,0.0,0.34397923946380615,0,model1,2026-06-15 06:49:36
7b9c460a-580e-404a-b04b-56b29c2dcb76,2025-12-19,7,2026-01-30,JOS,1.0,1.0829942,0.11111111111111116,0.20332691404554581,1,model1,2026-06-15 06:49:36
7b9c460a-580e-404a-b04b-56b29c2dcb76,2025-12-19,8,2026-01-30,VKC,0.8,1.0829942,-0.11111111111111105,0.20332691404554581,0,model1,2026-06-15 06:49:36
7b9c460a-580e-404a-b04b-56b29c2dcb76,2025-12-19,9,2025-12-26,LHC,112.0,137.07072,-0.023539668700959027,0.19503683075243838,0,model1,2026-06-15 06:49:36
7b9c460a-580e-404a-b04b-56b29c2dcb76,2025-12-19,10,2026-01-30,STT,1.2,1.3101063,0.09090909090909083,0.19100570678710938,1,model1,2026-06-15 06:49:36
7b9c460a-580e-404a-b04b-56b29c2dcb76,2025-12-22,1,2025-12-29,LHC,113.0,139.26936,-0.03829787234042559,0.18527117790059844,0,model1,2026-06-15 06:49:36
7b9c460a-580e-404a-b04b-56b29c2dcb76,2025-12-22,2,2025-12-29,CMN,72.0,83.28496,-0.043824701195219085,0.10604193739365453,0,model1,2026-06-15 06:49:36
7b9c460a-580e-404a-b04b-56b29c2dcb76,2025-12-22,3,2025-12-29,CTR,84.7,93.038734,0.0011820330969267712,0.09974863399568745,1,model1,2026-06-15 06:49:36
7b9c460a-580e-404a-b04b-56b29c2dcb76,2025-12-22,4,2025-12-29,KSQ,2.0,2.0099425,0.05263157894736836,0.057864490308259686,1,model1,2026-06-15 06:49:36
7b9c460a-580e-404a-b04b-56b29c2dcb76,2025-12-22,5,2025-12-29,TTF,3.13,3.5412526,-0.06845238095238093,0.05394423007965088,0,model1,2026-06-15 06:49:36
7b9c460a-580e-404a-b04b-56b29c2dcb76,2025-12-22,6,2025-12-29,DRH,2.29,2.5185058,-0.04583333333333328,0.04937742153803515,0,model1,2026-06-15 06:49:36
7b9c460a-580e-404a-b04b-56b29c2dcb76,2025-12-22,7,2025-12-29,MCG,2.4,2.5185058,0.0,0.04937742153803515,0,model1,2026-06-15 06:49:36
7b9c460a-580e-404a-b04b-56b29c2dcb76,2025-12-22,8,2025-12-29,PV2,2.7,2.8186088,0.0,0.04392917067916291,0,model1,2026-06-15 06:49:36
7b9c460a-580e-404a-b04b-56b29c2dcb76,2025-12-22,9,2025-12-29,DTI,2.4,2.6024923,-0.040000000000000036,0.04099693298339835,0,model1,2026-06-15 06:49:36
7b9c460a-580e-404a-b04b-56b29c2dcb76,2025-12-22,10,2025-12-29,EIN,2.9,3.1123142,-0.033333333333333326,0.03743807474772143,0,model1,2026-06-15 06:49:36
7b9c460a-580e-404a-b04b-56b29c2dcb76,2025-12-23,1,2025-12-30,LHC,116.8,150.4297,0.017421602787456525,0.3103632644493821,1,model1,2026-06-15 06:49:36
7b9c460a-580e-404a-b04b-56b29c2dcb76,2025-12-23,2,2025-12-30,CTR,85.3,92.819435,0.015476190476190421,0.10499327523367752,1,model1,2026-06-15 06:49:36
7b9c460a-580e-404a-b04b-56b29c2dcb76,2025-12-23,3,2025-12-30,HHG,1.3,1.5081292,-0.07142857142857129,0.0772351707730976,0,model1,2026-06-15 06:49:36
7b9c460a-580e-404a-b04b-56b29c2dcb76,2025-12-23,4,2025-12-30,KSQ,2.2,2.0099425,0.1578947368421053,0.057864490308259686,1,model1,2026-06-15 06:49:36
7b9c460a-580e-404a-b04b-56b29c2dcb76,2025-12-23,5,2025-12-30,VTA,2.3,2.6407454,-0.08000000000000007,0.05629816055297843,0,model1,2026-06-15 06:49:36
7b9c460a-580e-404a-b04b-56b29c2dcb76,2025-12-23,6,2025-12-30,DGC,65.2,72.45937,-0.04956268221574334,0.05625908854403927,0,model1,2026-06-15 06:49:36
7b9c460a-580e-404a-b04b-56b29c2dcb76,2025-12-23,7,2025-12-30,DTI,2.5,2.6363335,0.0,0.05453338623046866,0,model1,2026-06-15 06:49:36
7b9c460a-580e-404a-b04b-56b29c2dcb76,2025-12-23,8,2025-12-30,CMN,73.0,76.70191,0.0,0.05071112227766483,0,model1,2026-06-15 06:49:36
7b9c460a-580e-404a-b04b-56b29c2dcb76,2025-12-23,9,2025-12-30,GPC,2.3,2.4152215,0.0,0.05009628378826636,0,model1,2026-06-15 06:49:36
7b9c460a-580e-404a-b04b-56b29c2dcb76,2025-12-23,10,2025-12-30,DRH,2.28,2.5185058,-0.050000000000000044,0.04937742153803515,0,model1,2026-06-15 06:49:36
7b9c460a-580e-404a-b04b-56b29c2dcb76,2025-12-24,1,2025-12-31,LHC,117.2,150.0136,0.046428571428571486,0.3394071034022741,1,model1,2026-06-15 06:49:36
7b9c460a-580e-404a-b04b-56b29c2dcb76,2025-12-24,2,2025-12-31,CTR,85.3,92.567635,0.021556886227544814,0.10859442613795856,1,model1,2026-06-15 06:49:36
7b9c460a-580e-404a-b04b-56b29c2dcb76,2025-12-24,3,2025-12-31,GEE,138.19,129.51492,0.17458563535911598,0.1008493250803495,1,model1,2026-06-15 06:49:36
7b9c460a-580e-404a-b04b-56b29c2dcb76,2025-12-24,4,2025-12-31,HHG,1.3,1.5081292,-0.07142857142857129,0.0772351707730976,0,model1,2026-06-15 06:49:36
7b9c460a-580e-404a-b04b-56b29c2dcb76,2025-12-24,5,2025-12-31,GPC,2.3,2.3418005,0.04545454545454519,0.06445475058122097,1,model1,2026-06-15 06:49:36
7b9c460a-580e-404a-b04b-56b29c2dcb76,2025-12-24,6,2025-12-31,CMN,73.1,72.924545,0.0625,0.0599497861640399,1,model1,2026-06-15 06:49:36
7b9c460a-580e-404a-b04b-56b29c2dcb76,2025-12-24,7,2025-12-31,KSQ,2.0,2.0099425,0.05263157894736836,0.057864490308259686,1,model1,2026-06-15 06:49:36
7b9c460a-580e-404a-b04b-56b29c2dcb76,2025-12-24,8,2025-12-31,DLG,2.66,2.7561915,0.011406844106463865,0.04798155592421627,1,model1,2026-06-15 06:49:36
7b9c460a-580e-404a-b04b-56b29c2dcb76,2025-12-24,9,2025-12-31,DTI,2.4,2.708569,-0.07692307692307698,0.041757326859694244,0,model1,2026-06-15 06:49:36
7b9c460a-580e-404a-b04b-56b29c2dcb76,2025-12-24,10,2025-12-31,DRH,2.22,2.4853046,-0.07112970711297073,0.039876399179881616,0,model1,2026-06-15 06:49:36
7b9c460a-580e-404a-b04b-56b29c2dcb76,2025-12-25,1,2026-01-05,LHC,115.6,143.75034,0.02573203194321194,0.2755131827272348,1,model1,2026-06-15 06:49:36
7b9c460a-580e-404a-b04b-56b29c2dcb76,2025-12-25,2,2026-01-05,GEE,128.9,134.02681,0.09674125755126362,0.14036254311565388,1,model1,2026-06-15 06:49:36
7b9c460a-580e-404a-b04b-56b29c2dcb76,2025-12-25,3,2026-01-05,HHG,1.3,1.4662274,0.0,0.1278672401721661,0,model1,2026-06-15 06:49:36
7b9c460a-580e-404a-b04b-56b29c2dcb76,2025-12-25,4,2026-01-05,CTR,83.3,92.819435,-0.008333333333333415,0.10499327523367752,0,model1,2026-06-15 06:49:36
7b9c460a-580e-404a-b04b-56b29c2dcb76,2025-12-25,5,2026-01-05,VEF,130.2,140.13873,-0.006106870229007688,0.06976131992485679,0,model1,2026-06-15 06:49:36
7b9c460a-580e-404a-b04b-56b29c2dcb76,2025-12-25,6,2026-01-05,PV2,2.6,2.7621012,0.0,0.06234660515418411,0,model1,2026-06-15 06:49:36
7b9c460a-580e-404a-b04b-56b29c2dcb76,2025-12-25,7,2026-01-05,KSQ,2.0,2.0099425,0.05263157894736836,0.057864490308259686,1,model1,2026-06-15 06:49:36
7b9c460a-580e-404a-b04b-56b29c2dcb76,2025-12-25,8,2026-01-05,DRH,2.21,2.4853046,-0.05957446808510647,0.05757642299570942,0,model1,2026-06-15 06:49:36
7b9c460a-580e-404a-b04b-56b29c2dcb76,2025-12-25,9,2026-01-05,GPC,2.3,2.4292433,0.0,0.05619275051614525,0,model1,2026-06-15 06:49:36
7b9c460a-580e-404a-b04b-56b29c2dcb76,2025-12-25,10,2026-01-05,DLG,2.62,2.7561915,0.003831417624521105,0.05601206593129837,1,model1,2026-06-15 06:49:36
7b9c460a-580e-404a-b04b-56b29c2dcb76,2025-12-26,1,2026-02-06,MPT,0.6,0.84747934,0.0,0.41246557235717773,0,model1,2026-06-15 06:49:36
7b9c460a-580e-404a-b04b-56b29c2dcb76,2025-12-26,2,2026-02-06,PVH,0.6,0.84747934,0.0,0.41246557235717773,0,model1,2026-06-15 06:49:36
7b9c460a-580e-404a-b04b-56b29c2dcb76,2025-12-26,3,2026-02-06,FTM,0.7,0.9455697,0.0,0.3508138486317227,0,model1,2026-06-15 06:49:36
7b9c460a-580e-404a-b04b-56b29c2dcb76,2025-12-26,4,2026-02-06,G20,0.6,0.80638754,0.0,0.34397923946380615,0,model1,2026-06-15 06:49:36
7b9c460a-580e-404a-b04b-56b29c2dcb76,2025-12-26,5,2026-02-06,JOS,1.0,1.0829942,0.11111111111111116,0.20332691404554581,1,model1,2026-06-15 06:49:36
7b9c460a-580e-404a-b04b-56b29c2dcb76,2025-12-26,6,2026-02-06,VKC,0.8,1.0829942,-0.11111111111111105,0.20332691404554581,0,model1,2026-06-15 06:49:36
7b9c460a-580e-404a-b04b-56b29c2dcb76,2025-12-26,7,2026-02-06,PXA,0.9,0.9623713,0.125,0.20296411216259003,1,model1,2026-06-15 06:49:36
7b9c460a-580e-404a-b04b-56b29c2dcb76,2025-12-26,8,2026-01-06,LHC,115.0,130.70763,0.02678571428571419,0.16703237806047722,1,model1,2026-06-15 06:49:36
7b9c460a-580e-404a-b04b-56b29c2dcb76,2025-12-26,9,2026-02-06,PXI,1.1,1.3626224,-0.08333333333333326,0.13551865021387743,0,model1,2026-06-15 06:49:36
7b9c460a-580e-404a-b04b-56b29c2dcb76,2025-12-26,10,2026-02-06,PVR,1.3,1.3527406,0.08333333333333348,0.12728387117385864,1,model1,2026-06-15 06:49:36
7b9c460a-580e-404a-b04b-56b29c2dcb76,2025-12-29,1,2026-01-07,LHC,116.0,141.16171,0.026548672566371723,0.2492186959865874,1,model1,2026-06-15 06:49:36
7b9c460a-580e-404a-b04b-56b29c2dcb76,2025-12-29,2,2026-01-07,CTR,89.1,93.038734,0.05194805194805174,0.09845022946912807,1,model1,2026-06-15 06:49:36
7b9c460a-580e-404a-b04b-56b29c2dcb76,2025-12-29,3,2026-01-07,HHG,1.3,1.4177434,0.0,0.09057188034057617,0,model1,2026-06-15 06:49:36
7b9c460a-580e-404a-b04b-56b29c2dcb76,2025-12-29,4,2026-01-07,VEF,130.0,141.13266,-0.011406844106463865,0.0732521666320105,0,model1,2026-06-15 06:49:36
7b9c460a-580e-404a-b04b-56b29c2dcb76,2025-12-29,5,2026-01-07,DRH,2.26,2.406627,-0.013100436681222849,0.05092879466094313,0,model1,2026-06-15 06:49:36
7b9c460a-580e-404a-b04b-56b29c2dcb76,2025-12-29,6,2026-01-07,DLG,2.62,2.7320192,0.007692307692307665,0.05077661000765277,1,model1,2026-06-15 06:49:36
7b9c460a-580e-404a-b04b-56b29c2dcb76,2025-12-29,7,2026-01-07,DTI,2.3,2.5185058,-0.04166666666666674,0.04937742153803515,0,model1,2026-06-15 06:49:36
7b9c460a-580e-404a-b04b-56b29c2dcb76,2025-12-29,8,2026-01-07,PTL,2.76,2.935815,-0.024734982332155542,0.03739049325140953,0,model1,2026-06-15 06:49:36
7b9c460a-580e-404a-b04b-56b29c2dcb76,2025-12-29,9,2026-01-16,DPC,7.5,7.9834323,-0.025974025974025983,0.03680938869327699,0,model1,2026-06-15 06:49:36
7b9c460a-580e-404a-b04b-56b29c2dcb76,2025-12-29,10,2026-01-07,MCG,2.3,2.4853046,-0.04166666666666674,0.03554358084996556,0,model1,2026-06-15 06:49:36
7b9c460a-580e-404a-b04b-56b29c2dcb76,2025-12-30,1,2026-01-08,LHC,112.0,150.0282,-0.041095890410958846,0.28448799864886554,0,model1,2026-06-15 06:49:36
7b9c460a-580e-404a-b04b-56b29c2dcb76,2025-12-30,2,2026-01-08,CTR,89.7,93.062614,0.05158264947245028,0.09100368629446631,1,model1,2026-06-15 06:49:36
7b9c460a-580e-404a-b04b-56b29c2dcb76,2025-12-30,3,2026-01-08,HHG,1.3,1.4177434,0.0,0.09057188034057617,0,model1,2026-06-15 06:49:36
7b9c460a-580e-404a-b04b-56b29c2dcb76,2025-12-30,4,2026-01-09,VEF,129.5,140.36153,-0.013709063214013772,0.06901391080927488,0,model1,2026-06-15 06:49:36
7b9c460a-580e-404a-b04b-56b29c2dcb76,2025-12-30,5,2026-01-08,VES,10.8,11.45113,0.0,0.060289806789821876,0,model1,2026-06-15 06:49:36
7b9c460a-580e-404a-b04b-56b29c2dcb76,2025-12-30,6,2026-01-08,MCG,2.4,2.4337409,0.04347826086956519,0.05814819750578515,1,model1,2026-06-15 06:49:36
7b9c460a-580e-404a-b04b-56b29c2dcb76,2025-12-30,7,2026-01-08,VTA,2.3,2.4337409,0.0,0.05814819750578515,0,model1,2026-06-15 06:49:36
7b9c460a-580e-404a-b04b-56b29c2dcb76,2025-12-30,8,2026-01-08,DRH,2.18,2.406627,-0.04385964912280682,0.05553813147963149,0,model1,2026-06-15 06:49:36
7b9c460a-580e-404a-b04b-56b29c2dcb76,2025-12-30,9,2026-01-08,GPC,2.3,2.406627,0.0,0.04635953903198242,0,model1,2026-06-15 06:49:36
7b9c460a-580e-404a-b04b-56b29c2dcb76,2025-12-30,10,2026-01-08,VMG,2.9,3.13334,-0.033333333333333326,0.04444662729899096,0,model1,2026-06-15 06:49:36
7b9c460a-580e-404a-b04b-56b29c2dcb76,2025-12-31,1,2026-01-09,LHC,113.5,149.06348,-0.03156996587030714,0.2718726669155289,0,model1,2026-06-15 06:49:36
7b9c460a-580e-404a-b04b-56b29c2dcb76,2025-12-31,2,2026-01-09,CTR,95.9,93.062614,0.12426729191090291,0.09100368629446631,1,model1,2026-06-15 06:49:36
7b9c460a-580e-404a-b04b-56b29c2dcb76,2025-12-31,3,2026-01-09,HHG,1.3,1.4177434,0.0,0.09057188034057617,0,model1,2026-06-15 06:49:36
7b9c460a-580e-404a-b04b-56b29c2dcb76,2025-12-31,4,2026-01-12,VEF,126.5,140.71283,-0.035823170731707266,0.07250632309332139,0,model1,2026-06-15 06:49:36
7b9c460a-580e-404a-b04b-56b29c2dcb76,2025-12-31,5,2026-01-09,VTA,2.3,2.3418005,0.04545454545454519,0.06445475058122097,1,model1,2026-06-15 06:49:36
7b9c460a-580e-404a-b04b-56b29c2dcb76,2025-12-31,6,2026-01-09,KSQ,2.0,2.1213455,0.0,0.060672760009765625,0,model1,2026-06-15 06:49:36
7b9c460a-580e-404a-b04b-56b29c2dcb76,2025-12-31,7,2026-01-09,DRH,2.12,2.333206,-0.04504504504504503,0.05099366591857346,0,model1,2026-06-15 06:49:36
7b9c460a-580e-404a-b04b-56b29c2dcb76,2025-12-31,8,2026-01-09,PTL,2.79,2.935815,-0.0035714285714284477,0.04850539139338905,0,model1,2026-06-15 06:49:36
7b9c460a-580e-404a-b04b-56b29c2dcb76,2025-12-31,9,2026-01-09,GPC,2.2,2.406627,-0.04347826086956508,0.04635953903198242,0,model1,2026-06-15 06:49:36
7b9c460a-580e-404a-b04b-56b29c2dcb76,2025-12-31,10,2026-01-09,CTP,6.7,8.019702,-0.1298701298701299,0.04151973476657611,0,model1,2026-06-15 06:49:36
7b9c460a-580e-404a-b04b-56b29c2dcb76,2026-01-05,1,2026-01-12,LHC,113.6,148.23116,-0.01730103806228378,0.28227643075698805,0,model1,2026-06-15 06:49:36
7b9c460a-580e-404a-b04b-56b29c2dcb76,2026-01-05,2,2026-01-12,HHG,1.3,1.4177434,0.0,0.09057188034057617,0,model1,2026-06-15 06:49:36
7b9c460a-580e-404a-b04b-56b29c2dcb76,2026-01-05,3,2026-01-12,KSQ,2.0,2.1384854,0.0,0.06924271583557129,0,model1,2026-06-15 06:49:36
7b9c460a-580e-404a-b04b-56b29c2dcb76,2026-01-05,4,2026-01-12,PV2,2.6,2.7621012,0.0,0.06234660515418411,0,model1,2026-06-15 06:49:36
7b9c460a-580e-404a-b04b-56b29c2dcb76,2026-01-05,5,2026-01-12,VTA,2.4,2.4292433,0.04347826086956519,0.05619275051614525,1,model1,2026-06-15 06:49:36
7b9c460a-580e-404a-b04b-56b29c2dcb76,2026-01-05,6,2026-01-12,MCG,2.3,2.4251463,0.0,0.05441145274950121,0,model1,2026-06-15 06:49:36
7b9c460a-580e-404a-b04b-56b29c2dcb76,2026-01-05,7,2026-01-12,DLG,2.57,2.7561915,-0.019083969465648942,0.05198148552698023,0,model1,2026-06-15 06:49:36
7b9c460a-580e-404a-b04b-56b29c2dcb76,2026-01-05,8,2026-01-12,GPC,2.3,2.4152215,0.0,0.05009628378826636,0,model1,2026-06-15 06:49:36
7b9c460a-580e-404a-b04b-56b29c2dcb76,2026-01-05,9,2026-01-12,VES,10.8,11.338923,0.0,0.049900319841172935,0,model1,2026-06-15 06:49:36
7b9c460a-580e-404a-b04b-56b29c2dcb76,2026-01-05,10,2026-01-12,CTP,6.8,7.322437,-0.02857142857142858,0.04606240136282791,0,model1,2026-06-15 06:49:36
7b9c460a-580e-404a-b04b-56b29c2dcb76,2026-01-06,1,2026-01-13,LHC,112.0,147.739,-0.02608695652173909,0.2846869427224865,0,model1,2026-06-15 06:49:36
7b9c460a-580e-404a-b04b-56b29c2dcb76,2026-01-06,2,2026-01-13,HHG,1.3,1.4177434,0.0,0.09057188034057617,0,model1,2026-06-15 06:49:36
7b9c460a-580e-404a-b04b-56b29c2dcb76,2026-01-06,3,2026-01-13,MCG,2.3,2.333206,0.04545454545454519,0.060548153790560555,1,model1,2026-06-15 06:49:36
7b9c460a-580e-404a-b04b-56b29c2dcb76,2026-01-06,4,2026-01-13,DLG,2.57,2.7561915,-0.01532567049808431,0.05601206593129837,0,model1,2026-06-15 06:49:36
7b9c460a-580e-404a-b04b-56b29c2dcb76,2026-01-06,5,2026-01-13,CTR,101.0,89.68756,0.18823529411764706,0.05514777688419126,1,model1,2026-06-15 06:49:36
7b9c460a-580e-404a-b04b-56b29c2dcb76,2026-01-06,6,2026-01-13,VMG,2.8,2.9531271,0.0,0.05468826634543289,0,model1,2026-06-15 06:49:36
7b9c460a-580e-404a-b04b-56b29c2dcb76,2026-01-06,7,2026-01-13,DTI,2.3,2.4251463,0.0,0.05441145274950121,0,model1,2026-06-15 06:49:36
7b9c460a-580e-404a-b04b-56b29c2dcb76,2026-01-06,8,2026-01-13,KSQ,2.0,2.1047976,0.0,0.05239880084991455,0,model1,2026-06-15 06:49:36
7b9c460a-580e-404a-b04b-56b29c2dcb76,2026-01-06,9,2026-01-13,GPC,2.3,2.4152215,0.0,0.05009628378826636,0,model1,2026-06-15 06:49:36
7b9c460a-580e-404a-b04b-56b29c2dcb76,2026-01-06,10,2026-01-13,EIN,2.6,2.935815,-0.07142857142857129,0.04850539139338905,0,model1,2026-06-15 06:49:36
7b9c460a-580e-404a-b04b-56b29c2dcb76,2026-01-07,1,2026-01-14,LHC,112.9,148.23116,-0.026724137931034453,0.2778547878923088,0,model1,2026-06-15 06:49:36
7b9c460a-580e-404a-b04b-56b29c2dcb76,2026-01-07,2,2026-01-14,HHG,1.2,1.4177434,-0.07692307692307698,0.09057188034057617,0,model1,2026-06-15 06:49:36
7b9c460a-580e-404a-b04b-56b29c2dcb76,2026-01-07,3,2026-01-14,KSQ,2.0,2.1384854,0.0,0.06924271583557129,0,model1,2026-06-15 06:49:36
7b9c460a-580e-404a-b04b-56b29c2dcb76,2026-01-07,4,2026-01-14,PV2,2.7,2.7621012,0.03846153846153855,0.06234660515418411,1,model1,2026-06-15 06:49:36
7b9c460a-580e-404a-b04b-56b29c2dcb76,2026-01-07,5,2026-01-14,VTA,2.4,2.333206,0.09090909090909083,0.060548153790560555,1,model1,2026-06-15 06:49:36
7b9c460a-580e-404a-b04b-56b29c2dcb76,2026-01-07,6,2026-01-15,VEF,124.7,137.41765,-0.04076923076923078,0.057058833195613,0,model1,2026-06-15 06:49:36
7b9c460a-580e-404a-b04b-56b29c2dcb76,2026-01-07,7,2026-01-14,DTI,2.4,2.4251463,0.04347826086956519,0.05441145274950121,1,model1,2026-06-15 06:49:36
7b9c460a-580e-404a-b04b-56b29c2dcb76,2026-01-07,8,2026-01-14,DLG,2.6,2.7561915,-0.007633587786259555,0.05198148552698023,0,model1,2026-06-15 06:49:36
7b9c460a-580e-404a-b04b-56b29c2dcb76,2026-01-07,9,2026-01-14,GEE,117.65,134.02681,-0.07725490196078422,0.051190664253982776,0,model1,2026-06-15 06:49:36
7b9c460a-580e-404a-b04b-56b29c2dcb76,2026-01-07,10,2026-01-14,GPC,2.2,2.4152215,-0.04347826086956508,0.05009628378826636,0,model1,2026-06-15 06:49:36
7b9c460a-580e-404a-b04b-56b29c2dcb76,2026-01-08,1,2026-01-15,LHC,112.7,142.92885,0.006250000000000089,0.2761504309517997,1,model1,2026-06-15 06:49:36
7b9c460a-580e-404a-b04b-56b29c2dcb76,2026-01-08,2,2026-01-15,GEE,125.86,134.56212,0.05472219894410468,0.1276470169301387,1,model1,2026-06-15 06:49:36
7b9c460a-580e-404a-b04b-56b29c2dcb76,2026-01-08,3,2026-01-15,HHG,1.2,1.4177434,-0.07692307692307698,0.09057188034057617,0,model1,2026-06-15 06:49:36
7b9c460a-580e-404a-b04b-56b29c2dcb76,2026-01-08,4,2026-01-15,KSQ,2.0,2.1384854,0.0,0.06924271583557129,0,model1,2026-06-15 06:49:36
7b9c460a-580e-404a-b04b-56b29c2dcb76,2026-01-08,5,2026-01-15,DRH,2.14,2.301864,-0.01834862385321101,0.0559008755815138,0,model1,2026-06-15 06:49:36
7b9c460a-580e-404a-b04b-56b29c2dcb76,2026-01-08,6,2026-01-15,DTI,2.3,2.4206488,0.0,0.05245600575986131,0,model1,2026-06-15 06:49:36
7b9c460a-580e-404a-b04b-56b29c2dcb76,2026-01-08,7,2026-01-15,DLG,2.78,2.7561915,0.061068702290076216,0.05198148552698023,1,model1,2026-06-15 06:49:36
7b9c460a-580e-404a-b04b-56b29c2dcb76,2026-01-08,8,2026-01-15,EIN,2.6,2.935815,-0.07142857142857129,0.04850539139338905,0,model1,2026-06-15 06:49:36
7b9c460a-580e-404a-b04b-56b29c2dcb76,2026-01-08,9,2026-01-21,BTN,2.9,3.1417642,-0.033333333333333326,0.04725472132364916,0,model1,2026-06-15 06:49:36
7b9c460a-580e-404a-b04b-56b29c2dcb76,2026-01-08,10,2026-01-15,CTR,107.0,93.90021,0.1928651059085842,0.04682505595909969,1,model1,2026-06-15 06:49:36
7b9c460a-580e-404a-b04b-56b29c2dcb76,2026-01-09,1,2026-02-13,PXM,0.6,0.80638754,0.19999999999999996,0.6127750873565674,1,model1,2026-06-15 06:49:36
7b9c460a-580e-404a-b04b-56b29c2dcb76,2026-01-09,2,2026-02-13,FTM,0.6,0.9455697,-0.1428571428571428,0.3508138486317227,0,model1,2026-06-15 06:49:36
7b9c460a-580e-404a-b04b-56b29c2dcb76,2026-01-09,3,2026-02-13,G20,0.7,0.80638754,0.16666666666666674,0.34397923946380615,1,model1,2026-06-15 06:49:36
7b9c460a-580e-404a-b04b-56b29c2dcb76,2026-01-09,4,2026-02-13,MPT,0.6,0.80638754,0.0,0.34397923946380615,0,model1,2026-06-15 06:49:36
7b9c460a-580e-404a-b04b-56b29c2dcb76,2026-01-09,5,2026-02-13,PVH,0.7,0.9158153,0.0,0.3083075625555858,0,model1,2026-06-15 06:49:36
7b9c460a-580e-404a-b04b-56b29c2dcb76,2026-01-09,6,2026-01-16,LHC,111.0,142.68372,-0.022026431718061623,0.25712524951817173,0,model1,2026-06-15 06:49:36
7b9c460a-580e-404a-b04b-56b29c2dcb76,2026-01-09,7,2026-02-13,JOS,1.0,1.0829942,0.11111111111111116,0.20332691404554581,1,model1,2026-06-15 06:49:36
7b9c460a-580e-404a-b04b-56b29c2dcb76,2026-01-09,8,2026-02-13,VKC,0.8,1.0829942,-0.11111111111111105,0.20332691404554581,0,model1,2026-06-15 06:49:36
7b9c460a-580e-404a-b04b-56b29c2dcb76,2026-01-09,9,2026-02-27,STT,1.1,1.1641743,0.10000000000000009,0.16417431831359863,1,model1,2026-06-15 06:49:36
7b9c460a-580e-404a-b04b-56b29c2dcb76,2026-01-09,10,2026-01-16,GEE,128.9,134.02681,0.11708120287719903,0.16151148013157823,1,model1,2026-06-15 06:49:36
7b9c460a-580e-404a-b04b-56b29c2dcb76,2026-01-12,1,2026-01-19,LHC,111.5,142.64911,-0.01848591549295775,0.25571398667886225,0,model1,2026-06-15 06:49:36
7b9c460a-580e-404a-b04b-56b29c2dcb76,2026-01-12,2,2026-01-19,VEF,124.3,138.72095,-0.017391304347826098,0.09660827877964429,0,model1,2026-06-15 06:49:36
7b9c460a-580e-404a-b04b-56b29c2dcb76,2026-01-12,3,2026-01-19,HHG,1.3,1.4177434,0.0,0.09057188034057617,0,model1,2026-06-15 06:49:36
7b9c460a-580e-404a-b04b-56b29c2dcb76,2026-01-12,4,2026-01-19,GEE,128.9,126.24935,0.09302128381243113,0.07054482745242807,1,model1,2026-06-15 06:49:36
7b9c460a-580e-404a-b04b-56b29c2dcb76,2026-01-12,5,2026-01-19,PV2,2.6,2.7561915,0.0,0.06007365080026483,0,model1,2026-06-15 06:49:36
7b9c460a-580e-404a-b04b-56b29c2dcb76,2026-01-12,6,2026-01-19,MCG,2.4,2.4152215,0.04347826086956519,0.05009628378826636,1,model1,2026-06-15 06:49:36
7b9c460a-580e-404a-b04b-56b29c2dcb76,2026-01-12,7,2026-01-19,GPC,2.2,2.406627,-0.04347826086956508,0.04635953903198242,0,model1,2026-06-15 06:49:36
7b9c460a-580e-404a-b04b-56b29c2dcb76,2026-01-12,8,2026-01-19,EIN,2.7,2.8239698,0.0,0.04591475592719174,0,model1,2026-06-15 06:49:36
7b9c460a-580e-404a-b04b-56b29c2dcb76,2026-01-12,9,2026-01-19,VHM,125.0,136.17224,-0.03993855606758823,0.04586974816388256,0,model1,2026-06-15 06:49:36
7b9c460a-580e-404a-b04b-56b29c2dcb76,2026-01-12,10,2026-01-19,DRH,2.13,2.236177,-0.004672897196261738,0.04494250823404178,0,model1,2026-06-15 06:49:36
7b9c460a-580e-404a-b04b-56b29c2dcb76,2026-01-13,1,2026-01-20,LHC,111.5,143.80013,-0.004464285714285698,0.2839296885899134,0,model1,2026-06-15 06:49:36
7b9c460a-580e-404a-b04b-56b29c2dcb76,2026-01-13,2,2026-01-20,VEF,122.7,139.31209,-0.0315706393054459,0.09954292038433543,0,model1,2026-06-15 06:49:36
7b9c460a-580e-404a-b04b-56b29c2dcb76,2026-01-13,3,2026-01-20,HHG,1.2,1.4177434,-0.07692307692307698,0.09057188034057617,0,model1,2026-06-15 06:49:36
7b9c460a-580e-404a-b04b-56b29c2dcb76,2026-01-13,4,2026-01-20,EIN,2.7,2.7621012,0.03846153846153855,0.06234660515418411,1,model1,2026-06-15 06:49:36
7b9c460a-580e-404a-b04b-56b29c2dcb76,2026-01-13,5,2026-01-20,PV2,2.7,2.7561915,0.03846153846153855,0.06007365080026483,1,model1,2026-06-15 06:49:36
7b9c460a-580e-404a-b04b-56b29c2dcb76,2026-01-13,6,2026-01-20,VHM,123.0,141.5384,-0.08208955223880599,0.05625676397067392,0,model1,2026-06-15 06:49:36
7b9c460a-580e-404a-b04b-56b29c2dcb76,2026-01-13,7,2026-01-20,DTI,2.2,2.4292433,-0.04347826086956508,0.05619275051614525,0,model1,2026-06-15 06:49:36
7b9c460a-580e-404a-b04b-56b29c2dcb76,2026-01-13,8,2026-01-20,MCG,2.4,2.4292433,0.04347826086956519,0.05619275051614525,1,model1,2026-06-15 06:49:36
7b9c460a-580e-404a-b04b-56b29c2dcb76,2026-01-13,9,2026-01-20,VMG,2.8,2.9447548,0.0,0.051698156765529246,0,model1,2026-06-15 06:49:36
7b9c460a-580e-404a-b04b-56b29c2dcb76,2026-01-13,10,2026-01-20,GPC,2.2,2.406627,-0.04347826086956508,0.04635953903198242,0,model1,2026-06-15 06:49:36
7b9c460a-580e-404a-b04b-56b29c2dcb76,2026-01-14,1,2026-01-21,LHC,111.0,142.64911,-0.016829052258635957,0.2634996358433901,0,model1,2026-06-15 06:49:36
7b9c460a-580e-404a-b04b-56b29c2dcb76,2026-01-14,2,2026-01-21,GEE,113.31,145.89264,-0.03688907777305572,0.24005643145054179,0,model1,2026-06-15 06:49:36
7b9c460a-580e-404a-b04b-56b29c2dcb76,2026-01-14,3,2026-01-21,HHG,1.2,1.3679011,0.0,0.13991757233937596,0,model1,2026-06-15 06:49:36
7b9c460a-580e-404a-b04b-56b29c2dcb76,2026-01-14,4,2026-01-21,VEF,116.0,138.9348,-0.08661417322834641,0.09397479680579468,0,model1,2026-06-15 06:49:36
7b9c460a-580e-404a-b04b-56b29c2dcb76,2026-01-14,5,2026-01-21,VHM,122.9,136.96815,-0.0269200316706254,0.084466784696964,0,model1,2026-06-15 06:49:36
7b9c460a-580e-404a-b04b-56b29c2dcb76,2026-01-14,6,2026-01-21,DRH,2.26,2.2449589,0.07109004739336489,0.06396155334761922,1,model1,2026-06-15 06:49:36
7b9c460a-580e-404a-b04b-56b29c2dcb76,2026-01-14,7,2026-01-21,EIN,2.6,2.7621012,0.0,0.06234660515418411,0,model1,2026-06-15 06:49:36
7b9c460a-580e-404a-b04b-56b29c2dcb76,2026-01-14,8,2026-01-21,GPC,2.2,2.3302803,0.0,0.059218319979580825,0,model1,2026-06-15 06:49:36
7b9c460a-580e-404a-b04b-56b29c2dcb76,2026-01-14,9,2026-01-21,MCG,2.4,2.4292433,0.04347826086956519,0.05619275051614525,1,model1,2026-06-15 06:49:36
7b9c460a-580e-404a-b04b-56b29c2dcb76,2026-01-14,10,2026-01-21,VTA,2.3,2.5185058,-0.04166666666666674,0.04937742153803515,0,model1,2026-06-15 06:49:36
7b9c460a-580e-404a-b04b-56b29c2dcb76,2026-01-15,1,2026-01-22,LHC,110.9,141.01852,-0.015971606033717833,0.2512735063879492,0,model1,2026-06-15 06:49:36
7b9c460a-580e-404a-b04b-56b29c2dcb76,2026-01-15,2,2026-01-22,GEE,114.83,153.56932,-0.08763705704751312,0.22015986555467126,0,model1,2026-06-15 06:49:36
7b9c460a-580e-404a-b04b-56b29c2dcb76,2026-01-15,3,2026-01-22,VHM,120.5,137.51308,0.004166666666666652,0.14594230651855478,1,model1,2026-06-15 06:49:36
7b9c460a-580e-404a-b04b-56b29c2dcb76,2026-01-15,4,2026-01-22,VEF,114.5,142.1859,-0.08179631114675223,0.1402237195440934,0,model1,2026-06-15 06:49:36
7b9c460a-580e-404a-b04b-56b29c2dcb76,2026-01-15,5,2026-01-22,HHG,1.2,1.3679011,0.0,0.13991757233937596,0,model1,2026-06-15 06:49:36
7b9c460a-580e-404a-b04b-56b29c2dcb76,2026-01-15,6,2026-01-22,EIN,2.7,2.7561915,0.03846153846153855,0.06007365080026483,1,model1,2026-06-15 06:49:36
7b9c460a-580e-404a-b04b-56b29c2dcb76,2026-01-15,7,2026-01-22,DAS,10.9,10.584741,0.09000000000000008,0.058474063873291016,1,model1,2026-06-15 06:49:36
7b9c460a-580e-404a-b04b-56b29c2dcb76,2026-01-15,8,2026-01-22,VTA,2.3,2.4337409,0.0,0.05814819750578515,0,model1,2026-06-15 06:49:36
7b9c460a-580e-404a-b04b-56b29c2dcb76,2026-01-15,9,2026-01-22,MCG,2.4,2.4292433,0.04347826086956519,0.05619275051614525,1,model1,2026-06-15 06:49:36
7b9c460a-580e-404a-b04b-56b29c2dcb76,2026-01-15,10,2026-01-22,PV2,2.5,2.7409124,-0.03846153846153855,0.0541970913226788,0,model1,2026-06-15 06:49:36
7b9c460a-580e-404a-b04b-56b29c2dcb76,2026-01-16,1,2026-02-27,PXM,0.5,0.84747934,-0.16666666666666663,0.41246557235717773,0,model1,2026-06-15 06:49:36
7b9c460a-580e-404a-b04b-56b29c2dcb76,2026-01-16,2,2026-02-27,FTM,0.6,0.8186215,0.0,0.36436919371287035,0,model1,2026-06-15 06:49:36
7b9c460a-580e-404a-b04b-56b29c2dcb76,2026-01-16,3,2026-02-27,ACM,0.7,0.80638754,0.16666666666666674,0.34397923946380615,1,model1,2026-06-15 06:49:36
7b9c460a-580e-404a-b04b-56b29c2dcb76,2026-01-16,4,2026-02-27,G20,0.6,0.80638754,0.0,0.34397923946380615,0,model1,2026-06-15 06:49:36
7b9c460a-580e-404a-b04b-56b29c2dcb76,2026-01-16,5,2026-02-27,MPT,0.6,0.80638754,0.0,0.34397923946380615,0,model1,2026-06-15 06:49:36
7b9c460a-580e-404a-b04b-56b29c2dcb76,2026-01-16,6,2026-02-27,VKC,0.8,1.0278718,0.0,0.28483980894088745,0,model1,2026-06-15 06:49:36
7b9c460a-580e-404a-b04b-56b29c2dcb76,2026-01-16,7,2026-02-27,PXI,1.1,1.2989839,0.0,0.18089448321949342,0,model1,2026-06-15 06:49:36
7b9c460a-580e-404a-b04b-56b29c2dcb76,2026-01-16,8,2026-01-23,LHC,112.2,130.28949,0.010810810810810922,0.17377918690174554,1,model1,2026-06-15 06:49:36
7b9c460a-580e-404a-b04b-56b29c2dcb76,2026-01-16,9,2026-01-23,GEE,114.27,151.06981,-0.11349883630721491,0.17199231155904515,0,model1,2026-06-15 06:49:36
7b9c460a-580e-404a-b04b-56b29c2dcb76,2026-01-16,10,2026-01-23,HHG,1.2,1.3679011,0.0,0.13991757233937596,0,model1,2026-06-15 06:49:36
7b9c460a-580e-404a-b04b-56b29c2dcb76,2026-01-19,1,2026-01-26,LHC,109.0,140.57224,-0.022421524663677084,0.2607375345957119,0,model1,2026-06-15 06:49:36
7b9c460a-580e-404a-b04b-56b29c2dcb76,2026-01-19,2,2026-01-26,GEE,107.51,145.282,-0.1659425911559348,0.12709075004394155,0,model1,2026-06-15 06:49:36
7b9c460a-580e-404a-b04b-56b29c2dcb76,2026-01-19,3,2026-01-26,VEF,114.7,137.252,-0.07723250201126308,0.10419950845830406,0,model1,2026-06-15 06:49:36
7b9c460a-580e-404a-b04b-56b29c2dcb76,2026-01-19,4,2026-01-26,VHM,118.9,136.0486,-0.048799999999999955,0.08838879394531252,0,model1,2026-06-15 06:49:36
7b9c460a-580e-404a-b04b-56b29c2dcb76,2026-01-19,5,2026-01-26,HHG,1.2,1.4128729,-0.07692307692307698,0.08682531576890207,0,model1,2026-06-15 06:49:36
7b9c460a-580e-404a-b04b-56b29c2dcb76,2026-01-19,6,2026-01-27,NTF,10.4,10.723216,0.040000000000000036,0.072321605682373,1,model1,2026-06-15 06:49:36
7b9c460a-580e-404a-b04b-56b29c2dcb76,2026-01-19,7,2026-01-26,GPC,2.1,2.3302803,-0.045454545454545525,0.059218319979580825,0,model1,2026-06-15 06:49:36
7b9c460a-580e-404a-b04b-56b29c2dcb76,2026-01-19,8,2026-01-26,DTI,2.2,2.4292433,-0.04347826086956508,0.05619275051614525,0,model1,2026-06-15 06:49:36
7b9c460a-580e-404a-b04b-56b29c2dcb76,2026-01-19,9,2026-01-26,PV2,2.6,2.7409124,0.0,0.0541970913226788,0,model1,2026-06-15 06:49:36
7b9c460a-580e-404a-b04b-56b29c2dcb76,2026-01-19,10,2026-01-26,DRH,2.15,2.2449589,0.009389671361502261,0.053971304020411504,1,model1,2026-06-15 06:49:36
7b9c460a-580e-404a-b04b-56b29c2dcb76,2026-01-20,1,2026-01-27,VHM,110.6,154.27307,-0.10081300813008132,0.2542526121061992,0,model1,2026-06-15 06:49:36
7b9c460a-580e-404a-b04b-56b29c2dcb76,2026-01-20,2,2026-01-27,LHC,109.6,139.15118,-0.01704035874439469,0.247992682350056,0,model1,2026-06-15 06:49:36
7b9c460a-580e-404a-b04b-56b29c2dcb76,2026-01-20,3,2026-01-27,GEE,109.82,139.7246,-0.09680072374372906,0.1491454405478323,0,model1,2026-06-15 06:49:36
7b9c460a-580e-404a-b04b-56b29c2dcb76,2026-01-20,4,2026-01-27,HHG,1.1,1.3679011,-0.08333333333333326,0.13991757233937596,0,model1,2026-06-15 06:49:36
7b9c460a-580e-404a-b04b-56b29c2dcb76,2026-01-20,5,2026-01-27,VEF,112.0,136.75717,-0.08720456397718013,0.11456537596462413,0,model1,2026-06-15 06:49:36
7b9c460a-580e-404a-b04b-56b29c2dcb76,2026-01-20,6,2026-01-27,DTI,2.3,2.3418005,0.04545454545454519,0.06445475058122097,1,model1,2026-06-15 06:49:36
7b9c460a-580e-404a-b04b-56b29c2dcb76,2026-01-20,7,2026-01-28,VMG,2.8,2.9506993,0.0,0.05382118906293609,0,model1,2026-06-15 06:49:36
7b9c460a-580e-404a-b04b-56b29c2dcb76,2026-01-20,8,2026-01-27,MCG,2.3,2.5185058,-0.04166666666666674,0.04937742153803515,0,model1,2026-06-15 06:49:36
7b9c460a-580e-404a-b04b-56b29c2dcb76,2026-01-20,9,2026-01-27,GPC,2.2,2.2989383,0.0,0.04497194290161133,0,model1,2026-06-15 06:49:36
7b9c460a-580e-404a-b04b-56b29c2dcb76,2026-01-20,10,2026-01-27,KMR,2.92,3.0504074,0.0,0.04466007180409881,0,model1,2026-06-15 06:49:36
7b9c460a-580e-404a-b04b-56b29c2dcb76,2026-01-21,1,2026-01-28,VEF,111.9,145.41216,-0.03534482758620683,0.253553061649717,0,model1,2026-06-15 06:49:36
7b9c460a-580e-404a-b04b-56b29c2dcb76,2026-01-21,2,2026-01-28,GEE,103.86,132.19878,-0.08339952343129475,0.16669999333789765,0,model1,2026-06-15 06:49:36
7b9c460a-580e-404a-b04b-56b29c2dcb76,2026-01-21,3,2026-01-28,VHM,104.3,141.5429,-0.15134255492270143,0.15169155781981036,0,model1,2026-06-15 06:49:36
7b9c460a-580e-404a-b04b-56b29c2dcb76,2026-01-21,4,2026-01-28,HHG,1.1,1.3679011,-0.08333333333333326,0.13991757233937596,0,model1,2026-06-15 06:49:36
7b9c460a-580e-404a-b04b-56b29c2dcb76,2026-01-21,5,2026-01-28,LHC,105.5,122.5009,-0.0495495495495496,0.10361171413112324,0,model1,2026-06-15 06:49:36
7b9c460a-580e-404a-b04b-56b29c2dcb76,2026-01-21,6,2026-01-28,EIN,2.6,2.7561915,0.0,0.06007365080026483,0,model1,2026-06-15 06:49:36
7b9c460a-580e-404a-b04b-56b29c2dcb76,2026-01-21,7,2026-01-28,GPC,2.1,2.3302803,-0.045454545454545525,0.059218319979580825,0,model1,2026-06-15 06:49:36
7b9c460a-580e-404a-b04b-56b29c2dcb76,2026-01-21,8,2026-01-28,VTA,2.3,2.4337409,0.0,0.05814819750578515,0,model1,2026-06-15 06:49:36
7b9c460a-580e-404a-b04b-56b29c2dcb76,2026-01-21,9,2026-01-28,PV2,2.5,2.7409124,-0.03846153846153855,0.0541970913226788,0,model1,2026-06-15 06:49:36
7b9c460a-580e-404a-b04b-56b29c2dcb76,2026-01-21,10,2026-01-28,DTI,2.2,2.4206488,-0.04347826086956508,0.05245600575986131,0,model1,2026-06-15 06:49:36
7b9c460a-580e-404a-b04b-56b29c2dcb76,2026-01-22,1,2026-01-29,VEF,113.8,145.41216,-0.006113537117903967,0.26997515416041207,0,model1,2026-06-15 06:49:36
7b9c460a-580e-404a-b04b-56b29c2dcb76,2026-01-22,2,2026-01-29,VHM,107.0,140.77472,-0.11203319502074693,0.16825493143801862,0,model1,2026-06-15 06:49:36
7b9c460a-580e-404a-b04b-56b29c2dcb76,2026-01-22,3,2026-01-29,GEE,104.7,131.58662,-0.08821736480013931,0.14592549112172626,0,model1,2026-06-15 06:49:36
7b9c460a-580e-404a-b04b-56b29c2dcb76,2026-01-22,4,2026-01-29,HHG,1.2,1.3679011,0.0,0.13991757233937596,0,model1,2026-06-15 06:49:36
7b9c460a-580e-404a-b04b-56b29c2dcb76,2026-01-22,5,2026-01-29,LHC,104.0,122.49675,-0.062218214607754785,0.10456943081992498,0,model1,2026-06-15 06:49:36
7b9c460a-580e-404a-b04b-56b29c2dcb76,2026-01-22,6,2026-01-29,GPC,2.1,2.3302803,-0.045454545454545525,0.059218319979580825,0,model1,2026-06-15 06:49:36
7b9c460a-580e-404a-b04b-56b29c2dcb76,2026-01-22,7,2026-01-29,VTA,2.3,2.4337409,0.0,0.05814819750578515,0,model1,2026-06-15 06:49:36
7b9c460a-580e-404a-b04b-56b29c2dcb76,2026-01-22,8,2026-01-29,PV2,2.5,2.639368,0.0,0.05574722290039058,0,model1,2026-06-15 06:49:36
7b9c460a-580e-404a-b04b-56b29c2dcb76,2026-01-22,9,2026-01-29,DRH,2.49,2.4037013,0.09210526315789491,0.05425495850412476,1,model1,2026-06-15 06:49:36
7b9c460a-580e-404a-b04b-56b29c2dcb76,2026-01-22,10,2026-01-29,MCG,2.4,2.5185058,0.0,0.04937742153803515,0,model1,2026-06-15 06:49:36
7b9c460a-580e-404a-b04b-56b29c2dcb76,2026-01-23,1,2026-03-06,G20,0.6,0.87040824,0.0,0.4506803949673972,0,model1,2026-06-15 06:49:36
7b9c460a-580e-404a-b04b-56b29c2dcb76,2026-01-23,2,2026-03-06,PXM,0.6,0.81251496,0.0,0.3541916012763977,0,model1,2026-06-15 06:49:36
7b9c460a-580e-404a-b04b-56b29c2dcb76,2026-01-23,3,2026-03-06,FTM,0.6,0.8124941,0.0,0.3541568319002788,0,model1,2026-06-15 06:49:36
7b9c460a-580e-404a-b04b-56b29c2dcb76,2026-01-23,4,2026-03-06,ACM,0.7,0.80638754,0.16666666666666674,0.34397923946380615,1,model1,2026-06-15 06:49:36
7b9c460a-580e-404a-b04b-56b29c2dcb76,2026-01-23,5,2026-01-30,VEF,113.2,145.8162,-0.007017543859649145,0.27908940900836066,0,model1,2026-06-15 06:49:36
7b9c460a-580e-404a-b04b-56b29c2dcb76,2026-01-23,6,2026-03-06,VKC,0.8,1.0059314,0.0,0.25741422176361084,0,model1,2026-06-15 06:49:36
7b9c460a-580e-404a-b04b-56b29c2dcb76,2026-01-23,7,2026-01-30,LHC,104.8,137.5593,-0.06595365418894839,0.2260186778457831,0,model1,2026-06-15 06:49:36
7b9c460a-580e-404a-b04b-56b29c2dcb76,2026-01-23,8,2026-03-06,PXI,1.1,1.2989839,0.0,0.18089448321949342,0,model1,2026-06-15 06:49:36
7b9c460a-580e-404a-b04b-56b29c2dcb76,2026-01-23,9,2026-01-30,VHM,106.0,141.41824,-0.13469387755102036,0.15443464006696428,0,model1,2026-06-15 06:49:36
7b9c460a-580e-404a-b04b-56b29c2dcb76,2026-01-23,10,2026-03-06,PXA,0.8,1.152747,-0.19999999999999996,0.1527470350265503,0,model1,2026-06-15 06:49:36
7b9c460a-580e-404a-b04b-56b29c2dcb76,2026-01-26,1,2026-02-02,VEF,112.0,146.23558,-0.023539668700959027,0.27493967257485563,0,model1,2026-06-15 06:49:36
7b9c460a-580e-404a-b04b-56b29c2dcb76,2026-01-26,2,2026-02-02,HHG,1.2,1.3679011,0.0,0.13991757233937596,0,model1,2026-06-15 06:49:36
7b9c460a-580e-404a-b04b-56b29c2dcb76,2026-01-26,3,2026-02-02,VHM,98.6,134.5237,-0.1707317073170732,0.13140199242568595,0,model1,2026-06-15 06:49:36
7b9c460a-580e-404a-b04b-56b29c2dcb76,2026-01-26,4,2026-02-02,GPC,2.3,2.2449589,0.09523809523809512,0.06902803693498871,1,model1,2026-06-15 06:49:36
7b9c460a-580e-404a-b04b-56b29c2dcb76,2026-01-26,5,2026-02-02,DTI,2.3,2.333206,0.04545454545454519,0.060548153790560555,1,model1,2026-06-15 06:49:36
7b9c460a-580e-404a-b04b-56b29c2dcb76,2026-01-26,6,2026-02-02,MCG,2.6,2.4337409,0.1304347826086958,0.05814819750578515,1,model1,2026-06-15 06:49:36
7b9c460a-580e-404a-b04b-56b29c2dcb76,2026-01-26,7,2026-02-02,VTA,2.3,2.5185058,-0.04166666666666674,0.04937742153803515,0,model1,2026-06-15 06:49:36
7b9c460a-580e-404a-b04b-56b29c2dcb76,2026-01-26,8,2026-02-02,GEE,96.2,112.76604,-0.10519951632406288,0.04888881952659929,0,model1,2026-06-15 06:49:36
7b9c460a-580e-404a-b04b-56b29c2dcb76,2026-01-26,9,2026-02-02,VMG,2.8,2.935815,0.0,0.04850539139338905,0,model1,2026-06-15 06:49:36
7b9c460a-580e-404a-b04b-56b29c2dcb76,2026-01-26,10,2026-02-02,KSQ,2.4,2.301864,0.09090909090909083,0.046301776712590836,1,model1,2026-06-15 06:49:36
7b9c460a-580e-404a-b04b-56b29c2dcb76,2026-01-27,1,2026-02-03,VEF,113.2,144.42818,0.010714285714285676,0.28953729357038216,1,model1,2026-06-15 06:49:36
7b9c460a-580e-404a-b04b-56b29c2dcb76,2026-01-27,2,2026-02-03,VHM,97.3,132.07896,-0.120253164556962,0.1942040165768395,0,model1,2026-06-15 06:49:36
7b9c460a-580e-404a-b04b-56b29c2dcb76,2026-01-27,3,2026-02-03,HHG,1.2,1.3042626,0.09090909090909083,0.18569330735640088,1,model1,2026-06-15 06:49:36
7b9c460a-580e-404a-b04b-56b29c2dcb76,2026-01-27,4,2026-02-03,MCG,2.4,2.4337409,0.04347826086956519,0.05814819750578515,1,model1,2026-06-15 06:49:36
7b9c460a-580e-404a-b04b-56b29c2dcb76,2026-01-27,5,2026-02-03,PV2,2.5,2.639368,0.0,0.05574722290039058,0,model1,2026-06-15 06:49:36
7b9c460a-580e-404a-b04b-56b29c2dcb76,2026-01-27,6,2026-02-03,TRC,78.6,87.106384,-0.04957678355501827,0.05328155111661115,0,model1,2026-06-15 06:49:36
7b9c460a-580e-404a-b04b-56b29c2dcb76,2026-01-27,7,2026-02-03,DTI,2.3,2.406627,0.0,0.04635953903198242,0,model1,2026-06-15 06:49:36
7b9c460a-580e-404a-b04b-56b29c2dcb76,2026-01-27,8,2026-02-03,GPC,2.3,2.2989383,0.04545454545454519,0.04497194290161133,1,model1,2026-06-15 06:49:36
7b9c460a-580e-404a-b04b-56b29c2dcb76,2026-01-27,9,2026-02-03,KSQ,2.3,2.2989383,0.04545454545454519,0.04497194290161133,1,model1,2026-06-15 06:49:36
7b9c460a-580e-404a-b04b-56b29c2dcb76,2026-01-27,10,2026-02-04,EIN,2.7,2.8186088,0.0,0.04392917067916291,0,model1,2026-06-15 06:49:36
7b9c460a-580e-404a-b04b-56b29c2dcb76,2026-01-28,1,2026-02-04,VEF,111.6,134.36528,-0.002680965147453196,0.20076211037861635,0,model1,2026-06-15 06:49:36
7b9c460a-580e-404a-b04b-56b29c2dcb76,2026-01-28,2,2026-02-04,HHG,1.1,1.2891021,0.0,0.17191097953102785,0,model1,2026-06-15 06:49:36
7b9c460a-580e-404a-b04b-56b29c2dcb76,2026-01-28,3,2026-02-04,GPC,2.2,2.2449589,0.04761904761904767,0.06902803693498871,1,model1,2026-06-15 06:49:36
7b9c460a-580e-404a-b04b-56b29c2dcb76,2026-01-28,4,2026-02-05,EIN,2.7,2.7621012,0.03846153846153855,0.06234660515418411,1,model1,2026-06-15 06:49:36
7b9c460a-580e-404a-b04b-56b29c2dcb76,2026-01-28,5,2026-02-05,DTI,2.3,2.3302803,0.04545454545454519,0.059218319979580825,1,model1,2026-06-15 06:49:36
7b9c460a-580e-404a-b04b-56b29c2dcb76,2026-01-28,6,2026-02-04,VTA,2.4,2.4337409,0.04347826086956519,0.05814819750578515,1,model1,2026-06-15 06:49:36
7b9c460a-580e-404a-b04b-56b29c2dcb76,2026-01-28,7,2026-02-04,PV2,2.6,2.639368,0.040000000000000036,0.05574722290039058,1,model1,2026-06-15 06:49:36
7b9c460a-580e-404a-b04b-56b29c2dcb76,2026-01-28,8,2026-02-04,MCG,2.5,2.4206488,0.0869565217391306,0.05245600575986131,1,model1,2026-06-15 06:49:36
7b9c460a-580e-404a-b04b-56b29c2dcb76,2026-01-28,9,2026-02-04,KSQ,2.4,2.2089057,0.1428571428571428,0.05185985565185547,1,model1,2026-06-15 06:49:36
7b9c460a-580e-404a-b04b-56b29c2dcb76,2026-01-28,10,2026-02-04,VMG,2.9,2.935815,0.03571428571428581,0.04850539139338905,1,model1,2026-06-15 06:49:36
7b9c460a-580e-404a-b04b-56b29c2dcb76,2026-01-29,1,2026-02-05,VEF,112.3,131.68262,-0.013181019332161648,0.15714074857205618,0,model1,2026-06-15 06:49:36
7b9c460a-580e-404a-b04b-56b29c2dcb76,2026-01-29,2,2026-02-05,HHG,1.1,1.3130225,-0.08333333333333326,0.09418541193008423,0,model1,2026-06-15 06:49:36
7b9c460a-580e-404a-b04b-56b29c2dcb76,2026-01-29,3,2026-02-05,GPC,2.2,2.2449589,0.04761904761904767,0.06902803693498871,1,model1,2026-06-15 06:49:36
7b9c460a-580e-404a-b04b-56b29c2dcb76,2026-01-29,4,2026-02-05,VTA,2.3,2.4337409,0.0,0.05814819750578515,0,model1,2026-06-15 06:49:36
7b9c460a-580e-404a-b04b-56b29c2dcb76,2026-01-29,5,2026-02-05,PV2,2.6,2.639368,0.040000000000000036,0.05574722290039058,1,model1,2026-06-15 06:49:36
7b9c460a-580e-404a-b04b-56b29c2dcb76,2026-01-29,6,2026-02-05,VHM,97.6,112.74294,-0.08785046728971968,0.05367236271082798,0,model1,2026-06-15 06:49:36
7b9c460a-580e-404a-b04b-56b29c2dcb76,2026-01-29,7,2026-02-06,DTI,2.2,2.4206488,-0.04347826086956508,0.05245600575986131,0,model1,2026-06-15 06:49:36
7b9c460a-580e-404a-b04b-56b29c2dcb76,2026-01-29,8,2026-02-05,TTF,3.0,3.1186426,0.0,0.039547522862752205,0,model1,2026-06-15 06:49:36
7b9c460a-580e-404a-b04b-56b29c2dcb76,2026-01-29,9,2026-02-05,KMR,2.9,3.044463,-0.010238907849829393,0.039065842742399104,0,model1,2026-06-15 06:49:36
7b9c460a-580e-404a-b04b-56b29c2dcb76,2026-01-29,10,2026-02-05,PTL,2.76,2.8239698,0.01098901098901095,0.034421187180739166,1,model1,2026-06-15 06:49:36
7b9c460a-580e-404a-b04b-56b29c2dcb76,2026-01-30,1,2026-03-13,PXM,0.5,0.80638754,0.0,0.6127750873565674,0,model1,2026-06-15 06:49:36
7b9c460a-580e-404a-b04b-56b29c2dcb76,2026-01-30,2,2026-03-13,FTM,0.6,0.8597133,0.0,0.43285552660624194,0,model1,2026-06-15 06:49:36
7b9c460a-580e-404a-b04b-56b29c2dcb76,2026-01-30,3,2026-03-13,G20,0.7,0.81251496,0.16666666666666674,0.3541916012763977,1,model1,2026-06-15 06:49:36
7b9c460a-580e-404a-b04b-56b29c2dcb76,2026-01-30,4,2026-03-13,ACM,0.7,0.80638754,0.16666666666666674,0.34397923946380615,1,model1,2026-06-15 06:49:36
7b9c460a-580e-404a-b04b-56b29c2dcb76,2026-01-30,5,2026-03-13,MPT,0.6,0.80638754,0.0,0.34397923946380615,0,model1,2026-06-15 06:49:36
7b9c460a-580e-404a-b04b-56b29c2dcb76,2026-01-30,6,2026-03-13,PVH,0.6,0.9326168,-0.1428571428571428,0.33230967181069526,0,model1,2026-06-15 06:49:36
7b9c460a-580e-404a-b04b-56b29c2dcb76,2026-01-30,7,2026-03-13,VKC,0.8,1.0124317,0.0,0.26553967595100403,0,model1,2026-06-15 06:49:36
7b9c460a-580e-404a-b04b-56b29c2dcb76,2026-01-30,8,2026-02-06,VEF,110.0,139.2086,-0.028268551236749095,0.22975797619499505,0,model1,2026-06-15 06:49:36
7b9c460a-580e-404a-b04b-56b29c2dcb76,2026-01-30,9,2026-03-13,PXA,0.8,1.1641743,-0.19999999999999996,0.16417431831359863,0,model1,2026-06-15 06:49:36
7b9c460a-580e-404a-b04b-56b29c2dcb76,2026-01-30,10,2026-03-13,JOS,1.1,1.1478881,0.10000000000000009,0.14788806438446045,1,model1,2026-06-15 06:49:36
7b9c460a-580e-404a-b04b-56b29c2dcb76,2026-02-02,1,2026-02-09,VEF,111.3,136.70988,-0.006249999999999978,0.22062397003173828,0,model1,2026-06-15 06:49:36
7b9c460a-580e-404a-b04b-56b29c2dcb76,2026-02-02,2,2026-02-09,HHG,1.2,1.3626224,0.0,0.13551865021387743,0,model1,2026-06-15 06:49:36
7b9c460a-580e-404a-b04b-56b29c2dcb76,2026-02-02,3,2026-02-09,GEE,88.04,102.79708,-0.08482328482328483,0.06857672550574168,0,model1,2026-06-15 06:49:36
7b9c460a-580e-404a-b04b-56b29c2dcb76,2026-02-02,4,2026-02-24,LG9,4.7,4.2699018,0.17500000000000004,0.06747543811798096,1,model1,2026-06-15 06:49:36
7b9c460a-580e-404a-b04b-56b29c2dcb76,2026-02-02,5,2026-02-09,VTA,2.3,2.4337409,0.0,0.05814819750578515,0,model1,2026-06-15 06:49:36
7b9c460a-580e-404a-b04b-56b29c2dcb76,2026-02-02,6,2026-02-09,PV2,2.6,2.6363335,0.040000000000000036,0.05453338623046866,1,model1,2026-06-15 06:49:36
7b9c460a-580e-404a-b04b-56b29c2dcb76,2026-02-02,7,2026-02-09,LHC,104.0,113.05642,-0.03075489282385835,0.05364789722794594,0,model1,2026-06-15 06:49:36
7b9c460a-580e-404a-b04b-56b29c2dcb76,2026-02-02,8,2026-02-09,MCG,2.5,2.7327414,-0.03846153846153855,0.05105436765230609,0,model1,2026-06-15 06:49:36
7b9c460a-580e-404a-b04b-56b29c2dcb76,2026-02-02,9,2026-02-09,EIN,2.6,2.7320192,0.0,0.05077661000765277,0,model1,2026-06-15 06:49:36
7b9c460a-580e-404a-b04b-56b29c2dcb76,2026-02-02,10,2026-02-09,GPC,2.2,2.4152215,-0.04347826086956508,0.05009628378826636,0,model1,2026-06-15 06:49:36
7b9c460a-580e-404a-b04b-56b29c2dcb76,2026-02-03,1,2026-02-10,VEF,111.0,136.70988,-0.019434628975265045,0.20768449331762096,0,model1,2026-06-15 06:49:36
7b9c460a-580e-404a-b04b-56b29c2dcb76,2026-02-03,2,2026-02-10,HHG,1.1,1.3527406,-0.08333333333333326,0.12728387117385864,0,model1,2026-06-15 06:49:36
7b9c460a-580e-404a-b04b-56b29c2dcb76,2026-02-03,3,2026-02-10,PV2,2.6,2.6363335,0.040000000000000036,0.05453338623046866,1,model1,2026-06-15 06:49:36
7b9c460a-580e-404a-b04b-56b29c2dcb76,2026-02-03,4,2026-02-12,DTI,2.2,2.4206488,-0.04347826086956508,0.05245600575986131,0,model1,2026-06-15 06:49:36
7b9c460a-580e-404a-b04b-56b29c2dcb76,2026-02-03,5,2026-02-10,GPC,2.2,2.4206488,-0.04347826086956508,0.05245600575986131,0,model1,2026-06-15 06:49:36
7b9c460a-580e-404a-b04b-56b29c2dcb76,2026-02-03,6,2026-02-10,EIN,2.6,2.7320192,0.0,0.05077661000765277,0,model1,2026-06-15 06:49:36
7b9c460a-580e-404a-b04b-56b29c2dcb76,2026-02-03,7,2026-02-10,KSQ,2.4,2.4152215,0.04347826086956519,0.05009628378826636,1,model1,2026-06-15 06:49:36
7b9c460a-580e-404a-b04b-56b29c2dcb76,2026-02-03,8,2026-02-10,VMG,2.9,2.935815,0.03571428571428581,0.04850539139338905,1,model1,2026-06-15 06:49:36
7b9c460a-580e-404a-b04b-56b29c2dcb76,2026-02-03,9,2026-02-10,VVS,96.6,89.78966,0.12195121951219523,0.04285316600201439,1,model1,2026-06-15 06:49:36
7b9c460a-580e-404a-b04b-56b29c2dcb76,2026-02-03,10,2026-02-10,KMR,2.88,2.9953158,0.0,0.04004020492235827,0,model1,2026-06-15 06:49:36
7b9c460a-580e-404a-b04b-56b29c2dcb76,2026-02-04,1,2026-02-11,VEF,113.7,136.29655,0.018817204301075252,0.22129529180492558,1,model1,2026-06-15 06:49:36
7b9c460a-580e-404a-b04b-56b29c2dcb76,2026-02-04,2,2026-02-12,HHG,1.2,1.2989839,0.09090909090909083,0.18089448321949342,1,model1,2026-06-15 06:49:36
7b9c460a-580e-404a-b04b-56b29c2dcb76,2026-02-04,3,2026-02-11,GPC,2.2,2.333206,0.0,0.060548153790560555,0,model1,2026-06-15 06:49:36
7b9c460a-580e-404a-b04b-56b29c2dcb76,2026-02-04,4,2026-02-11,VVS,103.3,90.6485,0.19976771196283405,0.05282808983921328,1,model1,2026-06-15 06:49:36
7b9c460a-580e-404a-b04b-56b29c2dcb76,2026-02-04,5,2026-02-11,PV2,2.6,2.735776,0.0,0.05222151829646182,0,model1,2026-06-15 06:49:36
7b9c460a-580e-404a-b04b-56b29c2dcb76,2026-02-04,6,2026-02-12,HTC,34.2,39.962864,-0.10471204188481675,0.04614827021254286,0,model1,2026-06-15 06:49:36
7b9c460a-580e-404a-b04b-56b29c2dcb76,2026-02-04,7,2026-02-11,EIN,2.7,2.812699,0.0,0.04174039981983313,0,model1,2026-06-15 06:49:36
7b9c460a-580e-404a-b04b-56b29c2dcb76,2026-02-04,8,2026-02-12,MCG,2.5,2.6024923,0.0,0.04099693298339835,0,model1,2026-06-15 06:49:36
7b9c460a-580e-404a-b04b-56b29c2dcb76,2026-02-04,9,2026-02-11,KMR,2.87,2.9953158,-0.00692041522491349,0.03644144988802478,0,model1,2026-06-15 06:49:36
7b9c460a-580e-404a-b04b-56b29c2dcb76,2026-02-04,10,2026-02-11,KSQ,2.3,2.4853046,-0.04166666666666674,0.03554358084996556,0,model1,2026-06-15 06:49:36
7b9c460a-580e-404a-b04b-56b29c2dcb76,2026-02-05,1,2026-02-12,VEF,113.6,136.29655,0.011576135351736294,0.2136825874036481,1,model1,2026-06-15 06:49:36
7b9c460a-580e-404a-b04b-56b29c2dcb76,2026-02-05,2,2026-02-13,HHG,1.0,1.2989839,-0.09090909090909094,0.18089448321949342,0,model1,2026-06-15 06:49:36
7b9c460a-580e-404a-b04b-56b29c2dcb76,2026-02-05,3,2026-02-12,GEE,92.88,105.00869,-0.05715155821744,0.06596984956218743,0,model1,2026-06-15 06:49:36
7b9c460a-580e-404a-b04b-56b29c2dcb76,2026-02-05,4,2026-02-12,GPC,2.2,2.3302803,0.0,0.059218319979580825,0,model1,2026-06-15 06:49:36
7b9c460a-580e-404a-b04b-56b29c2dcb76,2026-02-05,5,2026-02-12,PV2,2.6,2.751055,0.0,0.05809807777404785,0,model1,2026-06-15 06:49:36
7b9c460a-580e-404a-b04b-56b29c2dcb76,2026-02-05,6,2026-03-02,UPH,5.2,6.401696,-0.14754098360655732,0.04945839428510834,0,model1,2026-06-15 06:49:36
7b9c460a-580e-404a-b04b-56b29c2dcb76,2026-02-05,7,2026-02-13,DTI,2.2,2.4037013,-0.04347826086956508,0.04508752408234984,0,model1,2026-06-15 06:49:36
7b9c460a-580e-404a-b04b-56b29c2dcb76,2026-02-05,8,2026-02-12,EIN,2.7,2.812699,0.0,0.04174039981983313,0,model1,2026-06-15 06:49:36
7b9c460a-580e-404a-b04b-56b29c2dcb76,2026-02-05,9,2026-02-13,MCG,2.5,2.6024923,0.0,0.04099693298339835,0,model1,2026-06-15 06:49:36
7b9c460a-580e-404a-b04b-56b29c2dcb76,2026-02-05,10,2026-02-12,TTF,2.92,3.1186426,-0.026666666666666727,0.039547522862752205,0,model1,2026-06-15 06:49:36
7b9c460a-580e-404a-b04b-56b29c2dcb76,2026-02-06,1,2026-03-20,PVH,0.6,0.87040824,0.0,0.4506803949673972,0,model1,2026-06-15 06:49:36
7b9c460a-580e-404a-b04b-56b29c2dcb76,2026-02-06,2,2026-03-20,MPT,0.7,0.85360676,0.16666666666666674,0.4226779341697693,1,model1,2026-06-15 06:49:36
7b9c460a-580e-404a-b04b-56b29c2dcb76,2026-02-06,3,2026-03-20,G20,0.6,0.80638754,0.0,0.34397923946380615,0,model1,2026-06-15 06:49:36
7b9c460a-580e-404a-b04b-56b29c2dcb76,2026-02-06,4,2026-03-20,PXM,0.6,0.80638754,0.0,0.34397923946380615,0,model1,2026-06-15 06:49:36
7b9c460a-580e-404a-b04b-56b29c2dcb76,2026-02-06,5,2026-03-20,ACM,0.7,0.8747236,0.0,0.24960516180310943,0,model1,2026-06-15 06:49:36
7b9c460a-580e-404a-b04b-56b29c2dcb76,2026-02-06,6,2026-03-20,PXA,0.8,1.0829942,-0.11111111111111105,0.20332691404554581,0,model1,2026-06-15 06:49:36
7b9c460a-580e-404a-b04b-56b29c2dcb76,2026-02-06,7,2026-03-20,VKC,0.9,0.9623713,0.125,0.20296411216259003,1,model1,2026-06-15 06:49:36
7b9c460a-580e-404a-b04b-56b29c2dcb76,2026-02-06,8,2026-02-13,VEF,113.5,129.5927,0.031818181818181746,0.17811542857776996,1,model1,2026-06-15 06:49:36
7b9c460a-580e-404a-b04b-56b29c2dcb76,2026-02-06,9,2026-03-20,PXI,1.0,1.2778314,-0.09090909090909094,0.1616649410941382,0,model1,2026-06-15 06:49:36
7b9c460a-580e-404a-b04b-56b29c2dcb76,2026-02-06,10,2026-03-20,JOS,0.9,1.1478881,-0.09999999999999998,0.14788806438446045,0,model1,2026-06-15 06:49:36
7b9c460a-580e-404a-b04b-56b29c2dcb76,2026-02-09,1,2026-02-24,HHG,1.2,1.3626224,0.0,0.13551865021387743,0,model1,2026-06-15 06:49:36
7b9c460a-580e-404a-b04b-56b29c2dcb76,2026-02-09,2,2026-02-23,VHM,110.7,105.3622,0.16526315789473678,0.10907576711554268,1,model1,2026-06-15 06:49:36
7b9c460a-580e-404a-b04b-56b29c2dcb76,2026-02-09,3,2026-02-23,GPC,2.4,2.333206,0.09090909090909083,0.060548153790560555,1,model1,2026-06-15 06:49:36
7b9c460a-580e-404a-b04b-56b29c2dcb76,2026-02-09,4,2026-02-23,DLG,3.01,3.0733116,0.03082191780821919,0.05250396140634206,1,model1,2026-06-15 06:49:36
7b9c460a-580e-404a-b04b-56b29c2dcb76,2026-02-09,5,2026-02-23,GEE,104.98,92.5363,0.192412539754657,0.0510711115308915,1,model1,2026-06-15 06:49:36
7b9c460a-580e-404a-b04b-56b29c2dcb76,2026-02-09,6,2026-02-24,VMG,2.8,2.935815,0.0,0.04850539139338905,0,model1,2026-06-15 06:49:36
7b9c460a-580e-404a-b04b-56b29c2dcb76,2026-02-09,7,2026-02-23,VEF,113.7,116.43863,0.021563342318059453,0.046169174756429676,1,model1,2026-06-15 06:49:36
7b9c460a-580e-404a-b04b-56b29c2dcb76,2026-02-09,8,2026-02-23,EIN,2.7,2.7167401,0.03846153846153855,0.04490005053006674,1,model1,2026-06-15 06:49:36
7b9c460a-580e-404a-b04b-56b29c2dcb76,2026-02-09,9,2026-02-23,PV2,2.5,2.7116036,-0.03846153846153855,0.04292447750384998,0,model1,2026-06-15 06:49:36
7b9c460a-580e-404a-b04b-56b29c2dcb76,2026-02-09,10,2026-02-24,MCG,2.5,2.6024923,0.0,0.04099693298339835,0,model1,2026-06-15 06:49:36
7b9c460a-580e-404a-b04b-56b29c2dcb76,2026-02-10,1,2026-02-24,VEF,113.0,128.3701,0.018018018018018056,0.1564874047631617,1,model1,2026-06-15 06:49:36
7b9c460a-580e-404a-b04b-56b29c2dcb76,2026-02-10,2,2026-02-25,HHG,1.2,1.247995,0.09090909090909083,0.1345409263264048,1,model1,2026-06-15 06:49:36
7b9c460a-580e-404a-b04b-56b29c2dcb76,2026-02-10,3,2026-02-24,DTI,2.2,2.3302803,0.0,0.059218319979580825,0,model1,2026-06-15 06:49:36
7b9c460a-580e-404a-b04b-56b29c2dcb76,2026-02-10,4,2026-02-25,MCG,2.5,2.4337409,0.0869565217391306,0.05814819750578515,1,model1,2026-06-15 06:49:36
7b9c460a-580e-404a-b04b-56b29c2dcb76,2026-02-10,5,2026-02-24,KSQ,2.6,2.5185058,0.08333333333333348,0.04937742153803515,1,model1,2026-06-15 06:49:36
7b9c460a-580e-404a-b04b-56b29c2dcb76,2026-02-10,6,2026-02-24,VTA,2.3,2.406627,0.0,0.04635953903198242,0,model1,2026-06-15 06:49:36
7b9c460a-580e-404a-b04b-56b29c2dcb76,2026-02-10,7,2026-02-24,GPC,2.3,2.2989383,0.04545454545454519,0.04497194290161133,1,model1,2026-06-15 06:49:36
7b9c460a-580e-404a-b04b-56b29c2dcb76,2026-02-10,8,2026-02-24,EIN,2.5,2.7167401,-0.03846153846153855,0.04490005053006674,0,model1,2026-06-15 06:49:36
7b9c460a-580e-404a-b04b-56b29c2dcb76,2026-02-10,9,2026-02-24,DLG,2.94,2.841282,0.0808823529411764,0.044588930466595844,1,model1,2026-06-15 06:49:36
7b9c460a-580e-404a-b04b-56b29c2dcb76,2026-02-10,10,2026-02-24,PV2,2.6,2.7116036,0.0,0.04292447750384998,0,model1,2026-06-15 06:49:36
7b9c460a-580e-404a-b04b-56b29c2dcb76,2026-02-11,1,2026-02-25,VEF,112.5,139.58354,-0.01055408970976257,0.22764768575300964,0,model1,2026-06-15 06:49:36
7b9c460a-580e-404a-b04b-56b29c2dcb76,2026-02-11,2,2026-02-25,DTI,2.3,2.3302803,0.04545454545454519,0.059218319979580825,1,model1,2026-06-15 06:49:36
7b9c460a-580e-404a-b04b-56b29c2dcb76,2026-02-11,3,2026-02-25,KSQ,2.5,2.4337409,0.0869565217391306,0.05814819750578515,1,model1,2026-06-15 06:49:36
7b9c460a-580e-404a-b04b-56b29c2dcb76,2026-02-11,4,2026-02-25,GEE,94.9,98.981186,0.009574468085106425,0.05299133950091428,1,model1,2026-06-15 06:49:36
7b9c460a-580e-404a-b04b-56b29c2dcb76,2026-02-11,5,2026-02-25,GPC,2.3,2.2989383,0.04545454545454519,0.04497194290161133,1,model1,2026-06-15 06:49:36
7b9c460a-580e-404a-b04b-56b29c2dcb76,2026-02-11,6,2026-02-25,PV2,2.6,2.7116036,0.0,0.04292447750384998,0,model1,2026-06-15 06:49:36
7b9c460a-580e-404a-b04b-56b29c2dcb76,2026-02-11,7,2026-02-25,EIN,2.7,2.812699,0.0,0.04174039981983313,0,model1,2026-06-15 06:49:36
7b9c460a-580e-404a-b04b-56b29c2dcb76,2026-02-11,8,2026-02-25,DRH,3.08,2.7674623,0.1578947368421053,0.04039934344757756,1,model1,2026-06-15 06:49:36
7b9c460a-580e-404a-b04b-56b29c2dcb76,2026-02-11,9,2026-02-26,VMG,2.9,3.007661,0.0,0.03712451869043809,0,model1,2026-06-15 06:49:36
7b9c460a-580e-404a-b04b-56b29c2dcb76,2026-02-11,10,2026-02-25,ONE,9.0,8.793991,0.05882352941176472,0.034587186925551405,1,model1,2026-06-15 06:49:36
7b9c460a-580e-404a-b04b-56b29c2dcb76,2026-02-12,1,2026-02-26,VEF,112.1,138.35468,-0.01320422535211263,0.2179108740578235,0,model1,2026-06-15 06:49:36
7b9c460a-580e-404a-b04b-56b29c2dcb76,2026-02-12,2,2026-02-26,HHG,1.1,1.3626224,-0.08333333333333326,0.13551865021387743,0,model1,2026-06-15 06:49:36
7b9c460a-580e-404a-b04b-56b29c2dcb76,2026-02-12,3,2026-02-26,GEE,101.55,99.15175,0.09334625322997425,0.06752528700717675,1,model1,2026-06-15 06:49:36
7b9c460a-580e-404a-b04b-56b29c2dcb76,2026-02-12,4,2026-02-26,DTI,2.2,2.3302803,0.0,0.059218319979580825,0,model1,2026-06-15 06:49:36
7b9c460a-580e-404a-b04b-56b29c2dcb76,2026-02-12,5,2026-02-26,GPC,2.2,2.3302803,0.0,0.059218319979580825,0,model1,2026-06-15 06:49:36
7b9c460a-580e-404a-b04b-56b29c2dcb76,2026-02-12,6,2026-02-26,KSQ,2.5,2.4337409,0.0869565217391306,0.05814819750578515,1,model1,2026-06-15 06:49:36
7b9c460a-580e-404a-b04b-56b29c2dcb76,2026-02-12,7,2026-02-27,VMG,2.7,2.935815,-0.03571428571428559,0.04850539139338905,0,model1,2026-06-15 06:49:36
7b9c460a-580e-404a-b04b-56b29c2dcb76,2026-02-12,8,2026-02-26,TTF,3.08,3.0504074,0.0547945205479452,0.04466007180409881,1,model1,2026-06-15 06:49:36
7b9c460a-580e-404a-b04b-56b29c2dcb76,2026-02-12,9,2026-02-26,PTL,2.78,2.9224887,-0.0071428571428571175,0.04374596050807411,0,model1,2026-06-15 06:49:36
7b9c460a-580e-404a-b04b-56b29c2dcb76,2026-02-12,10,2026-02-26,PV2,2.5,2.7116036,-0.03846153846153855,0.04292447750384998,0,model1,2026-06-15 06:49:36
7b9c460a-580e-404a-b04b-56b29c2dcb76,2026-02-13,1,2026-03-27,FTM,0.6,0.85360676,0.0,0.4226779341697693,0,model1,2026-06-15 06:49:36
7b9c460a-580e-404a-b04b-56b29c2dcb76,2026-02-13,2,2026-03-27,MPT,0.6,0.85360676,0.0,0.4226779341697693,0,model1,2026-06-15 06:49:36
7b9c460a-580e-404a-b04b-56b29c2dcb76,2026-02-13,3,2026-03-27,PXM,0.6,0.84747934,0.0,0.41246557235717773,0,model1,2026-06-15 06:49:36
7b9c460a-580e-404a-b04b-56b29c2dcb76,2026-02-13,4,2026-03-27,ACM,0.6,0.9326168,-0.1428571428571428,0.33230967181069526,0,model1,2026-06-15 06:49:36
7b9c460a-580e-404a-b04b-56b29c2dcb76,2026-02-13,5,2026-03-27,G20,0.6,0.9326168,-0.1428571428571428,0.33230967181069526,0,model1,2026-06-15 06:49:36
7b9c460a-580e-404a-b04b-56b29c2dcb76,2026-02-13,6,2026-03-27,PVH,0.6,0.9326168,-0.1428571428571428,0.33230967181069526,0,model1,2026-06-15 06:49:36
7b9c460a-580e-404a-b04b-56b29c2dcb76,2026-02-13,7,2026-03-27,VKC,0.9,1.0124317,0.125,0.26553967595100403,1,model1,2026-06-15 06:49:36
7b9c460a-580e-404a-b04b-56b29c2dcb76,2026-02-13,8,2026-02-27,HHG,1.1,1.2381132,0.10000000000000009,0.2381131649017334,1,model1,2026-06-15 06:49:36
7b9c460a-580e-404a-b04b-56b29c2dcb76,2026-02-13,9,2026-02-27,VEF,110.0,138.4875,-0.03083700440528636,0.22015421190976037,0,model1,2026-06-15 06:49:36
7b9c460a-580e-404a-b04b-56b29c2dcb76,2026-02-13,10,2026-03-27,PXA,0.8,1.0829942,-0.11111111111111105,0.20332691404554581,0,model1,2026-06-15 06:49:36
7b9c460a-580e-404a-b04b-56b29c2dcb76,2026-02-23,1,2026-03-02,VEF,108.4,138.81975,-0.046613896218117845,0.22093006090417489,0,model1,2026-06-15 06:49:36
7b9c460a-580e-404a-b04b-56b29c2dcb76,2026-02-23,2,2026-03-02,VVS,117.5,134.63136,0.020851433536055675,0.16969038153813276,1,model1,2026-06-15 06:49:36
7b9c460a-580e-404a-b04b-56b29c2dcb76,2026-02-23,3,2026-03-02,HHG,1.2,1.3017519,0.0,0.08479321002960205,0,model1,2026-06-15 06:49:36
7b9c460a-580e-404a-b04b-56b29c2dcb76,2026-02-23,4,2026-03-02,DTI,2.2,2.333206,0.0,0.060548153790560555,0,model1,2026-06-15 06:49:36
7b9c460a-580e-404a-b04b-56b29c2dcb76,2026-02-23,5,2026-03-02,KSQ,2.4,2.4292433,0.04347826086956519,0.05619275051614525,1,model1,2026-06-15 06:49:36
7b9c460a-580e-404a-b04b-56b29c2dcb76,2026-02-23,6,2026-03-02,PV2,2.5,2.639368,0.0,0.05574722290039058,0,model1,2026-06-15 06:49:36
7b9c460a-580e-404a-b04b-56b29c2dcb76,2026-02-23,7,2026-03-09,HAV,3.0,3.1480927,0.0,0.04936424891153979,0,model1,2026-06-15 06:49:36
7b9c460a-580e-404a-b04b-56b29c2dcb76,2026-02-23,8,2026-03-02,DRH,3.08,2.8186088,0.1407407407407406,0.04392917067916291,1,model1,2026-06-15 06:49:36
7b9c460a-580e-404a-b04b-56b29c2dcb76,2026-02-23,9,2026-03-02,VPH,4.08,4.4754114,-0.04895104895104896,0.0432194440792768,0,model1,2026-06-15 06:49:36
7b9c460a-580e-404a-b04b-56b29c2dcb76,2026-02-23,10,2026-03-02,KMR,2.85,2.935815,0.010638297872340496,0.04106918294379058,1,model1,2026-06-15 06:49:36
7b9c460a-580e-404a-b04b-56b29c2dcb76,2026-02-24,1,2026-03-03,VEF,106.3,135.72473,-0.059292035398230136,0.20110381810011058,0,model1,2026-06-15 06:49:36
7b9c460a-580e-404a-b04b-56b29c2dcb76,2026-02-24,2,2026-03-03,HHG,1.2,1.3513517,0.0,0.12612644831339526,0,model1,2026-06-15 06:49:36
7b9c460a-580e-404a-b04b-56b29c2dcb76,2026-02-24,3,2026-03-03,EIN,2.6,2.6686769,0.040000000000000036,0.06747074127197261,1,model1,2026-06-15 06:49:36
7b9c460a-580e-404a-b04b-56b29c2dcb76,2026-02-24,4,2026-03-03,DTI,2.2,2.3302803,0.0,0.059218319979580825,0,model1,2026-06-15 06:49:36
7b9c460a-580e-404a-b04b-56b29c2dcb76,2026-02-24,5,2026-03-03,GPC,2.1,2.4292433,-0.08695652173913038,0.05619275051614525,0,model1,2026-06-15 06:49:36
7b9c460a-580e-404a-b04b-56b29c2dcb76,2026-02-24,6,2026-03-04,VTA,2.2,2.4292433,-0.04347826086956508,0.05619275051614525,0,model1,2026-06-15 06:49:36
7b9c460a-580e-404a-b04b-56b29c2dcb76,2026-02-24,7,2026-03-03,MCG,2.4,2.6024923,-0.040000000000000036,0.04099693298339835,0,model1,2026-06-15 06:49:36
7b9c460a-580e-404a-b04b-56b29c2dcb76,2026-02-24,8,2026-03-03,TTF,2.82,3.14222,-0.06622516556291391,0.040470205395426895,0,model1,2026-06-15 06:49:36
7b9c460a-580e-404a-b04b-56b29c2dcb76,2026-02-24,9,2026-03-03,DLG,2.76,3.056736,-0.061224489795918435,0.039706119874707735,0,model1,2026-06-15 06:49:36
7b9c460a-580e-404a-b04b-56b29c2dcb76,2026-02-24,10,2026-03-03,KMR,2.85,2.935815,0.007067137809187329,0.03739049325140953,1,model1,2026-06-15 06:49:36
7b9c460a-580e-404a-b04b-56b29c2dcb76,2026-02-25,1,2026-03-04,VEF,103.6,135.07082,-0.07911111111111113,0.2006294759114584,0,model1,2026-06-15 06:49:36
7b9c460a-580e-404a-b04b-56b29c2dcb76,2026-02-25,2,2026-03-04,HHG,1.1,1.3626224,-0.08333333333333326,0.13551865021387743,0,model1,2026-06-15 06:49:36
7b9c460a-580e-404a-b04b-56b29c2dcb76,2026-02-25,3,2026-03-05,VTA,2.3,2.3418005,0.04545454545454519,0.06445475058122097,1,model1,2026-06-15 06:49:36
7b9c460a-580e-404a-b04b-56b29c2dcb76,2026-02-25,4,2026-03-04,KSQ,2.3,2.6266646,-0.08000000000000007,0.050665855407714844,0,model1,2026-06-15 06:49:36
7b9c460a-580e-404a-b04b-56b29c2dcb76,2026-02-25,5,2026-03-04,DTI,2.2,2.4037013,-0.04347826086956508,0.04508752408234984,0,model1,2026-06-15 06:49:36
7b9c460a-580e-404a-b04b-56b29c2dcb76,2026-02-25,6,2026-03-04,GPC,2.2,2.4037013,-0.04347826086956508,0.04508752408234984,0,model1,2026-06-15 06:49:36
7b9c460a-580e-404a-b04b-56b29c2dcb76,2026-02-25,7,2026-03-04,PV2,2.4,2.7116036,-0.07692307692307698,0.04292447750384998,0,model1,2026-06-15 06:49:36
7b9c460a-580e-404a-b04b-56b29c2dcb76,2026-02-25,8,2026-03-04,EIN,2.5,2.812699,-0.07407407407407418,0.04174039981983313,0,model1,2026-06-15 06:49:36
7b9c460a-580e-404a-b04b-56b29c2dcb76,2026-02-25,9,2026-03-04,DLG,2.74,3.0504074,-0.07118644067796609,0.03403641005693858,0,model1,2026-06-15 06:49:36
7b9c460a-580e-404a-b04b-56b29c2dcb76,2026-02-25,10,2026-03-05,TTF,2.82,3.14222,-0.07236842105263164,0.033625006675720215,0,model1,2026-06-15 06:49:36
7b9c460a-580e-404a-b04b-56b29c2dcb76,2026-02-26,1,2026-03-05,VEF,104.6,133.54004,-0.06690454950936664,0.19125815399197155,0,model1,2026-06-15 06:49:36
7b9c460a-580e-404a-b04b-56b29c2dcb76,2026-02-26,2,2026-03-05,HHG,1.2,1.247995,0.09090909090909083,0.1345409263264048,1,model1,2026-06-15 06:49:36
7b9c460a-580e-404a-b04b-56b29c2dcb76,2026-02-26,3,2026-03-05,GPC,2.2,2.3418005,0.0,0.06445475058122097,0,model1,2026-06-15 06:49:36
7b9c460a-580e-404a-b04b-56b29c2dcb76,2026-02-26,4,2026-03-05,DTI,2.2,2.3302803,0.0,0.059218319979580825,0,model1,2026-06-15 06:49:36
7b9c460a-580e-404a-b04b-56b29c2dcb76,2026-02-26,5,2026-03-05,EIN,2.5,2.7320192,-0.03846153846153855,0.05077661000765277,0,model1,2026-06-15 06:49:36
7b9c460a-580e-404a-b04b-56b29c2dcb76,2026-02-26,6,2026-03-05,MCG,2.4,2.5185058,0.0,0.04937742153803515,0,model1,2026-06-15 06:49:36
7b9c460a-580e-404a-b04b-56b29c2dcb76,2026-02-26,7,2026-03-12,BTN,2.7,3.137257,-0.09999999999999998,0.04575236638387037,0,model1,2026-06-15 06:49:36
7b9c460a-580e-404a-b04b-56b29c2dcb76,2026-02-26,8,2026-03-05,PV2,2.4,2.605527,-0.040000000000000036,0.04221076965332027,0,model1,2026-06-15 06:49:36
7b9c460a-580e-404a-b04b-56b29c2dcb76,2026-02-26,9,2026-03-05,UDC,3.5,3.536752,0.02941176470588247,0.04022117222056676,1,model1,2026-06-15 06:49:36
7b9c460a-580e-404a-b04b-56b29c2dcb76,2026-02-26,10,2026-03-05,DLG,2.7,3.0136056,-0.07216494845360821,0.035603297125432753,0,model1,2026-06-15 06:49:36
7b9c460a-580e-404a-b04b-56b29c2dcb76,2026-02-27,1,2026-04-03,PXM,0.6,0.80638754,0.19999999999999996,0.6127750873565674,1,model1,2026-06-15 06:49:36
7b9c460a-580e-404a-b04b-56b29c2dcb76,2026-02-27,2,2026-04-03,G20,0.6,0.87040824,0.0,0.4506803949673972,0,model1,2026-06-15 06:49:36
7b9c460a-580e-404a-b04b-56b29c2dcb76,2026-02-27,3,2026-04-03,MPT,0.6,0.85360676,0.0,0.4226779341697693,0,model1,2026-06-15 06:49:36
7b9c460a-580e-404a-b04b-56b29c2dcb76,2026-02-27,4,2026-04-03,FTM,0.6,0.80638754,0.0,0.34397923946380615,0,model1,2026-06-15 06:49:36
7b9c460a-580e-404a-b04b-56b29c2dcb76,2026-02-27,5,2026-04-03,ACM,0.6,0.9326168,-0.1428571428571428,0.33230967181069526,0,model1,2026-06-15 06:49:36
7b9c460a-580e-404a-b04b-56b29c2dcb76,2026-02-27,6,2026-04-03,PXA,0.8,1.0278718,0.0,0.28483980894088745,0,model1,2026-06-15 06:49:36
7b9c460a-580e-404a-b04b-56b29c2dcb76,2026-02-27,7,2026-04-03,PVH,0.7,0.95626473,-0.1250000000000001,0.1953309178352356,0,model1,2026-06-15 06:49:36
7b9c460a-580e-404a-b04b-56b29c2dcb76,2026-02-27,8,2026-04-03,PVR,1.0,1.3679011,-0.16666666666666663,0.13991757233937596,0,model1,2026-06-15 06:49:36
7b9c460a-580e-404a-b04b-56b29c2dcb76,2026-02-27,9,2026-04-17,STT,0.9,1.2523265,-0.18181818181818188,0.13847862590442994,0,model1,2026-06-15 06:49:36
7b9c460a-580e-404a-b04b-56b29c2dcb76,2026-02-27,10,2026-03-06,HHG,1.1,1.2493838,0.0,0.1358034610748291,0,model1,2026-06-15 06:49:36
7b9c460a-580e-404a-b04b-56b29c2dcb76,2026-03-02,1,2026-03-09,HHG,1.0,1.3527406,-0.16666666666666663,0.12728387117385864,0,model1,2026-06-15 06:49:36
7b9c460a-580e-404a-b04b-56b29c2dcb76,2026-03-02,2,2026-03-09,GPC,2.0,2.333206,-0.09090909090909094,0.060548153790560555,0,model1,2026-06-15 06:49:36
7b9c460a-580e-404a-b04b-56b29c2dcb76,2026-03-02,3,2026-03-09,DTI,2.0,2.3302803,-0.09090909090909094,0.059218319979580825,0,model1,2026-06-15 06:49:36
7b9c460a-580e-404a-b04b-56b29c2dcb76,2026-03-02,4,2026-03-09,MCG,2.3,2.4337409,0.0,0.05814819750578515,0,model1,2026-06-15 06:49:36
7b9c460a-580e-404a-b04b-56b29c2dcb76,2026-03-02,5,2026-03-09,VVS,129.4,123.605965,0.10127659574468084,0.05196565668633646,1,model1,2026-06-15 06:49:36
7b9c460a-580e-404a-b04b-56b29c2dcb76,2026-03-02,6,2026-03-24,UPH,6.2,5.4695888,0.1923076923076923,0.051843991646399745,1,model1,2026-06-15 06:49:36
7b9c460a-580e-404a-b04b-56b29c2dcb76,2026-03-02,7,2026-03-10,VTA,2.2,2.4152215,-0.04347826086956508,0.05009628378826636,0,model1,2026-06-15 06:49:36
7b9c460a-580e-404a-b04b-56b29c2dcb76,2026-03-02,8,2026-03-10,EIN,2.3,2.7268827,-0.11538461538461553,0.048801036981435786,0,model1,2026-06-15 06:49:36
7b9c460a-580e-404a-b04b-56b29c2dcb76,2026-03-02,9,2026-03-09,PV2,2.2,2.605527,-0.11999999999999988,0.04221076965332027,0,model1,2026-06-15 06:49:36
7b9c460a-580e-404a-b04b-56b29c2dcb76,2026-03-02,10,2026-03-09,DRH,2.5,3.2084692,-0.18831168831168832,0.04171076378264993,0,model1,2026-06-15 06:49:36
7b9c460a-580e-404a-b04b-56b29c2dcb76,2026-03-03,1,2026-03-10,HHG,1.1,1.3626224,-0.08333333333333326,0.13551865021387743,0,model1,2026-06-15 06:49:36
7b9c460a-580e-404a-b04b-56b29c2dcb76,2026-03-03,2,2026-03-10,GPC,2.1,2.2478845,0.0,0.07042119616553899,0,model1,2026-06-15 06:49:36
7b9c460a-580e-404a-b04b-56b29c2dcb76,2026-03-03,3,2026-03-10,DC1,6.8,6.806644,0.0625,0.06353811919689178,1,model1,2026-06-15 06:49:36
7b9c460a-580e-404a-b04b-56b29c2dcb76,2026-03-03,4,2026-03-10,DTI,2.1,2.3302803,-0.045454545454545525,0.059218319979580825,0,model1,2026-06-15 06:49:36
7b9c460a-580e-404a-b04b-56b29c2dcb76,2026-03-03,5,2026-03-10,KSQ,2.1,2.4337409,-0.08695652173913038,0.05814819750578515,0,model1,2026-06-15 06:49:36
7b9c460a-580e-404a-b04b-56b29c2dcb76,2026-03-03,6,2026-03-17,IHK,7.6,7.5781426,0.05555555555555558,0.05251981152428509,1,model1,2026-06-15 06:49:36
7b9c460a-580e-404a-b04b-56b29c2dcb76,2026-03-03,7,2026-03-10,DRH,2.46,3.0241644,-0.1487889273356402,0.04642368105456063,0,model1,2026-06-15 06:49:36
7b9c460a-580e-404a-b04b-56b29c2dcb76,2026-03-03,8,2026-03-11,EIN,2.3,2.7116036,-0.11538461538461553,0.04292447750384998,0,model1,2026-06-15 06:49:36
7b9c460a-580e-404a-b04b-56b29c2dcb76,2026-03-03,9,2026-03-11,TTF,2.67,2.937373,-0.05319148936170215,0.04162160386430469,0,model1,2026-06-15 06:49:36
7b9c460a-580e-404a-b04b-56b29c2dcb76,2026-03-03,10,2026-03-10,PV2,2.2,2.6024923,-0.11999999999999988,0.04099693298339835,0,model1,2026-06-15 06:49:36
7b9c460a-580e-404a-b04b-56b29c2dcb76,2026-03-04,1,2026-03-11,HHG,1.1,1.2778314,0.0,0.1616649410941382,0,model1,2026-06-15 06:49:36
7b9c460a-580e-404a-b04b-56b29c2dcb76,2026-03-04,2,2026-03-12,EIN,2.3,2.6635404,-0.08000000000000007,0.06541614532470708,0,model1,2026-06-15 06:49:36
7b9c460a-580e-404a-b04b-56b29c2dcb76,2026-03-04,3,2026-03-11,DTI,2.1,2.3302803,-0.045454545454545525,0.059218319979580825,0,model1,2026-06-15 06:49:36
7b9c460a-580e-404a-b04b-56b29c2dcb76,2026-03-04,4,2026-03-11,KSQ,2.2,2.4337409,-0.04347826086956508,0.05814819750578515,0,model1,2026-06-15 06:49:36
7b9c460a-580e-404a-b04b-56b29c2dcb76,2026-03-04,5,2026-03-11,GEE,85.96,97.58139,-0.0688908145580589,0.05699079701970744,0,model1,2026-06-15 06:49:36
7b9c460a-580e-404a-b04b-56b29c2dcb76,2026-03-04,6,2026-03-11,HID,3.96,4.3374867,-0.03883495145631066,0.05278804464247622,0,model1,2026-06-15 06:49:36
7b9c460a-580e-404a-b04b-56b29c2dcb76,2026-03-04,7,2026-03-11,MCG,2.5,2.419719,0.0869565217391306,0.05205173077790648,1,model1,2026-06-15 06:49:36
7b9c460a-580e-404a-b04b-56b29c2dcb76,2026-03-04,8,2026-03-11,PV2,2.3,2.5185058,-0.04166666666666674,0.04937742153803515,0,model1,2026-06-15 06:49:36
7b9c460a-580e-404a-b04b-56b29c2dcb76,2026-03-04,9,2026-03-11,GPC,2.1,2.2989383,-0.045454545454545525,0.04497194290161133,0,model1,2026-06-15 06:49:36
7b9c460a-580e-404a-b04b-56b29c2dcb76,2026-03-04,10,2026-03-11,VTA,2.1,2.2989383,-0.045454545454545525,0.04497194290161133,0,model1,2026-06-15 06:49:36
7b9c460a-580e-404a-b04b-56b29c2dcb76,2026-03-05,1,2026-03-12,HHG,1.1,1.3626224,-0.08333333333333326,0.13551865021387743,0,model1,2026-06-15 06:49:36
7b9c460a-580e-404a-b04b-56b29c2dcb76,2026-03-05,2,2026-03-13,EIN,2.4,2.6635404,-0.040000000000000036,0.06541614532470708,0,model1,2026-06-15 06:49:36
7b9c460a-580e-404a-b04b-56b29c2dcb76,2026-03-05,3,2026-03-12,KSQ,2.2,2.4337409,-0.04347826086956508,0.05814819750578515,0,model1,2026-06-15 06:49:36
7b9c460a-580e-404a-b04b-56b29c2dcb76,2026-03-05,4,2026-03-12,VTA,2.4,2.4206488,0.04347826086956519,0.05245600575986131,1,model1,2026-06-15 06:49:36
7b9c460a-580e-404a-b04b-56b29c2dcb76,2026-03-05,5,2026-03-12,GEE,86.18,97.58139,-0.07213608957794992,0.05061789815740081,0,model1,2026-06-15 06:49:36
7b9c460a-580e-404a-b04b-56b29c2dcb76,2026-03-05,6,2026-03-12,PV2,2.3,2.5185058,-0.04166666666666674,0.04937742153803515,0,model1,2026-06-15 06:49:36
7b9c460a-580e-404a-b04b-56b29c2dcb76,2026-03-05,7,2026-03-12,DLG,2.64,2.8239698,-0.022222222222222254,0.04591475592719174,0,model1,2026-06-15 06:49:36
7b9c460a-580e-404a-b04b-56b29c2dcb76,2026-03-05,8,2026-03-12,DTI,2.1,2.2989383,-0.045454545454545525,0.04497194290161133,0,model1,2026-06-15 06:49:36
7b9c460a-580e-404a-b04b-56b29c2dcb76,2026-03-05,9,2026-03-12,GPC,2.1,2.2989383,-0.045454545454545525,0.04497194290161133,0,model1,2026-06-15 06:49:36
7b9c460a-580e-404a-b04b-56b29c2dcb76,2026-03-05,10,2026-03-12,SD2,4.8,4.1778173,0.19999999999999996,0.044454336166381836,1,model1,2026-06-15 06:49:36
7b9c460a-580e-404a-b04b-56b29c2dcb76,2026-03-06,1,2026-04-10,FTM,0.6,0.80638754,0.0,0.34397923946380615,0,model1,2026-06-15 06:49:36
7b9c460a-580e-404a-b04b-56b29c2dcb76,2026-03-06,2,2026-04-10,G20,0.5,0.80638754,-0.16666666666666663,0.34397923946380615,0,model1,2026-06-15 06:49:36
7b9c460a-580e-404a-b04b-56b29c2dcb76,2026-03-06,3,2026-04-10,PXM,0.6,0.80638754,0.0,0.34397923946380615,0,model1,2026-06-15 06:49:36
7b9c460a-580e-404a-b04b-56b29c2dcb76,2026-03-06,4,2026-04-10,ACM,0.6,0.93946314,-0.1428571428571428,0.3420901979718891,0,model1,2026-06-15 06:49:36
7b9c460a-580e-404a-b04b-56b29c2dcb76,2026-03-06,5,2026-04-10,MPT,0.6,0.9158153,-0.1428571428571428,0.3083075625555858,0,model1,2026-06-15 06:49:36
7b9c460a-580e-404a-b04b-56b29c2dcb76,2026-03-06,6,2026-04-10,VKC,0.9,1.0124317,0.125,0.26553967595100403,1,model1,2026-06-15 06:49:36
7b9c460a-580e-404a-b04b-56b29c2dcb76,2026-03-06,7,2026-04-10,PXA,0.9,1.0059314,0.125,0.25741422176361084,1,model1,2026-06-15 06:49:36
7b9c460a-580e-404a-b04b-56b29c2dcb76,2026-03-06,8,2026-04-10,PVH,0.7,0.95626473,-0.1250000000000001,0.1953309178352356,0,model1,2026-06-15 06:49:36
7b9c460a-580e-404a-b04b-56b29c2dcb76,2026-03-06,9,2026-04-10,PVR,1.0,1.2891021,-0.09090909090909094,0.17191097953102785,0,model1,2026-06-15 06:49:36
7b9c460a-580e-404a-b04b-56b29c2dcb76,2026-03-06,10,2026-03-13,HHG,1.1,1.2592657,0.0,0.14478696476329445,0,model1,2026-06-15 06:49:36
7b9c460a-580e-404a-b04b-56b29c2dcb76,2026-03-09,1,2026-03-16,HHG,1.1,1.2126082,0.10000000000000009,0.2126082181930542,1,model1,2026-06-15 06:49:36
7b9c460a-580e-404a-b04b-56b29c2dcb76,2026-03-09,2,2026-03-16,VVS,149.3,153.95793,0.1537867078825348,0.18978308746951078,1,model1,2026-06-15 06:49:36
7b9c460a-580e-404a-b04b-56b29c2dcb76,2026-03-09,3,2026-03-16,VHM,100.0,96.7018,0.13122171945701355,0.0939117362596329,1,model1,2026-06-15 06:49:36
7b9c460a-580e-404a-b04b-56b29c2dcb76,2026-03-09,4,2026-03-16,GPC,2.1,2.1780703,0.050000000000000044,0.08903515338897705,1,model1,2026-06-15 06:49:36
7b9c460a-580e-404a-b04b-56b29c2dcb76,2026-03-09,5,2026-03-16,DTI,2.1,2.1730337,0.050000000000000044,0.0865168571472168,1,model1,2026-06-15 06:49:36
7b9c460a-580e-404a-b04b-56b29c2dcb76,2026-03-09,6,2026-03-16,VEF,95.3,95.75223,0.06958473625140305,0.07466024448039432,1,model1,2026-06-15 06:49:36
7b9c460a-580e-404a-b04b-56b29c2dcb76,2026-03-09,7,2026-03-16,KSQ,2.1,2.1443825,0.050000000000000044,0.07219123840332031,1,model1,2026-06-15 06:49:36
7b9c460a-580e-404a-b04b-56b29c2dcb76,2026-03-09,8,2026-03-16,VTA,2.5,2.2449589,0.19047619047619047,0.06902803693498871,1,model1,2026-06-15 06:49:36
7b9c460a-580e-404a-b04b-56b29c2dcb76,2026-03-09,9,2026-03-16,VMG,2.8,3.090523,-0.034482758620689724,0.0656975877696071,0,model1,2026-06-15 06:49:36
7b9c460a-580e-404a-b04b-56b29c2dcb76,2026-03-09,10,2026-03-16,PV2,2.3,2.3377035,0.04545454545454519,0.06259248473427514,1,model1,2026-06-15 06:49:36
7b9c460a-580e-404a-b04b-56b29c2dcb76,2026-03-10,1,2026-03-17,VVS,150.7,166.43396,0.13907785336356748,0.25800423250897575,1,model1,2026-06-15 06:49:36
7b9c460a-580e-404a-b04b-56b29c2dcb76,2026-03-10,2,2026-03-17,HHG,1.1,1.2126082,0.0,0.10237110744823097,0,model1,2026-06-15 06:49:36
7b9c460a-580e-404a-b04b-56b29c2dcb76,2026-03-10,3,2026-03-17,VHM,102.0,98.01023,0.13585746102449892,0.09142796233926953,1,model1,2026-06-15 06:49:36
7b9c460a-580e-404a-b04b-56b29c2dcb76,2026-03-10,4,2026-03-17,DTI,2.1,2.2399223,0.0,0.06662965956188382,0,model1,2026-06-15 06:49:36
7b9c460a-580e-404a-b04b-56b29c2dcb76,2026-03-10,5,2026-03-17,VTA,2.3,2.3302803,0.04545454545454519,0.059218319979580825,1,model1,2026-06-15 06:49:36
7b9c460a-580e-404a-b04b-56b29c2dcb76,2026-03-10,6,2026-03-18,EIN,2.5,2.4251463,0.0869565217391306,0.05441145274950121,1,model1,2026-06-15 06:49:36
7b9c460a-580e-404a-b04b-56b29c2dcb76,2026-03-10,7,2026-03-17,JVC,4.49,4.5386124,0.04176334106728552,0.05304231223263489,1,model1,2026-06-15 06:49:36
7b9c460a-580e-404a-b04b-56b29c2dcb76,2026-03-10,8,2026-03-17,KSQ,2.1,2.2089057,0.0,0.05185985565185547,0,model1,2026-06-15 06:49:36
7b9c460a-580e-404a-b04b-56b29c2dcb76,2026-03-10,9,2026-03-17,GPC,2.1,2.203869,0.0,0.04946147827875036,0,model1,2026-06-15 06:49:36
7b9c460a-580e-404a-b04b-56b29c2dcb76,2026-03-10,10,2026-03-17,VMG,2.7,3.1294389,-0.09999999999999998,0.04314629236857104,0,model1,2026-06-15 06:49:36
7b9c460a-580e-404a-b04b-56b29c2dcb76,2026-03-11,1,2026-03-18,VVS,140.2,169.85112,-0.009187279151943506,0.20036127205029808,0,model1,2026-06-15 06:49:36
7b9c460a-580e-404a-b04b-56b29c2dcb76,2026-03-11,2,2026-03-18,HHG,1.2,1.2126082,0.09090909090909083,0.10237110744823097,1,model1,2026-06-15 06:49:36
7b9c460a-580e-404a-b04b-56b29c2dcb76,2026-03-11,3,2026-03-18,GPC,2.1,2.2399223,0.0,0.06662965956188382,0,model1,2026-06-15 06:49:36
7b9c460a-580e-404a-b04b-56b29c2dcb76,2026-03-11,4,2026-03-18,VTA,2.5,2.2399223,0.19047619047619047,0.06662965956188382,1,model1,2026-06-15 06:49:36
7b9c460a-580e-404a-b04b-56b29c2dcb76,2026-03-11,5,2026-03-18,VMG,2.7,2.8707314,0.0,0.06323383472583899,0,model1,2026-06-15 06:49:36
7b9c460a-580e-404a-b04b-56b29c2dcb76,2026-03-11,6,2026-03-19,EIN,2.4,2.4337409,0.04347826086956519,0.05814819750578515,1,model1,2026-06-15 06:49:36
7b9c460a-580e-404a-b04b-56b29c2dcb76,2026-03-11,7,2026-03-18,DTI,2.1,2.203869,0.0,0.04946147827875036,0,model1,2026-06-15 06:49:36
7b9c460a-580e-404a-b04b-56b29c2dcb76,2026-03-11,8,2026-03-18,PV2,2.3,2.4122958,0.0,0.04882426883863378,0,model1,2026-06-15 06:49:36
7b9c460a-580e-404a-b04b-56b29c2dcb76,2026-03-11,9,2026-03-18,TNT,8.9,8.44308,0.10285006195786872,0.04623047688045756,1,model1,2026-06-15 06:49:36
7b9c460a-580e-404a-b04b-56b29c2dcb76,2026-03-11,10,2026-03-18,KSQ,2.2,2.2989383,0.0,0.04497194290161133,0,model1,2026-06-15 06:49:36
7b9c460a-580e-404a-b04b-56b29c2dcb76,2026-03-12,1,2026-03-19,HHG,1.2,1.2126082,0.09090909090909083,0.10237110744823097,1,model1,2026-06-15 06:49:36
7b9c460a-580e-404a-b04b-56b29c2dcb76,2026-03-12,2,2026-03-19,DTI,2.1,2.2399223,0.0,0.06662965956188382,0,model1,2026-06-15 06:49:36
7b9c460a-580e-404a-b04b-56b29c2dcb76,2026-03-12,3,2026-03-19,GPC,2.0,2.2399223,-0.04761904761904767,0.06662965956188382,0,model1,2026-06-15 06:49:36
7b9c460a-580e-404a-b04b-56b29c2dcb76,2026-03-12,4,2026-03-20,EIN,2.3,2.4292433,0.0,0.05619275051614525,0,model1,2026-06-15 06:49:36
7b9c460a-580e-404a-b04b-56b29c2dcb76,2026-03-12,5,2026-03-20,GEE,90.87,90.85716,0.054420979345555676,0.05427201758628364,1,model1,2026-06-15 06:49:36
7b9c460a-580e-404a-b04b-56b29c2dcb76,2026-03-12,6,2026-03-19,VMG,3.0,2.9506993,0.0714285714285714,0.05382118906293609,1,model1,2026-06-15 06:49:36
7b9c460a-580e-404a-b04b-56b29c2dcb76,2026-03-12,7,2026-03-19,PV2,2.3,2.4152215,0.0,0.05009628378826636,0,model1,2026-06-15 06:49:36
7b9c460a-580e-404a-b04b-56b29c2dcb76,2026-03-12,8,2026-03-25,BTN,2.7,2.8239698,0.0,0.04591475592719174,0,model1,2026-06-15 06:49:36
7b9c460a-580e-404a-b04b-56b29c2dcb76,2026-03-12,9,2026-03-19,KSQ,2.2,2.2989383,0.0,0.04497194290161133,0,model1,2026-06-15 06:49:36
7b9c460a-580e-404a-b04b-56b29c2dcb76,2026-03-12,10,2026-03-19,APG,6.21,7.989859,-0.18823529411764706,0.04442602668712348,0,model1,2026-06-15 06:49:36
7b9c460a-580e-404a-b04b-56b29c2dcb76,2026-03-13,1,2026-04-17,PXM,0.5,0.80638754,0.0,0.6127750873565674,0,model1,2026-06-15 06:49:36
7b9c460a-580e-404a-b04b-56b29c2dcb76,2026-03-13,2,2026-04-17,PVH,0.6,0.87725455,0.0,0.4620909094810486,0,model1,2026-06-15 06:49:36
7b9c460a-580e-404a-b04b-56b29c2dcb76,2026-03-13,3,2026-04-17,MPT,0.7,0.84747934,0.16666666666666674,0.41246557235717773,1,model1,2026-06-15 06:49:36
7b9c460a-580e-404a-b04b-56b29c2dcb76,2026-03-13,4,2026-04-17,ACM,0.6,0.95626473,-0.1428571428571428,0.36609247752598373,0,model1,2026-06-15 06:49:36
7b9c460a-580e-404a-b04b-56b29c2dcb76,2026-03-13,5,2026-04-17,FTM,0.6,0.80638754,0.0,0.34397923946380615,0,model1,2026-06-15 06:49:36
7b9c460a-580e-404a-b04b-56b29c2dcb76,2026-03-13,6,2026-04-17,G20,0.6,0.8747236,-0.1428571428571428,0.24960516180310943,0,model1,2026-06-15 06:49:36
7b9c460a-580e-404a-b04b-56b29c2dcb76,2026-03-13,7,2026-04-17,VKC,0.9,0.9904914,0.125,0.23811423778533936,1,model1,2026-06-15 06:49:36
7b9c460a-580e-404a-b04b-56b29c2dcb76,2026-03-13,8,2026-04-17,PXI,0.9,1.2126082,-0.09999999999999998,0.2126082181930542,0,model1,2026-06-15 06:49:36
7b9c460a-580e-404a-b04b-56b29c2dcb76,2026-03-13,9,2026-04-17,PXA,0.9,0.9623713,0.125,0.20296411216259003,1,model1,2026-06-15 06:49:36
7b9c460a-580e-404a-b04b-56b29c2dcb76,2026-03-13,10,2026-04-17,PVR,1.0,1.2989839,-0.09090909090909094,0.18089448321949342,0,model1,2026-06-15 06:49:36
7b9c460a-580e-404a-b04b-56b29c2dcb76,2026-03-16,1,2026-03-23,HHG,1.0,1.2126082,-0.09090909090909094,0.10237110744823097,0,model1,2026-06-15 06:49:36
7b9c460a-580e-404a-b04b-56b29c2dcb76,2026-03-16,2,2026-03-23,DTI,2.0,2.2449589,-0.04761904761904767,0.06902803693498871,0,model1,2026-06-15 06:49:36
7b9c460a-580e-404a-b04b-56b29c2dcb76,2026-03-16,3,2026-03-23,GPC,1.9,2.2399223,-0.09523809523809534,0.06662965956188382,0,model1,2026-06-15 06:49:36
7b9c460a-580e-404a-b04b-56b29c2dcb76,2026-03-16,4,2026-03-23,VTA,2.3,2.6605058,-0.08000000000000007,0.06420230865478516,0,model1,2026-06-15 06:49:36
7b9c460a-580e-404a-b04b-56b29c2dcb76,2026-03-16,5,2026-03-23,DLG,2.51,2.7561915,-0.03831417624521072,0.05601206593129837,0,model1,2026-06-15 06:49:36
7b9c460a-580e-404a-b04b-56b29c2dcb76,2026-03-16,6,2026-03-24,EIN,2.3,2.6363335,-0.08000000000000007,0.05453338623046866,0,model1,2026-06-15 06:49:36
7b9c460a-580e-404a-b04b-56b29c2dcb76,2026-03-16,7,2026-03-24,KSQ,2.1,2.2089057,0.0,0.05185985565185547,0,model1,2026-06-15 06:49:36
7b9c460a-580e-404a-b04b-56b29c2dcb76,2026-03-16,8,2026-03-23,MCG,2.3,2.5185058,-0.04166666666666674,0.04937742153803515,0,model1,2026-06-15 06:49:36
7b9c460a-580e-404a-b04b-56b29c2dcb76,2026-03-16,9,2026-03-23,VMG,3.3,2.935815,0.1785714285714286,0.04850539139338905,1,model1,2026-06-15 06:49:36
7b9c460a-580e-404a-b04b-56b29c2dcb76,2026-03-16,10,2026-03-23,PV2,2.2,2.406627,-0.04347826086956508,0.04635953903198242,0,model1,2026-06-15 06:49:36
7b9c460a-580e-404a-b04b-56b29c2dcb76,2026-03-17,1,2026-03-24,HHG,1.0,1.2126082,-0.09090909090909094,0.10237110744823097,0,model1,2026-06-15 06:49:36
7b9c460a-580e-404a-b04b-56b29c2dcb76,2026-03-17,2,2026-03-24,CTR,81.2,89.114136,-0.01813784764207982,0.07755907789827687,0,model1,2026-06-15 06:49:36
7b9c460a-580e-404a-b04b-56b29c2dcb76,2026-03-17,3,2026-03-24,DTI,2.1,2.2449589,0.0,0.06902803693498871,0,model1,2026-06-15 06:49:36
7b9c460a-580e-404a-b04b-56b29c2dcb76,2026-03-17,4,2026-03-25,KSQ,2.2,2.2449589,0.04761904761904767,0.06902803693498871,1,model1,2026-06-15 06:49:36
7b9c460a-580e-404a-b04b-56b29c2dcb76,2026-03-17,5,2026-03-24,GPC,2.0,2.2399223,-0.04761904761904767,0.06662965956188382,0,model1,2026-06-15 06:49:36
7b9c460a-580e-404a-b04b-56b29c2dcb76,2026-03-17,6,2026-03-24,DLG,2.55,2.7561915,-0.02298850574712641,0.05601206593129837,0,model1,2026-06-15 06:49:36
7b9c460a-580e-404a-b04b-56b29c2dcb76,2026-03-17,7,2026-03-24,VTA,2.4,2.4251463,0.04347826086956519,0.05441145274950121,1,model1,2026-06-15 06:49:36
7b9c460a-580e-404a-b04b-56b29c2dcb76,2026-03-17,8,2026-03-24,MCG,2.4,2.5185058,0.0,0.04937742153803515,0,model1,2026-06-15 06:49:36
7b9c460a-580e-404a-b04b-56b29c2dcb76,2026-03-17,9,2026-03-24,PV2,2.2,2.4122958,-0.04347826086956508,0.04882426883863378,0,model1,2026-06-15 06:49:36
7b9c460a-580e-404a-b04b-56b29c2dcb76,2026-03-17,10,2026-03-25,VMG,3.2,2.8239698,0.18518518518518512,0.04591475592719174,1,model1,2026-06-15 06:49:36
7b9c460a-580e-404a-b04b-56b29c2dcb76,2026-03-18,1,2026-03-25,HHG,1.1,1.3513517,-0.08333333333333326,0.12612644831339526,0,model1,2026-06-15 06:49:36
7b9c460a-580e-404a-b04b-56b29c2dcb76,2026-03-18,2,2026-03-25,CTR,82.8,89.06773,0.0036363636363636598,0.07960889411695082,1,model1,2026-06-15 06:49:36
7b9c460a-580e-404a-b04b-56b29c2dcb76,2026-03-18,3,2026-03-25,DTI,2.1,2.2399223,0.0,0.06662965956188382,0,model1,2026-06-15 06:49:36
7b9c460a-580e-404a-b04b-56b29c2dcb76,2026-03-18,4,2026-03-25,GPC,2.0,2.2399223,-0.04761904761904767,0.06662965956188382,0,model1,2026-06-15 06:49:36
7b9c460a-580e-404a-b04b-56b29c2dcb76,2026-03-18,5,2026-03-25,DRH,2.52,2.6686769,-0.0039525691699603405,0.05481298544661328,0,model1,2026-06-15 06:49:36
7b9c460a-580e-404a-b04b-56b29c2dcb76,2026-03-18,6,2026-03-25,VTA,2.3,2.6363335,-0.08000000000000007,0.05453338623046866,0,model1,2026-06-15 06:49:36
7b9c460a-580e-404a-b04b-56b29c2dcb76,2026-03-18,7,2026-03-25,DLG,2.72,2.7320192,0.04615384615384621,0.05077661000765277,1,model1,2026-06-15 06:49:36
7b9c460a-580e-404a-b04b-56b29c2dcb76,2026-03-18,8,2026-03-25,PV2,2.3,2.4152215,0.0,0.05009628378826636,0,model1,2026-06-15 06:49:36
7b9c460a-580e-404a-b04b-56b29c2dcb76,2026-03-18,9,2026-03-25,MCG,2.4,2.5185058,0.0,0.04937742153803515,0,model1,2026-06-15 06:49:36
7b9c460a-580e-404a-b04b-56b29c2dcb76,2026-03-18,10,2026-03-27,VMG,2.9,2.8239698,0.07407407407407396,0.04591475592719174,1,model1,2026-06-15 06:49:36
7b9c460a-580e-404a-b04b-56b29c2dcb76,2026-03-19,1,2026-03-26,HHG,1.2,1.3566304,0.0,0.13052537043889378,0,model1,2026-06-15 06:49:36
7b9c460a-580e-404a-b04b-56b29c2dcb76,2026-03-19,2,2026-03-26,GPC,2.0,2.152083,0.0,0.07604146003723145,0,model1,2026-06-15 06:49:36
7b9c460a-580e-404a-b04b-56b29c2dcb76,2026-03-19,3,2026-03-26,VVS,133.8,140.29541,0.0260736196319018,0.07588504721050615,1,model1,2026-06-15 06:49:36
7b9c460a-580e-404a-b04b-56b29c2dcb76,2026-03-19,4,2026-03-26,CTR,85.0,87.87353,0.03658536585365857,0.07162838447384723,1,model1,2026-06-15 06:49:36
7b9c460a-580e-404a-b04b-56b29c2dcb76,2026-03-19,5,2026-03-26,VTA,2.2,2.4337409,-0.04347826086956508,0.05814819750578515,0,model1,2026-06-15 06:49:36
7b9c460a-580e-404a-b04b-56b29c2dcb76,2026-03-19,6,2026-03-26,DLG,2.74,2.7320192,0.05384615384615388,0.05077661000765277,1,model1,2026-06-15 06:49:36
7b9c460a-580e-404a-b04b-56b29c2dcb76,2026-03-19,7,2026-03-26,DTI,2.1,2.203869,0.0,0.04946147827875036,0,model1,2026-06-15 06:49:36
7b9c460a-580e-404a-b04b-56b29c2dcb76,2026-03-19,8,2026-03-26,EIN,2.5,2.5185058,0.04166666666666674,0.04937742153803515,1,model1,2026-06-15 06:49:36
7b9c460a-580e-404a-b04b-56b29c2dcb76,2026-03-19,9,2026-04-01,BTN,2.7,2.935815,-0.03571428571428559,0.04850539139338905,0,model1,2026-06-15 06:49:36
7b9c460a-580e-404a-b04b-56b29c2dcb76,2026-03-19,10,2026-03-26,DRH,2.53,2.6445045,0.0,0.04525871427634032,0,model1,2026-06-15 06:49:36
7b9c460a-580e-404a-b04b-56b29c2dcb76,2026-03-20,1,2026-04-24,FTM,0.5,0.80638754,0.0,0.6127750873565674,0,model1,2026-06-15 06:49:36
7b9c460a-580e-404a-b04b-56b29c2dcb76,2026-03-20,2,2026-04-24,PVH,0.7,0.8711271,0.16666666666666674,0.45187854766845703,1,model1,2026-06-15 06:49:36
7b9c460a-580e-404a-b04b-56b29c2dcb76,2026-03-20,3,2026-04-24,G20,0.5,0.84747934,-0.16666666666666663,0.41246557235717773,0,model1,2026-06-15 06:49:36
7b9c460a-580e-404a-b04b-56b29c2dcb76,2026-03-20,4,2026-04-24,ACM,0.6,0.95626473,-0.1428571428571428,0.36609247752598373,0,model1,2026-06-15 06:49:36
7b9c460a-580e-404a-b04b-56b29c2dcb76,2026-03-20,5,2026-04-24,PXM,0.5,0.80638754,-0.16666666666666663,0.34397923946380615,0,model1,2026-06-15 06:49:36
7b9c460a-580e-404a-b04b-56b29c2dcb76,2026-03-20,6,2026-04-24,MPT,0.7,0.9158153,0.0,0.3083075625555858,0,model1,2026-06-15 06:49:36
7b9c460a-580e-404a-b04b-56b29c2dcb76,2026-03-20,7,2026-04-24,PVR,1.0,1.2126082,0.0,0.2126082181930542,0,model1,2026-06-15 06:49:36
7b9c460a-580e-404a-b04b-56b29c2dcb76,2026-03-20,8,2026-04-24,PXA,0.9,0.9623713,0.125,0.20296411216259003,1,model1,2026-06-15 06:49:36
7b9c460a-580e-404a-b04b-56b29c2dcb76,2026-03-20,9,2026-04-24,VKC,1.0,1.0675541,0.11111111111111116,0.18617124027676057,1,model1,2026-06-15 06:49:36
7b9c460a-580e-404a-b04b-56b29c2dcb76,2026-03-20,10,2026-04-24,PXI,1.0,1.152747,0.0,0.1527470350265503,0,model1,2026-06-15 06:49:36
7b9c460a-580e-404a-b04b-56b29c2dcb76,2026-03-23,1,2026-03-30,HHG,1.2,1.247995,0.19999999999999996,0.2479950189590454,1,model1,2026-06-15 06:49:36
7b9c460a-580e-404a-b04b-56b29c2dcb76,2026-03-23,2,2026-03-30,VVS,115.8,136.06921,-0.0317725752508361,0.13770245708350748,0,model1,2026-06-15 06:49:36
7b9c460a-580e-404a-b04b-56b29c2dcb76,2026-03-23,3,2026-03-30,GPC,2.0,2.059903,0.05263157894736836,0.08415942443044577,1,model1,2026-06-15 06:49:36
7b9c460a-580e-404a-b04b-56b29c2dcb76,2026-03-23,4,2026-03-31,DTI,2.0,2.1378965,0.0,0.06894826889038086,0,model1,2026-06-15 06:49:36
7b9c460a-580e-404a-b04b-56b29c2dcb76,2026-03-23,5,2026-03-30,EIN,2.5,2.3377035,0.13636363636363624,0.06259248473427514,1,model1,2026-06-15 06:49:36
7b9c460a-580e-404a-b04b-56b29c2dcb76,2026-03-23,6,2026-03-30,DLG,2.92,2.6635404,0.1633466135458168,0.06117145948676006,1,model1,2026-06-15 06:49:36
7b9c460a-580e-404a-b04b-56b29c2dcb76,2026-03-23,7,2026-03-30,TTF,2.68,2.683956,0.059288537549407216,0.06085213747891527,1,model1,2026-06-15 06:49:36
7b9c460a-580e-404a-b04b-56b29c2dcb76,2026-03-23,8,2026-03-30,MCG,2.4,2.4337409,0.04347826086956519,0.05814819750578515,1,model1,2026-06-15 06:49:36
7b9c460a-580e-404a-b04b-56b29c2dcb76,2026-03-23,9,2026-03-30,PTL,2.72,2.838854,0.01115241635687747,0.055336087166598213,1,model1,2026-06-15 06:49:36
7b9c460a-580e-404a-b04b-56b29c2dcb76,2026-03-23,10,2026-03-30,DRH,2.62,2.5185058,0.09623430962343105,0.05376812204656245,1,model1,2026-06-15 06:49:36
7b9c460a-580e-404a-b04b-56b29c2dcb76,2026-03-24,1,2026-03-31,HHG,1.2,1.2381132,0.19999999999999996,0.2381131649017334,1,model1,2026-06-15 06:49:36
7b9c460a-580e-404a-b04b-56b29c2dcb76,2026-03-24,2,2026-03-31,VVS,108.0,138.14581,-0.15559030492572323,0.08010799834465399,0,model1,2026-06-15 06:49:36
7b9c460a-580e-404a-b04b-56b29c2dcb76,2026-03-24,3,2026-03-31,GPC,2.0,2.1384854,0.0,0.06924271583557129,0,model1,2026-06-15 06:49:36
7b9c460a-580e-404a-b04b-56b29c2dcb76,2026-03-24,4,2026-03-31,KSQ,2.1,2.2089057,0.0,0.05185985565185547,0,model1,2026-06-15 06:49:36
7b9c460a-580e-404a-b04b-56b29c2dcb76,2026-03-24,5,2026-03-31,PV2,2.3,2.2989383,0.04545454545454519,0.04497194290161133,1,model1,2026-06-15 06:49:36
7b9c460a-580e-404a-b04b-56b29c2dcb76,2026-03-24,6,2026-03-31,KMR,2.72,2.8186088,0.007407407407407307,0.04392917067916291,1,model1,2026-06-15 06:49:36
7b9c460a-580e-404a-b04b-56b29c2dcb76,2026-03-24,7,2026-03-31,PTL,2.77,2.8031347,0.029739776951672958,0.04205750178227197,1,model1,2026-06-15 06:49:36
7b9c460a-580e-404a-b04b-56b29c2dcb76,2026-03-24,8,2026-03-31,DRH,2.64,2.6363335,0.04347826086956541,0.04202903777714306,1,model1,2026-06-15 06:49:36
7b9c460a-580e-404a-b04b-56b29c2dcb76,2026-03-24,9,2026-04-01,DTI,2.0,2.1829183,-0.04761904761904767,0.039484909602574,0,model1,2026-06-15 06:49:36
7b9c460a-580e-404a-b04b-56b29c2dcb76,2026-03-24,10,2026-03-31,TXM,4.1,4.561112,-0.06818181818181834,0.03661634705283423,0,model1,2026-06-15 06:49:36
7b9c460a-580e-404a-b04b-56b29c2dcb76,2026-03-25,1,2026-04-01,HHG,1.2,1.2126082,0.09090909090909083,0.10237110744823097,1,model1,2026-06-15 06:49:36
7b9c460a-580e-404a-b04b-56b29c2dcb76,2026-03-25,2,2026-04-01,VVS,115.5,133.85136,-0.07894736842105265,0.06739524829140486,0,model1,2026-06-15 06:49:36
7b9c460a-580e-404a-b04b-56b29c2dcb76,2026-03-25,3,2026-04-01,CTR,86.7,88.23173,0.047101449275362306,0.06560057488040649,1,model1,2026-06-15 06:49:36
7b9c460a-580e-404a-b04b-56b29c2dcb76,2026-03-25,4,2026-04-02,DTI,2.0,2.2189715,-0.04761904761904767,0.05665309088570725,0,model1,2026-06-15 06:49:36
7b9c460a-580e-404a-b04b-56b29c2dcb76,2026-03-25,5,2026-04-01,GPC,2.0,2.1021225,0.0,0.051061272621154785,0,model1,2026-06-15 06:49:36
7b9c460a-580e-404a-b04b-56b29c2dcb76,2026-03-25,6,2026-04-01,EIN,2.5,2.5140083,0.04166666666666674,0.04750345150629687,1,model1,2026-06-15 06:49:36
7b9c460a-580e-404a-b04b-56b29c2dcb76,2026-03-25,7,2026-04-01,DRH,2.56,2.6363335,0.015873015873015817,0.04616407364133801,1,model1,2026-06-15 06:49:36
7b9c460a-580e-404a-b04b-56b29c2dcb76,2026-03-25,8,2026-04-10,BTN,3.0,2.8239698,0.11111111111111094,0.04591475592719174,1,model1,2026-06-15 06:49:36
7b9c460a-580e-404a-b04b-56b29c2dcb76,2026-03-25,9,2026-04-01,PV2,2.3,2.4037013,0.0,0.04508752408234984,0,model1,2026-06-15 06:49:36
7b9c460a-580e-404a-b04b-56b29c2dcb76,2026-03-25,10,2026-04-01,KSQ,2.1,2.2989383,-0.045454545454545525,0.04497194290161133,0,model1,2026-06-15 06:49:36
7b9c460a-580e-404a-b04b-56b29c2dcb76,2026-03-26,1,2026-04-02,HHG,1.2,1.3017519,0.0,0.08479321002960205,0,model1,2026-06-15 06:49:36
7b9c460a-580e-404a-b04b-56b29c2dcb76,2026-03-26,2,2026-04-02,CTR,84.9,91.56202,-0.0011764705882352233,0.07720022762522971,0,model1,2026-06-15 06:49:36
7b9c460a-580e-404a-b04b-56b29c2dcb76,2026-03-26,3,2026-04-02,KSQ,2.1,2.2449589,0.0,0.06902803693498871,0,model1,2026-06-15 06:49:36
7b9c460a-580e-404a-b04b-56b29c2dcb76,2026-03-26,4,2026-04-02,VTA,2.1,2.3302803,-0.045454545454545525,0.059218319979580825,0,model1,2026-06-15 06:49:36
7b9c460a-580e-404a-b04b-56b29c2dcb76,2026-03-26,5,2026-04-02,UDC,3.4,3.1742558,0.1333333333333333,0.058085282643635994,1,model1,2026-06-15 06:49:36
7b9c460a-580e-404a-b04b-56b29c2dcb76,2026-03-26,6,2026-04-02,GPC,2.0,2.1021225,0.0,0.051061272621154785,0,model1,2026-06-15 06:49:36
7b9c460a-580e-404a-b04b-56b29c2dcb76,2026-03-26,7,2026-04-03,DTI,2.0,2.205374,-0.04761904761904767,0.05017809640793569,0,model1,2026-06-15 06:49:36
7b9c460a-580e-404a-b04b-56b29c2dcb76,2026-03-26,8,2026-04-14,BTN,2.6,2.8239698,-0.03703703703703709,0.04591475592719174,0,model1,2026-06-15 06:49:36
7b9c460a-580e-404a-b04b-56b29c2dcb76,2026-03-26,9,2026-04-02,PV2,2.3,2.4037013,0.0,0.04508752408234984,0,model1,2026-06-15 06:49:36
7b9c460a-580e-404a-b04b-56b29c2dcb76,2026-03-26,10,2026-04-02,FCM,3.26,3.3836882,0.006172839506172645,0.04434821340772843,1,model1,2026-06-15 06:49:36
7b9c460a-580e-404a-b04b-56b29c2dcb76,2026-03-27,1,2026-05-08,ACM,0.6,0.8940562,0.0,0.4900936683019004,0,model1,2026-06-15 06:49:36
7b9c460a-580e-404a-b04b-56b29c2dcb76,2026-03-27,2,2026-05-15,PVH,0.7,0.8711271,0.16666666666666674,0.45187854766845703,1,model1,2026-06-15 06:49:36
7b9c460a-580e-404a-b04b-56b29c2dcb76,2026-03-27,3,2026-05-08,MPT,0.7,0.85360676,0.16666666666666674,0.4226779341697693,1,model1,2026-06-15 06:49:36
7b9c460a-580e-404a-b04b-56b29c2dcb76,2026-03-27,4,2026-05-08,G20,0.6,0.81251496,0.0,0.3541916012763977,0,model1,2026-06-15 06:49:36
7b9c460a-580e-404a-b04b-56b29c2dcb76,2026-03-27,5,2026-05-08,FTM,0.5,0.80638754,-0.16666666666666663,0.34397923946380615,0,model1,2026-06-15 06:49:36
7b9c460a-580e-404a-b04b-56b29c2dcb76,2026-03-27,6,2026-05-08,PXM,0.6,0.80638754,0.0,0.34397923946380615,0,model1,2026-06-15 06:49:36
7b9c460a-580e-404a-b04b-56b29c2dcb76,2026-03-27,7,2026-05-08,PXA,0.8,0.9904914,0.0,0.23811423778533936,0,model1,2026-06-15 06:49:36
7b9c460a-580e-404a-b04b-56b29c2dcb76,2026-03-27,8,2026-05-08,PVR,1.1,1.2011809,0.10000000000000009,0.20118093490600586,1,model1,2026-06-15 06:49:36
7b9c460a-580e-404a-b04b-56b29c2dcb76,2026-03-27,9,2026-05-08,VKC,1.0,1.0675541,0.11111111111111116,0.18617124027676057,1,model1,2026-06-15 06:49:36
7b9c460a-580e-404a-b04b-56b29c2dcb76,2026-03-27,10,2026-05-08,PXI,0.8,1.1478881,-0.19999999999999996,0.14788806438446045,0,model1,2026-06-15 06:49:36
7b9c460a-580e-404a-b04b-56b29c2dcb76,2026-03-30,1,2026-04-06,VVS,107.0,134.31622,-0.07599309153713296,0.15989830003913008,0,model1,2026-06-15 06:49:36
7b9c460a-580e-404a-b04b-56b29c2dcb76,2026-03-30,2,2026-04-06,HHG,1.1,1.34147,-0.08333333333333326,0.11789166927337646,0,model1,2026-06-15 06:49:36
7b9c460a-580e-404a-b04b-56b29c2dcb76,2026-03-30,3,2026-04-06,CTR,83.2,93.365234,-0.032558139534883734,0.08564226017441867,0,model1,2026-06-15 06:49:36
7b9c460a-580e-404a-b04b-56b29c2dcb76,2026-03-30,4,2026-04-06,DTI,2.0,2.1384854,0.0,0.06924271583557129,0,model1,2026-06-15 06:49:36
7b9c460a-580e-404a-b04b-56b29c2dcb76,2026-03-30,5,2026-04-06,GPC,1.9,2.124299,-0.050000000000000044,0.0621495246887207,0,model1,2026-06-15 06:49:36
7b9c460a-580e-404a-b04b-56b29c2dcb76,2026-03-30,6,2026-04-06,VTA,1.9,2.3302803,-0.13636363636363646,0.059218319979580825,0,model1,2026-06-15 06:49:36
7b9c460a-580e-404a-b04b-56b29c2dcb76,2026-03-30,7,2026-04-06,VMG,3.0,2.9531271,0.0714285714285714,0.05468826634543289,1,model1,2026-06-15 06:49:36
7b9c460a-580e-404a-b04b-56b29c2dcb76,2026-03-30,8,2026-04-06,PV2,2.2,2.4152215,-0.04347826086956508,0.05009628378826636,0,model1,2026-06-15 06:49:36
7b9c460a-580e-404a-b04b-56b29c2dcb76,2026-03-30,9,2026-04-06,DRH,2.5,2.751055,-0.04580152671755733,0.050020993210887044,0,model1,2026-06-15 06:49:36
7b9c460a-580e-404a-b04b-56b29c2dcb76,2026-03-30,10,2026-04-09,HAV,2.8,3.1264622,-0.06666666666666676,0.04215407371520996,0,model1,2026-06-15 06:49:36
7b9c460a-580e-404a-b04b-56b29c2dcb76,2026-03-31,1,2026-04-07,HHG,1.1,1.3626224,-0.08333333333333326,0.13551865021387743,0,model1,2026-06-15 06:49:36
7b9c460a-580e-404a-b04b-56b29c2dcb76,2026-03-31,2,2026-04-07,DTI,1.9,2.1384854,-0.050000000000000044,0.06924271583557129,0,model1,2026-06-15 06:49:36
7b9c460a-580e-404a-b04b-56b29c2dcb76,2026-03-31,3,2026-04-07,VTA,2.1,2.2399223,0.0,0.06662965956188382,0,model1,2026-06-15 06:49:36
7b9c460a-580e-404a-b04b-56b29c2dcb76,2026-03-31,4,2026-04-07,GPC,2.0,2.124299,0.0,0.0621495246887207,0,model1,2026-06-15 06:49:36
7b9c460a-580e-404a-b04b-56b29c2dcb76,2026-03-31,5,2026-04-09,EIN,2.4,2.6363335,-0.040000000000000036,0.05453338623046866,0,model1,2026-06-15 06:49:36
7b9c460a-580e-404a-b04b-56b29c2dcb76,2026-03-31,6,2026-04-08,MCG,2.4,2.4251463,0.04347826086956519,0.05441145274950121,1,model1,2026-06-15 06:49:36
7b9c460a-580e-404a-b04b-56b29c2dcb76,2026-03-31,7,2026-04-10,HAV,3.1,2.841282,0.14814814814814814,0.05232662624782969,1,model1,2026-06-15 06:49:36
7b9c460a-580e-404a-b04b-56b29c2dcb76,2026-03-31,8,2026-04-07,PV2,2.3,2.4152215,0.0,0.05009628378826636,0,model1,2026-06-15 06:49:36
7b9c460a-580e-404a-b04b-56b29c2dcb76,2026-03-31,9,2026-04-07,TTF,2.59,2.812699,-0.03717472118959109,0.045613040711356856,0,model1,2026-06-15 06:49:36
7b9c460a-580e-404a-b04b-56b29c2dcb76,2026-03-31,10,2026-04-15,BTN,2.9,2.8186088,0.07407407407407396,0.04392917067916291,1,model1,2026-06-15 06:49:36
7b9c460a-580e-404a-b04b-56b29c2dcb76,2026-04-01,1,2026-04-08,HHG,1.1,1.3626224,-0.08333333333333326,0.13551865021387743,0,model1,2026-06-15 06:49:36
7b9c460a-580e-404a-b04b-56b29c2dcb76,2026-04-01,2,2026-04-08,DTI,2.1,2.1384854,0.050000000000000044,0.06924271583557129,1,model1,2026-06-15 06:49:36
7b9c460a-580e-404a-b04b-56b29c2dcb76,2026-04-01,3,2026-04-08,GPC,2.0,2.1384854,0.0,0.06924271583557129,0,model1,2026-06-15 06:49:36
7b9c460a-580e-404a-b04b-56b29c2dcb76,2026-04-01,4,2026-04-10,EIN,2.3,2.6363335,-0.08000000000000007,0.05453338623046866,0,model1,2026-06-15 06:49:36
7b9c460a-580e-404a-b04b-56b29c2dcb76,2026-04-01,5,2026-04-08,PV2,2.2,2.4152215,-0.04347826086956508,0.05009628378826636,0,model1,2026-06-15 06:49:36
7b9c460a-580e-404a-b04b-56b29c2dcb76,2026-04-01,6,2026-04-08,DRH,2.61,2.6788194,0.01953125,0.046413835138082504,1,model1,2026-06-15 06:49:36
7b9c460a-580e-404a-b04b-56b29c2dcb76,2026-04-01,7,2026-04-20,BTN,2.6,2.8186088,-0.03703703703703709,0.04392917067916291,0,model1,2026-06-15 06:49:36
7b9c460a-580e-404a-b04b-56b29c2dcb76,2026-04-01,8,2026-04-09,VMG,2.6,3.1123142,-0.1333333333333333,0.03743807474772143,0,model1,2026-06-15 06:49:36
7b9c460a-580e-404a-b04b-56b29c2dcb76,2026-04-01,9,2026-04-08,DLG,2.9,2.986376,0.00694444444444442,0.03693612747722197,1,model1,2026-06-15 06:49:36
7b9c460a-580e-404a-b04b-56b29c2dcb76,2026-04-01,10,2026-04-08,KMR,2.72,2.8186088,0.0,0.036253220894757465,0,model1,2026-06-15 06:49:36
7b9c460a-580e-404a-b04b-56b29c2dcb76,2026-04-02,1,2026-04-09,HHG,1.0,1.3626224,-0.16666666666666663,0.13551865021387743,0,model1,2026-06-15 06:49:36
7b9c460a-580e-404a-b04b-56b29c2dcb76,2026-04-02,2,2026-04-09,VVS,99.0,133.45128,-0.16806722689075626,0.12143931669347419,0,model1,2026-06-15 06:49:36
7b9c460a-580e-404a-b04b-56b29c2dcb76,2026-04-02,3,2026-04-09,VTA,1.9,2.2399223,-0.09523809523809534,0.06662965956188382,0,model1,2026-06-15 06:49:36
7b9c460a-580e-404a-b04b-56b29c2dcb76,2026-04-02,4,2026-04-09,GEE,111.73,126.843735,-0.0614867702645947,0.06546606250492171,0,model1,2026-06-15 06:49:36
7b9c460a-580e-404a-b04b-56b29c2dcb76,2026-04-02,5,2026-04-09,DTI,2.1,2.124299,0.050000000000000044,0.0621495246887207,1,model1,2026-06-15 06:49:36
7b9c460a-580e-404a-b04b-56b29c2dcb76,2026-04-02,6,2026-04-09,GPC,2.0,2.124299,0.0,0.0621495246887207,0,model1,2026-06-15 06:49:36
7b9c460a-580e-404a-b04b-56b29c2dcb76,2026-04-02,7,2026-04-09,CTR,85.7,89.57116,0.009422850412249772,0.05501954490922212,1,model1,2026-06-15 06:49:36
7b9c460a-580e-404a-b04b-56b29c2dcb76,2026-04-02,8,2026-04-09,PV2,2.2,2.4152215,-0.04347826086956508,0.05009628378826636,0,model1,2026-06-15 06:49:36
7b9c460a-580e-404a-b04b-56b29c2dcb76,2026-04-02,9,2026-04-09,DRH,2.61,2.639368,0.031620553359683834,0.04322848112686839,1,model1,2026-06-15 06:49:36
7b9c460a-580e-404a-b04b-56b29c2dcb76,2026-04-02,10,2026-04-13,EIN,2.3,2.6024923,-0.08000000000000007,0.04099693298339835,0,model1,2026-06-15 06:49:36
7b9c460a-580e-404a-b04b-56b29c2dcb76,2026-04-03,1,2026-05-15,MPT,0.7,0.84747934,0.16666666666666674,0.41246557235717773,1,model1,2026-06-15 06:49:36
7b9c460a-580e-404a-b04b-56b29c2dcb76,2026-04-03,2,2026-05-15,PXM,0.6,0.84747934,0.0,0.41246557235717773,0,model1,2026-06-15 06:49:36
7b9c460a-580e-404a-b04b-56b29c2dcb76,2026-04-03,3,2026-05-15,ACM,0.5,0.80638754,-0.16666666666666663,0.34397923946380615,0,model1,2026-06-15 06:49:36
7b9c460a-580e-404a-b04b-56b29c2dcb76,2026-04-03,4,2026-05-15,FTM,0.6,0.80638754,0.0,0.34397923946380615,0,model1,2026-06-15 06:49:36
7b9c460a-580e-404a-b04b-56b29c2dcb76,2026-04-03,5,2026-05-15,G20,0.6,0.80638754,0.0,0.34397923946380615,0,model1,2026-06-15 06:49:36
7b9c460a-580e-404a-b04b-56b29c2dcb76,2026-04-03,6,2026-06-05,PVH,0.7,0.9158153,0.0,0.3083075625555858,0,model1,2026-06-15 06:49:36
7b9c460a-580e-404a-b04b-56b29c2dcb76,2026-04-03,7,2026-05-15,PXI,0.8,1.0829942,-0.11111111111111105,0.20332691404554581,0,model1,2026-06-15 06:49:36
7b9c460a-580e-404a-b04b-56b29c2dcb76,2026-04-03,8,2026-05-15,PXA,0.8,0.9623713,0.0,0.20296411216259003,0,model1,2026-06-15 06:49:36
7b9c460a-580e-404a-b04b-56b29c2dcb76,2026-04-03,9,2026-04-10,HHG,1.0,1.2989839,-0.09090909090909094,0.18089448321949342,0,model1,2026-06-15 06:49:36
7b9c460a-580e-404a-b04b-56b29c2dcb76,2026-04-03,10,2026-04-10,VVS,105.9,133.10358,-0.07913043478260862,0.15742240574048916,0,model1,2026-06-15 06:49:36
7b9c460a-580e-404a-b04b-56b29c2dcb76,2026-04-06,1,2026-04-13,HHG,1.0,1.2493838,-0.09090909090909094,0.1358034610748291,0,model1,2026-06-15 06:49:36
7b9c460a-580e-404a-b04b-56b29c2dcb76,2026-04-06,2,2026-04-13,CTR,85.2,89.45836,0.024038461538461453,0.07522065822894763,1,model1,2026-06-15 06:49:36
7b9c460a-580e-404a-b04b-56b29c2dcb76,2026-04-06,3,2026-04-29,HAV,2.9,2.6557753,0.15999999999999992,0.06231012344360343,1,model1,2026-06-15 06:49:36
7b9c460a-580e-404a-b04b-56b29c2dcb76,2026-04-06,4,2026-04-13,DTI,2.0,2.124299,0.0,0.0621495246887207,0,model1,2026-06-15 06:49:36
7b9c460a-580e-404a-b04b-56b29c2dcb76,2026-04-06,5,2026-04-13,TTF,2.65,2.7561915,0.019230769230769162,0.06007365080026483,1,model1,2026-06-15 06:49:36
7b9c460a-580e-404a-b04b-56b29c2dcb76,2026-04-06,6,2026-04-13,GPC,2.0,2.0099425,0.05263157894736836,0.057864490308259686,1,model1,2026-06-15 06:49:36
7b9c460a-580e-404a-b04b-56b29c2dcb76,2026-04-06,7,2026-04-13,DRH,2.52,2.639368,0.008000000000000007,0.05574722290039058,1,model1,2026-06-15 06:49:36
7b9c460a-580e-404a-b04b-56b29c2dcb76,2026-04-06,8,2026-04-13,MCG,2.3,2.4251463,0.0,0.05441145274950121,0,model1,2026-06-15 06:49:36
7b9c460a-580e-404a-b04b-56b29c2dcb76,2026-04-06,9,2026-04-13,PTL,2.9,2.8239698,0.07407407407407396,0.04591475592719174,1,model1,2026-06-15 06:49:36
7b9c460a-580e-404a-b04b-56b29c2dcb76,2026-04-06,10,2026-04-13,PV2,2.3,2.2989383,0.04545454545454519,0.04497194290161133,1,model1,2026-06-15 06:49:36
7b9c460a-580e-404a-b04b-56b29c2dcb76,2026-04-07,1,2026-04-14,HHG,1.0,1.2126082,-0.09090909090909094,0.10237110744823097,0,model1,2026-06-15 06:49:36
7b9c460a-580e-404a-b04b-56b29c2dcb76,2026-04-07,2,2026-04-14,CTR,87.0,89.48259,0.03571428571428581,0.06526892525809158,1,model1,2026-06-15 06:49:36
7b9c460a-580e-404a-b04b-56b29c2dcb76,2026-04-07,3,2026-04-14,GPC,2.0,2.116309,0.0,0.05815446376800537,0,model1,2026-06-15 06:49:36
7b9c460a-580e-404a-b04b-56b29c2dcb76,2026-04-07,4,2026-04-14,DTI,2.0,2.0099425,0.05263157894736836,0.057864490308259686,1,model1,2026-06-15 06:49:36
7b9c460a-580e-404a-b04b-56b29c2dcb76,2026-04-07,5,2026-05-15,HAV,2.9,2.930454,0.03571428571428581,0.04659071990421837,1,model1,2026-06-15 06:49:36
7b9c460a-580e-404a-b04b-56b29c2dcb76,2026-04-07,6,2026-04-14,MCG,2.4,2.4037013,0.04347826086956519,0.04508752408234984,1,model1,2026-06-15 06:49:36
7b9c460a-580e-404a-b04b-56b29c2dcb76,2026-04-07,7,2026-04-14,DLG,2.95,2.935815,0.04609929078014208,0.04106918294379058,1,model1,2026-06-15 06:49:36
7b9c460a-580e-404a-b04b-56b29c2dcb76,2026-04-07,8,2026-04-14,KMR,2.72,2.8186088,0.0,0.036253220894757465,0,model1,2026-06-15 06:49:36
7b9c460a-580e-404a-b04b-56b29c2dcb76,2026-04-07,9,2026-04-15,PV2,2.2,2.375284,-0.04347826086956508,0.03273215501204785,0,model1,2026-06-15 06:49:36
7b9c460a-580e-404a-b04b-56b29c2dcb76,2026-04-07,10,2026-04-14,VPG,3.72,3.8694313,-0.007999999999999896,0.03184833526611319,0,model1,2026-06-15 06:49:36
7b9c460a-580e-404a-b04b-56b29c2dcb76,2026-04-08,1,2026-04-15,HHG,0.9,1.2011809,-0.18181818181818188,0.0919826680963689,0,model1,2026-06-15 06:49:36
7b9c460a-580e-404a-b04b-56b29c2dcb76,2026-04-08,2,2026-05-08,VTA,1.6,2.0457165,-0.1578947368421052,0.07669290743376078,0,model1,2026-06-15 06:49:36
7b9c460a-580e-404a-b04b-56b29c2dcb76,2026-04-08,3,2026-04-15,GPC,2.1,2.116309,0.050000000000000044,0.05815446376800537,1,model1,2026-06-15 06:49:36
7b9c460a-580e-404a-b04b-56b29c2dcb76,2026-04-08,4,2026-04-16,PV2,2.2,2.301864,0.0,0.046301776712590836,0,model1,2026-06-15 06:49:36
7b9c460a-580e-404a-b04b-56b29c2dcb76,2026-04-08,5,2026-04-15,DRH,2.47,2.7268827,-0.05363984674329492,0.044782642203729406,0,model1,2026-06-15 06:49:36
7b9c460a-580e-404a-b04b-56b29c2dcb76,2026-04-08,6,2026-04-15,FCM,3.27,3.378567,0.006153846153846176,0.0395590708805964,1,model1,2026-06-15 06:49:36
7b9c460a-580e-404a-b04b-56b29c2dcb76,2026-04-08,7,2026-04-15,TTF,2.67,2.7829242,-0.003731343283582156,0.03840454300837726,0,model1,2026-06-15 06:49:36
7b9c460a-580e-404a-b04b-56b29c2dcb76,2026-04-08,8,2026-04-20,ILC,6.1,6.531101,-0.031746031746031744,0.03668273441375258,0,model1,2026-06-15 06:49:36
7b9c460a-580e-404a-b04b-56b29c2dcb76,2026-04-08,9,2026-04-15,MCG,2.5,2.4853046,0.04166666666666674,0.03554358084996556,1,model1,2026-06-15 06:49:36
7b9c460a-580e-404a-b04b-56b29c2dcb76,2026-04-08,10,2026-04-15,PTL,2.88,2.8625686,0.03971119133573997,0.033418273237207696,1,model1,2026-06-15 06:49:36
7b9c460a-580e-404a-b04b-56b29c2dcb76,2026-04-09,1,2026-04-16,HHG,0.9,1.2126082,-0.09999999999999998,0.2126082181930542,0,model1,2026-06-15 06:49:36
7b9c460a-580e-404a-b04b-56b29c2dcb76,2026-04-09,2,2026-04-16,GEE,106.93,128.22696,-0.042960708851696006,0.14765022132386663,0,model1,2026-06-15 06:49:36
7b9c460a-580e-404a-b04b-56b29c2dcb76,2026-04-09,3,2026-05-15,VMG,2.7,2.776402,0.03846153846153855,0.06784692177405716,1,model1,2026-06-15 06:49:36
7b9c460a-580e-404a-b04b-56b29c2dcb76,2026-04-09,4,2026-05-15,VTA,1.8,2.02354,-0.05263157894736836,0.06502106315211242,0,model1,2026-06-15 06:49:36
7b9c460a-580e-404a-b04b-56b29c2dcb76,2026-04-09,5,2026-04-16,DRH,2.4,2.751055,-0.08045977011494254,0.05404406215039259,0,model1,2026-06-15 06:49:36
7b9c460a-580e-404a-b04b-56b29c2dcb76,2026-04-09,6,2026-04-17,GPC,2.0,2.1021225,0.0,0.051061272621154785,0,model1,2026-06-15 06:49:36
7b9c460a-580e-404a-b04b-56b29c2dcb76,2026-04-09,7,2026-04-16,MCG,2.5,2.5185058,0.04166666666666674,0.04937742153803515,1,model1,2026-06-15 06:49:36
7b9c460a-580e-404a-b04b-56b29c2dcb76,2026-04-09,8,2026-05-20,HAV,3.1,2.930454,0.1071428571428572,0.04659071990421837,1,model1,2026-06-15 06:49:36
7b9c460a-580e-404a-b04b-56b29c2dcb76,2026-04-09,9,2026-04-16,CTR,86.8,89.69251,0.012835472578763163,0.04658707715527455,1,model1,2026-06-15 06:49:36
7b9c460a-580e-404a-b04b-56b29c2dcb76,2026-04-09,10,2026-04-17,PV2,2.1,2.301864,-0.045454545454545525,0.046301776712590836,0,model1,2026-06-15 06:49:36
7b9c460a-580e-404a-b04b-56b29c2dcb76,2026-04-10,1,2026-06-05,G20,0.5,0.80638754,0.0,0.6127750873565674,0,model1,2026-06-15 06:49:36
7b9c460a-580e-404a-b04b-56b29c2dcb76,2026-04-10,2,2026-06-05,ACM,0.5,0.80638754,-0.16666666666666663,0.34397923946380615,0,model1,2026-06-15 06:49:36
7b9c460a-580e-404a-b04b-56b29c2dcb76,2026-04-10,3,2026-06-05,FTM,0.5,0.80638754,-0.16666666666666663,0.34397923946380615,0,model1,2026-06-15 06:49:36
7b9c460a-580e-404a-b04b-56b29c2dcb76,2026-04-10,4,2026-06-05,PXM,0.5,0.80638754,-0.16666666666666663,0.34397923946380615,0,model1,2026-06-15 06:49:36
7b9c460a-580e-404a-b04b-56b29c2dcb76,2026-04-10,5,2026-06-05,VKC,1.0,1.0829942,0.11111111111111116,0.20332691404554581,1,model1,2026-06-15 06:49:36
7b9c460a-580e-404a-b04b-56b29c2dcb76,2026-04-10,6,2026-04-17,HHG,0.9,1.2011809,-0.09999999999999998,0.20118093490600586,0,model1,2026-06-15 06:49:36
7b9c460a-580e-404a-b04b-56b29c2dcb76,2026-04-10,7,2026-06-05,KSQ,1.1,1.5200511,-0.15384615384615385,0.16927009362440848,0,model1,2026-06-15 06:49:36
7b9c460a-580e-404a-b04b-56b29c2dcb76,2026-04-10,8,2026-06-05,PVR,1.0,1.1478881,0.0,0.14788806438446045,0,model1,2026-06-15 06:49:36
7b9c460a-580e-404a-b04b-56b29c2dcb76,2026-04-10,9,2026-04-17,GEE,102.59,128.22696,-0.08369060378706672,0.14529259761089341,0,model1,2026-06-15 06:49:36
7b9c460a-580e-404a-b04b-56b29c2dcb76,2026-04-10,10,2026-06-05,LMH,1.3,1.4662274,0.0,0.1278672401721661,0,model1,2026-06-15 06:49:36
7b9c460a-580e-404a-b04b-56b29c2dcb76,2026-04-13,1,2026-04-20,HHG,0.9,1.152747,-0.09999999999999998,0.1527470350265503,0,model1,2026-06-15 06:49:36
7b9c460a-580e-404a-b04b-56b29c2dcb76,2026-04-13,2,2026-04-20,DTI,2.0,2.124299,0.0,0.0621495246887207,0,model1,2026-06-15 06:49:36
7b9c460a-580e-404a-b04b-56b29c2dcb76,2026-04-13,3,2026-04-21,GPC,2.0,2.124299,0.0,0.0621495246887207,0,model1,2026-06-15 06:49:36
7b9c460a-580e-404a-b04b-56b29c2dcb76,2026-04-13,4,2026-04-20,MCG,2.6,2.4337409,0.1304347826086958,0.05814819750578515,1,model1,2026-06-15 06:49:36
7b9c460a-580e-404a-b04b-56b29c2dcb76,2026-04-13,5,2026-04-20,CTR,87.1,89.57116,0.02230046948356801,0.05130468735672489,1,model1,2026-06-15 06:49:36
7b9c460a-580e-404a-b04b-56b29c2dcb76,2026-04-13,6,2026-04-20,DRH,2.36,2.639368,-0.0634920634920636,0.04736827668689547,0,model1,2026-06-15 06:49:36
7b9c460a-580e-404a-b04b-56b29c2dcb76,2026-04-13,7,2026-05-15,NTF,12.1,11.295066,0.12037037037037024,0.04583943331683127,1,model1,2026-06-15 06:49:36
7b9c460a-580e-404a-b04b-56b29c2dcb76,2026-04-13,8,2026-04-20,TTF,2.65,2.7561915,0.0,0.04007226116252394,0,model1,2026-06-15 06:49:36
7b9c460a-580e-404a-b04b-56b29c2dcb76,2026-04-13,9,2026-04-20,VVS,133.7,117.57267,0.18005295675198574,0.03771112076707994,1,model1,2026-06-15 06:49:36
7b9c460a-580e-404a-b04b-56b29c2dcb76,2026-04-13,10,2026-04-20,LG9,4.5,4.7662396,-0.021739130434782483,0.03613905284715746,0,model1,2026-06-15 06:49:36
7b9c460a-580e-404a-b04b-56b29c2dcb76,2026-04-14,1,2026-04-21,HHG,1.0,1.152747,0.0,0.1527470350265503,0,model1,2026-06-15 06:49:36
7b9c460a-580e-404a-b04b-56b29c2dcb76,2026-04-14,2,2026-04-21,GEE,107.44,128.22696,-0.035893754486719276,0.1506367482817268,0,model1,2026-06-15 06:49:36
7b9c460a-580e-404a-b04b-56b29c2dcb76,2026-04-14,3,2026-04-21,VVS,143.0,136.85849,0.17986798679867988,0.12919546196563014,1,model1,2026-06-15 06:49:36
7b9c460a-580e-404a-b04b-56b29c2dcb76,2026-04-14,4,2026-04-21,EIN,2.4,2.2478845,0.1428571428571428,0.07042119616553899,1,model1,2026-06-15 06:49:36
7b9c460a-580e-404a-b04b-56b29c2dcb76,2026-04-14,5,2026-04-21,LG9,5.0,4.59867,0.16279069767441867,0.0694581408833348,1,model1,2026-06-15 06:49:36
7b9c460a-580e-404a-b04b-56b29c2dcb76,2026-04-14,6,2026-04-24,BTN,2.6,2.7621012,0.0,0.06234660515418411,0,model1,2026-06-15 06:49:36
7b9c460a-580e-404a-b04b-56b29c2dcb76,2026-04-14,7,2026-04-22,DTI,2.0,2.124299,0.0,0.0621495246887207,0,model1,2026-06-15 06:49:36
7b9c460a-580e-404a-b04b-56b29c2dcb76,2026-04-14,8,2026-04-22,GPC,2.0,2.124299,0.0,0.0621495246887207,0,model1,2026-06-15 06:49:36
7b9c460a-580e-404a-b04b-56b29c2dcb76,2026-04-14,9,2026-04-21,DRH,2.3,2.639368,-0.08366533864541836,0.05154105866572789,0,model1,2026-06-15 06:49:36
7b9c460a-580e-404a-b04b-56b29c2dcb76,2026-04-14,10,2026-04-22,E12,3.9,3.9709404,0.026315789473684292,0.044984303022685745,1,model1,2026-06-15 06:49:36
7b9c460a-580e-404a-b04b-56b29c2dcb76,2026-04-15,1,2026-04-22,HHG,0.9,1.0878532,0.0,0.20872577031453443,0,model1,2026-06-15 06:49:36
7b9c460a-580e-404a-b04b-56b29c2dcb76,2026-04-15,2,2026-04-22,VVS,133.0,147.19711,0.06485188150520416,0.17851972007293337,1,model1,2026-06-15 06:49:36
7b9c460a-580e-404a-b04b-56b29c2dcb76,2026-04-15,3,2026-04-23,DTI,2.0,2.124299,0.0,0.0621495246887207,0,model1,2026-06-15 06:49:36
7b9c460a-580e-404a-b04b-56b29c2dcb76,2026-04-15,4,2026-04-23,EIN,2.3,2.4292433,0.0,0.05619275051614525,0,model1,2026-06-15 06:49:36
7b9c460a-580e-404a-b04b-56b29c2dcb76,2026-04-15,5,2026-05-18,BMV,4.6,4.3301053,0.12195121951219523,0.05612324505317501,1,model1,2026-06-15 06:49:36
7b9c460a-580e-404a-b04b-56b29c2dcb76,2026-04-15,6,2026-05-25,SDU,8.8,9.208738,0.0,0.04644753716208716,0,model1,2026-06-15 06:49:36
7b9c460a-580e-404a-b04b-56b29c2dcb76,2026-04-15,7,2026-04-22,PV2,2.1,2.301864,-0.045454545454545525,0.046301776712590836,0,model1,2026-06-15 06:49:36
7b9c460a-580e-404a-b04b-56b29c2dcb76,2026-04-15,8,2026-04-22,KMR,2.72,2.8186088,0.0,0.036253220894757465,0,model1,2026-06-15 06:49:36
7b9c460a-580e-404a-b04b-56b29c2dcb76,2026-04-15,9,2026-04-22,VPG,3.8,3.7607346,0.04683195592286493,0.03601502978112081,1,model1,2026-06-15 06:49:36
7b9c460a-580e-404a-b04b-56b29c2dcb76,2026-04-15,10,2026-04-22,DLG,2.73,3.0136056,-0.061855670103092786,0.035603297125432753,0,model1,2026-06-15 06:49:36
7b9c460a-580e-404a-b04b-56b29c2dcb76,2026-04-16,1,2026-04-23,HHG,1.0,1.0829942,0.11111111111111116,0.20332691404554581,1,model1,2026-06-15 06:49:36
7b9c460a-580e-404a-b04b-56b29c2dcb76,2026-04-16,2,2026-04-23,VVS,124.6,147.39917,-0.041538461538461635,0.13383976862980762,0,model1,2026-06-15 06:49:36
7b9c460a-580e-404a-b04b-56b29c2dcb76,2026-04-16,3,2026-04-24,DTI,1.9,2.124299,-0.050000000000000044,0.0621495246887207,0,model1,2026-06-15 06:49:36
7b9c460a-580e-404a-b04b-56b29c2dcb76,2026-04-16,4,2026-04-24,EIN,2.3,2.4206488,0.0,0.05245600575986131,0,model1,2026-06-15 06:49:36
7b9c460a-580e-404a-b04b-56b29c2dcb76,2026-04-16,5,2026-04-23,DRH,2.45,2.5185058,0.02083333333333348,0.04937742153803515,1,model1,2026-06-15 06:49:36
7b9c460a-580e-404a-b04b-56b29c2dcb76,2026-04-16,6,2026-04-23,DLG,2.68,2.9447548,-0.0462633451957295,0.047955458698747844,0,model1,2026-06-15 06:49:36
7b9c460a-580e-404a-b04b-56b29c2dcb76,2026-04-16,7,2026-04-23,PV2,2.1,2.2989383,-0.045454545454545525,0.04497194290161133,0,model1,2026-06-15 06:49:36
7b9c460a-580e-404a-b04b-56b29c2dcb76,2026-04-16,8,2026-04-23,HU3,3.1,3.0145185,0.06896551724137945,0.03948913771530682,1,model1,2026-06-15 06:49:36
7b9c460a-580e-404a-b04b-56b29c2dcb76,2026-04-16,9,2026-04-23,TTF,2.64,2.7561915,-0.007518796992481258,0.03616221506792794,0,model1,2026-06-15 06:49:36
7b9c460a-580e-404a-b04b-56b29c2dcb76,2026-04-16,10,2026-04-23,VPG,3.73,3.7489412,0.03038674033149169,0.0356191113508868,1,model1,2026-06-15 06:49:36
7b9c460a-580e-404a-b04b-56b29c2dcb76,2026-04-17,1,2026-04-24,HHG,1.0,1.0829942,0.11111111111111116,0.20332691404554581,1,model1,2026-06-15 06:49:36
7b9c460a-580e-404a-b04b-56b29c2dcb76,2026-04-17,2,2026-04-24,VVS,129.0,148.52223,0.03200000000000003,0.18817785644531249,1,model1,2026-06-15 06:49:36
7b9c460a-580e-404a-b04b-56b29c2dcb76,2026-04-17,3,2026-04-24,PV2,2.2,2.2449589,0.04761904761904767,0.06902803693498871,1,model1,2026-06-15 06:49:36
7b9c460a-580e-404a-b04b-56b29c2dcb76,2026-04-17,4,2026-04-24,GPC,2.0,2.124299,0.0,0.0621495246887207,0,model1,2026-06-15 06:49:36
7b9c460a-580e-404a-b04b-56b29c2dcb76,2026-04-17,5,2026-04-24,DRH,2.41,2.5185058,0.008368200836819994,0.05376812204656245,1,model1,2026-06-15 06:49:36
7b9c460a-580e-404a-b04b-56b29c2dcb76,2026-04-17,6,2026-04-24,DLG,2.67,2.9447548,-0.046428571428571375,0.051698156765529246,0,model1,2026-06-15 06:49:36
7b9c460a-580e-404a-b04b-56b29c2dcb76,2026-04-17,7,2026-04-28,EIN,2.3,2.4152215,0.0,0.05009628378826636,0,model1,2026-06-15 06:49:36
7b9c460a-580e-404a-b04b-56b29c2dcb76,2026-04-17,8,2026-05-07,GMC,4.7,4.496756,0.09302325581395365,0.04575722716575448,1,model1,2026-06-15 06:49:36
7b9c460a-580e-404a-b04b-56b29c2dcb76,2026-04-17,9,2026-04-24,TTF,2.6,2.7561915,-0.015151515151515138,0.044011928818442625,0,model1,2026-06-15 06:49:36
7b9c460a-580e-404a-b04b-56b29c2dcb76,2026-04-17,10,2026-04-28,PND,5.9,5.9449553,0.03508771929824572,0.04297462262605367,1,model1,2026-06-15 06:49:36
7b9c460a-580e-404a-b04b-56b29c2dcb76,2026-04-20,1,2026-04-28,HHG,0.9,1.0829942,0.0,0.20332691404554581,0,model1,2026-06-15 06:49:36
7b9c460a-580e-404a-b04b-56b29c2dcb76,2026-04-20,2,2026-04-28,VVS,120.0,153.21521,-0.10246821241585635,0.14596267734433432,0,model1,2026-06-15 06:49:36
7b9c460a-580e-404a-b04b-56b29c2dcb76,2026-04-20,3,2026-05-04,DTI,2.0,2.124299,0.0,0.0621495246887207,0,model1,2026-06-15 06:49:36
7b9c460a-580e-404a-b04b-56b29c2dcb76,2026-04-20,4,2026-04-28,GPC,2.1,2.124299,0.050000000000000044,0.0621495246887207,1,model1,2026-06-15 06:49:36
7b9c460a-580e-404a-b04b-56b29c2dcb76,2026-04-20,5,2026-05-12,BLN,6.9,7.009418,0.045454545454545636,0.06203303192601073,1,model1,2026-06-15 06:49:36
7b9c460a-580e-404a-b04b-56b29c2dcb76,2026-04-20,6,2026-04-28,MCG,2.8,2.7480204,0.07692307692307687,0.05693092712989212,1,model1,2026-06-15 06:49:36
7b9c460a-580e-404a-b04b-56b29c2dcb76,2026-04-20,7,2026-05-06,BTN,2.6,2.74329,0.0,0.05511151827298666,0,model1,2026-06-15 06:49:36
7b9c460a-580e-404a-b04b-56b29c2dcb76,2026-04-20,8,2026-04-28,DRH,2.38,2.4853046,0.008474576271186418,0.05309516696606664,1,model1,2026-06-15 06:49:36
7b9c460a-580e-404a-b04b-56b29c2dcb76,2026-04-20,9,2026-04-28,PV2,2.2,2.2989383,0.0,0.04497194290161133,0,model1,2026-06-15 06:49:36
7b9c460a-580e-404a-b04b-56b29c2dcb76,2026-04-20,10,2026-04-28,FCM,3.2,3.3811138,-0.012345679012345734,0.04355363198268547,0,model1,2026-06-15 06:49:36
7b9c460a-580e-404a-b04b-56b29c2dcb76,2026-04-21,1,2026-04-29,HHG,0.9,1.1478881,-0.09999999999999998,0.14788806438446045,0,model1,2026-06-15 06:49:36
7b9c460a-580e-404a-b04b-56b29c2dcb76,2026-04-21,2,2026-04-29,PV2,2.2,2.2449589,0.04761904761904767,0.06902803693498871,1,model1,2026-06-15 06:49:36
7b9c460a-580e-404a-b04b-56b29c2dcb76,2026-04-21,3,2026-04-29,GPC,2.0,2.124299,0.0,0.0621495246887207,0,model1,2026-06-15 06:49:36
7b9c460a-580e-404a-b04b-56b29c2dcb76,2026-04-21,4,2026-04-29,MCG,2.7,2.735776,0.03846153846153855,0.05222151829646182,1,model1,2026-06-15 06:49:36
7b9c460a-580e-404a-b04b-56b29c2dcb76,2026-04-21,5,2026-04-29,DRH,2.39,2.4111245,0.039130434782608914,0.04831498602162254,1,model1,2026-06-15 06:49:36
7b9c460a-580e-404a-b04b-56b29c2dcb76,2026-04-21,6,2026-05-26,SDU,9.5,8.594945,0.1585365853658538,0.04816401877054366,1,model1,2026-06-15 06:49:36
7b9c460a-580e-404a-b04b-56b29c2dcb76,2026-04-21,7,2026-04-29,TTF,2.63,2.7561915,0.0,0.04798155592421627,0,model1,2026-06-15 06:49:36
7b9c460a-580e-404a-b04b-56b29c2dcb76,2026-04-21,8,2026-05-04,EIN,2.3,2.5140083,-0.04166666666666674,0.04750345150629687,0,model1,2026-06-15 06:49:36
7b9c460a-580e-404a-b04b-56b29c2dcb76,2026-04-21,9,2026-05-08,BTN,2.6,2.8239698,-0.03703703703703709,0.04591475592719174,0,model1,2026-06-15 06:49:36
7b9c460a-580e-404a-b04b-56b29c2dcb76,2026-04-21,10,2026-04-29,KMR,2.74,2.8572075,0.0,0.04277647324722178,0,model1,2026-06-15 06:49:36
7b9c460a-580e-404a-b04b-56b29c2dcb76,2026-04-22,1,2026-05-04,HHG,0.9,1.0878532,0.0,0.20872577031453443,0,model1,2026-06-15 06:49:36
7b9c460a-580e-404a-b04b-56b29c2dcb76,2026-04-22,2,2026-05-04,VVS,114.8,146.26987,-0.13684210526315788,0.09977343566435626,0,model1,2026-06-15 06:49:36
7b9c460a-580e-404a-b04b-56b29c2dcb76,2026-04-22,3,2026-05-04,GPC,2.0,2.1384854,0.0,0.06924271583557129,0,model1,2026-06-15 06:49:36
7b9c460a-580e-404a-b04b-56b29c2dcb76,2026-04-22,4,2026-05-04,PV2,2.1,2.2449589,0.0,0.06902803693498871,0,model1,2026-06-15 06:49:36
7b9c460a-580e-404a-b04b-56b29c2dcb76,2026-04-22,5,2026-05-05,DTI,1.9,2.124299,-0.050000000000000044,0.0621495246887207,0,model1,2026-06-15 06:49:36
7b9c460a-580e-404a-b04b-56b29c2dcb76,2026-04-22,6,2026-05-04,MCG,2.6,2.639368,0.040000000000000036,0.05574722290039058,1,model1,2026-06-15 06:49:36
7b9c460a-580e-404a-b04b-56b29c2dcb76,2026-04-22,7,2026-05-04,CTR,85.1,89.33941,0.0011764705882353343,0.051051869111902626,1,model1,2026-06-15 06:49:36
7b9c460a-580e-404a-b04b-56b29c2dcb76,2026-04-22,8,2026-05-07,HU3,2.9,3.1480927,-0.033333333333333326,0.04936424891153979,0,model1,2026-06-15 06:49:36
7b9c460a-580e-404a-b04b-56b29c2dcb76,2026-04-22,9,2026-05-04,TTF,2.65,2.7561915,0.0037878787878786735,0.044011928818442625,1,model1,2026-06-15 06:49:36
7b9c460a-580e-404a-b04b-56b29c2dcb76,2026-04-22,10,2026-05-04,KMR,2.74,2.8186088,0.007352941176470562,0.036253220894757465,1,model1,2026-06-15 06:49:36
7b9c460a-580e-404a-b04b-56b29c2dcb76,2026-04-23,1,2026-05-05,VVS,115.2,144.98723,-0.07544141252006409,0.1636214156786091,0,model1,2026-06-15 06:49:36
7b9c460a-580e-404a-b04b-56b29c2dcb76,2026-04-23,2,2026-05-05,HHG,0.9,1.152747,-0.09999999999999998,0.1527470350265503,0,model1,2026-06-15 06:49:36
7b9c460a-580e-404a-b04b-56b29c2dcb76,2026-04-23,3,2026-05-05,VHM,151.2,171.5026,0.014765100671140896,0.15102412076604455,1,model1,2026-06-15 06:49:36
7b9c460a-580e-404a-b04b-56b29c2dcb76,2026-04-23,4,2026-05-05,PV2,2.2,2.2449589,0.04761904761904767,0.06902803693498871,1,model1,2026-06-15 06:49:36
7b9c460a-580e-404a-b04b-56b29c2dcb76,2026-04-23,5,2026-05-06,DTI,2.0,2.124299,0.0,0.0621495246887207,0,model1,2026-06-15 06:49:36
7b9c460a-580e-404a-b04b-56b29c2dcb76,2026-04-23,6,2026-05-05,GPC,2.0,2.124299,0.0,0.0621495246887207,0,model1,2026-06-15 06:49:36
7b9c460a-580e-404a-b04b-56b29c2dcb76,2026-04-23,7,2026-05-05,EIN,2.1,2.4206488,-0.08695652173913038,0.05245600575986131,0,model1,2026-06-15 06:49:36
7b9c460a-580e-404a-b04b-56b29c2dcb76,2026-04-23,8,2026-05-05,TTF,2.61,2.7561915,-0.011363636363636465,0.044011928818442625,0,model1,2026-06-15 06:49:36
7b9c460a-580e-404a-b04b-56b29c2dcb76,2026-04-23,9,2026-05-12,BTN,2.5,2.8186088,-0.07407407407407418,0.04392917067916291,0,model1,2026-06-15 06:49:36
7b9c460a-580e-404a-b04b-56b29c2dcb76,2026-04-23,10,2026-05-05,DLG,2.73,2.794195,0.018656716417910335,0.042610051026984674,1,model1,2026-06-15 06:49:36
7b9c460a-580e-404a-b04b-56b29c2dcb76,2026-04-24,1,2026-05-06,HHG,0.9,1.1478881,-0.09999999999999998,0.14788806438446045,0,model1,2026-06-15 06:49:36
7b9c460a-580e-404a-b04b-56b29c2dcb76,2026-04-24,2,2026-05-06,VVS,112.9,147.60829,-0.12480620155038757,0.1442503226819889,0,model1,2026-06-15 06:49:36
7b9c460a-580e-404a-b04b-56b29c2dcb76,2026-04-24,3,2026-05-06,VHM,151.0,160.62715,0.06940509915014181,0.137586058705792,1,model1,2026-06-15 06:49:36
7b9c460a-580e-404a-b04b-56b29c2dcb76,2026-04-24,4,2026-05-07,DTI,1.9,2.032119,0.0,0.06953633458990804,0,model1,2026-06-15 06:49:36
7b9c460a-580e-404a-b04b-56b29c2dcb76,2026-04-24,5,2026-05-06,GPC,2.0,2.124299,0.0,0.0621495246887207,0,model1,2026-06-15 06:49:36
7b9c460a-580e-404a-b04b-56b29c2dcb76,2026-04-24,6,2026-05-06,TTF,2.59,2.7561915,-0.0038461538461539435,0.06007365080026483,0,model1,2026-06-15 06:49:36
7b9c460a-580e-404a-b04b-56b29c2dcb76,2026-04-24,7,2026-05-06,EIN,2.2,2.4292433,-0.04347826086956508,0.05619275051614525,0,model1,2026-06-15 06:49:36
7b9c460a-580e-404a-b04b-56b29c2dcb76,2026-04-24,8,2026-05-14,BTN,2.5,2.7379289,-0.03846153846153855,0.053049564361572266,0,model1,2026-06-15 06:49:36
7b9c460a-580e-404a-b04b-56b29c2dcb76,2026-04-24,9,2026-05-06,PV2,2.2,2.2989383,0.0,0.04497194290161133,0,model1,2026-06-15 06:49:36
7b9c460a-580e-404a-b04b-56b29c2dcb76,2026-04-24,10,2026-05-06,MCG,2.6,2.7116036,0.0,0.04292447750384998,0,model1,2026-06-15 06:49:36
7b9c460a-580e-404a-b04b-56b29c2dcb76,2026-04-28,1,2026-05-07,VVS,116.2,148.52783,-0.03166666666666662,0.23773193359375,0,model1,2026-06-15 06:49:36
7b9c460a-580e-404a-b04b-56b29c2dcb76,2026-04-28,2,2026-05-07,HHG,0.9,1.0829942,0.0,0.20332691404554581,0,model1,2026-06-15 06:49:36
7b9c460a-580e-404a-b04b-56b29c2dcb76,2026-04-28,3,2026-05-07,VHM,161.5,173.43254,0.06953642384105962,0.14855987346724953,1,model1,2026-06-15 06:49:36
7b9c460a-580e-404a-b04b-56b29c2dcb76,2026-04-28,4,2026-05-07,EIN,2.3,2.4206488,0.0,0.05245600575986131,0,model1,2026-06-15 06:49:36
7b9c460a-580e-404a-b04b-56b29c2dcb76,2026-04-28,5,2026-05-07,TTF,2.6,2.7561915,-0.007633587786259555,0.05198148552698023,0,model1,2026-06-15 06:49:36
7b9c460a-580e-404a-b04b-56b29c2dcb76,2026-04-28,6,2026-05-08,DTI,2.0,2.1021225,0.0,0.051061272621154785,0,model1,2026-06-15 06:49:36
7b9c460a-580e-404a-b04b-56b29c2dcb76,2026-04-28,7,2026-05-19,BTN,2.5,2.7320192,-0.03846153846153855,0.05077661000765277,0,model1,2026-06-15 06:49:36
7b9c460a-580e-404a-b04b-56b29c2dcb76,2026-04-28,8,2026-05-07,GPC,2.0,2.205374,-0.04761904761904767,0.05017809640793569,0,model1,2026-06-15 06:49:36
7b9c460a-580e-404a-b04b-56b29c2dcb76,2026-04-28,9,2026-05-07,DST,4.8,5.1427336,-0.020408163265306256,0.04953746406399473,0,model1,2026-06-15 06:49:36
7b9c460a-580e-404a-b04b-56b29c2dcb76,2026-04-28,10,2026-05-08,RIC,9.0,8.591402,0.09756097560975618,0.047731957784513224,1,model1,2026-06-15 06:49:36
7b9c460a-580e-404a-b04b-56b29c2dcb76,2026-04-29,1,2026-05-08,VVS,114.1,146.31,0.009734513274336276,0.29477873945658195,1,model1,2026-06-15 06:49:36
7b9c460a-580e-404a-b04b-56b29c2dcb76,2026-04-29,2,2026-05-08,HHG,0.9,1.0829942,0.0,0.20332691404554581,0,model1,2026-06-15 06:49:36
7b9c460a-580e-404a-b04b-56b29c2dcb76,2026-04-29,3,2026-05-08,VHM,164.0,171.65761,0.12328767123287676,0.17573704131662038,1,model1,2026-06-15 06:49:36
7b9c460a-580e-404a-b04b-56b29c2dcb76,2026-04-29,4,2026-05-15,PEG,3.9,3.6466994,0.1470588235294117,0.07255865545833817,1,model1,2026-06-15 06:49:36
7b9c460a-580e-404a-b04b-56b29c2dcb76,2026-04-29,5,2026-05-08,GPC,2.0,2.124299,0.0,0.0621495246887207,0,model1,2026-06-15 06:49:36
7b9c460a-580e-404a-b04b-56b29c2dcb76,2026-04-29,6,2026-05-08,EIN,2.2,2.4152215,-0.04347826086956508,0.05009628378826636,0,model1,2026-06-15 06:49:36
7b9c460a-580e-404a-b04b-56b29c2dcb76,2026-04-29,7,2026-05-08,TTF,2.58,2.7561915,-0.019011406844106404,0.04798155592421627,0,model1,2026-06-15 06:49:36
7b9c460a-580e-404a-b04b-56b29c2dcb76,2026-04-29,8,2026-05-08,PV2,2.1,2.2989383,-0.045454545454545525,0.04497194290161133,0,model1,2026-06-15 06:49:36
7b9c460a-580e-404a-b04b-56b29c2dcb76,2026-04-29,9,2026-05-08,KMR,2.72,2.8625686,-0.007299270072992692,0.04473307184929398,0,model1,2026-06-15 06:49:36
7b9c460a-580e-404a-b04b-56b29c2dcb76,2026-04-29,10,2026-05-08,CTR,83.4,89.62815,-0.029103608847497076,0.04340105867219335,0,model1,2026-06-15 06:49:36
7b9c460a-580e-404a-b04b-56b29c2dcb76,2026-05-04,1,2026-05-11,VVS,111.4,152.41295,-0.029616724738675937,0.32763892516026516,0,model1,2026-06-15 06:49:36
7b9c460a-580e-404a-b04b-56b29c2dcb76,2026-05-04,2,2026-05-11,HHG,0.8,1.0829942,-0.11111111111111105,0.20332691404554581,0,model1,2026-06-15 06:49:36
7b9c460a-580e-404a-b04b-56b29c2dcb76,2026-05-04,3,2026-05-11,GPC,1.9,2.1384854,-0.050000000000000044,0.06924271583557129,0,model1,2026-06-15 06:49:36
7b9c460a-580e-404a-b04b-56b29c2dcb76,2026-05-04,4,2026-05-11,PV2,2.1,2.2449589,0.0,0.06902803693498871,0,model1,2026-06-15 06:49:36
7b9c460a-580e-404a-b04b-56b29c2dcb76,2026-05-04,5,2026-05-21,VGV,48.0,45.173126,0.12941176470588234,0.0628970875459558,1,model1,2026-06-15 06:49:36
7b9c460a-580e-404a-b04b-56b29c2dcb76,2026-05-04,6,2026-05-11,MCG,2.5,2.7561915,-0.03846153846153855,0.06007365080026483,0,model1,2026-06-15 06:49:36
7b9c460a-580e-404a-b04b-56b29c2dcb76,2026-05-04,7,2026-05-12,VNI,7.0,6.623154,0.11111111111111116,0.051294311644539015,1,model1,2026-06-15 06:49:36
7b9c460a-580e-404a-b04b-56b29c2dcb76,2026-05-04,8,2026-05-11,CTR,82.3,89.45897,-0.03290246768507632,0.05122172874513442,0,model1,2026-06-15 06:49:36
7b9c460a-580e-404a-b04b-56b29c2dcb76,2026-05-04,9,2026-05-11,VPH,3.65,3.6330876,0.05187319884726227,0.04699931845541294,1,model1,2026-06-15 06:49:36
7b9c460a-580e-404a-b04b-56b29c2dcb76,2026-05-04,10,2026-05-11,KMR,2.72,2.8625686,-0.007299270072992692,0.04473307184929398,0,model1,2026-06-15 06:49:36
7b9c460a-580e-404a-b04b-56b29c2dcb76,2026-05-05,1,2026-05-12,VVS,111.9,170.70024,-0.02864583333333326,0.48177292611863876,0,model1,2026-06-15 06:49:36
7b9c460a-580e-404a-b04b-56b29c2dcb76,2026-05-05,2,2026-05-12,HHG,0.9,1.0829942,0.0,0.20332691404554581,0,model1,2026-06-15 06:49:36
7b9c460a-580e-404a-b04b-56b29c2dcb76,2026-05-05,3,2026-05-12,EIN,2.3,2.2449589,0.09523809523809512,0.06902803693498871,1,model1,2026-06-15 06:49:36
7b9c460a-580e-404a-b04b-56b29c2dcb76,2026-05-05,4,2026-05-12,GPC,1.9,2.124299,-0.050000000000000044,0.0621495246887207,0,model1,2026-06-15 06:49:36
7b9c460a-580e-404a-b04b-56b29c2dcb76,2026-05-05,5,2026-05-12,CTR,82.5,88.92277,-0.017857142857142905,0.05860437665666862,0,model1,2026-06-15 06:49:36
7b9c460a-580e-404a-b04b-56b29c2dcb76,2026-05-05,6,2026-05-12,DTI,2.0,2.0099425,0.05263157894736836,0.057864490308259686,1,model1,2026-06-15 06:49:36
7b9c460a-580e-404a-b04b-56b29c2dcb76,2026-05-05,7,2026-05-12,DRH,2.19,2.4111245,-0.039473684210526216,0.05751073151304009,0,model1,2026-06-15 06:49:36
7b9c460a-580e-404a-b04b-56b29c2dcb76,2026-05-05,8,2026-05-12,TTF,2.49,2.7561915,-0.045977011494252706,0.05601206593129837,0,model1,2026-06-15 06:49:36
7b9c460a-580e-404a-b04b-56b29c2dcb76,2026-05-05,9,2026-05-12,UDC,3.1,3.1665602,0.03333333333333344,0.055520057678222656,1,model1,2026-06-15 06:49:36
7b9c460a-580e-404a-b04b-56b29c2dcb76,2026-05-05,10,2026-05-12,PV2,2.2,2.2989383,0.0,0.04497194290161133,0,model1,2026-06-15 06:49:36
7b9c460a-580e-404a-b04b-56b29c2dcb76,2026-05-06,1,2026-05-13,VVS,111.0,205.8724,-0.016829052258635957,0.8234934101493301,0,model1,2026-06-15 06:49:36
7b9c460a-580e-404a-b04b-56b29c2dcb76,2026-05-06,2,2026-05-13,HHG,0.9,1.0829942,0.0,0.20332691404554581,0,model1,2026-06-15 06:49:36
7b9c460a-580e-404a-b04b-56b29c2dcb76,2026-05-06,3,2026-05-13,CTR,85.9,89.302216,0.02261904761904776,0.06312161400204608,1,model1,2026-06-15 06:49:36
7b9c460a-580e-404a-b04b-56b29c2dcb76,2026-05-06,4,2026-05-13,GPC,1.9,2.124299,-0.050000000000000044,0.0621495246887207,0,model1,2026-06-15 06:49:36
7b9c460a-580e-404a-b04b-56b29c2dcb76,2026-05-06,5,2026-05-13,EIN,2.3,2.333206,0.04545454545454519,0.060548153790560555,1,model1,2026-06-15 06:49:36
7b9c460a-580e-404a-b04b-56b29c2dcb76,2026-05-06,6,2026-05-13,MCG,2.6,2.746822,0.0,0.05647004567659808,0,model1,2026-06-15 06:49:36
7b9c460a-580e-404a-b04b-56b29c2dcb76,2026-05-06,7,2026-06-01,BTN,2.7,2.7320192,0.03846153846153855,0.05077661000765277,1,model1,2026-06-15 06:49:36
7b9c460a-580e-404a-b04b-56b29c2dcb76,2026-05-06,8,2026-05-13,DRH,2.2,2.406627,-0.04347826086956508,0.04635953903198242,0,model1,2026-06-15 06:49:36
7b9c460a-580e-404a-b04b-56b29c2dcb76,2026-05-06,9,2026-05-13,PV2,2.1,2.2989383,-0.045454545454545525,0.04497194290161133,0,model1,2026-06-15 06:49:36
7b9c460a-580e-404a-b04b-56b29c2dcb76,2026-05-06,10,2026-05-13,KMR,2.76,2.8572075,0.0036363636363636598,0.03898455879905005,1,model1,2026-06-15 06:49:36
7b9c460a-580e-404a-b04b-56b29c2dcb76,2026-05-07,1,2026-05-14,VVS,110.4,207.8668,-0.04991394148020656,0.7888709641159504,0,model1,2026-06-15 06:49:36
7b9c460a-580e-404a-b04b-56b29c2dcb76,2026-05-07,2,2026-05-14,HHG,0.9,1.0829942,0.0,0.20332691404554581,0,model1,2026-06-15 06:49:36
7b9c460a-580e-404a-b04b-56b29c2dcb76,2026-05-07,3,2026-05-14,GPC,1.9,2.124299,-0.050000000000000044,0.0621495246887207,0,model1,2026-06-15 06:49:36
7b9c460a-580e-404a-b04b-56b29c2dcb76,2026-05-07,4,2026-05-15,DTI,2.0,2.0099425,0.05263157894736836,0.057864490308259686,1,model1,2026-06-15 06:49:36
7b9c460a-580e-404a-b04b-56b29c2dcb76,2026-05-07,5,2026-05-14,CTR,85.6,89.36704,0.007058823529411784,0.05137697107651662,1,model1,2026-06-15 06:49:36
7b9c460a-580e-404a-b04b-56b29c2dcb76,2026-05-07,6,2026-05-14,TTF,2.43,2.7320192,-0.06538461538461537,0.05077661000765277,0,model1,2026-06-15 06:49:36
7b9c460a-580e-404a-b04b-56b29c2dcb76,2026-05-07,7,2026-05-14,DRH,2.2,2.4206488,-0.04761904761904756,0.047899919154840154,0,model1,2026-06-15 06:49:36
7b9c460a-580e-404a-b04b-56b29c2dcb76,2026-05-07,8,2026-05-14,EIN,2.4,2.4037013,0.04347826086956519,0.04508752408234984,1,model1,2026-06-15 06:49:36
7b9c460a-580e-404a-b04b-56b29c2dcb76,2026-05-07,9,2026-05-14,PV2,2.1,2.2989383,-0.045454545454545525,0.04497194290161133,0,model1,2026-06-15 06:49:36
7b9c460a-580e-404a-b04b-56b29c2dcb76,2026-05-07,10,2026-05-14,DLG,2.66,2.8186088,-0.014814814814814836,0.04392917067916291,0,model1,2026-06-15 06:49:36
7b9c460a-580e-404a-b04b-56b29c2dcb76,2026-05-08,1,2026-05-15,VVS,105.0,206.00032,-0.07975460122699385,0.8054366383397924,0,model1,2026-06-15 06:49:36
7b9c460a-580e-404a-b04b-56b29c2dcb76,2026-05-08,2,2026-05-15,HHG,0.9,1.0829942,0.0,0.20332691404554581,0,model1,2026-06-15 06:49:36
7b9c460a-580e-404a-b04b-56b29c2dcb76,2026-05-08,3,2026-05-15,PV2,2.0,2.2449589,-0.04761904761904767,0.06902803693498871,0,model1,2026-06-15 06:49:36
7b9c460a-580e-404a-b04b-56b29c2dcb76,2026-05-08,4,2026-05-15,CTR,84.9,88.63319,0.017985611510791255,0.06274803765386117,1,model1,2026-06-15 06:49:36
7b9c460a-580e-404a-b04b-56b29c2dcb76,2026-05-08,5,2026-05-15,GPC,1.9,2.124299,-0.050000000000000044,0.0621495246887207,0,model1,2026-06-15 06:49:36
7b9c460a-580e-404a-b04b-56b29c2dcb76,2026-05-08,6,2026-05-15,VHM,158.0,174.04317,-0.03658536585365857,0.06123882386742574,0,model1,2026-06-15 06:49:36
7b9c460a-580e-404a-b04b-56b29c2dcb76,2026-05-08,7,2026-06-02,BTN,3.1,2.7561915,0.1923076923076923,0.06007365080026483,1,model1,2026-06-15 06:49:36
7b9c460a-580e-404a-b04b-56b29c2dcb76,2026-05-08,8,2026-05-15,MCG,2.6,2.6445045,0.040000000000000036,0.05780181884765634,1,model1,2026-06-15 06:49:36
7b9c460a-580e-404a-b04b-56b29c2dcb76,2026-05-08,9,2026-05-19,GMC,4.7,4.326985,0.14634146341463428,0.05536216642798464,1,model1,2026-06-15 06:49:36
7b9c460a-580e-404a-b04b-56b29c2dcb76,2026-05-08,10,2026-05-15,UDC,3.2,3.1512582,0.06666666666666665,0.050419410069783455,1,model1,2026-06-15 06:49:36
7b9c460a-580e-404a-b04b-56b29c2dcb76,2026-05-11,1,2026-05-18,VVS,104.4,206.00032,-0.0628366247755835,0.8491949769710081,0,model1,2026-06-15 06:49:36
7b9c460a-580e-404a-b04b-56b29c2dcb76,2026-05-11,2,2026-05-18,HHG,0.9,1.0278718,0.125,0.28483980894088745,1,model1,2026-06-15 06:49:36
7b9c460a-580e-404a-b04b-56b29c2dcb76,2026-05-11,3,2026-05-18,CTR,87.3,88.0886,0.06075334143377886,0.0703353603729211,1,model1,2026-06-15 06:49:36
7b9c460a-580e-404a-b04b-56b29c2dcb76,2026-05-11,4,2026-05-18,PV2,2.0,2.2449589,-0.04761904761904767,0.06902803693498871,0,model1,2026-06-15 06:49:36
7b9c460a-580e-404a-b04b-56b29c2dcb76,2026-05-11,5,2026-05-19,DTI,1.9,2.0099425,0.0,0.057864490308259686,0,model1,2026-06-15 06:49:36
7b9c460a-580e-404a-b04b-56b29c2dcb76,2026-05-11,6,2026-05-18,GPC,1.9,2.0099425,0.0,0.057864490308259686,0,model1,2026-06-15 06:49:36
7b9c460a-580e-404a-b04b-56b29c2dcb76,2026-05-11,7,2026-05-18,MCG,2.5,2.639368,0.0,0.05574722290039058,0,model1,2026-06-15 06:49:36
7b9c460a-580e-404a-b04b-56b29c2dcb76,2026-05-11,8,2026-05-18,DLG,2.69,2.7621012,0.026717557251908275,0.05423708908430491,1,model1,2026-06-15 06:49:36
7b9c460a-580e-404a-b04b-56b29c2dcb76,2026-05-11,9,2026-05-18,TTF,2.4,2.654647,-0.055118110236220486,0.045136658225472415,0,model1,2026-06-15 06:49:36
7b9c460a-580e-404a-b04b-56b29c2dcb76,2026-05-11,10,2026-05-18,PTL,2.67,2.7621012,0.007547169811320753,0.042302329585237386,1,model1,2026-06-15 06:49:36
7b9c460a-580e-404a-b04b-56b29c2dcb76,2026-05-12,1,2026-05-19,VVS,111.7,192.99301,-0.0017873100983021306,0.7246917915514688,0,model1,2026-06-15 06:49:36
7b9c460a-580e-404a-b04b-56b29c2dcb76,2026-05-12,2,2026-05-19,HHG,0.9,1.0829942,0.0,0.20332691404554581,0,model1,2026-06-15 06:49:36
7b9c460a-580e-404a-b04b-56b29c2dcb76,2026-05-12,3,2026-06-05,BTN,2.5,2.6635404,0.0,0.06541614532470708,0,model1,2026-06-15 06:49:36
7b9c460a-580e-404a-b04b-56b29c2dcb76,2026-05-12,4,2026-05-19,GPC,1.9,2.0099425,0.0,0.057864490308259686,0,model1,2026-06-15 06:49:36
7b9c460a-580e-404a-b04b-56b29c2dcb76,2026-05-12,5,2026-05-19,CTR,93.4,86.851906,0.13212121212121208,0.05275037360913837,1,model1,2026-06-15 06:49:36
7b9c460a-580e-404a-b04b-56b29c2dcb76,2026-05-12,6,2026-05-19,EIN,2.3,2.4206488,0.0,0.05245600575986131,0,model1,2026-06-15 06:49:36
7b9c460a-580e-404a-b04b-56b29c2dcb76,2026-05-12,7,2026-05-20,DTI,1.9,2.1021225,-0.050000000000000044,0.051061272621154785,0,model1,2026-06-15 06:49:36
7b9c460a-580e-404a-b04b-56b29c2dcb76,2026-05-12,8,2026-05-19,DRH,2.14,2.2989383,-0.022831050228310446,0.04974350428472363,0,model1,2026-06-15 06:49:36
7b9c460a-580e-404a-b04b-56b29c2dcb76,2026-05-12,9,2026-05-19,DLG,2.67,2.7561915,0.015209125475285079,0.04798155592421627,1,model1,2026-06-15 06:49:36
7b9c460a-580e-404a-b04b-56b29c2dcb76,2026-05-12,10,2026-05-19,PTL,2.67,2.7409124,0.01908396946564883,0.046149785282047606,1,model1,2026-06-15 06:49:36
7b9c460a-580e-404a-b04b-56b29c2dcb76,2026-05-13,1,2026-05-20,VVS,116.7,190.11554,0.05135135135135127,0.7127526085655969,1,model1,2026-06-15 06:49:36
7b9c460a-580e-404a-b04b-56b29c2dcb76,2026-05-13,2,2026-05-20,HHG,0.9,1.0829942,0.0,0.20332691404554581,0,model1,2026-06-15 06:49:36
7b9c460a-580e-404a-b04b-56b29c2dcb76,2026-05-13,3,2026-05-25,VE9,3.1,3.3037257,0.0,0.06571797401674329,0,model1,2026-06-15 06:49:36
7b9c460a-580e-404a-b04b-56b29c2dcb76,2026-05-13,4,2026-05-20,MCG,2.5,2.751055,-0.03846153846153855,0.05809807777404785,0,model1,2026-06-15 06:49:36
7b9c460a-580e-404a-b04b-56b29c2dcb76,2026-05-13,5,2026-05-20,GPC,1.9,2.0099425,0.0,0.057864490308259686,0,model1,2026-06-15 06:49:36
7b9c460a-580e-404a-b04b-56b29c2dcb76,2026-05-13,6,2026-05-20,EIN,2.3,2.4206488,0.0,0.05245600575986131,0,model1,2026-06-15 06:49:36
7b9c460a-580e-404a-b04b-56b29c2dcb76,2026-05-13,7,2026-05-20,PV2,2.0,2.2089057,-0.04761904761904767,0.05185985565185547,0,model1,2026-06-15 06:49:36
7b9c460a-580e-404a-b04b-56b29c2dcb76,2026-05-13,8,2026-05-21,DTI,1.9,2.1021225,-0.050000000000000044,0.051061272621154785,0,model1,2026-06-15 06:49:36
7b9c460a-580e-404a-b04b-56b29c2dcb76,2026-05-13,9,2026-05-20,DLG,2.62,2.7561915,-0.0038022813688212143,0.04798155592421627,0,model1,2026-06-15 06:49:36
7b9c460a-580e-404a-b04b-56b29c2dcb76,2026-05-13,10,2026-05-20,DRH,2.08,2.2989383,-0.054545454545454564,0.04497194290161133,0,model1,2026-06-15 06:49:36
7b9c460a-580e-404a-b04b-56b29c2dcb76,2026-05-14,1,2026-05-21,VVS,113.9,179.00473,0.03170289855072461,0.6214196578316065,1,model1,2026-06-15 06:49:36
7b9c460a-580e-404a-b04b-56b29c2dcb76,2026-05-14,2,2026-05-21,HHG,0.9,1.0829942,0.0,0.20332691404554581,0,model1,2026-06-15 06:49:36
7b9c460a-580e-404a-b04b-56b29c2dcb76,2026-05-14,3,2026-05-21,GPC,1.9,2.0099425,0.0,0.057864490308259686,0,model1,2026-06-15 06:49:36
7b9c460a-580e-404a-b04b-56b29c2dcb76,2026-05-14,4,2026-06-08,BTN,2.8,2.639368,0.11999999999999988,0.05574722290039058,1,model1,2026-06-15 06:49:36
7b9c460a-580e-404a-b04b-56b29c2dcb76,2026-05-14,5,2026-05-21,PV2,2.1,2.2089057,0.0,0.05185985565185547,0,model1,2026-06-15 06:49:36
7b9c460a-580e-404a-b04b-56b29c2dcb76,2026-05-14,6,2026-05-21,TTF,2.35,2.5463343,-0.03292181069958855,0.047874183811768445,0,model1,2026-06-15 06:49:36
7b9c460a-580e-404a-b04b-56b29c2dcb76,2026-05-14,7,2026-05-21,CTR,94.9,89.505005,0.10864485981308425,0.045619215920706946,1,model1,2026-06-15 06:49:36
7b9c460a-580e-404a-b04b-56b29c2dcb76,2026-05-14,8,2026-05-21,DRH,2.22,2.2989383,0.009090909090909038,0.04497194290161133,1,model1,2026-06-15 06:49:36
7b9c460a-580e-404a-b04b-56b29c2dcb76,2026-05-14,9,2026-05-21,MCG,2.4,2.7116036,-0.07692307692307698,0.04292447750384998,0,model1,2026-06-15 06:49:36
7b9c460a-580e-404a-b04b-56b29c2dcb76,2026-05-14,10,2026-05-21,DLG,2.66,2.7561915,0.0,0.03616221506792794,0,model1,2026-06-15 06:49:36
7b9c460a-580e-404a-b04b-56b29c2dcb76,2026-05-15,1,2026-05-25,VVS,107.7,162.47818,0.0257142857142858,0.5474112374441964,1,model1,2026-06-15 06:49:36
7b9c460a-580e-404a-b04b-56b29c2dcb76,2026-05-15,2,2026-05-25,HHG,0.8,1.0829942,-0.11111111111111105,0.20332691404554581,0,model1,2026-06-15 06:49:36
7b9c460a-580e-404a-b04b-56b29c2dcb76,2026-05-15,3,2026-05-25,PV2,2.0,2.1780703,0.0,0.08903515338897705,0,model1,2026-06-15 06:49:36
7b9c460a-580e-404a-b04b-56b29c2dcb76,2026-05-15,4,2026-05-25,GPC,1.9,2.0099425,0.0,0.057864490308259686,0,model1,2026-06-15 06:49:36
7b9c460a-580e-404a-b04b-56b29c2dcb76,2026-05-15,5,2026-05-25,EIN,2.2,2.4292433,-0.04347826086956508,0.05619275051614525,0,model1,2026-06-15 06:49:36
7b9c460a-580e-404a-b04b-56b29c2dcb76,2026-05-15,6,2026-05-25,CTR,92.0,89.36704,0.08362779740871606,0.05261534206718377,1,model1,2026-06-15 06:49:36
7b9c460a-580e-404a-b04b-56b29c2dcb76,2026-05-15,7,2026-05-25,MCG,2.4,2.735776,-0.07692307692307698,0.05222151829646182,0,model1,2026-06-15 06:49:36
7b9c460a-580e-404a-b04b-56b29c2dcb76,2026-05-15,8,2026-05-25,DTI,1.8,2.1021225,-0.09999999999999998,0.051061272621154785,0,model1,2026-06-15 06:49:36
7b9c460a-580e-404a-b04b-56b29c2dcb76,2026-05-15,9,2026-05-25,DRH,2.17,2.2989383,-0.0091324200913242,0.04974350428472363,0,model1,2026-06-15 06:49:36
7b9c460a-580e-404a-b04b-56b29c2dcb76,2026-05-15,10,2026-06-02,TXM,4.4,4.4754114,0.023255813953488413,0.040793352348859946,1,model1,2026-06-15 06:49:36
7b9c460a-580e-404a-b04b-56b29c2dcb76,2026-05-18,1,2026-05-26,VVS,115.2,153.6755,0.10344827586206895,0.47198761103253695,1,model1,2026-06-15 06:49:36
7b9c460a-580e-404a-b04b-56b29c2dcb76,2026-05-18,2,2026-05-26,HHG,0.8,1.0829942,-0.11111111111111105,0.20332691404554581,0,model1,2026-06-15 06:49:36
7b9c460a-580e-404a-b04b-56b29c2dcb76,2026-05-18,3,2026-05-26,PV2,2.0,2.152083,0.0,0.07604146003723145,0,model1,2026-06-15 06:49:36
7b9c460a-580e-404a-b04b-56b29c2dcb76,2026-05-18,4,2026-05-26,GPC,1.9,2.0099425,0.0,0.057864490308259686,0,model1,2026-06-15 06:49:36
7b9c460a-580e-404a-b04b-56b29c2dcb76,2026-05-18,5,2026-05-26,MCG,2.4,2.639368,-0.040000000000000036,0.05574722290039058,0,model1,2026-06-15 06:49:36
7b9c460a-580e-404a-b04b-56b29c2dcb76,2026-05-18,6,2026-05-26,SHN,3.6,3.5487974,0.05882352941176472,0.0437639320597929,1,model1,2026-06-15 06:49:36
7b9c460a-580e-404a-b04b-56b29c2dcb76,2026-05-18,7,2026-05-26,KMR,2.84,2.9224887,0.014285714285714235,0.04374596050807411,1,model1,2026-06-15 06:49:36
7b9c460a-580e-404a-b04b-56b29c2dcb76,2026-05-18,8,2026-06-04,VE9,2.7,3.2353446,-0.12903225806451613,0.04365956398748572,0,model1,2026-06-15 06:49:36
7b9c460a-580e-404a-b04b-56b29c2dcb76,2026-05-18,9,2026-05-26,DRH,2.12,2.2449589,-0.01851851851851849,0.03933281368679453,0,model1,2026-06-15 06:49:36
7b9c460a-580e-404a-b04b-56b29c2dcb76,2026-05-18,10,2026-05-27,UPH,6.5,6.0184703,0.12068965517241392,0.03766729091775822,1,model1,2026-06-15 06:49:36
7b9c460a-580e-404a-b04b-56b29c2dcb76,2026-05-19,1,2026-05-27,VVS,120.5,166.46008,0.0787824529991048,0.49024246202159794,1,model1,2026-06-15 06:49:36
7b9c460a-580e-404a-b04b-56b29c2dcb76,2026-05-19,2,2026-05-27,HHG,0.8,1.0829942,-0.11111111111111105,0.20332691404554581,0,model1,2026-06-15 06:49:36
7b9c460a-580e-404a-b04b-56b29c2dcb76,2026-05-19,3,2026-05-27,PV2,2.0,2.152083,0.0,0.07604146003723145,0,model1,2026-06-15 06:49:36
7b9c460a-580e-404a-b04b-56b29c2dcb76,2026-05-19,4,2026-05-27,DTI,1.9,2.0099425,0.0,0.057864490308259686,0,model1,2026-06-15 06:49:36
7b9c460a-580e-404a-b04b-56b29c2dcb76,2026-05-19,5,2026-05-27,GPC,1.9,2.0099425,0.0,0.057864490308259686,0,model1,2026-06-15 06:49:36
7b9c460a-580e-404a-b04b-56b29c2dcb76,2026-05-19,6,2026-06-09,BTN,2.8,2.639368,0.11999999999999988,0.05574722290039058,1,model1,2026-06-15 06:49:36
7b9c460a-580e-404a-b04b-56b29c2dcb76,2026-05-19,7,2026-05-27,MCG,2.5,2.639368,0.0,0.05574722290039058,0,model1,2026-06-15 06:49:36
7b9c460a-580e-404a-b04b-56b29c2dcb76,2026-05-19,8,2026-05-28,UPH,5.7,5.259794,0.14000000000000012,0.05195884704589848,1,model1,2026-06-15 06:49:36
7b9c460a-580e-404a-b04b-56b29c2dcb76,2026-05-19,9,2026-05-27,DRH,2.09,2.2449589,-0.02336448598130858,0.04904620446891417,0,model1,2026-06-15 06:49:36
7b9c460a-580e-404a-b04b-56b29c2dcb76,2026-05-19,10,2026-05-27,EIN,2.4,2.4037013,0.04347826086956519,0.04508752408234984,1,model1,2026-06-15 06:49:36
7b9c460a-580e-404a-b04b-56b29c2dcb76,2026-05-20,1,2026-05-28,VVS,117.0,190.17525,0.0025706940874035134,0.6296079450932546,1,model1,2026-06-15 06:49:36
7b9c460a-580e-404a-b04b-56b29c2dcb76,2026-05-20,2,2026-05-28,HHG,0.8,1.0829942,-0.11111111111111105,0.20332691404554581,0,model1,2026-06-15 06:49:36
7b9c460a-580e-404a-b04b-56b29c2dcb76,2026-05-20,3,2026-05-28,PV2,2.0,2.152083,0.0,0.07604146003723145,0,model1,2026-06-15 06:49:36
7b9c460a-580e-404a-b04b-56b29c2dcb76,2026-05-20,4,2026-05-28,DRH,2.03,2.2053416,-0.024038461538461675,0.060260373812455414,0,model1,2026-06-15 06:49:36
7b9c460a-580e-404a-b04b-56b29c2dcb76,2026-05-20,5,2026-05-28,DTI,2.0,2.0099425,0.05263157894736836,0.057864490308259686,1,model1,2026-06-15 06:49:36
7b9c460a-580e-404a-b04b-56b29c2dcb76,2026-05-20,6,2026-05-28,GPC,1.9,2.0099425,0.0,0.057864490308259686,0,model1,2026-06-15 06:49:36
7b9c460a-580e-404a-b04b-56b29c2dcb76,2026-05-20,7,2026-05-28,EIN,2.2,2.4292433,-0.04347826086956508,0.05619275051614525,0,model1,2026-06-15 06:49:36
7b9c460a-580e-404a-b04b-56b29c2dcb76,2026-05-20,8,2026-05-28,DLG,2.65,2.7561915,0.011450381679389166,0.05198148552698023,1,model1,2026-06-15 06:49:36
7b9c460a-580e-404a-b04b-56b29c2dcb76,2026-05-20,9,2026-05-28,PTL,2.59,2.7409124,-0.011450381679389388,0.046149785282047606,0,model1,2026-06-15 06:49:36
7b9c460a-580e-404a-b04b-56b29c2dcb76,2026-05-20,10,2026-05-28,GEE,107.8,122.89315,-0.08566581849024602,0.04235072374546078,0,model1,2026-06-15 06:49:36
7b9c460a-580e-404a-b04b-56b29c2dcb76,2026-05-21,1,2026-06-01,VVS,115.7,163.58762,0.015803336259877065,0.43623894615273806,1,model1,2026-06-15 06:49:36
7b9c460a-580e-404a-b04b-56b29c2dcb76,2026-05-21,2,2026-06-01,HHG,0.9,1.0829942,0.0,0.20332691404554581,0,model1,2026-06-15 06:49:36
7b9c460a-580e-404a-b04b-56b29c2dcb76,2026-05-21,3,2026-06-01,GEE,105.0,122.687,-0.07488986784140972,0.08094270008776161,0,model1,2026-06-15 06:49:36
7b9c460a-580e-404a-b04b-56b29c2dcb76,2026-05-21,4,2026-06-02,DTI,1.9,2.0099425,0.0,0.057864490308259686,0,model1,2026-06-15 06:49:36
7b9c460a-580e-404a-b04b-56b29c2dcb76,2026-05-21,5,2026-06-01,GPC,1.9,2.0099425,0.0,0.057864490308259686,0,model1,2026-06-15 06:49:36
7b9c460a-580e-404a-b04b-56b29c2dcb76,2026-05-21,6,2026-06-01,EIN,2.3,2.4292433,0.0,0.05619275051614525,0,model1,2026-06-15 06:49:36
7b9c460a-580e-404a-b04b-56b29c2dcb76,2026-05-21,7,2026-06-01,MCG,2.4,2.5185058,0.0,0.04937742153803515,0,model1,2026-06-15 06:49:36
7b9c460a-580e-404a-b04b-56b29c2dcb76,2026-05-21,8,2026-06-01,TTF,2.42,2.4626882,0.029787234042553123,0.0479524287771671,1,model1,2026-06-15 06:49:36
7b9c460a-580e-404a-b04b-56b29c2dcb76,2026-05-21,9,2026-06-01,PTL,2.65,2.7561915,0.0,0.04007226116252394,0,model1,2026-06-15 06:49:36
7b9c460a-580e-404a-b04b-56b29c2dcb76,2026-05-21,10,2026-06-01,KMR,2.8,2.935815,-0.010600706713780994,0.03739049325140953,0,model1,2026-06-15 06:49:36
7b9c460a-580e-404a-b04b-56b29c2dcb76,2026-05-25,1,2026-06-02,VVS,123.6,153.14627,0.14763231197771587,0.42197094477208097,1,model1,2026-06-15 06:49:36
7b9c460a-580e-404a-b04b-56b29c2dcb76,2026-05-25,2,2026-06-02,HHG,0.8,1.0278718,0.0,0.28483980894088745,0,model1,2026-06-15 06:49:36
7b9c460a-580e-404a-b04b-56b29c2dcb76,2026-05-25,3,2026-06-03,DTI,1.9,1.9622791,0.05555555555555558,0.09015504519144701,1,model1,2026-06-15 06:49:36
7b9c460a-580e-404a-b04b-56b29c2dcb76,2026-05-25,4,2026-06-02,PV2,2.2,2.1384854,0.10000000000000009,0.06924271583557129,1,model1,2026-06-15 06:49:36
7b9c460a-580e-404a-b04b-56b29c2dcb76,2026-05-25,5,2026-06-02,EIN,2.3,2.3302803,0.04545454545454519,0.059218319979580825,1,model1,2026-06-15 06:49:36
7b9c460a-580e-404a-b04b-56b29c2dcb76,2026-05-25,6,2026-06-02,GPC,1.9,2.0099425,0.0,0.057864490308259686,0,model1,2026-06-15 06:49:36
7b9c460a-580e-404a-b04b-56b29c2dcb76,2026-05-25,7,2026-06-02,MCG,2.4,2.5185058,0.0,0.04937742153803515,0,model1,2026-06-15 06:49:36
7b9c460a-580e-404a-b04b-56b29c2dcb76,2026-05-25,8,2026-06-02,DLG,2.71,2.7561915,0.03041825095057038,0.04798155592421627,1,model1,2026-06-15 06:49:36
7b9c460a-580e-404a-b04b-56b29c2dcb76,2026-05-25,9,2026-06-02,PTL,2.64,2.7167401,0.01538461538461533,0.04490005053006674,1,model1,2026-06-15 06:49:36
7b9c460a-580e-404a-b04b-56b29c2dcb76,2026-05-25,10,2026-06-03,MBT,9.9,8.875984,0.16470588235294126,0.04423343434053306,1,model1,2026-06-15 06:49:36
7b9c460a-580e-404a-b04b-56b29c2dcb76,2026-05-26,1,2026-06-03,VVS,126.0,154.51527,0.09375,0.34127842055426694,1,model1,2026-06-15 06:49:36
7b9c460a-580e-404a-b04b-56b29c2dcb76,2026-05-26,2,2026-06-03,HHG,0.7,0.9997519,-0.1250000000000001,0.24968990683555603,0,model1,2026-06-15 06:49:36
7b9c460a-580e-404a-b04b-56b29c2dcb76,2026-05-26,3,2026-06-04,DTI,1.9,1.9469581,0.05555555555555558,0.08164336946275497,1,model1,2026-06-15 06:49:36
7b9c460a-580e-404a-b04b-56b29c2dcb76,2026-05-26,4,2026-06-03,PV2,2.2,2.1384854,0.10000000000000009,0.06924271583557129,1,model1,2026-06-15 06:49:36
7b9c460a-580e-404a-b04b-56b29c2dcb76,2026-05-26,5,2026-06-03,DRH,2.08,2.2449589,-0.018867924528301883,0.058942866775224756,0,model1,2026-06-15 06:49:36
7b9c460a-580e-404a-b04b-56b29c2dcb76,2026-05-26,6,2026-06-03,GPC,2.0,2.0099425,0.05263157894736836,0.057864490308259686,1,model1,2026-06-15 06:49:36
7b9c460a-580e-404a-b04b-56b29c2dcb76,2026-05-26,7,2026-06-03,MCG,2.6,2.5185058,0.08333333333333348,0.04937742153803515,1,model1,2026-06-15 06:49:36
7b9c460a-580e-404a-b04b-56b29c2dcb76,2026-05-26,8,2026-06-03,PTL,2.69,2.683956,0.042635658914728536,0.04029298752777333,1,model1,2026-06-15 06:49:36
7b9c460a-580e-404a-b04b-56b29c2dcb76,2026-05-26,9,2026-06-03,KMR,2.81,2.935815,-0.010563380281690127,0.033737709824468,0,model1,2026-06-15 06:49:36
7b9c460a-580e-404a-b04b-56b29c2dcb76,2026-05-26,10,2026-06-03,TTF,2.27,2.3302803,0.004424778761062065,0.031097479626140956,1,model1,2026-06-15 06:49:36
7b9c460a-580e-404a-b04b-56b29c2dcb76,2026-05-27,1,2026-06-04,VVS,124.9,172.26373,0.036514522821576856,0.42957454697225095,1,model1,2026-06-15 06:49:36
7b9c460a-580e-404a-b04b-56b29c2dcb76,2026-05-27,2,2026-06-04,HHG,0.8,0.9623713,0.0,0.20296411216259003,0,model1,2026-06-15 06:49:36
7b9c460a-580e-404a-b04b-56b29c2dcb76,2026-05-27,3,2026-06-04,GPC,1.9,2.0099425,0.0,0.057864490308259686,0,model1,2026-06-15 06:49:36
7b9c460a-580e-404a-b04b-56b29c2dcb76,2026-05-27,4,2026-06-04,TTF,2.27,2.406627,-0.004385964912280604,0.05553813147963149,0,model1,2026-06-15 06:49:36
7b9c460a-580e-404a-b04b-56b29c2dcb76,2026-05-27,5,2026-06-04,DRH,2.06,2.2053416,-0.014354066985645786,0.05518735766981209,0,model1,2026-06-15 06:49:36
7b9c460a-580e-404a-b04b-56b29c2dcb76,2026-05-27,6,2026-06-05,DTI,2.0,1.9946215,0.05263157894736836,0.04980079751265687,1,model1,2026-06-15 06:49:36
7b9c460a-580e-404a-b04b-56b29c2dcb76,2026-05-27,7,2026-06-04,UDC,3.0,3.0365098,0.034482758620689724,0.04707232837019304,1,model1,2026-06-15 06:49:36
7b9c460a-580e-404a-b04b-56b29c2dcb76,2026-05-27,8,2026-06-04,PV2,2.0,2.0906112,0.0,0.045305609703063965,0,model1,2026-06-15 06:49:36
7b9c460a-580e-404a-b04b-56b29c2dcb76,2026-05-27,9,2026-06-04,PTL,2.61,2.683956,0.015564202334630295,0.04434082016406826,1,model1,2026-06-15 06:49:36
7b9c460a-580e-404a-b04b-56b29c2dcb76,2026-05-27,10,2026-06-04,VPG,2.96,3.398929,-0.09202453987730053,0.04261629420555457,0,model1,2026-06-15 06:49:36
7b9c460a-580e-404a-b04b-56b29c2dcb76,2026-05-28,1,2026-06-05,VVS,120.5,174.47556,0.029914529914529808,0.49124406341813565,1,model1,2026-06-15 06:49:36
7b9c460a-580e-404a-b04b-56b29c2dcb76,2026-05-28,2,2026-06-05,HHG,0.9,0.9623713,0.125,0.20296411216259003,1,model1,2026-06-15 06:49:36
7b9c460a-580e-404a-b04b-56b29c2dcb76,2026-05-28,3,2026-06-05,DRH,2.04,2.2053416,0.0049261083743843415,0.08637516134478207,1,model1,2026-06-15 06:49:36
7b9c460a-580e-404a-b04b-56b29c2dcb76,2026-05-28,4,2026-06-05,EIN,2.3,2.3418005,0.04545454545454519,0.06445475058122097,1,model1,2026-06-15 06:49:36
7b9c460a-580e-404a-b04b-56b29c2dcb76,2026-05-28,5,2026-06-05,GPC,2.0,2.0099425,0.05263157894736836,0.057864490308259686,1,model1,2026-06-15 06:49:36
7b9c460a-580e-404a-b04b-56b29c2dcb76,2026-05-28,6,2026-06-05,TTF,2.27,2.406627,-0.004385964912280604,0.05553813147963149,0,model1,2026-06-15 06:49:36
7b9c460a-580e-404a-b04b-56b29c2dcb76,2026-05-28,7,2026-06-05,MCG,2.6,2.5185058,0.08333333333333348,0.04937742153803515,1,model1,2026-06-15 06:49:36
7b9c460a-580e-404a-b04b-56b29c2dcb76,2026-05-28,8,2026-06-05,PV2,2.0,2.0906112,0.0,0.045305609703063965,0,model1,2026-06-15 06:49:36
7b9c460a-580e-404a-b04b-56b29c2dcb76,2026-05-28,9,2026-06-05,DLG,2.65,2.7561915,0.0,0.04007226116252394,0,model1,2026-06-15 06:49:36
7b9c460a-580e-404a-b04b-56b29c2dcb76,2026-05-28,10,2026-06-05,KMR,2.8,2.935815,-0.010600706713780994,0.03739049325140953,0,model1,2026-06-15 06:49:36
7b9c460a-580e-404a-b04b-56b29c2dcb76,2026-06-01,1,2026-06-08,VVS,112.1,179.05522,-0.03111495246326712,0.5475818630736144,0,model1,2026-06-15 06:49:36
7b9c460a-580e-404a-b04b-56b29c2dcb76,2026-06-01,2,2026-06-08,HHG,0.8,1.0394342,-0.11111111111111105,0.15492688284979916,0,model1,2026-06-15 06:49:36
7b9c460a-580e-404a-b04b-56b29c2dcb76,2026-06-01,3,2026-06-08,DRH,2.03,2.200305,-0.004901960784313819,0.07858087502273858,0,model1,2026-06-15 06:49:36
7b9c460a-580e-404a-b04b-56b29c2dcb76,2026-06-01,4,2026-06-08,GPC,1.8,2.0099425,-0.05263157894736836,0.057864490308259686,0,model1,2026-06-15 06:49:36
7b9c460a-580e-404a-b04b-56b29c2dcb76,2026-06-01,5,2026-06-08,CTR,87.6,92.70708,-0.00454545454545463,0.053489511663263434,0,model1,2026-06-15 06:49:36
7b9c460a-580e-404a-b04b-56b29c2dcb76,2026-06-01,6,2026-06-08,EIN,2.2,2.4206488,-0.04347826086956508,0.05245600575986131,0,model1,2026-06-15 06:49:36
7b9c460a-580e-404a-b04b-56b29c2dcb76,2026-06-01,7,2026-06-08,MCG,2.4,2.5185058,0.0,0.04937742153803515,0,model1,2026-06-15 06:49:36
7b9c460a-580e-404a-b04b-56b29c2dcb76,2026-06-01,8,2026-06-08,PV2,2.0,2.0906112,0.0,0.045305609703063965,0,model1,2026-06-15 06:49:36
7b9c460a-580e-404a-b04b-56b29c2dcb76,2026-06-01,9,2026-06-08,KMR,2.72,2.9224887,-0.02857142857142847,0.04374596050807411,0,model1,2026-06-15 06:49:36
7b9c460a-580e-404a-b04b-56b29c2dcb76,2026-06-01,10,2026-06-11,BTN,2.5,2.8075626,-0.07407407407407418,0.039837996164957534,0,model1,2026-06-15 06:49:36
7b9c460a-580e-404a-b04b-56b29c2dcb76,2026-06-02,1,2026-06-09,VVS,118.5,173.04845,-0.04126213592233008,0.40006833863489843,0,model1,2026-06-15 06:49:36
7b9c460a-580e-404a-b04b-56b29c2dcb76,2026-06-02,2,2026-06-09,HHG,0.8,0.984312,0.0,0.23038999736309052,0,model1,2026-06-15 06:49:36
7b9c460a-580e-404a-b04b-56b29c2dcb76,2026-06-02,3,2026-06-09,DRH,2.04,2.1793542,0.0049261083743843415,0.07357349301793903,1,model1,2026-06-15 06:49:36
7b9c460a-580e-404a-b04b-56b29c2dcb76,2026-06-02,4,2026-06-09,GPC,2.0,2.0099425,0.05263157894736836,0.057864490308259686,1,model1,2026-06-15 06:49:36
7b9c460a-580e-404a-b04b-56b29c2dcb76,2026-06-02,5,2026-06-09,TTF,2.22,2.4292433,-0.03478260869565197,0.05619275051614525,0,model1,2026-06-15 06:49:36
7b9c460a-580e-404a-b04b-56b29c2dcb76,2026-06-02,6,2026-06-09,EIN,2.2,2.4206488,-0.04347826086956508,0.05245600575986131,0,model1,2026-06-15 06:49:36
7b9c460a-580e-404a-b04b-56b29c2dcb76,2026-06-02,7,2026-06-11,DTI,2.0,1.9946215,0.05263157894736836,0.04980079751265687,1,model1,2026-06-15 06:49:36
7b9c460a-580e-404a-b04b-56b29c2dcb76,2026-06-02,8,2026-06-09,MCG,2.4,2.5185058,0.0,0.04937742153803515,0,model1,2026-06-15 06:49:36
7b9c460a-580e-404a-b04b-56b29c2dcb76,2026-06-02,9,2026-06-09,KMR,2.67,2.935815,-0.046428571428571375,0.04850539139338905,0,model1,2026-06-15 06:49:36
7b9c460a-580e-404a-b04b-56b29c2dcb76,2026-06-02,10,2026-06-09,VPG,2.86,3.177812,-0.05921052631578949,0.045332927452890415,0,model1,2026-06-15 06:49:36
7b9c460a-580e-404a-b04b-56b29c2dcb76,2026-06-03,1,2026-06-11,HHG,0.8,0.9623713,0.14285714285714302,0.37481612818581733,1,model1,2026-06-15 06:49:36
7b9c460a-580e-404a-b04b-56b29c2dcb76,2026-06-03,2,2026-06-11,VVS,111.0,173.04845,-0.11904761904761907,0.373400370279948,0,model1,2026-06-15 06:49:36
7b9c460a-580e-404a-b04b-56b29c2dcb76,2026-06-03,3,2026-06-11,EIN,2.2,2.4206488,-0.04347826086956508,0.05245600575986131,0,model1,2026-06-15 06:49:36
7b9c460a-580e-404a-b04b-56b29c2dcb76,2026-06-03,4,2026-06-11,GPC,1.9,2.1021225,-0.050000000000000044,0.051061272621154785,0,model1,2026-06-15 06:49:36
7b9c460a-580e-404a-b04b-56b29c2dcb76,2026-06-03,5,2026-06-11,DRH,2.08,2.1793542,0.0,0.04776643789731527,0,model1,2026-06-15 06:49:36
7b9c460a-580e-404a-b04b-56b29c2dcb76,2026-06-03,6,2026-06-11,KMR,2.67,2.935815,-0.04982206405693956,0.04477405548095703,0,model1,2026-06-15 06:49:36
7b9c460a-580e-404a-b04b-56b29c2dcb76,2026-06-03,7,2026-06-11,TXM,4.5,4.4849663,0.04651162790697683,0.04301541350608651,1,model1,2026-06-15 06:49:36
7b9c460a-580e-404a-b04b-56b29c2dcb76,2026-06-03,8,2026-06-11,VPG,3.05,3.13334,0.013289036544850585,0.0409767049491605,1,model1,2026-06-15 06:49:36
7b9c460a-580e-404a-b04b-56b29c2dcb76,2026-06-03,9,2026-06-11,DLG,2.8,2.7888339,0.04477611940298498,0.04060964797859756,1,model1,2026-06-15 06:49:36
7b9c460a-580e-404a-b04b-56b29c2dcb76,2026-06-03,10,2026-06-11,PTL,2.59,2.7829242,-0.03717472118959109,0.0345443030715431,0,model1,2026-06-15 06:49:36
7b9c460a-580e-404a-b04b-56b29c2dcb76,2026-06-04,1,2026-06-12,NLG,25.4,26.062632,-0.0323809523809524,-0.007137843540736655,1,model1,2026-06-15 06:49:36
7b9c460a-580e-404a-b04b-56b29c2dcb76,2026-06-04,2,2026-06-12,ACB,26.5,25.865116,0.00952380952380949,-0.014662243071056569,0,model1,2026-06-15 06:49:36
