time,open,high,low,close,volume,symbol
2019-05-28 07:00:00,4.29,4.57,3.46,3.46,13230.0,A@
2021-03-03 07:00:00,18.54,20.06,16.81,20.06,17000.0,ZZZZZZ
2021-10-26 07:00:00,16.12,16.19,16.12,16.19,200.0,ZZZZZZ
2023-01-16 07:00:00,5.34,5.34,5.34,5.34,100.0,ZZZZZZ
2024-04-05 07:00:00,8.89,8.89,8.85,8.85,300.0,A@
2024-11-01 07:00:00,11.61,,,,5000.0,ZZZZZZ
2025-09-03 07:00:00,13.37,13.37,13.37,13.37,3300.0,A@
2025-12-23 07:00:00,13.7,13.7,12.4,12.6,2700.0,123
2026-03-19 07:00:00,13.0,13.0,13.0,13.0,200.0,
2016-05-09 07:00:00,23.67,24.42,23.67,24.32,3810.0,A@
2018-07-23 07:00:00,23.01,23.27,22.72,23.27,1420.0,A@
2018-11-21 07:00:00,29.36,29.36,27.32,182.73649655456575,83640.0,???
2019-01-07 07:00:00,24.41,25.45,24.1,24.73,2460.0,ZZZZZZ
2020-09-30 07:00:00,23.33,23.33,22.8,23.3,60.0,???
2021-12-17 07:00:00,27.43,27.43,27.43,27.43,200.0,A@
2023-11-02 07:00:00,28.79,28.79,28.74,28.74,300.0,A@
2024-06-19 07:00:00,31.32,31.32,31.32,31.32,900.0,
2024-10-10 07:00:00,35.8,35.8,35.8,35.8,100.0,???
2025-02-27 07:00:00,41.26,41.8,41.17,41.71,11100.0,123
2017-10-06 07:00:00,5.35,5.51,5.35,5.49,2764427.0,ZZZZZZ
2018-06-28 07:00:00,7.24,7.24,6.93,6.97,5075935.0,
2019-08-02 07:00:00,6.5,6.53,6.35,6.44,1774559.0,123
2019-09-25 07:00:00,6.67,6.7,6.61,6.64,1522720.0,123
2020-05-20 07:00:00,6.38,6.47,6.35,6.41,3116422.0,ZZZZZZ
2020-07-02 07:00:00,6.7,6.76,6.64,6.67,1070089.0,A@
2021-02-05 07:00:00,10.58,10.75,10.56,10.69,5610600.0,A@
2021-12-13 07:00:00,15.74,15.86,15.62,15.67,3012700.0,123
2022-05-19 07:00:00,13.32,13.6,13.18,13.42,1856400.0,???
2022-10-10 07:00:00,10.66,11.19,10.66,10.96,6473000.0,???
2023-07-14 07:00:00,15.48,15.51,15.3,15.44,6897700.0,123
2024-04-11 07:00:00,18.95,19.06,18.88,19.06,11286500.0,A@
2024-11-13 07:00:00,20.72,20.81,20.56,20.81,6390100.0,
2025-05-26 07:00:00,21.6,21.65,21.1,21.5,9939200.0,
2025-07-14 07:00:00,22.75,22.85,22.35,22.7,12303700.0,A@
2026-01-16 07:00:00,25.0,25.1,24.65,24.85,10941400.0,123
2016-08-09 07:00:00,6.72,6.77,6.72,6.77,3000.0,???
2016-11-04 07:00:00,6.5,6.54,6.27,6.54,2570.0,123
2017-04-05 07:00:00,6.33,,6.33,6.65,740.0,A@
2019-09-19 07:00:00,5.46,5.82,5.17,5.17,500.0,
2020-08-25 07:00:00,5.17,5.17,4.94,5.06,9540.0,ZZZZZZ
2020-10-12 07:00:00,5.62,5.66,5.6,5.63,7570.0,A@
2020-10-22 07:00:00,5.55,5.55,5.34,5.52,120.0,
2021-06-07 07:00:00,6.41,6.48,6.39,6.39,34700.0,123
2021-10-08 07:00:00,8.0,8.0,7.8,7.87,93700.0,A@
2022-08-19 07:00:00,16.89,17.6,16.7,17.13,296000.0,123
2023-05-22 07:00:00,14.0,14.0,13.8,13.95,20300.0,ZZZZZZ
2023-06-01 07:00:00,13.85,14.65,13.85,14.5,295800.0,ZZZZZZ
2023-07-06 07:00:00,13.45,13.5,13.0,13.5,37700.0,ZZZZZZ
2023-12-13 07:00:00,12.4,12.45,12.2,12.45,22600.0,???
2024-02-15 07:00:00,11.95,12.2,11.95,11.95,37000.0,A@
2025-02-06 07:00:00,14.0,14.2,14.0,14.1,53800.0,
2026-02-25 07:00:00,12.5,12.55,12.5,12.55,1500.0,
2016-11-17 07:00:00,2.79,2.98,2.79,2.98,1010.0,123
2016-12-28 07:00:00,2.99,2.99,2.82,2.82,80.0,ZZZZZZ
2017-05-04 07:00:00,2.94,3.03,2.92,3.03,140.0,ZZZZZZ
2017-12-06 07:00:00,3.02,3.02,3.02,3.02,10.0,A@
2018-10-08 07:00:00,6.9,6.9,6.51,6.51,5160.0,123
2019-01-15 07:00:00,11.89,12.27,11.89,12.23,42650.0,ZZZZZZ
2020-04-20 07:00:00,8.26,8.26,7.88,8.0,23330.0,???
2020-05-29 07:00:00,10.07,10.07,9.75,9.79,55470.0,???
2021-12-30 07:00:00,16.26,16.26,15.99,16.26,75800.0,
2022-05-17 07:00:00,18.79,21.41,18.79,21.23,490100.0,ZZZZZZ
2022-07-06 07:00:00,18.88,20.33,18.79,18.79,391900.0,A@
2022-12-14 07:00:00,11.16,11.29,10.75,10.84,99200.0,A@
2023-08-25 07:00:00,12.88,13.6,12.74,13.6,852700.0,ZZZZZZ
2023-12-05 07:00:00,12.16,12.16,11.54,11.64,31400.0,A@
2025-12-26 07:00:00,14.13,14.13,14.08,14.08,1200.0,ZZZZZZ
2016-05-13 07:00:00,3.96,4.01,3.91,3.91,407400.0,123
2016-06-08 07:00:00,4.06,4.1,4.01,4.1,590800.0,ZZZZZZ
2017-07-12 07:00:00,2.1,2.1,2.0,2.0,562955.0,123
2017-09-22 07:00:00,2.2,2.2,2.1,2.1,686200.0,A@
2018-01-25 07:00:00,1.4,1.5,1.3,1.4,476010.0,ZZZZZZ
2018-05-17 07:00:00,0.9,0.9,0.8,0.8,456600.0,123
2021-03-25 07:00:00,1.7,1.8,1.7,1.7,797700.0,
2023-01-27 07:00:00,0.7,0.8,0.7,0.7,637397.0,123
2024-05-10 07:00:00,0.6,0.6,0.5,0.6,414820.0,ZZZZZZ
2017-05-31 07:00:00,27.8,27.8,27.57,27.74,14500.0,A@
2017-07-03 07:00:00,29.59,29.59,29.3,29.48,116653.0,123
2018-01-04 07:00:00,69.96,70.61,65.86,70.61,189522.0,123
2018-03-01 07:00:00,59.34,61.71,58.74,59.1,247668.0,A@
2019-12-17 07:00:00,45.37,45.8,45.19,45.49,38903.0,
2020-09-01 07:00:00,35.0,35.3,35.0,35.24,220088.0,123
2021-01-14 07:00:00,49.75,50.24,49.27,49.27,311177.0,
2021-08-17 07:00:00,49.08,49.08,47.44,315.89128658239736,12781862.0,ZZZZZZ
2022-03-03 07:00:00,57.29,57.47,56.5,56.68,52234.0,???
2022-08-31 07:00:00,52.55,54.98,52.24,52.24,68307.0,
2022-10-03 07:00:00,46.65,48.11,46.47,47.81,15803.0,A@
2023-04-20 07:00:00,46.84,47.99,46.84,47.87,22892.0,
2023-11-27 07:00:00,41.92,42.04,41.73,287.85336762716616,1940280.0,???
2024-07-19 07:00:00,67.37,67.37,64.94,66.16,198956.0,???
2024-09-26 07:00:00,64.39,64.7,63.97,64.21,149839.0,ZZZZZZ
2025-05-15 07:00:00,59.53,59.53,58.68,58.93,300500.0,
2025-09-05 07:00:00,60.9,61.0,60.0,60.2,1086900.0,A@
2025-11-11 07:00:00,54.1,54.2,53.3,54.1,406600.0,ZZZZZZ
2025-11-17 07:00:00,55.4,55.7,54.5,54.8,1115300.0,???
2026-02-23 07:00:00,54.0,56.3,53.9,55.3,2567700.0,A@
2017-07-26 07:00:00,5.76,5.76,5.72,5.72,3720.0,A@
2019-11-22 07:00:00,7.22,7.22,7.22,7.22,520.0,
2019-12-10 07:00:00,7.31,7.31,7.22,7.22,4200.0,123
2020-12-03 07:00:00,9.06,9.06,9.06,9.06,4200.0,???
2021-11-18 07:00:00,17.57,17.57,17.57,17.57,1200.0,ZZZZZZ
2022-12-16 07:00:00,13.45,14.25,13.01,13.01,1200.0,
2023-04-28 07:00:00,12.4,12.4,12.4,12.4,100.0,123
2024-02-20 07:00:00,15.11,15.11,15.11,15.11,15.0,
2024-11-07 07:00:00,17.23,17.83,17.23,17.83,2500.0,???
2025-04-21 07:00:00,19.75,20.03,19.75,20.03,504.0,???
2017-02-21 07:00:00,2.94,3.56,2.94,3.56,200.0,A@
2018-02-26 07:00:00,3.92,3.92,3.92,,500.0,???
2019-03-05 07:00:00,2.8,2.8,2.8,2.8,300.0,???
2020-04-14 07:00:00,5.0,5.2,4.4,18.088059914552204,11375650.0,A@
2020-06-24 07:00:00,5.7,5.7,5.1,5.4,109810.0,A@
2024-06-20 07:00:00,8.5,8.5,8.3,8.4,50261.0,123
2024-07-22 07:00:00,8.0,8.0,7.8,8.0,46780.0,A@
2024-07-24 07:00:00,7.9,8.1,7.8,8.1,72609.0,ZZZZZZ
2024-11-01 07:00:00,7.4,7.4,7.0,7.3,141677.0,123
2025-10-06 07:00:00,9.8,9.9,9.7,9.7,66200.0,123
2025-11-04 07:00:00,10.5,10.6,10.2,10.5,155100.0,A@
2026-04-13 07:00:00,10.85,10.85,10.6,10.75,107500.0,
2018-08-07 07:00:00,6.1,6.73,6.1,6.73,500.0,???
2021-03-02 07:00:00,8.33,8.33,7.89,7.89,39600.0,A@
2021-06-29 07:00:00,6.38,6.38,6.38,6.38,5400.0,A@
2021-09-01 07:00:00,5.85,6.03,5.5,5.76,79300.0,123
2022-07-19 07:00:00,5.32,5.32,5.32,5.32,1400.0,
2023-10-05 07:00:00,6.21,6.38,6.21,6.38,3100.0,
2024-08-28 07:00:00,8.25,8.25,8.25,8.25,902.0,ZZZZZZ
2020-06-10 07:00:00,13.94,14.04,13.73,13.94,302630.0,???
2021-07-08 07:00:00,28.84,28.84,28.33,28.84,2468000.0,???
2021-09-24 07:00:00,24.69,24.8,24.12,24.35,298200.0,123
2021-11-19 07:00:00,,27.21,25.69,26.7,,A@
2023-12-01 07:00:00,20.0,20.08,19.72,19.96,304600.0,A@
2023-12-08 07:00:00,19.72,19.84,19.44,19.72,466100.0,
2025-01-02 07:00:00,15.65,15.65,15.4,15.45,132400.0,123
2025-06-24 07:00:00,16.8,17.1,16.7,16.7,436000.0,ZZZZZZ
2016-08-04 07:00:00,6.18,6.18,6.18,6.18,1000.0,ZZZZZZ
2019-07-04 07:00:00,8.33,8.33,8.33,8.33,100.0,???
2020-11-11 07:00:00,7.84,7.84,7.74,7.74,201.0,123
2021-04-09 07:00:00,9.47,9.47,9.0,9.0,900.0,A@
2021-09-20 07:00:00,-14.41,14.91,13.91,14.14,-20110.0,???
2023-06-01 07:00:00,17.32,17.39,17.18,17.39,1300.0,
2025-10-13 07:00:00,39.8,40.95,38.09,38.19,1900.0,???
2026-01-15 07:00:00,36.3,36.3,36.3,36.3,1400.0,ZZZZZZ
2016-01-21 07:00:00,20.05,20.05,20.05,20.05,2800.0,???
2021-04-01 07:00:00,31.72,31.72,31.72,31.72,300.0,A@
2023-06-13 07:00:00,37.33,37.33,37.33,37.33,200.0,A@
2023-12-04 07:00:00,28.81,36.27,28.81,36.27,300.0,???
2024-04-01 07:00:00,55.51,55.51,55.51,55.51,100.0,A@
2024-07-01 07:00:00,62.41,62.41,62.41,62.41,200.0,A@
2025-03-28 07:00:00,85.32,85.32,85.32,85.32,100.0,
2016-11-18 07:00:00,1.61,1.66,1.5,1.5,13100.0,
2017-05-22 07:00:00,3.58,3.68,3.37,3.68,50561.0,
2017-12-18 07:00:00,9.12,9.35,8.59,8.71,49820.0,ZZZZZZ
2018-05-31 07:00:00,2.41,2.41,2.35,2.41,5612.0,???
2018-07-20 07:00:00,2.41,2.53,2.41,2.47,10000.0,ZZZZZZ
2020-12-04 07:00:00,1.12,1.12,0.94,1.0,4400.0,
2021-01-29 07:00:00,1.0,1.24,1.0,1.24,69604.0,???
2021-12-17 07:00:00,4.94,4.94,4.24,4.41,168900.0,ZZZZZZ
2022-11-03 07:00:00,2.06,2.24,1.94,2.06,6000.0,ZZZZZZ
2023-06-20 07:00:00,2.41,2.47,2.35,2.47,41600.0,???
2023-10-02 07:00:00,2.65,2.65,2.59,2.59,600.0,
2025-11-04 07:00:00,6.5,6.5,6.3,6.5,11800.0,ZZZZZZ
2025-11-27 07:00:00,6.5,6.5,6.3,6.4,9100.0,
2025-12-25 07:00:00,6.9,7.1,6.9,7.1,21800.0,ZZZZZZ
2017-02-06 07:00:00,7.92,8.49,7.92,8.49,3000.0,123
2017-03-20 07:00:00,7.36,7.36,7.36,7.36,5000.0,
2017-11-30 07:00:00,5.74,5.74,5.68,5.68,12500.0,ZZZZZZ
2019-08-27 07:00:00,4.72,4.72,4.72,37.06649161184401,622934.0,
2020-03-30 07:00:00,5.74,5.74,5.62,5.62,1500.0,A@
2020-05-28 07:00:00,6.4,6.4,6.4,6.4,4000.0,???
2021-06-02 07:00:00,6.28,6.28,5.92,5.92,1600.0,A@
2021-10-29 07:00:00,7.12,7.12,7.06,7.12,16600.0,ZZZZZZ
2023-04-11 07:00:00,7.95,7.95,7.77,7.95,2100.0,123
2023-07-06 07:00:00,8.37,8.37,8.37,8.37,5900.0,
2023-08-17 07:00:00,8.68,8.68,8.68,8.68,400.0,A@
2024-02-19 07:00:00,8.71,8.71,8.62,8.62,26840.0,
2024-06-25 07:00:00,12.39,12.39,12.12,12.12,15393.0,A@
2025-08-22 07:00:00,26.23,26.63,,25.54,,
2015-12-08 07:00:00,1.36,1.4,1.36,1.38,36340.0,ZZZZZZ
2016-03-01 07:00:00,1.3,1.31,1.3,1.3,3710.0,A@
2018-06-25 07:00:00,9.19,9.27,8.82,8.86,810390.0,123
2018-10-25 07:00:00,8.57,8.86,8.42,8.68,678780.0,???
2020-01-09 07:00:00,8.62,8.7,8.55,8.62,255400.0,
2021-03-02 07:00:00,9.44,9.44,9.23,9.33,261200.0,???
2022-03-15 07:00:00,18.43,19.59,17.45,18.47,1243400.0,123
2022-03-31 07:00:00,19.72,19.72,18.92,19.47,939500.0,
2022-05-13 07:00:00,19.9,20.05,18.5,18.5,1707000.0,ZZZZZZ
2022-06-13 07:00:00,22.88,24.88,22.7,22.75,3099600.0,ZZZZZZ
2022-08-16 07:00:00,23.06,23.06,22.75,22.79,1018200.0,???
2022-09-07 07:00:00,23.33,23.82,21.95,21.95,2329600.0,
2023-02-08 07:00:00,14.28,14.35,13.17,14.23,962800.0,123
2023-08-18 07:00:00,15.89,15.89,14.85,14.85,2664300.0,A@
2023-09-12 07:00:00,16.81,17.02,16.7,17.02,1807400.0,A@
2024-07-16 07:00:00,17.07,17.07,16.45,16.59,3190900.0,123
2025-06-11 07:00:00,15.54,15.88,15.49,15.63,553700.0,A@
2026-03-03 07:00:00,26.8,27.0,26.05,26.05,1888400.0,???
2018-07-19 07:00:00,9.91,9.91,9.91,9.91,1900.0,
2019-08-02 07:00:00,8.48,8.48,8.41,8.41,340.0,ZZZZZZ
2020-10-26 07:00:00,13.6,14.22,13.6,14.05,1000.0,???
2021-02-18 07:00:00,23.17,23.6,23.17,23.6,47201.0,???
2021-03-24 07:00:00,27.89,28.27,27.46,28.02,89100.0,???
2021-06-29 07:00:00,26.9,26.9,26.75,26.75,11301.0,
2021-08-03 07:00:00,23.6,23.75,23.45,23.5,35290.0,123
2021-12-02 07:00:00,34.5,34.5,33.05,33.05,62680.0,ZZZZZZ
2022-04-07 07:00:00,30.34,30.75,30.29,30.75,12500.0,
2024-01-19 07:00:00,43.25,44.47,42.96,43.04,56620.0,???
2024-04-19 07:00:00,-46.79,47.46,46.64,47.46,-35310.0,???
2024-07-31 07:00:00,50.33,50.76,50.25,50.33,17297.0,ZZZZZZ
2025-05-26 07:00:00,43.16,43.85,43.16,43.85,1500.0,
2025-09-26 07:00:00,40.49,40.98,40.49,40.88,6600.0,123
2026-02-05 07:00:00,42.0,42.2,41.9,42.0,9200.0,123
2017-09-29 07:00:00,2.98,2.98,2.83,2.88,128600.0,123
2017-11-13 07:00:00,2.94,2.98,2.91,2.94,253860.0,123
2019-01-10 07:00:00,4.45,4.54,4.45,4.54,373510.0,???
2019-07-18 07:00:00,5.32,5.5,5.29,5.44,194160.0,ZZZZZZ
2020-03-18 07:00:00,5.26,5.26,5.08,5.14,592620.0,123
2021-03-02 07:00:00,5.55,5.55,5.43,5.45,1231200.0,ZZZZZZ
2021-04-08 07:00:00,5.83,5.88,5.78,5.86,1255700.0,
2022-11-18 07:00:00,3.07,3.07,2.91,3.07,2974600.0,???
2024-03-15 07:00:00,15.05,15.5,14.95,15.4,600400.0,???
2024-03-25 07:00:00,15.95,15.95,15.3,15.55,730700.0,ZZZZZZ
2024-07-09 07:00:00,12.45,12.75,12.45,12.65,53500.0,123
2024-07-29 07:00:00,10.65,10.9,10.65,10.8,18800.0,123
2025-04-04 07:00:00,9.1,9.72,9.04,9.72,706700.0,A@
2025-04-22 07:00:00,10.2,10.6,9.99,10.6,990300.0,ZZZZZZ
2025-10-21 07:00:00,11.65,11.7,11.3,11.7,837400.0,A@
2016-04-25 07:00:00,7.31,7.58,7.58,7.58,2200.0,
2016-05-25 07:00:00,8.15,8.15,8.15,8.15,1000.0,???
2019-09-16 07:00:00,6.5,6.5,6.5,6.5,600.0,
2020-09-17 07:00:00,3.5,3.5,3.5,3.5,5723.0,
2021-08-03 07:00:00,6.9,7.0,6.8,7.0,3914.0,A@
2021-08-26 07:00:00,7.4,7.4,7.1,7.1,200.0,???
2023-05-19 07:00:00,4.5,4.5,4.4,4.4,1213.0,A@
2023-07-13 07:00:00,4.5,4.7,4.5,4.7,5200.0,
2024-06-26 07:00:00,15.5,15.5,14.3,14.3,394.0,???
2026-03-26 07:00:00,5.0,5.1,5.0,5.1,5500.0,ZZZZZZ
2021-11-22 07:00:00,44.74,44.74,44.74,44.74,2.0,???
2024-10-14 07:00:00,24.53,24.53,24.53,24.53,12.0,
2016-11-18 07:00:00,7.0,7.04,6.91,6.95,1284680.0,123
2016-12-27 07:00:00,6.68,6.7,6.66,6.66,1865220.0,ZZZZZZ
2016-12-30 07:00:00,6.68,6.7,6.66,6.68,1649470.0,ZZZZZZ
2017-07-07 07:00:00,6.36,6.38,6.27,6.27,1629280.0,ZZZZZZ
2017-09-25 07:00:00,5.48,5.6,5.48,5.58,4062810.0,123
2017-11-29 07:00:00,5.33,5.33,5.23,5.3,2081320.0,
2018-01-05 07:00:00,5.43,5.48,5.38,5.4,4328700.0,???
2018-07-30 07:00:00,6.37,6.72,6.37,6.72,7976340.0,123
2018-10-11 07:00:00,5.55,5.6,5.5,5.5,4869570.0,A@
2018-11-02 07:00:00,5.43,5.6,5.4,5.58,6223890.0,A@
2018-11-27 07:00:00,5.23,5.25,5.1,5.13,3066680.0,ZZZZZZ
2019-02-27 07:00:00,4.06,4.06,4.03,4.03,1647850.0,123
2019-08-09 07:00:00,3.1,3.13,3.1,3.1,1656220.0,A@
2019-08-27 07:00:00,3.12,3.16,3.11,3.14,1388730.0,A@
2019-09-04 07:00:00,3.11,3.11,3.06,3.06,1466960.0,123
2019-11-08 07:00:00,3.75,3.78,3.71,3.74,2270570.0,
2020-05-18 07:00:00,3.06,3.11,3.01,3.09,763960.0,123
2020-07-17 07:00:00,3.23,3.24,3.18,3.21,1432160.0,
2020-07-22 07:00:00,3.14,3.21,3.08,3.15,1587310.0,???
2020-08-06 07:00:00,3.05,3.12,3.0,3.08,1435960.0,
2020-12-08 07:00:00,7.31,7.39,7.16,7.25,3498620.0,123
2021-01-26 07:00:00,11.88,12.42,11.14,12.0,6811700.0,ZZZZZZ
2021-02-19 07:00:00,8.64,8.87,8.53,8.67,3391500.0,A@
2021-03-23 07:00:00,9.35,9.35,9.01,9.18,4958600.0,A@
2023-03-17 07:00:00,6.91,6.93,6.8,6.83,594800.0,
2023-11-30 07:00:00,7.54,7.56,7.47,7.48,822600.0,???
2018-06-21 07:00:00,,36.3,35.6,,9700.0,ZZZZZZ
2024-07-03 07:00:00,14.2,14.2,13.9,14.1,1200.0,???
2024-10-29 07:00:00,21.0,21.0,21.0,21.0,114.0,ZZZZZZ
2025-03-19 07:00:00,18.4,18.4,18.4,18.4,1.0,
2018-02-23 07:00:00,13.58,15.93,13.58,15.67,3800.0,123
2020-12-23 07:00:00,15.52,15.52,14.98,14.98,1800.0,123
2021-10-12 07:00:00,21.92,21.98,21.92,21.98,1337.0,???
2022-01-06 07:00:00,22.51,22.51,22.51,22.51,600.0,???
2024-06-12 07:00:00,53.58,53.58,53.12,53.12,800.0,
2025-12-03 07:00:00,52.9,52.9,52.8,52.8,1600.0,
2025-04-16 07:00:00,16.3,16.7,15.0,15.4,142804.0,ZZZZZZ
2025-08-04 07:00:00,14.8,15.1,14.6,14.8,125100.0,123
2025-10-29 07:00:00,13.4,13.4,13.3,13.4,71700.0,ZZZZZZ
2025-11-04 07:00:00,14.2,14.4,13.7,14.0,104000.0,A@
2026-03-24 07:00:00,10.0,10.2,9.9,10.0,128100.0,ZZZZZZ
2018-06-28 07:00:00,12.0,12.0,12.0,12.0,21600.0,ZZZZZZ
2018-12-05 07:00:00,11.13,11.13,11.13,11.13,5900.0,
2019-06-21 07:00:00,11.18,11.18,11.18,11.18,5800.0,123
2019-11-07 07:00:00,11.72,11.72,11.72,11.72,3500.0,???
2019-12-16 07:00:00,11.66,11.66,11.66,11.66,2600.0,
2019-12-31 07:00:00,11.66,11.66,11.66,11.66,3600.0,
2020-11-30 07:00:00,12.55,12.55,12.55,12.55,2100.0,A@
2021-03-16 07:00:00,24.96,24.96,23.83,23.83,32100.0,ZZZZZZ
2021-03-26 07:00:00,20.75,20.75,19.77,20.47,20400.0,A@
2021-05-25 07:00:00,18.02,18.08,17.88,17.88,83800.0,A@
2021-09-09 07:00:00,17.14,17.14,16.92,17.14,55112.0,A@
2022-09-30 07:00:00,12.21,12.53,11.89,12.53,24254.0,
2022-11-02 07:00:00,11.25,11.49,11.25,11.25,11098.0,
2023-02-21 07:00:00,11.01,11.17,10.93,10.93,8776.0,???
2025-02-25 07:00:00,11.26,11.26,11.07,11.07,27060.0,123
2025-03-25 07:00:00,11.16,11.16,11.07,11.07,3912.0,123
2021-12-16 07:00:00,16.79,16.71,16.79,16.79,888600.0,123
2021-12-28 07:00:00,17.71,17.71,16.69,16.87,1241200.0,
2022-03-18 07:00:00,24.68,25.53,24.38,24.42,1931000.0,ZZZZZZ
2023-04-11 07:00:00,14.78,14.99,14.6,14.78,2759000.0,
2023-05-08 07:00:00,15.48,15.48,15.02,15.06,2308900.0,123
2023-09-13 07:00:00,14.67,14.78,14.35,14.35,1824800.0,
2024-02-26 07:00:00,17.49,17.53,17.31,82.34029929074703,53232000.0,A@
2024-12-23 07:00:00,26.2,27.0,26.2,26.8,3723600.0,???
2019-10-18 07:00:00,10.92,10.92,10.92,10.92,200.0,ZZZZZZ
2019-11-25 07:00:00,8.44,8.44,8.44,8.44,100.0,A@
2021-09-22 07:00:00,7.34,7.34,7.34,7.34,3.0,???
2021-10-12 07:00:00,8.87,8.96,8.87,8.96,6000.0,
2023-01-13 07:00:00,5.63,5.63,5.63,5.63,2100.0,
2023-03-01 07:00:00,5.8,5.8,5.8,5.8,200.0,A@
2024-04-03 07:00:00,7.46,7.46,6.76,6.76,600.0,A@
2024-10-14 07:00:00,9.38,9.38,9.38,9.38,1.0,A@
2024-12-09 07:00:00,8.72,8.72,8.72,8.72,201.0,A@
2022-02-11 07:00:00,14.73,14.73,11.88,14.73,4000.0,123
2024-06-28 07:00:00,11.56,13.22,11.56,11.76,20899.0,???
2019-04-10 07:00:00,4.25,4.25,4.25,4.25,500.0,ZZZZZZ
2021-04-19 07:00:00,7.58,7.65,7.58,7.65,200.0,A@
2022-10-21 07:00:00,7.72,7.72,7.72,7.72,614.0,ZZZZZZ
2024-02-05 07:00:00,8.59,8.59,8.59,8.59,600.0,A@
2022-06-08 07:00:00,9.9,10.0,9.7,10.0,194900.0,ZZZZZZ
2022-12-08 07:00:00,5.0,5.2,5.0,5.0,22000.0,ZZZZZZ
2022-12-14 07:00:00,5.0,5.0,4.9,4.9,,123
2024-01-25 07:00:00,6.1,6.2,6.0,6.0,70700.0,ZZZZZZ
2024-05-16 07:00:00,19.2,19.6,18.9,19.0,46656.0,
2025-07-01 07:00:00,11.0,11.0,10.6,10.8,10600.0,ZZZZZZ
2025-12-01 07:00:00,13.8,13.8,11.5,12.6,57900.0,123
2026-03-10 07:00:00,15.9,15.9,14.7,14.7,3800.0,ZZZZZZ
2018-02-22 07:00:00,22.94,22.94,22.06,22.06,28900.0,ZZZZZZ
2018-07-17 07:00:00,13.48,13.48,13.48,13.48,500.0,
2018-11-08 07:00:00,17.8,17.98,17.8,17.98,1000.0,A@
2019-05-24 07:00:00,20.59,20.59,20.59,20.59,100.0,???
2019-11-08 07:00:00,26.71,26.99,26.44,26.99,33720.0,???
2020-04-10 07:00:00,17.96,17.96,17.32,17.32,3400.0,ZZZZZZ
2021-05-06 07:00:00,51.67,52.32,50.18,52.32,117800.0,123
2021-11-05 07:00:00,49.38,50.98,49.38,50.79,589700.0,123
2021-11-29 07:00:00,49.85,50.79,49.76,49.94,278900.0,A@
2022-03-24 07:00:00,71.74,71.74,70.32,70.69,149800.0,???
2022-04-05 07:00:00,70.98,72.02,70.41,70.41,361900.0,
2022-05-27 07:00:00,69.65,70.13,68.23,69.65,327100.0,A@
2022-11-04 07:00:00,74.5,74.5,70.68,70.68,123200.0,A@
2023-10-11 07:00:00,65.72,65.72,64.57,65.24,169000.0,123
2024-03-20 07:00:00,62.35,63.23,61.77,62.94,798600.0,
2024-08-21 07:00:00,70.1,70.1,69.23,69.71,851000.0,ZZZZZZ
2025-11-27 07:00:00,65.47,65.47,64.29,65.27,170600.0,ZZZZZZ
2015-11-24 07:00:00,6.03,6.03,6.03,6.03,100.0,???
2016-03-11 07:00:00,5.27,5.77,5.27,5.77,1000.0,ZZZZZZ
2016-12-08 07:00:00,8.22,8.22,8.22,8.22,100.0,ZZZZZZ
2017-08-07 07:00:00,,6.02,5.67,5.67,1700.0,A@
2018-07-09 07:00:00,7.15,9.42,7.15,9.42,1300.0,A@
2019-04-23 07:00:00,14.8,14.8,14.0,14.7,2300.0,A@
2019-05-17 07:00:00,12.5,12.5,12.0,12.0,400.0,A@
2019-07-18 07:00:00,11.9,11.9,11.8,11.8,900.0,???
2022-06-01 07:00:00,10.9,10.9,10.9,10.9,500.0,
2022-09-30 07:00:00,8.7,8.7,8.7,8.7,300.0,
2016-03-08 07:00:00,6.56,6.56,6.56,6.56,100.0,ZZZZZZ
2020-08-07 07:00:00,9.15,9.15,9.15,9.15,400.0,123
2022-02-28 07:00:00,14.23,14.23,14.23,14.23,300.0,A@
2025-10-14 07:00:00,24.6,24.6,24.6,24.6,300.0,123
2017-12-22 07:00:00,12.84,12.84,12.84,12.84,100.0,A@
2018-01-16 07:00:00,12.84,12.84,12.84,12.84,3000.0,123
2018-11-08 07:00:00,11.55,11.55,11.55,11.55,7600.0,A@
2019-07-15 07:00:00,11.55,11.55,10.7,10.7,900.0,A@
2019-10-15 07:00:00,7.76,7.76,7.76,7.76,300.0,???
2021-06-08 07:00:00,8.97,8.97,8.88,8.88,4000.0,???
2021-08-23 07:00:00,8.97,9.14,8.8,8.8,8700.0,
2021-11-30 07:00:00,11.04,11.04,10.95,10.95,600.0,
2022-01-07 07:00:00,10.35,10.35,10.35,10.35,7600.0,123
2022-03-22 07:00:00,10.35,10.35,9.74,9.91,36600.0,A@
2022-03-30 07:00:00,10.09,10.17,9.83,9.83,25100.0,ZZZZZZ
2022-05-17 07:00:00,10.35,10.35,10.35,10.35,200.0,
2023-01-17 07:00:00,13.21,13.3,13.21,13.3,10000.0,A@
2024-03-15 07:00:00,14.75,14.75,14.75,14.75,2000.0,A@
2024-09-17 07:00:00,19.88,19.88,19.88,19.88,1000.0,
2018-01-05 07:00:00,2.62,3.01,2.33,2.91,9064.0,
2018-10-26 07:00:00,2.0,2.0,2.0,2.0,200.0,ZZZZZZ
2017-03-28 07:00:00,67.27,67.35,66.21,67.35,1980.0,
2018-06-07 07:00:00,83.38,86.16,83.38,85.01,3870.0,
2018-07-04 07:00:00,67.23,70.55,66.84,66.84,4930.0,
2018-11-29 07:00:00,66.15,66.15,63.75,64.14,1450.0,ZZZZZZ
2019-01-03 07:00:00,61.9,61.9,61.9,61.9,200.0,
2019-08-27 07:00:00,72.41,72.41,71.95,72.41,2830.0,123
2019-11-08 07:00:00,67.2,67.2,61.32,64.18,1750.0,123
2020-01-03 07:00:00,65.35,65.52,65.35,65.52,220.0,
2020-04-07 07:00:00,37.13,37.8,34.4,34.4,5600.0,???
2020-04-09 07:00:00,36.12,36.54,34.44,34.52,43650.0,???
2020-07-14 07:00:00,44.52,44.94,44.52,44.94,1290.0,123
2020-09-15 07:00:00,48.3,48.72,48.3,48.72,1320.0,123
2021-10-19 07:00:00,54.88,54.97,54.88,54.97,2700.0,123
2022-02-09 07:00:00,54.7,54.88,54.27,54.62,4800.0,???
2022-07-27 07:00:00,48.55,48.55,48.55,48.55,1100.0,ZZZZZZ
2022-08-31 07:00:00,48.64,49.18,48.19,49.18,1800.0,
2023-05-18 07:00:00,39.35,39.35,39.35,39.35,200.0,
2023-08-03 07:00:00,39.63,39.63,39.04,39.4,2200.0,???
2023-08-10 07:00:00,40.31,40.76,40.31,40.67,6800.0,A@
2025-02-03 07:00:00,35.86,35.95,35.86,35.95,700.0,123
2025-08-29 07:00:00,32.65,33.5,32.65,33.0,2100.0,
2017-05-04 07:00:00,7.0,7.0,7.0,7.0,100.0,123
2017-11-27 07:00:00,7.61,7.61,7.61,7.61,100.0,A@
2019-12-12 07:00:00,6.12,6.12,6.12,6.12,100.0,???
2024-05-15 07:00:00,6.67,6.67,6.67,6.67,5000.0,A@
2025-09-15 07:00:00,9.1,9.1,9.1,9.1,100.0,
2017-03-30 07:00:00,5.12,5.12,5.12,5.12,400.0,???
2017-05-22 07:00:00,4.58,4.58,4.58,4.58,2000.0,123
2017-08-25 07:00:00,5.14,5.14,5.14,5.14,100.0,123
2018-06-19 07:00:00,4.3,4.3,4.3,4.3,150.0,???
2019-02-26 07:00:00,4.34,4.91,4.34,4.91,714.0,ZZZZZZ
2019-03-01 07:00:00,4.34,4.34,3.97,3.97,200.0,A@
2021-04-01 07:00:00,12.73,12.81,12.2,12.64,3604.0,123
2021-08-11 07:00:00,12.83,12.83,12.83,12.83,100.0,ZZZZZZ
2021-11-30 07:00:00,17.2,17.48,17.2,17.48,13100.0,ZZZZZZ
2022-06-14 07:00:00,16.08,16.08,16.08,16.08,3000.0,ZZZZZZ
2022-06-17 07:00:00,15.34,15.8,14.87,15.8,6100.0,???
2022-06-28 07:00:00,17.5,17.8,17.5,100.65267959899832,163800.0,???
2022-07-18 07:00:00,16.2,17.0,16.2,17.0,4200.0,
2022-11-25 07:00:00,13.2,13.2,11.2,13.2,4400.0,
2022-11-28 07:00:00,12.0,13.3,12.0,13.2,7123.0,A@
2022-12-23 07:00:00,14.0,14.0,12.5,12.8,3700.0,ZZZZZZ
2023-03-15 07:00:00,10.5,11.7,10.2,11.7,10760.0,123
2023-06-02 07:00:00,12.2,12.3,12.2,12.3,500.0,A@
2024-02-26 07:00:00,11.0,11.0,10.8,11.0,20500.0,???
2024-05-16 07:00:00,10.9,11.0,10.9,11.0,726.0,
2025-08-18 07:00:00,9.5,9.5,9.1,9.4,15800.0,???
2025-12-04 07:00:00,9.5,9.6,9.5,9.6,5400.0,ZZZZZZ
2026-01-20 07:00:00,8.9,9.1,8.9,9.1,2300.0,
2026-03-25 07:00:00,8.7,10.0,8.7,10.0,12700.0,123
2019-09-16 07:00:00,3.15,3.15,3.15,3.15,100.0,
2021-07-22 07:00:00,10.93,10.93,10.93,10.93,100.0,123
2022-01-17 07:00:00,6.05,6.4,5.87,6.31,2100.0,ZZZZZZ
2021-07-13 07:00:00,13.3,13.3,13.2,13.3,5700.0,
2022-06-20 07:00:00,16.36,17.93,16.29,16.29,10000.0,ZZZZZZ
2023-06-23 07:00:00,29.06,29.14,28.91,29.06,12100.0,???
2023-09-15 07:00:00,28.79,29.2,28.79,29.12,3231.0,123
2024-04-09 07:00:00,31.7,32.2,31.62,32.12,4900.0,ZZZZZZ
2024-09-19 07:00:00,42.59,42.59,41.22,355.7172125226848,295120.0,???
2024-10-15 07:00:00,39.66,39.56,39.95,39.56,3525.0,
2025-09-05 07:00:00,29.9,29.9,27.2,27.2,1200.0,A@
2025-10-03 07:00:00,26.0,26.2,25.7,26.0,2400.0,ZZZZZZ
2015-10-20 07:00:00,0.73,0.73,0.73,0.73,4500.0,
2016-04-13 07:00:00,1.29,1.29,1.29,1.29,400.0,
2017-07-28 07:00:00,1.89,1.89,1.89,1.89,200.0,123
2017-10-04 07:00:00,1.89,1.89,1.89,1.89,100.0,
2020-06-12 07:00:00,3.05,3.05,3.05,3.05,2000.0,123
2021-02-01 07:00:00,7.43,7.43,6.48,6.52,4600.0,
2021-09-10 07:00:00,5.23,5.23,5.23,5.23,2000.0,ZZZZZZ
2022-05-05 07:00:00,11.61,11.61,11.17,11.61,4800.0,A@
2023-08-29 07:00:00,12.9,12.9,12.9,12.9,9.0,
2024-05-22 07:00:00,10.3,10.3,10.3,10.3,100.0,ZZZZZZ
2025-09-24 07:00:00,9.6,10.7,9.6,10.7,900.0,???
2026-01-26 07:00:00,10.3,10.3,10.3,10.3,400.0,123
2019-08-05 07:00:00,3.37,3.37,3.37,3.37,2000.0,
2020-04-10 07:00:00,2.86,2.86,2.86,2.86,100.0,A@
2020-06-12 07:00:00,2.16,2.48,2.16,2.48,200.0,A@
2021-05-17 07:00:00,5.09,5.09,4.84,4.84,28800.0,A@
2021-09-07 07:00:00,16.44,16.87,16.22,16.36,387541.0,A@
2021-10-28 07:00:00,14.4,14.91,14.4,14.62,282206.0,???
2022-12-15 07:00:00,4.66,4.74,4.58,4.58,31107.0,123
2023-02-07 07:00:00,4.27,4.27,4.12,4.19,44319.0,ZZZZZZ
2023-02-17 07:00:00,3.96,3.96,3.88,3.88,73847.0,
2023-06-26 07:00:00,7.22,7.22,6.84,7.15,336108.0,ZZZZZZ
2023-07-11 07:00:00,7.07,7.61,7.07,7.61,931135.0,123
2023-11-28 07:00:00,8.62,8.7,8.46,8.62,101044.0,123
2024-05-13 07:00:00,9.28,9.44,8.46,8.54,84391.0,ZZZZZZ
2024-05-16 07:00:00,8.62,9.11,8.62,8.95,188302.0,???
2024-05-21 07:00:00,8.79,8.79,8.54,8.7,194031.0,
2025-05-14 07:00:00,10.82,10.91,10.37,10.73,224400.0,
2025-09-15 07:00:00,13.9,14.0,13.7,14.0,323100.0,ZZZZZZ
2025-12-11 07:00:00,12.7,12.8,12.6,12.6,73800.0,A@
2021-01-21 07:00:00,8.88,8.88,8.88,8.88,100.0,???
2021-01-29 07:00:00,9.77,9.89,9.77,9.89,2900.0,???
2022-06-20 07:00:00,10.72,10.72,10.72,10.72,3100.0,123
2022-12-27 07:00:00,9.62,9.62,9.62,9.62,100.0,ZZZZZZ
2025-10-03 07:00:00,10.51,10.51,10.34,10.34,1900.0,???
2018-01-10 07:00:00,15.89,15.89,15.89,15.89,100.0,123
2018-06-14 07:00:00,5.99,5.99,5.99,5.99,100.0,123
2018-07-19 07:00:00,3.91,3.91,3.91,3.91,100.0,
2021-10-26 07:00:00,5.6,5.8,5.4,5.7,154119.0,???
2022-03-15 07:00:00,7.3,7.3,7.1,7.3,63100.0,
2022-06-08 07:00:00,4.0,4.2,4.0,4.1,65910.0,A@
2023-09-05 07:00:00,3.6,3.8,3.6,3.7,16100.0,
2024-01-22 07:00:00,3.5,3.5,3.4,3.4,500.0,123
2025-07-15 07:00:00,3.0,3.0,3.0,3.0,1800.0,A@
2016-03-28 07:00:00,6.41,6.68,6.33,6.68,279140.0,
2016-05-24 07:00:00,5.89,6.09,5.89,5.93,113470.0,???
2017-01-09 07:00:00,5.7,6.05,5.7,6.05,109430.0,
2017-02-08 07:00:00,5.59,5.65,5.59,5.65,10560.0,ZZZZZZ
2017-03-24 07:00:00,5.76,5.76,5.63,5.63,23430.0,A@
2017-09-27 07:00:00,5.21,5.21,5.21,5.21,600.0,123
2017-11-13 07:00:00,4.78,4.78,4.78,4.78,10.0,
2017-11-14 07:00:00,4.62,4.67,4.62,4.67,600.0,
2017-12-08 07:00:00,5.17,5.21,5.17,5.21,2160.0,123
2018-06-18 07:00:00,5.66,5.76,5.61,5.61,1110.0,ZZZZZZ
2019-05-09 07:00:00,7.06,7.06,6.84,6.84,2180.0,???
2019-10-30 07:00:00,7.17,7.29,7.17,7.26,710.0,???
2019-12-31 07:00:00,7.17,7.23,7.05,7.23,4620.0,A@
2020-02-06 07:00:00,7.64,7.82,7.58,7.82,37960.0,
2020-05-27 07:00:00,9.34,9.34,9.11,9.11,71530.0,
2020-10-21 07:00:00,9.04,9.04,8.98,9.01,14890.0,123
2021-07-26 07:00:00,10.43,10.43,10.31,10.43,332700.0,A@
2021-08-19 07:00:00,10.43,10.69,10.43,10.69,41600.0,???
2021-08-30 07:00:00,11.38,11.38,11.07,11.07,7200.0,
2021-11-18 07:00:00,11.94,12.35,11.47,12.14,3900.0,ZZZZZZ
2023-05-17 07:00:00,10.72,10.72,10.43,10.69,17400.0,ZZZZZZ
2023-07-17 07:00:00,11.84,12.14,11.8,11.92,95800.0,
2023-09-14 07:00:00,11.9,12.43,11.82,11.82,10300.0,
2023-12-25 07:00:00,13.27,13.27,12.94,13.11,142000.0,???
2023-12-26 07:00:00,13.27,13.27,13.02,13.02,51300.0,ZZZZZZ
2024-03-25 07:00:00,14.48,14.48,14.15,14.19,91200.0,A@
2025-02-28 07:00:00,11.85,11.89,11.8,11.85,11200.0,123
2015-12-24 07:00:00,6.76,7.07,6.76,7.07,1100.0,A@
2016-07-25 07:00:00,8.84,8.84,7.95,8.36,13200.0,A@
2016-10-06 07:00:00,6.99,7.63,6.99,7.63,300.0,ZZZZZZ
2016-10-18 07:00:00,6.83,7.95,6.83,7.95,1600.0,???
2016-10-24 07:00:00,7.87,7.87,7.87,7.87,100.0,
2018-01-17 07:00:00,3.99,3.99,3.99,3.99,200.0,A@
2020-11-26 07:00:00,4.09,4.09,4.0,4.0,500.0,ZZZZZZ
2021-10-21 07:00:00,11.08,11.18,10.54,10.81,446289.0,ZZZZZZ
2022-03-17 07:00:00,14.36,14.9,13.9,14.26,394666.0,???
2023-05-19 07:00:00,5.62,5.81,5.52,5.71,35000.0,A@
2023-06-01 07:00:00,6.0,6.19,6.0,6.19,133044.0,???
2023-08-21 07:00:00,5.81,5.9,5.62,5.81,30936.0,A@
2023-10-12 07:00:00,5.6,5.9,5.6,5.8,77705.0,
2023-11-29 07:00:00,5.6,5.6,5.5,36.49935933877879,2642973.0,???
2023-11-30 07:00:00,5.5,5.6,5.5,5.6,19100.0,A@
2024-01-24 07:00:00,5.4,5.4,5.3,5.4,3423.0,A@
2024-08-22 07:00:00,5.5,5.5,5.3,5.4,3398.0,123
2025-03-06 07:00:00,5.2,5.2,5.2,5.2,1500.0,123
2025-03-31 07:00:00,5.3,5.4,5.3,5.4,22920.0,A@
2026-03-11 07:00:00,5.0,5.2,5.0,5.2,6100.0,ZZZZZZ
2019-06-07 07:00:00,6.32,6.32,6.32,6.32,100.0,ZZZZZZ
2020-08-07 07:00:00,7.74,7.74,7.74,7.74,8.0,ZZZZZZ
2024-07-05 07:00:00,12.48,12.48,12.48,12.48,100.0,123
2024-08-27 07:00:00,13.02,13.02,13.02,13.02,300.0,123
2025-02-28 07:00:00,12.48,12.66,12.48,12.66,1300.0,A@
2025-12-25 07:00:00,15.0,15.0,15.0,15.0,800.0,ZZZZZZ
2021-12-21 07:00:00,25.97,25.97,25.97,25.97,25200.0,
2022-02-09 07:00:00,35.37,35.37,35.37,35.37,100.0,
2022-06-06 07:00:00,27.88,27.88,27.88,27.88,100.0,ZZZZZZ
2022-11-10 07:00:00,16.9,16.9,16.9,16.9,100.0,???
2023-06-21 07:00:00,6.77,6.77,6.57,6.57,1200.0,???
2024-01-19 07:00:00,8.02,8.02,8.02,8.02,414.0,123
2024-02-21 07:00:00,11.31,11.31,9.66,9.66,18300.0,ZZZZZZ
2024-08-20 07:00:00,8.53,8.53,8.53,8.53,800.0,
2024-08-22 07:00:00,8.53,8.53,8.53,8.53,1.0,
2025-12-31 07:00:00,14.47,15.3,13.72,14.55,5900.0,
2016-06-03 07:00:00,8.94,9.22,8.94,9.08,65440.0,ZZZZZZ
2016-09-14 07:00:00,11.46,11.6,11.18,11.53,209282.0,???
2016-11-03 07:00:00,11.67,11.67,11.32,11.67,70404.0,ZZZZZZ
2016-12-09 07:00:00,11.25,11.46,11.18,11.46,77100.0,ZZZZZZ
2017-02-15 07:00:00,10.83,11.18,10.83,11.11,44020.0,???
2017-04-28 07:00:00,11.32,11.67,11.32,11.6,51800.0,A@
2017-05-05 07:00:00,12.22,12.22,12.08,12.22,37570.0,ZZZZZZ
2018-04-13 07:00:00,13.62,13.97,13.55,13.9,47220.0,
2018-05-22 07:00:00,12.71,13.13,12.71,13.06,4410.0,ZZZZZZ
2019-12-30 07:00:00,7.91,7.91,7.67,7.91,33660.0,
2020-06-23 07:00:00,7.99,8.39,7.99,8.23,241230.0,
2020-08-20 07:00:00,7.83,7.83,7.75,7.83,120200.0,ZZZZZZ
2021-04-07 07:00:00,20.79,21.65,20.54,21.48,1311104.0,ZZZZZZ
2021-07-06 07:00:00,28.18,28.96,25.44,25.44,1935204.0,
2021-09-22 07:00:00,28.1,28.44,27.67,28.27,349637.0,
2021-09-29 07:00:00,28.18,28.18,27.5,121.19990358168232,11721708.0,A@
2022-01-20 07:00:00,31.26,32.4,31.08,32.31,142477.0,ZZZZZZ
2024-06-14 07:00:00,45.41,45.79,43.01,43.01,1234082.0,123
2024-07-15 07:00:00,43.49,44.07,42.92,43.3,698592.0,ZZZZZZ
2021-07-20 07:00:00,-8.69,8.69,8.69,8.69,-140.0,A@
2021-09-01 07:00:00,9.68,9.68,9.68,59.3037439457276,101500.0,???
2022-09-23 07:00:00,9.11,9.11,9.11,9.11,900.0,ZZZZZZ
2017-07-17 07:00:00,13.89,13.89,13.73,13.73,26200.0,A@
2018-05-04 07:00:00,18.43,18.59,18.27,18.59,28512.0,123
2018-06-06 07:00:00,19.73,19.73,19.73,19.73,121.0,
2018-08-06 07:00:00,19.65,19.65,19.65,19.65,3021.0,ZZZZZZ
2018-10-12 07:00:00,19.41,20.39,19.41,20.22,8700.0,???
2019-04-19 07:00:00,21.31,21.31,21.31,21.31,5200.0,ZZZZZZ
2019-08-06 07:00:00,22.15,22.15,22.15,22.15,1300.0,123
2020-11-16 07:00:00,14.28,14.28,14.28,14.28,57.0,???
2021-03-03 07:00:00,13.18,13.18,12.63,12.91,4828.0,A@
2022-09-28 07:00:00,13.99,13.99,13.99,14.09,1.0,???
2023-07-12 07:00:00,12.63,12.63,12.63,12.63,1.0,
2024-10-23 07:00:00,16.91,16.91,16.91,16.91,120.0,123
2025-03-31 07:00:00,17.2,17.2,17.2,17.2,200.0,???
2023-10-11 07:00:00,10.6,10.6,10.6,10.6,100.0,123
2017-03-02 07:00:00,5.51,5.51,5.27,5.46,2430.0,
2017-07-19 07:00:00,7.92,7.92,7.92,7.92,650.0,ZZZZZZ
2018-10-17 07:00:00,6.23,6.55,6.17,6.55,10630.0,ZZZZZZ
2018-11-15 07:00:00,6.39,6.58,6.28,6.31,8810.0,A@
2019-03-27 07:00:00,7.38,7.38,6.92,6.92,2120.0,123
2019-07-11 07:00:00,7.55,7.55,7.49,7.49,210.0,123
2020-03-18 07:00:00,8.14,8.24,7.52,7.52,1330.0,ZZZZZZ
2020-05-20 07:00:00,8.77,8.77,8.77,8.77,10.0,A@
2021-05-20 07:00:00,10.57,10.84,10.57,10.84,3900.0,A@
2021-07-12 07:00:00,11.52,11.52,11.18,11.45,5200.0,???
2021-08-04 07:00:00,11.86,12.2,11.86,12.2,600.0,???
2023-12-21 07:00:00,16.46,16.46,16.46,16.46,400.0,
2017-07-21 07:00:00,28.85,28.85,28.85,28.85,100.0,123
2019-12-03 07:00:00,13.56,13.56,13.56,13.56,1100.0,A@
2023-11-17 07:00:00,10.18,10.36,10.08,10.36,1000.0,123
2023-12-08 07:00:00,10.36,10.36,10.36,10.36,1100.0,A@
2022-02-08 07:00:00,14.5,14.5,14.5,14.5,100.0,123
2022-06-23 07:00:00,13.0,13.0,12.9,12.9,200.0,ZZZZZZ
2024-01-30 07:00:00,8.8,8.8,8.8,8.8,2500.0,???
2024-07-22 07:00:00,9.6,9.6,9.6,9.6,3300.0,???
2021-04-20 07:00:00,12.37,12.37,12.37,12.37,3070.0,???
2016-06-17 07:00:00,10.32,11.28,10.32,11.04,3700.0,123
2017-01-03 07:00:00,12.81,13.33,12.81,13.23,18900.0,123
2017-03-22 07:00:00,12.35,12.46,12.3,12.35,5200.0,???
2017-05-17 07:00:00,12.25,12.25,12.25,12.25,100.0,
2017-06-08 07:00:00,10.99,11.99,10.99,11.99,3600.0,???
2019-10-02 07:00:00,14.24,14.24,14.24,14.24,300.0,123
2019-12-26 07:00:00,14.5,14.5,14.5,14.5,724.0,ZZZZZZ
2020-12-02 07:00:00,19.57,19.57,19.57,19.57,4340.0,A@
2020-12-09 07:00:00,19.57,20.35,19.57,20.27,2700.0,???
2021-02-02 07:00:00,21.76,21.76,18.79,18.94,12500.0,
2022-04-13 07:00:00,24.1,24.35,24.1,24.1,4200.0,ZZZZZZ
2022-08-23 07:00:00,23.11,23.11,23.03,23.03,330.0,???
2022-10-13 07:00:00,21.72,21.72,21.72,21.72,100.0,A@
2023-06-20 07:00:00,24.08,24.64,23.9,24.64,2450.0,123
2023-11-09 07:00:00,24.45,24.45,24.45,24.45,921.0,???
2015-12-08 07:00:00,16.86,16.86,16.73,16.86,1063250.0,
2016-01-22 07:00:00,17.33,17.46,17.26,17.46,1774340.0,
2016-07-15 07:00:00,21.63,21.63,21.49,21.56,1059630.0,
2016-12-27 07:00:00,10.83,10.83,10.83,10.83,3600.0,
2016-12-29 07:00:00,9.4,9.4,9.4,9.4,870.0,
2017-05-03 07:00:00,2.95,3.05,2.93,2.94,351050.0,A@
2018-02-01 07:00:00,1.74,1.74,1.64,1.65,144070.0,123
2018-02-28 07:00:00,1.46,1.54,1.46,1.54,165320.0,123
2019-07-15 07:00:00,1.0,1.1,1.0,1.1,790.0,???
2019-08-26 07:00:00,1.0,1.1,0.9,1.0,88700.0,ZZZZZZ
2019-09-05 07:00:00,1.0,1.0,0.9,1.0,1210.0,
2020-02-25 07:00:00,1.0,1.0,0.9,1.0,17110.0,123
2020-08-21 07:00:00,0.8,0.8,0.8,0.8,39050.0,
2020-09-11 07:00:00,0.8,0.8,0.7,0.8,4450.0,ZZZZZZ
2020-10-06 07:00:00,0.9,0.9,0.8,0.9,139421.0,
2022-08-23 07:00:00,3.4,3.6,3.3,3.5,196000.0,123
2024-05-17 07:00:00,1.3,1.4,1.3,1.4,244206.0,
2025-01-17 07:00:00,1.9,1.9,1.8,1.9,48167.0,???
2019-02-22 07:00:00,8.39,8.39,8.39,8.39,100.0,A@
2020-02-12 07:00:00,7.06,7.06,6.15,6.5,12400.0,
2021-07-08 07:00:00,10.04,10.42,10.04,10.04,12600.0,123
2021-10-25 07:00:00,13.62,13.62,12.85,13.08,13300.0,A@
2022-04-04 07:00:00,11.71,11.71,11.56,11.64,14800.0,
2022-05-23 07:00:00,9.19,9.27,8.79,8.79,7600.0,
2022-06-02 07:00:00,9.99,9.99,9.19,9.43,5000.0,123
2023-04-06 07:00:00,9.19,9.19,9.19,9.19,200.0,123
2024-12-23 07:00:00,9.58,9.58,9.58,9.58,200.0,
2025-10-31 07:00:00,9.27,9.56,9.27,9.56,7300.0,A@
2025-12-23 07:00:00,11.78,12.36,11.49,11.78,35900.0,ZZZZZZ
2026-04-24 07:00:00,13.8,13.8,13.8,13.8,100.0,???
2018-02-26 07:00:00,33.39,34.01,33.26,33.33,49400.0,
2019-01-24 07:00:00,14.41,14.79,14.18,14.79,6170.0,ZZZZZZ
2019-06-17 07:00:00,15.24,15.24,14.71,14.71,57241.0,ZZZZZZ
2020-01-07 07:00:00,13.95,13.95,13.67,13.95,7200.0,123
2020-05-11 07:00:00,10.7,10.97,10.7,10.97,1460.0,123
2020-07-16 07:00:00,10.7,10.7,10.51,10.51,800.0,123
2021-01-11 07:00:00,13.02,13.58,13.02,13.49,33300.0,A@
2023-01-18 07:00:00,10.3,10.7,10.3,10.7,4500.0,123
2023-07-21 07:00:00,-11.5,11.5,11.4,11.4,-8500.0,
2023-11-24 07:00:00,9.8,9.8,9.7,9.8,1194.0,ZZZZZZ
2024-03-25 07:00:00,10.4,10.7,10.3,10.7,5400.0,123
2024-11-01 07:00:00,9.6,9.7,9.6,9.7,1790.0,???
2024-12-27 07:00:00,10.1,10.1,9.9,10.0,6400.0,A@
2025-01-23 07:00:00,,10.3,,,8304.0,???
2025-06-18 07:00:00,9.6,9.7,9.5,9.7,15600.0,
2026-03-26 07:00:00,9.6,9.7,9.2,9.2,2500.0,???
2025-03-10 07:00:00,22.59,25.63,22.59,22.69,715.0,ZZZZZZ
2016-10-04 07:00:00,5.33,5.33,5.33,5.33,2200.0,ZZZZZZ
2017-04-13 07:00:00,6.09,6.47,6.09,6.47,2800.0,???
2017-07-17 07:00:00,6.85,6.85,6.85,6.85,100.0,???
2018-08-31 07:00:00,7.71,7.71,5.7,5.7,200.0,123
2021-02-04 07:00:00,15.96,15.96,15.96,15.96,100.0,
2023-06-16 07:00:00,18.91,18.91,18.91,18.91,100.0,123
2025-03-31 07:00:00,22.69,23.14,21.95,23.14,22700.0,A@
2025-04-10 07:00:00,21.95,22.41,21.77,21.95,8805.0,
2025-04-18 07:00:00,22.78,22.78,22.78,22.78,100.0,123
2020-04-28 07:00:00,12.61,12.61,12.61,12.61,3900.0,ZZZZZZ
2021-01-13 07:00:00,18.91,18.91,18.36,18.36,1500.0,ZZZZZZ
2023-09-05 07:00:00,56.28,56.28,51.87,51.87,5100.0,???
2023-12-27 07:00:00,54.78,54.78,54.78,54.78,300.0,ZZZZZZ
2025-02-18 07:00:00,77.9,78.0,76.15,76.15,7601.0,
2017-06-01 07:00:00,9.05,9.21,9.05,9.21,400.0,???
2017-08-17 07:00:00,9.21,9.21,9.21,9.21,100.0,A@
2019-09-03 07:00:00,15.95,15.95,14.4,14.4,37900.0,ZZZZZZ
2019-11-25 07:00:00,9.57,9.92,9.57,9.92,1900.0,
2020-06-04 07:00:00,10.31,10.4,10.22,10.4,9500.0,A@
2021-10-28 07:00:00,23.33,24.83,23.15,24.48,710409.0,
2022-01-11 07:00:00,24.39,24.92,24.21,24.65,243300.0,A@
2022-08-09 07:00:00,16.61,16.79,16.44,16.52,209400.0,???
2023-04-21 07:00:00,12.12,12.21,11.85,11.94,75000.0,???
2024-10-21 07:00:00,14.67,14.67,14.38,136.4856567732276,1038037.0,
2024-11-15 07:00:00,15.15,15.15,14.67,117.98435082589786,5079900.0,A@
2024-11-22 07:00:00,14.96,14.96,14.67,14.77,48614.0,A@
2024-12-19 07:00:00,15.44,16.3,15.25,16.11,548966.0,ZZZZZZ
2024-06-28 07:00:00,9.8,9.8,9.2,9.3,20100.0,???
2024-09-17 07:00:00,7.0,7.3,7.0,7.3,30732.0,123
2024-11-05 07:00:00,9.0,9.2,8.8,9.2,107310.0,
2025-01-24 07:00:00,9.2,9.2,9.2,9.2,100.0,123
2025-05-16 07:00:00,21.7,21.7,21.7,21.7,100.0,
2025-07-17 07:00:00,20.5,21.0,17.4,20.1,400.0,123
2017-08-08 07:00:00,24.22,24.22,23.1,23.1,1100.0,???
2017-11-28 07:00:00,19.84,19.84,19.84,19.84,100.0,A@
2019-01-17 07:00:00,27.75,27.75,27.75,27.75,100.0,ZZZZZZ
2019-02-25 07:00:00,-29.89,29.89,29.89,29.89,-200.0,A@
2026-02-04 07:00:00,66.0,66.0,62.0,63.0,900.0,123
2021-01-15 07:00:00,14.68,14.85,14.35,14.85,4175.0,123
2022-03-04 07:00:00,20.82,20.82,19.95,19.95,2100.0,ZZZZZZ
2024-06-13 07:00:00,26.18,26.57,26.18,26.47,5200.0,ZZZZZZ
2020-06-08 07:00:00,1.89,2.15,1.89,2.15,700.0,
2022-02-23 07:00:00,-9.01,9.1,9.01,9.1,-10600.0,???
2022-06-02 07:00:00,9.96,9.96,9.96,9.96,1000.0,???
2022-06-06 07:00:00,10.64,10.64,10.64,10.64,100.0,???
2023-09-25 07:00:00,9.77,9.77,9.68,9.77,1700.0,
2024-10-07 07:00:00,7.92,7.92,7.73,7.73,2000.0,A@
2025-07-01 07:00:00,8.6,8.6,8.6,8.6,600.0,A@
2019-11-08 07:00:00,6.57,6.6,6.55,6.6,258620.0,
2020-05-29 07:00:00,4.33,4.41,4.29,4.3,1345410.0,
2020-07-27 07:00:00,4.92,5.0,4.86,4.89,707610.0,???
2021-07-20 07:00:00,14.15,14.97,14.15,14.97,956000.0,A@
2022-03-21 07:00:00,22.9,22.9,22.34,22.43,779500.0,A@
2022-04-06 07:00:00,22.07,22.43,22.02,22.16,753000.0,123
2022-07-19 07:00:00,15.13,15.13,14.57,15.01,143100.0,123
2024-05-07 07:00:00,8.4,8.4,8.2,8.27,100600.0,ZZZZZZ
2025-04-04 07:00:00,6.03,6.5,6.02,6.49,764500.0,A@
2026-03-10 07:00:00,6.65,7.0,6.65,6.8,189500.0,
2016-03-01 07:00:00,2.93,2.93,2.91,2.91,4000.0,???
2017-01-23 07:00:00,5.3,5.3,5.23,5.23,16000.0,123
2017-03-27 07:00:00,6.29,6.4,6.29,6.29,10948.0,???
2017-08-14 07:00:00,7.03,7.14,7.03,7.05,38600.0,ZZZZZZ
2017-09-13 07:00:00,7.07,7.12,7.07,7.07,24400.0,???
2018-06-27 07:00:00,5.52,5.54,5.52,5.54,3500.0,123
2020-10-29 07:00:00,10.5,10.92,10.5,41.25687356777231,163200.0,
2021-03-24 07:00:00,19.27,19.69,18.38,18.8,141755.0,123
2021-07-20 07:00:00,30.31,30.47,30.25,30.47,19533.0,
2021-08-31 07:00:00,37.51,39.89,37.4,39.83,52890.0,123
2021-12-22 07:00:00,71.08,71.47,69.25,69.25,87288.0,
2022-02-28 07:00:00,55.51,56.46,55.4,55.46,28326.0,
2022-08-04 07:00:00,43.96,45.2,42.54,43.28,82402.0,ZZZZZZ
2023-12-29 07:00:00,21.42,21.64,21.42,21.49,14967.0,A@
2026-02-24 07:00:00,17.5,17.5,16.7,17.1,7600.0,
2015-12-10 07:00:00,12.29,12.34,12.09,12.09,267080.0,A@
2015-12-14 07:00:00,12.34,12.34,12.04,12.09,207680.0,ZZZZZZ
2018-12-18 07:00:00,12.38,13.15,12.38,12.55,115760.0,
2019-11-18 07:00:00,12.64,12.64,12.42,12.51,74010.0,ZZZZZZ
2020-05-29 07:00:00,13.84,13.93,13.63,13.76,59160.0,A@
2020-09-11 07:00:00,-14.25,14.25,14.16,14.25,-16420.0,A@
2020-12-30 07:00:00,15.36,15.45,15.14,15.31,74120.0,ZZZZZZ
2021-03-22 07:00:00,17.18,17.99,17.18,17.9,347200.0,A@
2021-09-30 07:00:00,16.35,16.49,16.12,16.49,40800.0,A@
2021-12-08 07:00:00,17.17,17.49,17.17,17.22,56200.0,
2022-04-20 07:00:00,18.04,18.13,17.22,17.22,160200.0,123
2022-09-16 07:00:00,14.97,15.29,14.97,15.29,11700.0,???
2023-04-05 07:00:00,12.98,13.17,12.98,13.17,5000.0,???
2023-10-30 07:00:00,11.61,11.61,11.42,11.42,1200.0,
2024-07-12 07:00:00,14.72,15.05,14.05,14.33,986500.0,???
2025-04-22 07:00:00,10.37,10.42,9.75,9.79,1747100.0,123
2025-05-12 07:00:00,12.53,12.92,12.43,12.58,744300.0,A@
2025-05-22 07:00:00,12.48,12.82,12.48,12.62,599200.0,
2025-06-30 07:00:00,13.05,13.2,13.0,13.0,498900.0,ZZZZZZ
2023-02-28 07:00:00,17.03,17.51,16.3,16.47,284700.0,123
2023-04-03 07:00:00,16.79,16.95,16.06,16.71,728980.0,123
2023-06-14 07:00:00,16.84,16.93,16.58,16.67,195392.0,
2023-09-07 07:00:00,14.86,14.94,14.77,14.86,62806.0,???
2024-05-06 07:00:00,19.26,19.78,19.18,19.78,268063.0,A@
2015-10-30 07:00:00,4.1,4.12,4.02,4.02,24400.0,A@
2015-11-13 07:00:00,3.9,3.96,3.9,3.96,11900.0,ZZZZZZ
2016-03-18 07:00:00,4.29,4.31,4.21,4.21,118780.0,
2016-07-13 07:00:00,5.62,5.86,5.62,5.74,234510.0,
2016-08-10 07:00:00,5.56,5.56,5.45,5.48,159010.0,???
2016-09-06 07:00:00,5.92,5.96,5.8,5.86,232720.0,
2016-09-09 07:00:00,6.15,6.21,6.0,6.0,154420.0,
2016-10-14 07:00:00,5.94,6.02,5.78,5.86,469760.0,ZZZZZZ
2017-03-27 07:00:00,6.08,6.16,6.06,6.08,44070.0,ZZZZZZ
2017-07-18 07:00:00,7.61,7.61,7.47,7.58,30510.0,???
2017-08-15 07:00:00,7.78,7.61,7.78,7.78,2040.0,123
2017-11-14 07:00:00,7.98,7.98,7.85,7.96,28910.0,ZZZZZZ
2017-11-22 07:00:00,7.78,7.85,7.71,7.85,23570.0,A@
2018-04-27 07:00:00,8.69,8.72,8.56,8.64,61920.0,123
2018-11-06 07:00:00,7.93,7.94,7.73,7.89,57870.0,
2019-06-05 07:00:00,7.61,7.61,7.45,7.45,39430.0,A@
2019-06-14 07:00:00,7.56,7.67,7.53,7.64,24410.0,ZZZZZZ
2019-09-13 07:00:00,6.39,6.44,6.29,6.44,158660.0,123
2020-04-28 07:00:00,5.9,6.03,5.84,6.03,249030.0,
2020-05-13 07:00:00,6.16,6.21,6.11,6.15,370820.0,ZZZZZZ
2020-07-08 07:00:00,6.38,6.38,6.33,6.36,93640.0,ZZZZZZ
2021-01-04 07:00:00,9.2,9.26,9.02,9.2,304100.0,
2021-09-22 07:00:00,22.66,22.82,22.3,22.82,287000.0,
2022-01-27 07:00:00,12.26,12.33,11.81,12.07,216700.0,???
2022-02-11 07:00:00,13.51,14.53,13.41,14.43,714700.0,
2023-05-05 07:00:00,10.39,10.24,10.43,10.31,326200.0,A@
2024-06-18 07:00:00,26.4,27.56,26.14,27.19,1054800.0,???
2024-10-09 07:00:00,36.04,36.53,35.99,36.53,981900.0,A@
2024-12-10 07:00:00,40.13,41.25,39.45,39.69,3023000.0,???
2025-04-10 07:00:00,29.67,29.67,29.67,29.67,838900.0,
2025-04-17 07:00:00,28.6,31.13,28.6,30.64,1119000.0,ZZZZZZ
2016-12-29 07:00:00,4.53,4.53,4.53,4.53,100.0,
2017-11-14 07:00:00,5.32,5.32,5.32,5.32,300.0,
2016-06-24 07:00:00,4.87,5.27,4.87,5.27,800.0,A@
2018-06-04 07:00:00,10.61,11.45,10.11,11.45,1200.0,???
2020-06-24 07:00:00,14.05,14.05,14.05,14.05,1800.0,A@
2023-12-28 07:00:00,10.47,10.47,10.47,10.47,1800.0,
2026-03-31 07:00:00,16.3,16.3,16.1,16.2,4600.0,ZZZZZZ
2016-09-19 07:00:00,7.2,7.28,7.2,7.26,510530.0,ZZZZZZ
2018-01-05 07:00:00,11.68,11.72,11.45,11.5,3071940.0,???
2018-02-23 07:00:00,13.46,13.92,13.28,13.92,13718750.0,ZZZZZZ
2018-05-14 07:00:00,13.67,13.69,13.33,13.51,3612060.0,A@
2018-07-05 07:00:00,-9.94,10.03,9.37,9.39,-5581570.0,???
2019-07-01 07:00:00,9.37,9.55,9.3,9.55,3636530.0,A@
2020-09-07 07:00:00,11.95,11.98,11.45,11.45,8021370.0,ZZZZZZ
2021-01-27 07:00:00,15.89,16.33,15.1,15.14,9544300.0,ZZZZZZ
2021-02-19 07:00:00,16.86,,16.77,17.19,12154600.0,A@
2021-03-30 07:00:00,18.72,18.95,18.51,18.77,11152600.0,
2021-10-20 07:00:00,18.22,18.22,17.71,17.98,9264000.0,
2021-12-28 07:00:00,20.56,21.02,20.5,20.81,13587500.0,???
2023-02-20 07:00:00,18.32,18.69,18.23,18.69,4573900.0,123
2023-06-28 07:00:00,-18.05,18.54,18.02,18.42,-8631900.0,ZZZZZZ
2023-07-11 07:00:00,18.39,18.78,18.39,18.6,14508800.0,ZZZZZZ
2024-12-11 07:00:00,24.91,25.12,24.84,24.94,4390000.0,???
2025-01-21 07:00:00,25.7,25.94,25.42,25.6,5502600.0,
2025-07-18 07:00:00,30.88,31.26,30.57,30.92,8291000.0,ZZZZZZ
2015-11-11 07:00:00,13.94,13.94,13.53,13.87,9200.0,123
2016-04-06 07:00:00,15.1,15.24,14.83,15.1,504410.0,ZZZZZZ
2016-07-29 07:00:00,20.56,21.43,20.56,20.7,572310.0,
2017-02-02 07:00:00,19.4,19.55,19.06,19.55,423030.0,ZZZZZZ
2018-04-03 07:00:00,28.12,28.2,27.65,27.77,695400.0,A@
2018-06-06 07:00:00,23.15,23.3,22.75,22.83,168940.0,A@
2018-06-26 07:00:00,22.04,22.04,20.86,22.04,334840.0,
2018-07-05 07:00:00,22.67,22.67,22.04,22.51,88520.0,A@
2018-11-07 07:00:00,20.71,20.96,20.71,20.83,1188990.0,
2019-01-02 07:00:00,19.77,20.06,19.73,19.94,772530.0,???
2021-01-07 07:00:00,15.1,15.19,14.77,15.0,1195000.0,
2021-07-09 07:00:00,13.87,13.96,13.49,13.78,646900.0,ZZZZZZ
2021-11-26 07:00:00,22.0,22.1,21.0,21.6,1598000.0,123
2023-08-04 07:00:00,17.5,17.5,17.2,17.3,686200.0,ZZZZZZ
2024-05-28 07:00:00,18.6,18.8,17.85,18.1,1593500.0,123
2025-06-10 07:00:00,22.2,23.05,22.2,22.4,2543900.0,A@
2025-07-10 07:00:00,24.6,24.9,24.55,24.9,1319500.0,???
2025-09-26 07:00:00,25.8,26.4,25.7,25.85,1612500.0,A@
2025-12-23 07:00:00,22.8,23.6,22.75,22.85,397600.0,???
2016-09-08 07:00:00,8.53,8.62,8.37,8.37,103800.0,
2016-09-20 07:00:00,8.29,8.45,8.29,8.37,96600.0,123
2017-02-17 07:00:00,10.89,11.05,10.81,10.97,62500.0,
2017-03-22 07:00:00,16.74,16.91,16.17,16.91,173000.0,ZZZZZZ
2017-12-07 07:00:00,13.15,13.23,12.82,13.06,37730.0,ZZZZZZ
2018-07-18 07:00:00,4.46,4.46,4.37,4.46,1882.0,???
2018-12-05 07:00:00,3.8,3.9,3.7,3.9,31700.0,123
2018-12-06 07:00:00,3.9,3.9,3.8,3.8,2500.0,123
2019-04-24 07:00:00,4.2,4.2,4.0,4.1,44300.0,
2020-09-03 07:00:00,4.4,4.7,4.2,4.6,178576.0,123
2022-05-09 07:00:00,6.0,6.0,5.6,5.6,19900.0,123
2022-09-06 07:00:00,6.0,6.1,6.0,6.1,4700.0,123
2023-02-09 07:00:00,3.6,3.7,3.6,3.7,2700.0,???
2024-06-25 07:00:00,7.0,7.4,6.6,7.4,173782.0,123
2024-09-20 07:00:00,37.0,37.5,33.5,37.5,627251.0,ZZZZZZ
2024-10-15 07:00:00,35.6,36.9,34.9,36.9,250042.0,???
2025-06-19 07:00:00,17.5,18.2,15.8,16.9,676200.0,
2025-09-04 07:00:00,18.0,18.7,18.0,18.6,73400.0,123
2025-10-20 07:00:00,9.1,9.1,8.5,8.8,26100.0,ZZZZZZ
2019-01-28 07:00:00,8.07,8.11,7.83,8.03,54934.0,???
2019-06-03 07:00:00,10.67,10.75,10.31,10.51,403586.0,???
2019-07-18 07:00:00,13.54,13.9,13.26,13.78,393508.0,
2019-11-11 07:00:00,23.65,23.75,23.32,23.46,265267.0,123
2019-11-12 07:00:00,23.51,23.56,23.18,23.51,147993.0,
2019-12-18 07:00:00,20.79,20.88,19.83,20.02,237537.0,123
2023-05-30 07:00:00,64.92,65.29,64.27,65.1,131500.0,???
2023-11-21 07:00:00,79.49,83.33,79.49,382.0406619887814,38084500.0,A@
2024-05-17 07:00:00,130.36,130.36,127.88,128.55,499000.0,
2025-06-27 07:00:00,95.6,100.0,95.6,99.9,1511400.0,123
2025-07-24 07:00:00,96.77,97.26,95.99,96.09,478600.0,ZZZZZZ
2022-03-14 07:00:00,16.9,16.9,16.9,16.9,200.0,123
2022-04-12 07:00:00,20.52,20.52,18.19,18.19,299.0,
2023-06-20 07:00:00,15.03,15.03,15.03,15.03,300.0,ZZZZZZ
2023-12-26 07:00:00,14.94,14.94,14.94,14.94,100.0,???
2025-03-24 07:00:00,31.51,31.51,31.04,31.04,800.0,???
2025-06-10 07:00:00,29.22,29.22,29.22,29.22,100.0,???
2026-01-13 07:00:00,25.0,25.0,25.0,25.0,200.0,???
2026-02-26 07:00:00,25.4,25.4,25.4,25.4,200.0,???
2016-03-29 07:00:00,5.24,5.38,5.22,5.24,18300.0,123
2016-04-25 07:00:00,5.03,5.03,5.03,5.03,1000.0,A@
2017-02-15 07:00:00,4.29,4.4,4.29,4.4,5800.0,123
2017-08-04 07:00:00,5.03,5.03,5.03,5.03,100.0,ZZZZZZ
2019-10-14 07:00:00,10.29,10.29,10.29,10.29,300.0,123
2020-05-07 07:00:00,7.12,7.52,7.12,7.52,200.0,???
2021-04-29 07:00:00,6.33,6.33,6.33,6.33,1100.0,123
2021-07-15 07:00:00,5.14,5.14,5.14,5.14,101.0,123
2021-10-05 07:00:00,6.33,6.33,6.33,6.33,100.0,123
2022-04-01 07:00:00,7.52,7.83,7.44,7.83,129800.0,
2025-06-20 07:00:00,11.71,11.87,11.55,11.87,94700.0,123
2025-09-25 07:00:00,14.95,14.95,14.56,14.72,91000.0,A@
2025-10-30 07:00:00,13.77,13.92,13.69,13.77,102100.0,ZZZZZZ
2026-03-13 07:00:00,4.6,4.6,4.4,4.4,10800.0,???
2016-04-14 07:00:00,8.92,9.34,8.92,8.54,843910.0,123
2017-03-20 07:00:00,-23.45,23.45,22.63,22.63,-640534.0,123
2017-08-23 07:00:00,-26.23,26.46,26.11,26.4,-179770.0,ZZZZZZ
2018-04-23 07:00:00,28.99,29.92,28.99,29.04,589880.0,A@
2018-11-16 07:00:00,17.33,17.61,17.33,17.45,77870.0,A@
2019-04-12 07:00:00,18.99,19.07,18.91,18.95,141130.0,123
2019-04-24 07:00:00,17.73,18.12,17.65,18.12,209760.0,???
2019-09-04 07:00:00,18.15,17.75,17.35,17.62,135180.0,???
2019-11-13 07:00:00,19.86,19.91,19.69,19.73,64330.0,
2020-03-30 07:00:00,13.12,13.39,12.64,12.99,113110.0,???
2020-06-11 07:00:00,16.74,16.82,15.9,15.9,324640.0,???
2020-09-11 07:00:00,17.37,17.75,17.37,17.7,98020.0,
2021-08-20 07:00:00,39.1,40.0,39.0,39.2,42700.0,
2021-10-01 07:00:00,37.0,39.0,36.9,39.0,2500.0,ZZZZZZ
2022-03-15 07:00:00,44.8,45.0,44.0,45.0,4000.0,ZZZZZZ
2023-06-01 07:00:00,37.1,38.95,37.0,37.05,5600.0,
2023-07-24 07:00:00,34.8,36.05,34.5,35.2,1300.0,A@
2023-07-27 07:00:00,36.2,36.2,36.2,36.2,600.0,
2024-04-11 07:00:00,28.2,29.85,28.2,28.65,300.0,???
2025-08-26 07:00:00,26.7,26.7,26.7,26.7,600.0,123
2016-05-19 07:00:00,5.0,5.0,5.0,5.0,100.0,???
2016-12-29 07:00:00,6.55,6.55,6.55,6.55,100.0,A@
2019-03-26 07:00:00,6.11,6.11,6.11,6.11,15000.0,123
2021-07-06 07:00:00,6.4,6.56,6.32,6.56,58678.0,A@
2023-01-09 07:00:00,4.8,4.8,4.8,4.8,300.0,A@
2023-08-18 07:00:00,4.4,4.4,4.4,4.4,3300.0,
2024-02-23 07:00:00,8.6,8.89,8.6,8.79,700.0,???
2024-04-16 07:00:00,7.33,7.33,7.33,7.33,2500.0,A@
2016-06-01 07:00:00,3.05,3.05,2.86,2.86,1130.0,ZZZZZZ
2016-06-07 07:00:00,3.15,3.15,3.15,3.15,200.0,123
2017-02-09 07:00:00,2.77,2.77,2.64,2.64,250.0,ZZZZZZ
2021-10-01 07:00:00,3.3,3.7,3.3,3.7,400.0,123
2016-11-30 07:00:00,5.79,5.8,5.79,5.8,3200.0,ZZZZZZ
2017-07-07 07:00:00,6.08,6.09,6.03,6.06,6970.0,
2017-09-29 07:00:00,8.88,8.88,8.0,8.57,141080.0,
2017-11-16 07:00:00,9.52,9.79,9.5,9.68,5050.0,???
2021-03-24 07:00:00,30.86,31.23,29.92,30.02,299000.0,???
2021-05-06 07:00:00,27.87,28.18,27.5,27.71,301800.0,ZZZZZZ
2021-09-15 07:00:00,31.39,31.67,31.16,31.55,192900.0,ZZZZZZ
2021-11-04 07:00:00,35.65,36.99,35.31,36.99,515500.0,
2022-11-22 07:00:00,12.03,12.57,11.73,12.12,48100.0,123
2023-04-13 07:00:00,16.23,16.23,15.81,16.11,46100.0,ZZZZZZ
2024-03-06 07:00:00,23.19,23.32,22.99,23.09,48800.0,???
2024-11-18 07:00:00,25.55,25.55,24.95,25.15,45800.0,???
2026-01-29 07:00:00,35.45,35.5,35.25,35.5,9000.0,???
2015-12-17 07:00:00,7.43,7.43,7.23,7.36,329970.0,123
2016-05-13 07:00:00,7.63,7.63,7.5,7.56,158820.0,ZZZZZZ
2016-11-25 07:00:00,10.51,10.55,10.31,10.31,530760.0,
2016-11-29 07:00:00,10.38,10.41,9.98,10.02,262080.0,???
2017-03-17 07:00:00,9.38,9.6,9.38,9.42,348670.0,ZZZZZZ
2017-09-08 07:00:00,9.17,9.24,9.13,9.2,113490.0,A@
2018-10-15 07:00:00,6.18,6.26,6.18,6.26,142140.0,123
2019-01-28 07:00:00,6.77,6.78,6.7,6.71,143600.0,ZZZZZZ
2019-10-04 07:00:00,5.64,5.64,5.52,5.55,247880.0,ZZZZZZ
2021-10-29 07:00:00,6.74,6.78,6.55,6.78,922100.0,123
2021-12-10 07:00:00,15.15,15.2,14.8,14.95,820700.0,ZZZZZZ
2022-03-24 07:00:00,13.6,14.3,13.55,14.0,2249500.0,ZZZZZZ
2022-06-10 07:00:00,7.27,7.33,7.11,7.11,303700.0,123
2023-07-12 07:00:00,5.49,5.5,5.33,5.36,503700.0,
2023-11-27 07:00:00,3.28,3.28,3.2,3.2,179600.0,
2020-01-02 07:00:00,11.26,11.26,8.39,11.26,36100.0,A@
2020-06-22 07:00:00,8.39,8.39,8.39,8.39,145.0,ZZZZZZ
2025-11-07 07:00:00,8.1,9.0,8.1,9.0,400.0,123
2019-12-18 07:00:00,11.52,,,,10.0,ZZZZZZ
2021-05-26 07:00:00,16.87,17.1,15.94,15.94,1900.0,
2022-01-26 07:00:00,15.19,16.75,15.19,15.43,400.0,ZZZZZZ
2022-06-24 07:00:00,14.27,14.27,14.27,14.27,2600.0,ZZZZZZ
2022-11-02 07:00:00,9.41,9.41,9.32,9.32,400.0,???
2023-08-10 07:00:00,11.96,11.96,10.91,11.37,53500.0,123
2016-09-26 07:00:00,7.71,7.79,7.71,63.15669946382977,34780860.0,
2017-12-08 07:00:00,6.5,6.5,6.32,6.45,27513.0,ZZZZZZ
2018-02-08 07:00:00,6.27,6.27,6.07,36.14100842598484,70308.0,A@
2019-03-08 07:00:00,5.34,5.81,5.25,5.5,71020.0,A@
2020-04-23 07:00:00,8.14,8.26,7.47,7.59,2939110.0,123
2020-05-29 07:00:00,12.15,12.66,12.08,12.54,2988050.0,
2020-09-15 07:00:00,15.12,15.14,14.76,14.83,2972440.0,
2021-06-24 07:00:00,20.77,21.29,20.7,20.77,1999400.0,???
2022-11-01 07:00:00,-11.21,11.77,11.14,106.2958412835737,-141096600.0,
2023-09-13 07:00:00,19.29,19.29,18.5,18.62,6303600.0,A@
2023-10-10 07:00:00,16.82,17.12,16.67,16.67,3295500.0,ZZZZZZ
2023-12-20 07:00:00,18.91,19.33,18.8,19.21,7248900.0,ZZZZZZ
2025-05-20 07:00:00,-23.81,24.2,23.64,24.07,-5330600.0,123
2017-12-14 07:00:00,24.81,24.98,24.76,24.94,44800.0,???
2018-03-07 07:00:00,23.81,23.81,22.78,23.0,28750.0,A@
2018-05-04 07:00:00,21.58,22.33,21.58,21.86,29686.0,
2018-12-04 07:00:00,18.56,18.98,18.56,18.84,50960.0,ZZZZZZ
2019-11-26 07:00:00,28.74,28.74,28.21,28.31,64030.0,A@
2020-09-17 07:00:00,22.53,22.7,22.48,22.63,7830.0,123
2020-10-14 07:00:00,23.0,23.28,22.93,23.28,9940.0,
2021-01-04 07:00:00,24.32,24.32,23.97,24.17,26200.0,123
2024-08-08 07:00:00,39.15,39.25,38.67,38.67,43100.0,A@
2025-03-12 07:00:00,55.35,55.54,54.77,55.54,200500.0,
2025-05-23 07:00:00,49.28,51.01,49.18,49.66,248400.0,
2025-11-11 07:00:00,51.2,52.0,51.2,51.9,9100.0,123
2025-12-11 07:00:00,-50.1,50.1,46.6,49.5,-13800.0,???
2017-08-11 07:00:00,4.93,4.93,4.93,4.93,100.0,A@
2020-02-25 07:00:00,5.48,5.48,5.48,5.48,1000.0,123
2020-03-23 07:00:00,5.31,5.37,5.31,5.37,3300.0,123
2020-11-23 07:00:00,6.18,6.18,6.18,6.18,2600.0,A@
2021-02-01 07:00:00,7.1,7.24,7.1,50.329460589832216,110000.0,ZZZZZZ
2021-04-12 07:00:00,13.22,14.08,13.22,14.08,1363.0,ZZZZZZ
2021-09-07 07:00:00,10.0,10.0,9.73,10.0,3600.0,ZZZZZZ
2022-06-20 07:00:00,9.4,9.4,9.4,9.4,100.0,A@
2022-09-27 07:00:00,7.0,7.6,7.0,7.6,200.0,
2023-10-25 07:00:00,8.0,8.0,8.0,8.0,100.0,123
2024-06-06 07:00:00,7.0,7.3,6.6,6.9,4200.0,???
2026-02-27 07:00:00,6.4,6.4,6.4,6.4,100.0,A@
2016-09-20 07:00:00,19.26,19.26,18.48,18.77,481030.0,
2017-11-30 07:00:00,21.48,21.58,21.29,21.58,27370.0,123
2017-12-21 07:00:00,23.03,23.27,22.26,22.74,524420.0,ZZZZZZ
2018-02-01 07:00:00,21.43,21.77,21.38,21.48,103020.0,???
2018-06-20 07:00:00,13.79,15.0,13.79,15.0,8320.0,A@
2018-07-19 07:00:00,14.0,14.0,14.0,14.0,2160.0,ZZZZZZ
2018-12-28 07:00:00,9.3,9.4,9.3,9.35,26730.0,123
2019-04-03 07:00:00,18.9,19.5,18.8,19.1,141680.0,???
2019-10-21 07:00:00,18.3,18.5,17.7,18.4,29430.0,A@
2020-01-30 07:00:00,26.2,26.7,25.0,25.85,41180.0,A@
2021-08-18 07:00:00,46.75,46.95,45.75,45.9,645100.0,???
2023-10-12 07:00:00,22.75,23.2,22.75,23.0,421100.0,A@
2024-07-11 07:00:00,28.2,28.8,28.05,28.05,193900.0,
2024-07-24 07:00:00,27.85,28.1,26.85,28.05,377500.0,ZZZZZZ
2024-12-11 07:00:00,26.95,28.0,26.7,27.2,442900.0,A@
2025-04-18 07:00:00,20.1,21.5,19.9,20.8,516800.0,A@
2016-08-02 07:00:00,8.67,8.71,8.52,8.52,61000.0,???
2017-02-21 07:00:00,7.9,8.09,7.87,7.98,81236.0,
2017-05-30 07:00:00,6.8,6.8,6.63,6.63,14800.0,???
2017-06-02 07:00:00,6.72,6.74,6.68,6.72,11201.0,???
2017-10-09 07:00:00,7.3,7.34,7.28,7.34,19580.0,A@
2017-12-06 07:00:00,7.23,7.49,7.12,7.25,230500.0,???
2017-12-15 07:00:00,7.06,7.1,7.02,7.08,41100.0,A@
2018-10-08 07:00:00,10.75,11.03,10.75,11.0,54837.0,???
2019-03-26 07:00:00,9.77,9.82,9.7,9.75,190279.0,123
2019-04-18 07:00:00,8.91,8.91,8.44,8.46,214303.0,123
2019-08-05 07:00:00,8.61,8.61,8.5,8.5,289091.0,
2019-11-21 07:00:00,7.2,7.34,7.2,7.31,86315.0,123
2021-04-08 07:00:00,24.26,24.26,23.62,23.72,275900.0,???
2021-10-04 07:00:00,62.21,63.38,59.31,59.66,972200.0,ZZZZZZ
2021-11-05 07:00:00,61.48,64.73,60.66,63.26,3567900.0,123
2022-05-31 07:00:00,84.44,89.24,83.66,87.21,1301500.0,ZZZZZZ
2023-05-12 07:00:00,47.13,47.22,46.59,46.77,1492000.0,A@
2023-10-20 07:00:00,81.08,82.16,77.55,82.07,5009000.0,123
2024-04-15 07:00:00,110.8,113.69,103.53,103.62,2989100.0,123
2024-04-26 07:00:00,106.79,112.39,106.79,110.8,3739600.0,
2025-03-18 07:00:00,103.0,103.67,102.61,102.8,653400.0,123
2025-06-26 07:00:00,93.22,93.7,92.46,92.65,1020000.0,A@
2026-03-23 07:00:00,54.3,57.5,51.7,51.7,7143900.0,123
2016-01-19 07:00:00,3.98,4.14,,,3310.0,123
2017-05-19 07:00:00,2.69,2.71,2.65,2.69,177140.0,A@
2017-11-06 07:00:00,3.54,3.56,3.5,3.52,468280.0,123
2017-12-04 07:00:00,4.04,4.04,3.86,3.89,797750.0,A@
2018-07-10 07:00:00,4.15,4.42,4.15,4.36,540400.0,123
2019-11-04 07:00:00,5.12,5.2,5.08,5.1,509550.0,A@
2020-09-18 07:00:00,10.71,10.93,10.65,10.73,250130.0,???
2021-04-26 07:00:00,23.08,23.48,22.45,22.45,276600.0,ZZZZZZ
2021-08-11 07:00:00,33.6,33.6,32.99,33.2,321300.0,
2022-03-24 07:00:00,53.96,56.16,53.64,54.0,706600.0,123
2023-05-25 07:00:00,24.51,24.51,24.25,24.29,1512000.0,???
2023-12-25 07:00:00,38.49,39.69,38.49,39.69,1704400.0,123
2025-10-01 07:00:00,41.3,41.8,41.3,41.65,385800.0,A@
2025-11-07 07:00:00,39.0,39.95,38.0,38.5,817700.0,???
2016-08-11 07:00:00,14.37,14.45,14.28,14.37,100090.0,ZZZZZZ
2018-01-09 07:00:00,16.18,16.18,15.99,16.08,59760.0,A@
2020-06-30 07:00:00,17.94,18.12,17.82,17.82,8650.0,ZZZZZZ
2020-10-08 07:00:00,25.13,25.13,24.58,24.7,29900.0,A@
2021-03-12 07:00:00,33.72,34.36,33.21,33.21,15200.0,123
2021-08-13 07:00:00,32.0,32.13,30.91,31.15,57700.0,A@
2021-08-27 07:00:00,30.37,30.98,30.24,30.91,131400.0,A@
2022-08-26 07:00:00,29.12,29.23,28.83,28.9,34100.0,A@
2023-02-24 07:00:00,,,30.08,30.08,6500.0,???
2023-05-29 07:00:00,29.84,29.84,31.22,30.97,132900.0,???
2024-04-17 07:00:00,39.52,39.52,38.44,38.58,66800.0,ZZZZZZ
2024-07-23 07:00:00,39.95,40.19,37.99,38.92,59700.0,ZZZZZZ
2024-09-23 07:00:00,37.94,38.45,37.94,37.99,50300.0,???
2024-10-01 07:00:00,38.27,38.78,38.27,38.45,94000.0,123
2024-08-26 07:00:00,9.1,9.1,9.0,9.0,3208.0,123
2024-10-14 07:00:00,8.4,8.5,8.3,8.4,5448.0,A@
2018-04-16 07:00:00,5.88,5.88,4.74,4.74,3800.0,ZZZZZZ
2019-03-28 07:00:00,5.28,5.28,5.14,5.28,12300.0,
2021-07-16 07:00:00,5.88,5.9,5.88,5.9,5100.0,???
2023-08-09 07:00:00,8.24,8.24,8.24,8.24,100.0,???
2023-08-14 07:00:00,9.06,9.06,9.06,9.06,1200.0,123
2024-05-07 07:00:00,14.42,14.42,14.21,14.21,500.0,ZZZZZZ
2024-07-02 07:00:00,12.49,12.49,12.49,12.49,100.0,
2025-12-15 07:00:00,24.3,24.3,24.3,24.3,100.0,
2015-09-30 07:00:00,2.29,2.29,2.21,2.21,73840.0,A@
2016-02-26 07:00:00,6.46,6.71,6.29,6.63,1289480.0,A@
2017-06-23 07:00:00,8.21,8.23,7.73,7.95,2486980.0,???
2017-07-21 07:00:00,5.08,5.08,4.84,4.95,238470.0,A@
2019-05-16 07:00:00,3.64,3.91,3.64,3.82,1930.0,???
2019-11-28 07:00:00,3.28,3.35,3.05,3.35,1270.0,
2020-09-08 07:00:00,-6.68,6.68,6.82,6.82,-211670.0,123
2020-10-29 07:00:00,7.73,7.87,7.73,7.87,820610.0,A@
2020-11-06 07:00:00,7.41,7.42,7.35,7.42,321200.0,???
2021-06-14 07:00:00,9.27,9.59,9.18,9.54,268100.0,???
2021-11-29 07:00:00,11.86,11.86,11.5,11.59,242500.0,123
2022-12-07 07:00:00,8.68,8.97,8.36,8.83,467400.0,123
2022-12-30 07:00:00,8.68,8.68,8.36,8.68,60800.0,???
2023-09-12 07:00:00,7.41,7.47,7.18,7.43,70000.0,
2024-10-31 07:00:00,8.2,8.45,8.0,8.41,30900.0,A@
2015-12-08 07:00:00,4.5,4.55,4.5,4.55,7400.0,123
2016-05-26 07:00:00,5.28,5.51,5.12,5.28,66400.0,ZZZZZZ
2017-09-12 07:00:00,7.03,7.03,7.03,7.03,46.0,123
2019-07-11 07:00:00,16.57,16.57,16.57,16.57,59805.0,A@
2024-10-18 07:00:00,15.22,16.22,15.22,16.22,10708.0,A@
2024-11-27 07:00:00,13.85,14.12,13.85,14.12,700.0,???
2025-02-05 07:00:00,14.03,14.12,14.03,14.12,422.0,123
2025-08-11 07:00:00,15.49,15.49,15.04,15.49,13300.0,
2026-03-31 07:00:00,9.3,9.6,9.3,38.072241916058495,361200.0,???
2016-02-25 07:00:00,5.45,5.45,5.27,5.27,1839750.0,123
2016-04-07 07:00:00,6.36,,6.26,,237086720.0,???
2016-11-30 07:00:00,4.27,4.28,4.19,4.19,2030650.0,ZZZZZZ
2017-02-16 07:00:00,2.7,2.75,2.68,2.69,2275040.0,
2017-07-19 07:00:00,4.43,4.65,4.43,4.57,4009190.0,A@
2017-08-08 07:00:00,4.04,4.06,3.97,4.0,2701710.0,A@
2017-10-20 07:00:00,3.54,3.6,3.52,3.53,656920.0,ZZZZZZ
2018-06-07 07:00:00,2.84,2.84,2.78,2.83,2725900.0,123
2018-08-15 07:00:00,2.5,2.67,2.5,2.57,1606740.0,123
2019-07-03 07:00:00,1.55,1.56,1.53,1.55,1492760.0,
2019-09-24 07:00:00,1.54,1.54,1.51,1.53,422800.0,???
2019-12-19 07:00:00,1.65,1.69,1.6,1.6,8125590.0,A@
2020-10-12 07:00:00,1.44,1.47,1.42,1.44,3667350.0,
2020-11-02 07:00:00,1.3,1.33,1.29,1.31,3491540.0,
2021-05-07 07:00:00,3.06,3.14,2.95,2.97,6779300.0,ZZZZZZ
2021-06-07 07:00:00,3.35,3.35,3.09,3.2,15540500.0,A@
2021-07-19 07:00:00,2.85,2.9,2.79,2.79,6966000.0,A@
2024-01-26 07:00:00,2.52,2.6,2.52,2.56,1043600.0,
2024-05-10 07:00:00,1.98,2.02,1.97,1.98,1509900.0,123
2025-01-17 07:00:00,1.95,1.95,1.91,1.93,259200.0,A@
2022-05-10 07:00:00,13.94,13.94,13.94,13.94,500.0,123
2016-06-15 07:00:00,4.17,4.17,4.17,4.17,100.0,???
2017-08-08 07:00:00,7.27,,7.27,7.29,300.0,???
2017-10-20 07:00:00,8.33,8.33,8.33,8.33,10.0,
2020-10-12 07:00:00,21.55,21.55,21.55,21.55,29.0,
2020-10-28 07:00:00,20.96,20.96,20.96,20.96,100.0,123
2025-09-18 07:00:00,58.91,58.91,58.91,58.91,100.0,
2019-05-16 07:00:00,15.29,15.29,15.29,15.29,1000.0,ZZZZZZ
2021-02-18 07:00:00,22.76,22.76,22.76,22.76,200.0,
2021-08-05 07:00:00,30.16,30.16,30.16,30.16,100.0,
2022-02-10 07:00:00,31.26,31.26,31.26,31.26,200.0,A@
2017-11-02 07:00:00,11.58,11.58,11.5,11.5,1200.0,123
2019-11-12 07:00:00,12.07,12.07,12.07,12.07,200.0,???
2024-06-19 07:00:00,8.8,8.8,8.8,8.8,100.0,123
2025-07-17 07:00:00,8.9,11.5,8.9,11.5,200.0,123
2016-04-01 07:00:00,6.91,7.23,6.77,7.07,800.0,123
2016-04-28 07:00:00,8.14,8.14,7.88,7.96,10570.0,A@
2016-07-15 07:00:00,7.53,7.5,7.53,7.5,2330.0,???
2016-08-29 07:00:00,7.78,7.78,7.5,7.57,5180.0,ZZZZZZ
2017-11-13 07:00:00,9.88,9.88,9.71,9.76,42790.0,ZZZZZZ
2019-01-14 07:00:00,10.64,10.78,10.64,10.74,64170.0,ZZZZZZ
2020-03-30 07:00:00,13.63,13.63,13.17,13.19,24210.0,???
2020-04-14 07:00:00,13.36,13.63,13.36,13.61,2180.0,
2020-09-21 07:00:00,15.23,15.24,15.23,15.23,12500.0,
2020-10-08 07:00:00,15.93,16.37,15.8,16.27,9480.0,???
2021-01-25 07:00:00,19.98,19.98,19.65,19.65,66000.0,123
2021-07-01 07:00:00,24.37,24.77,24.37,24.73,138000.0,
2021-07-23 07:00:00,24.37,24.57,24.33,24.33,137900.0,
2021-10-08 07:00:00,29.82,29.95,29.66,29.66,211100.0,A@
2022-06-13 07:00:00,32.93,33.9,32.85,32.85,698000.0,123
2022-07-07 07:00:00,28.64,28.64,27.08,28.64,96600.0,
2023-04-14 07:00:00,23.28,23.28,22.75,22.75,16700.0,???
2023-11-29 07:00:00,27.05,27.32,27.05,27.18,91600.0,ZZZZZZ
2024-03-18 07:00:00,37.61,37.61,34.71,36.28,2405100.0,ZZZZZZ
2026-03-16 07:00:00,41.75,41.75,40.6,41.2,442800.0,A@
2016-04-27 07:00:00,26.57,28.63,24.91,28.5,394760.0,123
2017-11-17 07:00:00,13.16,13.35,13.03,13.03,80770.0,???
2018-10-17 07:00:00,10.32,10.63,10.32,10.51,191630.0,
2019-07-15 07:00:00,5.55,5.55,5.39,5.49,297850.0,A@
2020-12-16 07:00:00,6.24,6.24,6.09,6.15,1587800.0,ZZZZZZ
2021-05-13 07:00:00,8.24,8.55,8.16,8.28,822000.0,123
2022-03-04 07:00:00,19.87,20.6,19.83,20.03,1746200.0,
2022-10-28 07:00:00,5.0,5.16,4.83,4.85,1087400.0,ZZZZZZ
2023-09-12 07:00:00,6.72,6.86,6.67,6.83,2896600.0,ZZZZZZ
2024-05-16 07:00:00,4.1,4.23,4.04,4.13,2026600.0,???
2017-06-16 07:00:00,-7.9,8.02,7.78,7.9,-478560.0,ZZZZZZ
2018-03-19 07:00:00,6.82,6.82,6.76,6.76,58100.0,ZZZZZZ
2018-07-23 07:00:00,4.48,4.55,4.42,4.55,40400.0,123
2018-10-18 07:00:00,4.55,4.62,4.48,4.48,22900.0,ZZZZZZ
2020-01-10 07:00:00,4.14,4.21,4.0,4.14,20624.0,A@
2020-01-20 07:00:00,4.07,4.14,4.07,4.14,12000.0,???
2020-02-20 07:00:00,3.85,4.14,3.85,4.0,52000.0,A@
2021-11-04 07:00:00,12.52,12.69,12.28,12.61,601090.0,A@
2021-12-27 07:00:00,13.74,14.23,13.66,13.91,1009414.0,
2022-04-19 07:00:00,15.37,15.7,14.15,14.23,886513.0,???
2022-09-06 07:00:00,10.36,10.36,9.94,10.11,218000.0,
2023-08-08 07:00:00,7.16,7.33,7.16,7.33,391808.0,
2024-06-19 07:00:00,12.28,12.37,12.1,12.19,499097.0,
2024-06-28 07:00:00,12.83,12.83,10.92,11.73,2076030.0,
2024-08-15 07:00:00,9.16,9.16,8.78,8.88,221983.0,ZZZZZZ
2025-02-27 07:00:00,15.72,15.91,15.24,15.72,2673682.0,???
2026-02-12 07:00:00,12.5,12.6,12.3,12.5,241200.0,
2026-02-26 07:00:00,13.7,13.9,13.5,13.6,802700.0,???
2026-04-08 07:00:00,12.5,13.0,12.5,13.0,712000.0,???
2018-05-18 07:00:00,39.89,43.74,39.89,43.74,3300.0,A@
2018-07-26 07:00:00,25.71,30.92,25.71,26.51,8160.0,A@
2018-08-07 07:00:00,27.35,27.35,27.17,27.17,400.0,123
2018-12-19 07:00:00,5.3,5.3,5.3,5.3,100.0,ZZZZZZ
2019-10-07 07:00:00,3.84,3.84,3.84,3.84,100.0,ZZZZZZ
2020-10-09 07:00:00,3.79,3.79,3.56,3.56,600.0,A@
2021-06-15 07:00:00,8.2,8.2,7.86,7.86,1600.0,123
2022-04-14 07:00:00,9.89,10.12,9.89,10.12,5300.0,A@
2023-04-10 07:00:00,13.34,14.7,13.29,14.59,415634.0,A@
2023-12-05 07:00:00,13.77,13.85,13.45,13.53,111500.0,ZZZZZZ
2024-05-23 07:00:00,21.38,21.95,21.22,21.87,487830.0,A@
2024-06-25 07:00:00,20.49,20.66,20.01,20.41,398940.0,123
2024-09-26 07:00:00,18.63,19.36,18.63,19.28,262556.0,
2024-12-13 07:00:00,14.13,14.26,13.93,14.01,26300.0,123
2025-04-10 07:00:00,11.83,11.83,11.83,11.83,25000.0,ZZZZZZ
2025-08-04 07:00:00,14.18,14.54,14.13,14.5,152800.0,???
2025-12-05 07:00:00,15.3,15.3,15.0,15.1,20500.0,123
2026-03-30 07:00:00,12.45,12.75,12.45,12.75,7300.0,A@
2022-04-20 07:00:00,6.2,6.9,6.0,6.7,10800.0,A@
2022-07-12 07:00:00,5.9,5.9,5.9,5.9,4010.0,???
2024-02-15 07:00:00,6.5,6.5,6.5,5.6,42.0,A@
2024-10-29 07:00:00,5.4,5.4,5.4,5.4,1.0,A@
2016-06-27 07:00:00,15.75,16.08,15.43,16.01,984800.0,123
2017-09-15 07:00:00,35.5,36.5,35.1,35.8,965300.0,
2017-10-25 07:00:00,26.6,26.6,24.1,24.2,4356200.0,A@
2018-06-13 07:00:00,3.5,3.3,3.5,3.3,1677360.0,
2019-05-09 07:00:00,1.5,1.5,1.3,1.4,448000.0,ZZZZZZ
2019-08-26 07:00:00,0.9,1.0,0.9,0.9,93900.0,???
2019-11-25 07:00:00,1.0,1.1,1.0,1.1,244300.0,A@
2020-02-11 07:00:00,0.9,0.9,0.8,0.8,430300.0,
2021-03-02 07:00:00,3.4,3.4,3.2,3.3,792300.0,ZZZZZZ
2022-04-05 07:00:00,14.5,14.6,14.1,14.1,367490.0,A@
2023-09-11 07:00:00,5.2,5.2,5.0,5.0,422050.0,A@
2024-05-03 07:00:00,3.6,3.6,3.5,3.6,25400.0,
2024-08-07 07:00:00,3.0,3.1,2.9,3.1,190530.0,???
2024-11-27 07:00:00,3.1,3.1,3.0,3.0,4652.0,123
2025-07-18 07:00:00,8.3,8.3,8.1,8.2,25400.0,ZZZZZZ
2018-01-22 07:00:00,11.11,11.11,11.11,11.11,2000.0,ZZZZZZ
2024-01-23 07:00:00,3.1,3.5,3.1,3.5,274176.0,ZZZZZZ
2024-02-01 07:00:00,3.2,3.3,3.2,3.2,40427.0,ZZZZZZ
2024-02-15 07:00:00,3.1,3.3,3.1,3.2,21100.0,123
2024-08-28 07:00:00,2.5,2.6,2.5,2.5,56709.0,
2025-03-25 07:00:00,2.3,2.3,2.2,10.073926585628088,581000.0,ZZZZZZ
2026-02-09 07:00:00,,,2.2,,9100.0,A@
2015-11-25 07:00:00,6.8,7.0,6.6,6.6,34100.0,
2016-08-15 07:00:00,19.3,19.3,17.8,17.8,10010.0,ZZZZZZ
2018-03-12 07:00:00,54.0,54.0,54.0,54.0,1000.0,123
2018-12-26 07:00:00,40.3,40.3,40.3,40.3,1000.0,123
2019-08-13 07:00:00,25.7,25.7,25.7,25.7,20.0,???
2019-09-16 07:00:00,27.2,27.2,25.1,25.3,30.0,ZZZZZZ
2020-05-26 07:00:00,11.9,11.9,10.4,10.4,60.0,???
2020-12-22 07:00:00,9.55,9.55,9.5,9.55,2210.0,ZZZZZZ
2021-03-08 07:00:00,12.3,13.0,12.3,13.0,3800.0,A@
2021-06-02 07:00:00,37.75,40.1,37.75,40.1,37800.0,ZZZZZZ
2022-03-18 07:00:00,55.5,55.5,55.0,55.5,1000.0,
2022-05-10 07:00:00,40.5,40.5,40.5,278.5268363206628,52800.0,123
2022-09-26 07:00:00,26.3,26.3,26.3,26.3,300.0,A@
2023-08-08 07:00:00,-25.7,25.8,25.7,25.8,-300.0,ZZZZZZ
2024-01-12 07:00:00,15.5,15.5,15.1,15.4,6000.0,???
2024-03-08 07:00:00,14.6,14.6,14.6,14.6,300.0,
2025-01-07 07:00:00,9.85,9.85,9.7,9.7,2500.0,123
2025-05-16 07:00:00,10.85,10.85,10.85,10.85,400.0,ZZZZZZ
2025-07-31 07:00:00,10.5,10.5,10.5,10.5,500.0,???
2026-04-13 07:00:00,11.5,11.5,11.4,11.4,2300.0,
2022-09-29 07:00:00,5.4,5.6,5.0,5.1,292700.0,
2018-02-08 07:00:00,16.55,16.55,15.6,15.68,527352.0,A@
2018-03-12 07:00:00,17.65,17.65,16.94,17.18,506930.0,123
2018-04-13 07:00:00,13.63,14.1,13.63,13.79,300240.0,ZZZZZZ
2018-05-17 07:00:00,13.0,13.08,12.92,13.0,50310.0,123
2018-07-20 07:00:00,10.87,10.95,10.56,10.56,79000.0,A@
2019-06-14 07:00:00,11.88,11.88,11.64,11.8,11500.0,ZZZZZZ
2019-07-02 07:00:00,11.72,11.72,11.48,11.72,70120.0,???
2020-06-15 07:00:00,9.23,9.48,8.99,8.99,364479.0,A@
2020-07-21 07:00:00,9.53,9.7,9.44,9.7,137090.0,A@
2022-08-18 07:00:00,17.5,17.68,17.41,17.5,26600.0,
2023-03-20 07:00:00,15.63,16.1,15.63,16.1,63127.0,A@
2023-05-31 07:00:00,16.19,16.28,16.0,16.19,20108.0,???
2023-09-12 07:00:00,18.33,18.52,18.24,18.52,48254.0,???
2023-12-04 07:00:00,17.12,17.12,16.75,121.957437823004,913304.0,???
2024-05-31 07:00:00,19.26,19.26,18.7,18.7,79843.0,123
2025-01-06 07:00:00,23.52,23.8,22.85,22.94,85072.0,
2025-08-13 07:00:00,22.18,22.18,21.7,22.08,65200.0,
2025-08-28 07:00:00,21.99,21.7,22.18,21.89,40500.0,A@
2023-01-12 07:00:00,10.22,10.22,10.22,10.22,200.0,
2025-01-21 07:00:00,12.58,12.58,12.58,12.58,100.0,???
2019-12-03 07:00:00,14.75,14.75,14.75,14.75,100.0,???
2022-11-17 07:00:00,9.91,9.91,9.91,9.91,100.0,???
2025-07-18 07:00:00,14.69,14.69,14.69,14.69,300.0,ZZZZZZ
2017-09-28 07:00:00,4.61,4.61,4.61,4.61,430.0,ZZZZZZ
2018-06-08 07:00:00,3.41,3.85,3.37,3.37,19060.0,ZZZZZZ
2019-05-17 07:00:00,3.4,3.4,3.4,3.4,200.0,???
2019-05-22 07:00:00,3.25,3.25,3.0,3.25,20.0,???
2019-10-18 07:00:00,3.4,3.63,3.4,3.63,140.0,A@
2020-07-27 07:00:00,2.5,2.5,2.35,2.35,24520.0,A@
2021-08-10 07:00:00,3.9,4.2,3.9,4.2,28000.0,A@
2021-12-24 07:00:00,7.6,7.68,7.55,7.59,71100.0,A@
2022-05-06 07:00:00,6.4,6.4,6.08,6.1,11200.0,ZZZZZZ
2022-05-17 07:00:00,5.53,5.55,4.85,5.48,26200.0,123
2022-07-12 07:00:00,5.21,5.32,5.21,5.23,1400.0,A@
2022-10-07 07:00:00,4.7,4.93,4.7,4.92,1600.0,A@
2023-05-09 07:00:00,3.71,3.72,3.7,3.7,16600.0,123
2023-09-27 07:00:00,3.75,3.75,3.6,3.75,1700.0,A@
2025-07-02 07:00:00,3.63,3.85,3.63,3.85,14400.0,
2025-08-29 07:00:00,4.04,4.05,4.04,4.04,3300.0,
2025-09-08 07:00:00,4.04,4.04,4.0,4.0,1200.0,???
2025-09-16 07:00:00,5.5,5.5,5.4,5.5,900.0,ZZZZZZ
2025-09-30 07:00:00,5.8,6.0,5.8,6.0,19000.0,ZZZZZZ
2016-07-19 07:00:00,3.46,3.46,3.46,3.46,700.0,
2016-12-20 07:00:00,3.58,3.58,3.58,3.58,1300.0,
2017-09-12 07:00:00,4.55,4.55,4.55,4.55,5200.0,A@
2017-11-13 07:00:00,4.64,4.69,4.64,4.69,3002.0,123
2017-11-24 07:00:00,4.69,4.69,4.69,4.69,8000.0,A@
2018-04-11 07:00:00,5.85,5.85,5.34,5.34,210.0,A@
2019-06-28 07:00:00,4.88,4.88,4.88,4.88,800.0,123
2020-12-09 07:00:00,5.48,5.48,5.42,5.48,2723.0,???
2021-05-26 07:00:00,6.49,6.49,6.49,6.49,1500.0,
2021-12-02 07:00:00,7.9,7.9,7.83,7.83,500.0,ZZZZZZ
2024-08-12 07:00:00,9.53,9.71,9.45,9.71,1103.0,???
2024-12-23 07:00:00,9.27,9.88,9.18,9.88,3900.0,A@
2026-01-21 07:00:00,10.74,10.74,10.74,10.74,1300.0,
2017-05-25 07:00:00,6.08,6.08,5.64,5.64,2400.0,???
2018-01-29 07:00:00,2.57,2.57,2.57,2.57,100.0,A@
2018-02-26 07:00:00,2.57,2.57,2.57,2.57,29.0,
2018-02-28 07:00:00,2.48,2.48,2.48,2.48,500.0,???
2018-05-18 07:00:00,3.2,3.2,2.9,2.9,4700.0,
2018-09-27 07:00:00,3.7,3.7,3.5,3.5,3120.0,
2018-11-26 07:00:00,3.5,3.5,3.5,3.5,3850.0,123
2019-07-01 07:00:00,2.7,2.7,2.7,2.7,18037.0,???
2020-06-11 07:00:00,3.9,4.0,3.9,3.9,3792.0,
2020-07-22 07:00:00,3.7,3.7,3.7,3.7,100.0,123
2022-10-12 07:00:00,3.5,3.9,3.2,3.8,3600.0,
2023-10-30 07:00:00,3.6,3.9,3.6,3.7,26100.0,123
2024-06-20 07:00:00,3.6,3.7,3.5,3.6,42151.0,
2024-09-30 07:00:00,3.0,3.1,3.0,3.0,3202.0,A@
2026-04-08 07:00:00,2.4,2.4,2.4,2.4,4900.0,123
2015-11-30 07:00:00,8.3,8.73,8.26,8.57,193110.0,123
2016-08-17 07:00:00,10.81,10.98,10.81,10.94,133410.0,ZZZZZZ
2016-09-30 07:00:00,10.06,10.19,9.92,9.97,139490.0,ZZZZZZ
2017-07-26 07:00:00,10.05,10.35,9.99,10.23,129240.0,ZZZZZZ
2018-10-29 07:00:00,3.79,3.91,3.75,3.8,63310.0,
2019-01-11 07:00:00,3.6,3.63,3.57,3.62,6880.0,
2019-10-11 07:00:00,2.85,2.93,2.85,2.93,2890.0,ZZZZZZ
2019-11-20 07:00:00,2.76,2.81,2.75,2.81,240.0,
2020-05-12 07:00:00,2.63,2.71,2.63,2.66,65400.0,A@
2020-08-26 07:00:00,2.85,2.88,2.83,2.83,93730.0,???
2021-09-15 07:00:00,11.8,12.21,11.55,11.85,865900.0,ZZZZZZ
2022-08-04 07:00:00,8.75,8.83,8.65,8.72,471600.0,???
2024-09-27 07:00:00,20.47,20.8,20.39,20.47,637000.0,
2025-01-17 07:00:00,21.77,23.27,21.56,23.27,1800100.0,A@
2025-03-14 07:00:00,23.65,23.84,23.36,23.84,746600.0,
2025-03-21 07:00:00,22.36,23.07,22.36,22.98,490700.0,ZZZZZZ
2017-11-30 07:00:00,3.82,4.06,3.74,3.91,339960.0,
2018-05-28 07:00:00,3.13,3.2,2.94,3.11,428540.0,???
2018-12-21 07:00:00,1.98,2.02,1.96,2.01,78010.0,123
2019-01-08 07:00:00,1.85,1.91,1.84,1.89,147070.0,ZZZZZZ
2019-02-19 07:00:00,1.79,1.82,1.78,1.81,578910.0,
2019-03-08 07:00:00,2.09,2.09,1.96,2.02,582110.0,ZZZZZZ
2020-01-09 07:00:00,1.71,1.76,1.69,1.71,245920.0,ZZZZZZ
2020-06-08 07:00:00,2.61,2.67,,2.67,1571070.0,A@
2020-07-31 07:00:00,2.37,2.37,2.21,2.22,477820.0,
2021-05-05 07:00:00,8.43,9.03,8.28,8.88,892600.0,A@
2021-08-05 07:00:00,6.97,7.38,6.86,7.38,891100.0,???
2021-12-14 07:00:00,13.43,13.43,12.76,13.13,1319100.0,ZZZZZZ
2025-04-24 07:00:00,5.82,5.99,5.82,5.95,463400.0,ZZZZZZ
2025-05-27 07:00:00,6.4,6.57,6.33,6.51,1661800.0,A@
2025-06-25 07:00:00,6.03,6.11,6.03,6.05,478200.0,A@
2019-10-08 07:00:00,6.25,6.25,6.0,6.0,600.0,123
2020-11-24 07:00:00,3.31,3.56,3.31,3.44,5000.0,123
2021-07-08 07:00:00,19.06,21.88,19.06,20.62,452700.0,
2021-09-17 07:00:00,22.5,22.5,22.0,22.31,342700.0,ZZZZZZ
2022-05-30 07:00:00,19.56,20.75,18.75,20.75,18800.0,???
2022-07-12 07:00:00,17.44,17.5,16.31,17.5,1300.0,???
2023-05-04 07:00:00,6.0,6.25,5.94,6.25,131721.0,ZZZZZZ
2023-06-06 07:00:00,8.25,8.5,7.94,8.5,422223.0,A@
2023-11-24 07:00:00,8.6,8.7,8.3,8.6,617753.0,ZZZZZZ
2024-12-26 07:00:00,5.9,5.9,5.7,5.7,103122.0,ZZZZZZ
2016-02-22 07:00:00,2.54,2.64,2.54,2.59,187190.0,123
2016-10-19 07:00:00,-3.54,3.71,3.51,3.61,-349050.0,???
2016-10-28 07:00:00,3.66,3.77,3.66,3.76,44440.0,???
2017-02-23 07:00:00,3.45,3.59,3.44,3.54,280920.0,
2017-12-01 07:00:00,4.0,4.13,4.0,4.09,674200.0,A@
2018-05-18 07:00:00,3.82,3.85,3.76,3.83,77560.0,ZZZZZZ
2018-10-12 07:00:00,4.23,4.43,4.23,4.42,39250.0,123
2019-07-19 07:00:00,5.24,5.24,5.13,5.2,18530.0,A@
2020-10-23 07:00:00,4.87,4.87,4.85,4.87,1830.0,A@
2021-01-07 07:00:00,6.01,6.01,5.57,5.76,77800.0,ZZZZZZ
2021-02-03 07:00:00,4.94,5.04,4.77,5.01,20500.0,ZZZZZZ
2021-03-08 07:00:00,5.32,5.56,5.26,5.55,92300.0,ZZZZZZ
2021-07-29 07:00:00,4.84,4.93,4.84,4.93,4700.0,ZZZZZZ
2023-10-10 07:00:00,5.44,5.44,5.21,5.22,55400.0,???
2024-02-27 07:00:00,4.21,4.23,4.2,4.22,93800.0,
2025-03-05 07:00:00,4.09,4.22,3.93,3.93,513500.0,
2025-10-23 07:00:00,3.55,3.58,3.46,3.56,40900.0,
2025-11-05 07:00:00,3.57,3.63,3.56,3.57,17600.0,ZZZZZZ
2025-12-11 07:00:00,3.58,3.58,3.53,3.55,25800.0,A@
2016-01-28 07:00:00,10.73,10.78,10.55,10.67,356080.0,???
2016-04-28 07:00:00,12.34,12.46,12.28,12.28,228810.0,A@
2016-09-28 07:00:00,-13.09,13.09,12.91,12.91,-435010.0,???
2018-03-30 07:00:00,15.19,15.59,15.15,15.44,324810.0,
2018-04-11 07:00:00,15.19,15.26,14.14,14.68,532420.0,
2019-01-22 07:00:00,10.85,10.85,10.65,10.69,173210.0,???
2019-08-28 07:00:00,10.58,10.62,10.5,10.62,273740.0,123
2019-11-20 07:00:00,9.55,9.55,9.46,9.51,148170.0,
2020-07-06 07:00:00,8.73,8.91,8.69,8.78,516990.0,???
2020-07-31 07:00:00,7.37,7.38,7.19,7.26,349600.0,ZZZZZZ
2020-11-11 07:00:00,9.42,9.93,9.42,9.76,2283030.0,???
2021-08-10 07:00:00,11.55,11.93,11.41,11.83,5501500.0,ZZZZZZ
2021-09-20 07:00:00,13.52,13.56,12.86,12.96,5810100.0,123
2022-01-06 07:00:00,30.35,30.73,29.21,30.35,6782700.0,
2022-01-21 07:00:00,27.59,28.11,26.64,26.92,3391300.0,ZZZZZZ
2022-07-08 07:00:00,12.08,12.51,11.94,12.51,2881200.0,A@
2023-02-06 07:00:00,11.04,11.48,11.04,11.43,1771000.0,A@
2024-04-15 07:00:00,15.12,15.27,14.29,14.29,1735000.0,ZZZZZZ
2024-05-10 07:00:00,15.56,15.8,15.22,15.36,1436300.0,A@
2024-07-09 07:00:00,13.75,14.19,13.75,14.19,313800.0,???
2025-01-09 07:00:00,13.8,13.95,13.7,13.95,638900.0,A@
2026-03-20 07:00:00,12.55,12.55,12.25,12.25,601700.0,
2016-08-31 07:00:00,23.5,25.1,23.5,25.1,530.0,A@
2017-09-21 07:00:00,28.0,29.1,27.9,29.1,230.0,
2018-08-29 07:00:00,13.7,14.0,13.7,14.0,510.0,123
2020-01-16 07:00:00,12.65,12.65,12.45,12.45,8410.0,123
2020-02-27 07:00:00,12.15,12.7,12.15,12.7,50.0,???
2020-05-04 07:00:00,8.42,8.99,8.42,8.43,3180.0,???
2020-08-18 07:00:00,12.6,12.6,12.1,12.1,310.0,???
2020-11-30 07:00:00,13.4,14.2,13.4,14.2,6460.0,
2018-12-05 07:00:00,27.76,28.32,27.76,28.13,39510.0,
2019-02-28 07:00:00,23.93,23.93,22.88,23.07,24620.0,
2019-03-22 07:00:00,19.47,19.47,18.79,19.13,20370.0,ZZZZZZ
2019-05-14 07:00:00,18.38,18.94,18.01,18.91,5940.0,123
2019-06-14 07:00:00,20.45,20.79,20.3,20.37,45880.0,???
2019-11-22 07:00:00,14.47,14.47,13.55,13.55,121470.0,ZZZZZZ
2020-10-26 07:00:00,10.78,,10.5,10.5,,123
2021-09-20 07:00:00,21.69,21.97,20.59,20.64,2556800.0,A@
2024-07-16 07:00:00,138.38,140.38,137.58,140.38,338400.0,
2024-11-01 07:00:00,137.66,138.38,135.9,135.9,300700.0,123
2025-10-27 07:00:00,147.5,149.1,144.5,146.3,611600.0,A@
2018-03-29 07:00:00,14.25,14.5,14.25,14.5,1185100.0,???
2019-09-23 07:00:00,3.46,3.46,3.46,3.46,156090.0,A@
2020-01-02 07:00:00,1.94,2.07,1.94,2.07,259680.0,123
2020-02-10 07:00:00,1.89,1.89,1.78,1.85,246480.0,???
2021-12-17 07:00:00,7.2,7.24,7.05,7.14,2286300.0,123
2022-10-12 07:00:00,2.1,2.3,2.1,2.1,618348.0,123
2022-12-09 07:00:00,2.0,2.1,1.8,2.0,470525.0,ZZZZZZ
2016-01-21 07:00:00,6.65,7.73,6.65,7.48,10800.0,123
2016-06-13 07:00:00,6.65,6.65,6.31,6.31,231300.0,ZZZZZZ
2017-02-27 07:00:00,3.58,3.67,3.39,3.48,273700.0,ZZZZZZ
2017-11-24 07:00:00,1.51,1.51,1.32,1.32,239100.0,ZZZZZZ
2018-03-16 07:00:00,1.6,1.6,1.5,1.5,6100.0,A@
2018-11-09 07:00:00,0.7,0.7,0.7,0.7,2500.0,123
2024-07-12 07:00:00,0.5,0.6,0.5,0.6,10900.0,123
2025-02-20 07:00:00,17.45,17.67,17.38,17.52,66572.0,???
2026-01-09 07:00:00,16.0,16.0,15.7,15.8,127400.0,
2026-02-26 07:00:00,15.9,16.0,15.7,15.8,40100.0,ZZZZZZ
2026-04-16 07:00:00,14.5,14.5,14.1,14.1,26800.0,???
2026-04-29 07:00:00,14.0,14.0,13.8,13.9,17700.0,
2022-03-09 07:00:00,14.36,14.36,14.36,14.36,100.0,A@
2022-10-20 07:00:00,10.64,10.79,10.45,10.79,4600.0,???
2022-11-07 07:00:00,9.07,9.07,8.58,8.58,5600.0,???
2024-09-24 07:00:00,14.34,14.34,14.16,14.3,12000.0,???
2024-11-25 07:00:00,14.12,14.32,14.12,14.32,5500.0,ZZZZZZ
2025-07-31 07:00:00,68.94,68.66,70.75,69.76,889600.0,123
2025-08-21 07:00:00,73.12,75.54,70.31,70.42,701800.0,A@
2026-03-17 07:00:00,82.24,87.3,82.24,87.3,1179900.0,
2016-03-21 07:00:00,-7.65,7.65,7.65,7.65,-100.0,A@
2016-07-20 07:00:00,7.77,8.02,7.77,8.02,7500.0,A@
2016-08-23 07:00:00,8.03,8.03,8.03,8.03,2000.0,A@
2017-07-26 07:00:00,12.17,12.17,12.06,12.06,7000.0,ZZZZZZ
2018-02-28 07:00:00,13.98,13.98,13.9,13.9,1750.0,???
2018-07-13 07:00:00,11.82,11.9,11.82,11.9,1100.0,123
2019-06-07 07:00:00,14.83,14.83,14.83,14.83,100.0,ZZZZZZ
2019-10-15 07:00:00,16.36,16.45,16.36,16.45,5170.0,A@
2019-12-17 07:00:00,16.29,16.29,16.29,15.83,1200.0,A@
2021-07-26 07:00:00,16.58,16.58,16.58,16.58,2100.0,
2021-11-17 07:00:00,25.27,25.41,24.99,25.13,27500.0,ZZZZZZ
2022-04-18 07:00:00,21.94,22.65,21.94,22.16,83505.0,A@
2023-01-27 07:00:00,21.23,21.31,21.23,21.23,1010.0,ZZZZZZ
2023-03-03 07:00:00,21.47,21.47,21.31,21.39,4600.0,123
2023-04-28 07:00:00,21.39,21.71,21.31,21.47,5927.0,
2023-06-14 07:00:00,21.23,21.23,21.23,21.23,900.0,123
2024-07-25 07:00:00,26.28,26.36,26.28,26.36,5915.0,???
2026-02-03 07:00:00,28.8,29.0,28.7,28.8,10400.0,ZZZZZZ
2026-04-15 07:00:00,27.3,27.35,27.2,27.35,6800.0,ZZZZZZ
2021-03-04 07:00:00,32.61,32.61,32.61,32.61,100.0,ZZZZZZ
2021-08-30 07:00:00,49.56,49.97,49.56,49.97,300.0,123
2022-04-12 07:00:00,40.63,40.96,40.63,40.96,300.0,ZZZZZZ
2016-05-12 07:00:00,12.95,12.66,13.31,12.69,14820.0,ZZZZZZ
2017-01-10 07:00:00,10.91,10.95,10.7,10.95,6190.0,
2017-03-07 07:00:00,12.17,12.17,11.71,12.08,7770.0,123
2018-06-15 07:00:00,13.01,13.2,13.01,13.2,3050.0,ZZZZZZ
2018-07-03 07:00:00,13.6,13.99,13.25,13.99,410.0,A@
2018-08-07 07:00:00,13.74,13.74,13.25,13.72,520.0,123
2019-08-28 07:00:00,16.73,16.88,16.64,16.64,13640.0,123
2019-09-11 07:00:00,16.55,16.67,16.52,16.67,2540.0,123
2020-04-29 07:00:00,10.86,10.96,10.73,10.86,6520.0,
2020-07-17 07:00:00,12.21,12.28,12.08,12.28,3730.0,ZZZZZZ
2021-05-18 07:00:00,21.44,21.44,21.44,21.44,200.0,???
2021-11-04 07:00:00,21.13,21.58,21.13,21.58,6400.0,
2022-04-05 07:00:00,22.35,22.35,22.35,22.35,4700.0,A@
2022-05-05 07:00:00,18.28,18.28,18.28,18.28,700.0,
2022-07-19 07:00:00,20.4,20.54,20.4,20.49,1000.0,
2022-10-25 07:00:00,13.4,14.3,13.4,14.0,11200.0,
2023-02-27 07:00:00,9.8,9.96,9.8,9.8,5900.0,123
2023-05-22 07:00:00,9.0,9.0,8.8,8.9,8200.0,A@
2025-08-15 07:00:00,7.79,7.79,7.65,7.7,20600.0,
2026-03-02 07:00:00,7.32,7.33,7.32,7.33,2500.0,???
2017-08-21 07:00:00,12.34,12.34,11.12,11.12,3100.0,???
2020-02-24 07:00:00,14.86,14.86,14.79,14.86,11600.0,ZZZZZZ
2020-06-02 07:00:00,17.16,17.16,15.37,15.37,4100.0,???
2021-06-24 07:00:00,22.58,22.58,22.58,22.58,1000.0,123
2022-01-11 07:00:00,25.19,25.19,24.96,24.96,211.0,ZZZZZZ
2022-12-01 07:00:00,18.71,19.44,17.9,19.44,5100.0,123
2022-12-23 07:00:00,19.85,19.85,19.85,19.85,900.0,???
2023-12-27 07:00:00,24.25,24.25,24.25,24.25,100.0,ZZZZZZ
2024-04-01 07:00:00,29.66,29.66,29.66,29.66,100.0,123
2025-01-14 07:00:00,25.38,25.38,25.28,25.28,600.0,A@
2025-03-10 07:00:00,29.96,29.96,27.72,27.72,5100.0,123
2025-10-03 07:00:00,25.58,25.58,22.28,22.28,3000.0,ZZZZZZ
2026-02-06 07:00:00,26.6,26.6,26.6,26.6,100.0,
2023-04-24 07:00:00,5.66,5.66,5.2,5.2,6800.0,
2025-01-24 07:00:00,2.9,2.9,2.9,2.9,147400.0,
2025-07-14 07:00:00,2.7,2.8,2.6,2.7,164000.0,ZZZZZZ
2016-04-14 07:00:00,5.52,5.81,5.45,5.81,45000.0,ZZZZZZ
2017-06-26 07:00:00,7.5,7.5,7.5,7.5,130.0,A@
2017-12-06 07:00:00,8.49,8.87,8.49,8.87,36300.0,123
2017-12-22 07:00:00,8.49,8.72,8.49,8.72,10000.0,???
2018-01-09 07:00:00,8.87,8.87,8.87,8.87,100.0,123
2019-05-20 07:00:00,7.92,7.92,7.92,7.92,2000.0,A@
2020-01-03 07:00:00,7.13,7.13,7.13,7.13,7300.0,???
2020-03-23 07:00:00,5.39,5.39,5.39,5.39,100.0,???
2020-05-06 07:00:00,6.34,6.34,6.34,6.34,7000.0,A@
2021-11-08 07:00:00,10.7,10.94,10.7,10.94,6101.0,123
2022-04-13 07:00:00,11.57,11.57,11.57,11.57,200.0,A@
2023-11-15 07:00:00,17.97,17.97,17.97,78.4706076492677,3100.0,ZZZZZZ
2024-01-12 07:00:00,15.04,15.04,15.04,15.04,100.0,123
2025-01-24 07:00:00,23.88,24.34,23.88,24.34,700.0,
2026-04-13 07:00:00,28.8,28.9,28.8,28.8,5900.0,A@
2015-10-21 07:00:00,5.16,5.24,5.13,5.2,89470.0,123
2016-01-08 07:00:00,5.6,5.85,5.6,5.74,147240.0,123
2016-03-02 07:00:00,4.95,5.02,4.91,4.91,86650.0,
2016-10-18 07:00:00,4.87,4.87,4.73,4.8,8690.0,ZZZZZZ
2018-02-13 07:00:00,5.57,5.59,5.33,5.53,7550.0,
2018-03-16 07:00:00,5.55,5.55,5.31,5.37,27690.0,???
2018-04-05 07:00:00,5.45,5.61,5.45,5.61,32130.0,ZZZZZZ
2020-07-17 07:00:00,6.17,6.31,6.1,6.12,34570.0,A@
2020-09-23 07:00:00,6.2,6.32,6.2,6.32,2940.0,A@
2020-10-09 07:00:00,6.62,6.92,6.59,6.89,18880.0,A@
2020-10-23 07:00:00,6.89,6.92,6.89,6.92,1990.0,A@
2020-12-30 07:00:00,6.95,7.16,6.86,6.89,6730.0,123
2021-11-10 07:00:00,12.41,13.03,12.41,13.03,1560100.0,???
2021-11-23 07:00:00,11.83,12.27,11.83,12.12,149800.0,A@
2022-03-10 07:00:00,12.08,12.23,11.94,12.01,601200.0,123
2022-04-21 07:00:00,9.49,9.67,9.05,9.27,227900.0,ZZZZZZ
2022-09-13 07:00:00,8.32,8.36,8.25,8.25,36000.0,123
2023-03-29 07:00:00,7.88,7.88,7.67,7.74,50500.0,123
2023-07-27 07:00:00,8.91,8.91,8.72,8.8,242800.0,ZZZZZZ
2024-04-10 07:00:00,9.85,10.25,9.69,9.93,866300.0,A@
2024-07-15 07:00:00,10.99,11.21,10.99,11.16,90500.0,ZZZZZZ
2024-11-25 07:00:00,11.29,11.29,11.25,11.29,40600.0,ZZZZZZ
2026-02-27 07:00:00,11.3,11.75,11.3,11.75,379500.0,ZZZZZZ
2015-12-17 07:00:00,1.04,1.04,0.96,1.04,22810.0,???
2016-04-26 07:00:00,0.72,0.8,0.72,0.8,372120.0,A@
2020-05-15 07:00:00,0.2,0.3,0.2,0.3,106000.0,
2017-01-20 07:00:00,2.33,2.33,2.25,2.25,36000.0,A@
2017-12-26 07:00:00,3.47,3.47,3.47,3.47,899.0,
2019-11-25 07:00:00,3.89,4.14,3.89,4.06,13155.0,???
2020-01-17 07:00:00,4.31,4.31,4.06,4.06,900.0,
2021-01-12 07:00:00,6.0,6.6,6.0,6.6,34562.0,
2021-04-09 07:00:00,9.22,9.39,9.13,9.22,24284.0,
2022-11-02 07:00:00,5.2,5.3,5.1,5.3,4200.0,A@
2023-09-07 07:00:00,10.0,10.1,9.8,9.8,14383.0,
2024-02-01 07:00:00,9.0,9.1,8.6,9.0,10051.0,ZZZZZZ
2024-10-16 07:00:00,9.9,11.6,9.9,11.3,1818.0,A@
2026-03-09 07:00:00,10.5,10.5,9.2,9.2,2000.0,A@
2016-03-02 07:00:00,8.4,8.5,8.2,8.3,1879740.0,A@
2016-08-24 07:00:00,6.2,6.4,6.1,6.2,2606330.0,A@
2016-10-03 07:00:00,5.25,5.25,5.17,5.21,2095220.0,ZZZZZZ
2017-09-15 07:00:00,8.35,8.37,8.29,8.37,1661290.0,
2017-09-27 07:00:00,8.8,8.96,8.69,8.69,3470100.0,A@
2017-09-28 07:00:00,8.7,8.79,8.5,8.53,2768340.0,
2017-11-22 07:00:00,7.48,7.6,7.39,7.52,2974710.0,A@
2018-04-23 07:00:00,5.55,5.64,5.33,5.33,3433530.0,A@
2018-05-29 07:00:00,4.4,4.67,4.27,4.49,3186630.0,123
2018-11-14 07:00:00,5.4,5.5,5.34,5.4,2882690.0,123
2019-05-14 07:00:00,5.09,5.15,5.09,5.09,1344530.0,A@
2021-05-31 07:00:00,5.18,5.2,5.13,5.13,3396200.0,ZZZZZZ
2021-09-08 07:00:00,5.07,5.09,4.96,5.04,2633300.0,ZZZZZZ
2022-07-26 07:00:00,11.4,11.45,10.95,11.0,15321000.0,ZZZZZZ
2022-08-22 07:00:00,11.8,12.45,11.75,12.4,31266100.0,A@
2022-11-07 07:00:00,8.18,8.28,7.71,7.71,16642400.0,ZZZZZZ
2023-02-16 07:00:00,8.06,8.08,7.9,8.0,6195100.0,A@
2023-02-21 07:00:00,8.4,8.41,8.2,8.2,9411500.0,ZZZZZZ
2024-05-22 07:00:00,15.0,15.0,14.05,14.2,36523100.0,ZZZZZZ
2025-01-17 07:00:00,11.85,11.95,11.75,11.8,2238500.0,123
2017-09-27 07:00:00,4.87,4.87,4.87,4.87,2400.0,123
2021-11-04 07:00:00,13.51,13.51,13.51,13.51,500.0,
2025-07-09 07:00:00,27.7,27.7,27.7,27.7,2000.0,???
2015-12-16 07:00:00,2.9,2.95,2.9,2.95,66530.0,123
2016-03-04 07:00:00,2.65,2.65,2.55,2.65,337730.0,A@
2016-07-15 07:00:00,2.68,2.74,2.63,2.68,69690.0,ZZZZZZ
2016-12-02 07:00:00,2.36,2.42,2.35,2.35,83340.0,
2017-08-11 07:00:00,2.83,2.83,2.75,2.75,58870.0,123
2018-04-03 07:00:00,2.22,2.22,2.22,2.22,1390.0,
2018-09-14 07:00:00,2.17,2.26,2.15,2.23,114520.0,ZZZZZZ
2018-10-31 07:00:00,2.07,2.07,2.06,2.06,5250.0,ZZZZZZ
2018-11-14 07:00:00,2.01,2.01,2.0,2.0,13340.0,
2019-04-05 07:00:00,2.13,2.19,2.13,2.18,40050.0,ZZZZZZ
2019-04-26 07:00:00,2.27,2.37,2.27,2.28,36450.0,
2020-03-20 07:00:00,2.06,2.06,1.99,2.04,50010.0,A@
2020-05-22 07:00:00,2.14,2.16,2.14,2.15,13520.0,
2020-07-22 07:00:00,2.26,2.29,2.26,2.29,39420.0,???
2021-02-09 07:00:00,4.6,4.75,4.53,4.73,441300.0,???
2021-03-24 07:00:00,12.09,13.85,12.09,13.85,6666500.0,
2021-07-01 07:00:00,9.76,9.99,9.46,9.69,459813.0,123
2022-11-03 07:00:00,4.87,5.02,4.78,31.62200385560696,19963200.0,
2023-02-02 07:00:00,4.28,4.28,4.12,4.16,169800.0,ZZZZZZ
2023-04-07 07:00:00,4.02,4.02,3.92,4.0,231700.0,
2023-06-29 07:00:00,4.66,4.7,4.59,4.62,390900.0,ZZZZZZ
2023-09-26 07:00:00,4.81,4.85,4.49,4.49,292200.0,A@
2023-12-19 07:00:00,4.79,4.85,4.65,4.76,281500.0,A@
2024-08-09 07:00:00,4.14,4.18,4.12,4.18,21700.0,???
2024-10-10 07:00:00,4.21,4.3,4.17,4.27,136700.0,???
2024-12-18 07:00:00,4.36,4.38,4.36,4.36,38100.0,123
2025-01-15 07:00:00,4.49,4.57,4.25,4.36,382300.0,123
2025-02-03 07:00:00,4.4,4.4,4.35,4.38,116600.0,???
2025-03-21 07:00:00,4.71,4.87,4.71,4.75,52900.0,A@
2025-04-08 07:00:00,4.52,4.81,4.49,4.49,543400.0,ZZZZZZ
2025-09-17 07:00:00,6.45,6.5,6.32,6.5,45600.0,A@
2025-10-28 07:00:00,6.48,6.5,6.28,6.5,28900.0,A@
2025-12-09 07:00:00,8.0,8.0,7.71,7.87,20000.0,???
2016-11-28 07:00:00,6.85,6.85,6.35,28.62534094646476,1115730.0,???
2016-12-27 07:00:00,5.91,5.91,5.91,5.91,5030.0,ZZZZZZ
2017-06-26 07:00:00,6.01,6.56,6.01,6.28,11120.0,123
2017-07-20 07:00:00,6.37,6.78,6.36,6.64,23050.0,???
2017-09-28 07:00:00,6.2,6.35,5.77,5.77,3050.0,A@
2017-12-29 07:00:00,6.25,6.25,5.92,6.22,16300.0,123
2018-07-13 07:00:00,5.96,6.01,5.96,6.01,3000.0,A@
2020-02-07 07:00:00,6.22,6.22,6.22,6.22,10.0,???
2020-06-09 07:00:00,5.75,5.75,5.75,5.75,20.0,A@
2020-07-30 07:00:00,6.52,6.52,6.47,6.48,13110.0,123
2023-03-23 07:00:00,7.34,7.34,7.34,7.34,100.0,ZZZZZZ
2023-05-17 07:00:00,9.43,9.43,8.31,9.34,2100.0,ZZZZZZ
2023-07-10 07:00:00,8.34,8.44,8.34,8.44,400.0,123
2023-11-22 07:00:00,6.45,6.45,6.45,6.45,200.0,???
2024-05-27 07:00:00,9.5,10.0,9.5,10.0,400.0,123
2025-10-10 07:00:00,7.45,7.45,7.44,7.44,300.0,
2018-03-01 07:00:00,2.6,2.6,2.6,2.6,300.0,???
2022-10-19 07:00:00,2.7,2.7,2.6,2.6,700.0,
2022-12-30 07:00:00,2.4,2.4,2.4,2.4,1100.0,123
2023-10-06 07:00:00,3.0,3.0,3.0,3.0,502.0,ZZZZZZ
2023-11-08 07:00:00,3.8,3.8,3.0,3.1,1602.0,123
2025-02-07 07:00:00,3.5,3.5,3.1,3.1,1500.0,???
2025-10-14 07:00:00,3.8,3.8,3.8,3.8,300.0,
2026-01-30 07:00:00,3.2,3.2,3.2,3.2,200.0,123
2026-03-25 07:00:00,3.0,3.0,3.0,3.0,100.0,
2019-04-10 07:00:00,3.53,3.53,3.53,3.53,10000.0,ZZZZZZ
2022-05-09 07:00:00,9.9,9.9,9.9,9.9,700.0,
2023-04-13 07:00:00,6.47,6.47,6.47,6.47,1000.0,ZZZZZZ
2025-07-02 07:00:00,4.9,4.9,4.9,4.9,1000.0,
2015-10-20 07:00:00,3.88,4.22,3.71,3.71,571032.0,
2016-11-22 07:00:00,2.53,2.53,2.53,2.53,200.0,
2018-05-02 07:00:00,1.94,1.94,1.94,1.94,2900.0,ZZZZZZ
2019-10-10 07:00:00,1.69,1.69,1.69,1.69,16000.0,
2020-09-09 07:00:00,1.77,1.77,1.6,1.6,500.0,
2021-04-15 07:00:00,7.42,7.51,7.09,7.34,66304.0,ZZZZZZ
2021-06-09 07:00:00,,7.51,6.33,7.51,,???
2021-07-02 07:00:00,8.27,8.35,8.02,8.27,328327.0,ZZZZZZ
2021-10-29 07:00:00,10.55,10.63,10.21,10.21,186903.0,A@
2022-08-30 07:00:00,6.5,6.58,6.41,6.5,29700.0,ZZZZZZ
2022-12-12 07:00:00,4.72,4.72,4.3,31.79815803672481,850500.0,
2023-12-08 07:00:00,7.0,7.0,6.92,6.92,71700.0,ZZZZZZ
2024-06-07 07:00:00,6.92,6.92,6.92,6.92,8100.0,A@
2024-08-13 07:00:00,9.37,9.53,8.94,9.11,480635.0,
2025-03-18 07:00:00,7.2,7.2,7.0,7.1,75100.0,ZZZZZZ
2025-06-26 07:00:00,6.5,6.5,6.3,6.4,23200.0,
2017-07-21 07:00:00,,10.59,8.96,8.96,1500.0,???
2018-01-09 07:00:00,10.38,10.38,10.38,10.38,6800.0,A@
2018-01-31 07:00:00,11.02,11.02,10.38,10.38,11600.0,
2018-05-04 07:00:00,11.44,11.57,11.44,72.47153117016595,4600.0,ZZZZZZ
2021-01-20 07:00:00,17.45,17.58,17.45,17.58,13300.0,
2021-10-27 07:00:00,25.89,25.89,22.93,23.67,800.0,A@
2023-02-21 07:00:00,25.8,25.8,25.4,25.4,1011.0,ZZZZZZ
2024-01-03 07:00:00,24.13,24.13,24.13,24.13,5000.0,A@
2024-04-03 07:00:00,25.33,25.33,21.97,25.25,1300.0,ZZZZZZ
2024-06-03 07:00:00,21.46,21.46,21.46,21.46,101.0,???
2025-04-09 07:00:00,24.61,24.61,24.61,24.61,14.0,ZZZZZZ
2016-12-29 07:00:00,5.29,5.29,5.16,5.16,363750.0,A@
2017-05-22 07:00:00,4.98,5.13,4.94,4.99,193300.0,A@
2018-09-14 07:00:00,6.93,7.07,6.79,6.93,242190.0,A@
2019-03-14 07:00:00,3.5,3.52,3.47,3.52,457620.0,
2019-05-13 07:00:00,2.95,3.0,2.93,2.95,271340.0,
2020-02-17 07:00:00,1.73,1.73,1.65,1.66,49910.0,123
2023-11-15 07:00:00,7.9,7.95,7.62,7.82,756600.0,123
2023-11-20 07:00:00,7.2,7.65,7.2,7.65,665500.0,ZZZZZZ
2024-04-03 07:00:00,11.2,11.35,11.0,11.1,839500.0,???
2024-10-10 07:00:00,9.92,9.92,9.85,9.85,209400.0,123
2025-01-02 07:00:00,8.84,8.93,8.84,8.93,42400.0,A@
2025-11-20 07:00:00,7.79,7.8,7.51,7.8,15000.0,A@
2025-12-04 07:00:00,7.71,7.78,7.7,7.78,10700.0,ZZZZZZ
2026-01-08 07:00:00,7.4,7.52,7.4,7.5,86300.0,A@
2019-02-21 07:00:00,5.88,5.93,5.82,5.9,1427590.0,ZZZZZZ
2019-03-11 07:00:00,6.02,6.04,5.96,6.02,626150.0,123
2021-03-03 07:00:00,8.73,8.91,8.65,8.79,5701400.0,
2022-07-04 07:00:00,-10.07,10.11,9.97,10.01,-1048500.0,ZZZZZZ
2023-03-02 07:00:00,8.98,9.18,8.95,9.18,1843400.0,???
2024-03-21 07:00:00,13.99,14.76,13.93,14.76,11192400.0,???
2016-05-12 07:00:00,4.81,4.93,4.81,4.93,230.0,???
2016-10-12 07:00:00,4.64,4.66,4.6,4.61,20680.0,A@
2017-07-28 07:00:00,6.27,6.33,6.21,6.27,53340.0,
2018-08-10 07:00:00,7.2,7.2,7.1,7.1,112870.0,A@
2020-09-21 07:00:00,10.52,10.57,10.22,10.24,3110690.0,???
2020-12-28 07:00:00,,15.59,14.93,15.51,-2857790.0,A@
2021-05-21 07:00:00,17.84,18.76,17.84,18.35,1274000.0,ZZZZZZ
2021-06-18 07:00:00,19.14,19.42,19.03,19.14,956700.0,ZZZZZZ
2022-01-11 07:00:00,33.89,33.89,32.63,33.47,740300.0,ZZZZZZ
2022-09-13 07:00:00,33.58,33.65,32.62,33.52,1238400.0,
2022-09-16 07:00:00,32.75,32.94,31.35,31.35,2801500.0,123
2023-01-27 07:00:00,22.02,22.02,21.52,21.58,896400.0,123
2023-04-26 07:00:00,20.43,21.04,20.3,21.04,1595600.0,ZZZZZZ
2023-05-25 07:00:00,22.02,22.02,21.74,21.8,1056300.0,
2024-01-16 07:00:00,19.6,20.88,19.6,20.88,3206100.0,123
2024-11-19 07:00:00,24.54,24.68,24.27,24.27,2069900.0,ZZZZZZ
2025-05-27 07:00:00,23.65,24.45,23.65,24.01,4636100.0,???
2025-11-21 07:00:00,31.62,31.77,31.03,31.72,1725400.0,???
2026-02-04 07:00:00,27.15,27.15,26.56,26.96,1756100.0,A@
2017-12-07 07:00:00,9.93,9.93,9.93,9.93,100.0,???
2019-10-17 07:00:00,16.55,16.55,16.55,16.55,200.0,???
2020-08-14 07:00:00,18.91,18.91,18.91,18.91,2900.0,ZZZZZZ
2022-02-14 07:00:00,46.5,46.9,45.1,46.7,10600.0,123
2023-03-21 07:00:00,12.8,13.0,12.8,13.0,700.0,A@
2023-04-19 07:00:00,12.8,13.6,12.5,13.6,16000.0,123
2023-04-26 07:00:00,12.8,13.2,12.8,13.2,3800.0,ZZZZZZ
2023-05-19 07:00:00,14.5,14.5,14.3,14.4,600.0,123
2023-11-15 07:00:00,11.4,12.0,11.4,12.0,7600.0,ZZZZZZ
2024-02-01 07:00:00,11.3,11.3,11.3,11.3,100.0,???
2025-01-10 07:00:00,9.3,9.3,9.3,9.3,101.0,ZZZZZZ
2025-05-07 07:00:00,14.0,14.0,14.0,14.0,200.0,
2025-05-30 07:00:00,12.1,12.1,12.1,12.1,100.0,ZZZZZZ
2025-10-28 07:00:00,12.0,12.0,12.0,12.0,100.0,123
2026-02-13 07:00:00,13.6,16.0,13.6,16.0,200.0,A@
2019-06-17 07:00:00,5.27,5.27,5.27,5.27,400.0,ZZZZZZ
2020-06-10 07:00:00,6.26,6.26,6.26,6.26,100.0,ZZZZZZ
2020-12-02 07:00:00,6.41,6.41,6.41,6.41,100.0,???
2021-03-10 07:00:00,12.24,12.24,12.24,12.24,900.0,ZZZZZZ
2021-06-28 07:00:00,10.04,10.26,10.04,10.26,1600.0,???
2023-06-27 07:00:00,10.53,11.31,10.44,11.31,2200.0,A@
2016-03-23 07:00:00,6.86,6.86,6.86,6.86,100.0,???
2016-09-29 07:00:00,7.2,7.2,7.2,7.2,300.0,123
2017-06-07 07:00:00,7.19,7.19,7.19,7.19,100.0,ZZZZZZ
2017-08-31 07:00:00,7.44,7.76,7.44,7.76,5100.0,ZZZZZZ
2018-11-22 07:00:00,8.34,8.34,8.34,8.34,100.0,ZZZZZZ
2019-05-14 07:00:00,7.73,7.73,7.73,7.73,100.0,???
2021-09-29 07:00:00,15.06,15.06,15.06,15.06,500.0,???
2026-03-04 07:00:00,6.8,6.8,6.8,6.8,200.0,123
2016-02-23 07:00:00,5.78,6.05,5.71,6.05,368702.0,
2017-05-12 07:00:00,7.03,7.26,6.87,64.82232287321915,41850654.0,???
2017-09-05 07:00:00,6.56,6.56,6.39,6.47,233760.0,A@
2018-07-03 07:00:00,3.7,3.7,3.5,3.5,207600.0,123
2018-08-06 07:00:00,3.1,3.3,3.0,3.0,470700.0,
2019-02-25 07:00:00,1.6,1.8,1.6,1.7,4650.0,A@
2019-06-04 07:00:00,1.5,1.6,1.5,1.6,33860.0,???
2020-04-13 07:00:00,1.0,1.0,1.0,1.0,700.0,
2021-05-21 07:00:00,4.5,4.5,4.3,4.3,472600.0,
2022-10-19 07:00:00,2.3,2.4,2.2,2.3,401874.0,
2022-12-22 07:00:00,1.6,1.7,1.6,1.7,229305.0,A@
2023-07-14 07:00:00,2.7,2.7,2.5,2.7,658500.0,
2023-12-18 07:00:00,1.9,2.0,1.9,1.9,71065.0,???
2024-06-04 07:00:00,2.2,2.2,2.0,18.20538684623611,44868744.0,
2024-07-04 07:00:00,2.0,2.1,1.9,2.1,309380.0,???
2025-02-14 07:00:00,1.7,1.8,1.6,1.7,596126.0,A@
2025-12-22 07:00:00,1.3,1.4,1.2,1.3,103600.0,ZZZZZZ
2026-02-11 07:00:00,1.1,1.2,1.0,1.1,170800.0,ZZZZZZ
2018-04-24 07:00:00,2.81,2.95,2.81,2.85,187870.0,
2018-08-29 07:00:00,2.51,2.51,2.47,2.47,3190.0,123
2018-09-07 07:00:00,2.51,2.51,2.43,2.46,60900.0,ZZZZZZ
2018-11-01 07:00:00,2.68,2.68,2.53,2.63,41930.0,
2020-06-02 07:00:00,2.92,2.92,2.7,2.7,401820.0,123
2020-07-13 07:00:00,2.61,2.67,2.51,2.53,369650.0,???
2021-04-05 07:00:00,4.67,4.73,4.6,4.68,248500.0,123
2021-09-27 07:00:00,6.72,6.88,6.53,6.55,1819800.0,A@
2022-05-16 07:00:00,6.5,6.5,6.0,6.05,223300.0,A@
2022-12-29 07:00:00,3.12,3.14,3.02,3.02,98200.0,
2023-01-18 07:00:00,3.09,3.17,3.09,3.13,52500.0,ZZZZZZ
2024-01-10 07:00:00,3.04,3.12,3.03,3.05,72700.0,ZZZZZZ
2024-03-29 07:00:00,2.94,2.94,2.91,2.93,108900.0,???
2025-05-29 07:00:00,2.65,2.67,2.63,2.67,160000.0,
2025-07-16 07:00:00,2.88,2.88,2.82,2.83,124900.0,
2023-12-26 07:00:00,24.8,24.8,23.5,24.5,83549.0,
2024-03-11 07:00:00,24.8,24.8,24.4,24.4,4904.0,
2024-07-08 07:00:00,28.0,28.0,26.9,26.9,11213.0,
2025-02-20 07:00:00,10.1,10.9,10.1,10.5,14625.0,ZZZZZZ
2017-03-30 07:00:00,5.84,5.84,5.38,5.47,53000.0,
2017-06-02 07:00:00,4.92,4.92,4.83,4.83,7000.0,123
2017-11-22 07:00:00,3.01,3.1,2.92,3.01,32900.0,???
2018-06-19 07:00:00,3.3,3.3,2.7,2.7,350332.0,???
2020-04-06 07:00:00,3.2,3.2,3.2,3.2,2100.0,ZZZZZZ
2020-07-06 07:00:00,7.7,7.8,7.5,7.5,7200.0,123
2021-09-23 07:00:00,6.7,7.3,6.7,6.8,17808.0,123
2023-04-10 07:00:00,6.3,6.8,6.3,6.8,200.0,ZZZZZZ
2023-10-31 07:00:00,3.5,3.6,3.4,3.6,14500.0,
2025-03-04 07:00:00,8.6,8.6,8.6,8.6,100.0,ZZZZZZ
2025-05-19 07:00:00,9.9,9.9,9.9,9.9,900.0,A@
2025-08-25 07:00:00,-13.7,13.7,12.4,12.4,-14500.0,???
2026-04-14 07:00:00,19.8,19.9,18.0,18.0,18400.0,ZZZZZZ
2026-04-24 07:00:00,21.0,21.0,20.0,20.9,4100.0,123
2025-09-10 07:00:00,17.0,17.0,17.0,17.0,200.0,???
2026-01-29 07:00:00,17.0,17.0,17.0,17.0,1400.0,123
2022-07-21 07:00:00,7.51,7.75,7.51,7.75,200.0,A@
2022-09-09 07:00:00,7.36,7.36,7.12,7.36,3200.0,ZZZZZZ
2022-11-28 07:00:00,5.85,5.85,4.98,5.62,12801.0,
2022-12-05 07:00:00,5.69,5.93,5.3,5.54,15500.0,123
2023-04-20 07:00:00,6.4,6.4,6.4,6.4,7900.0,???
2024-05-10 07:00:00,21.5,21.6,18.8,21.3,293434.0,ZZZZZZ
2025-03-04 07:00:00,14.6,14.6,14.0,14.4,51861.0,123
2026-02-05 07:00:00,11.1,11.2,11.1,11.2,1500.0,A@
2017-09-08 07:00:00,19.73,19.73,19.73,19.73,230.0,A@
2018-03-12 07:00:00,19.84,20.89,19.84,20.89,27900.0,123
2018-04-03 07:00:00,21.63,22.0,21.56,22.0,5700.0,A@
2018-09-19 07:00:00,18.0,18.0,18.0,18.0,100.0,???
2020-10-29 07:00:00,14.16,14.16,13.64,13.64,300.0,
2021-03-31 07:00:00,20.57,20.57,20.57,20.57,100.0,ZZZZZZ
2022-01-12 07:00:00,41.85,41.85,37.55,39.11,28200.0,
2023-07-17 07:00:00,28.01,28.36,27.84,28.27,8802.0,A@
2025-08-08 07:00:00,33.97,33.97,33.97,33.97,5000.0,123
2026-01-27 07:00:00,35.0,35.5,34.8,35.5,7700.0,???
2026-03-13 07:00:00,34.7,34.7,34.6,34.6,3800.0,
2016-05-18 07:00:00,19.39,19.73,19.39,19.73,310.0,ZZZZZZ
2016-11-22 07:00:00,22.35,22.35,22.35,22.35,10.0,ZZZZZZ
2018-01-15 07:00:00,12.96,12.96,12.96,12.96,10.0,A@
2018-03-14 07:00:00,15.93,15.93,15.93,15.93,10.0,A@
2019-02-26 07:00:00,28.15,28.15,27.42,27.42,60.0,123
2019-07-30 07:00:00,41.49,41.49,41.49,41.49,4120.0,ZZZZZZ
2020-05-06 07:00:00,41.2,41.2,40.23,40.23,440.0,123
2021-05-05 07:00:00,28.65,29.0,28.65,29.0,200.0,ZZZZZZ
2021-06-28 07:00:00,35.0,35.0,35.0,35.0,100.0,???
2021-07-19 07:00:00,30.85,30.85,30.85,30.85,300.0,ZZZZZZ
2021-11-23 07:00:00,35.9,35.9,35.9,35.9,100.0,???
2022-02-18 07:00:00,40.0,40.0,40.0,40.0,100.0,A@
2022-07-20 07:00:00,27.05,30.2,27.05,30.2,200.0,???
2024-02-21 07:00:00,18.5,18.7,18.5,18.7,502.0,A@
2017-04-07 07:00:00,4.6,4.6,4.6,4.6,500.0,
2020-10-08 07:00:00,10.4,10.4,10.34,10.34,3200.0,123
2020-12-25 07:00:00,12.15,12.15,12.15,12.15,2000.0,
2021-08-04 07:00:00,12.7,12.7,12.7,12.7,6000.0,123
2021-10-26 07:00:00,13.66,13.66,13.66,13.66,1600.0,123
2023-04-20 07:00:00,15.34,15.66,15.26,15.26,52000.0,123
2023-05-24 07:00:00,15.66,15.66,15.66,15.66,2000.0,ZZZZZZ
2023-09-07 07:00:00,18.68,19.12,18.6,19.12,2400.0,123
2023-09-08 07:00:00,18.77,19.12,18.77,19.12,200.0,???
2023-12-20 07:00:00,20.34,20.34,20.34,20.34,13000.0,???
2024-02-05 07:00:00,21.38,21.64,21.38,21.64,35400.0,A@
2025-04-09 07:00:00,17.74,17.92,17.55,17.74,5300.0,???
2025-06-12 07:00:00,17.92,17.92,17.74,17.74,9500.0,???
2025-10-23 07:00:00,16.51,16.6,16.23,16.6,12500.0,123
2025-12-02 07:00:00,16.68,16.68,16.59,16.59,500.0,123
2020-11-06 07:00:00,3.27,3.66,3.17,3.56,800.0,123
2022-11-08 07:00:00,12.51,12.51,12.51,12.51,100.0,ZZZZZZ
2023-04-26 07:00:00,15.3,15.3,15.3,15.3,100.0,123
2024-11-11 07:00:00,15.0,15.0,15.0,15.0,800.0,
2016-02-23 07:00:00,16.5,16.6,16.5,16.6,1300.0,
2016-09-08 07:00:00,18.3,18.3,18.1,142.2418457955004,25000.0,A@
2017-06-22 07:00:00,19.4,19.4,19.3,19.3,200.0,
2019-06-28 07:00:00,17.25,17.51,17.22,17.45,443230.0,ZZZZZZ
2019-12-10 07:00:00,17.32,17.32,17.25,17.32,326220.0,
2020-02-06 07:00:00,17.32,17.48,17.32,17.45,478140.0,???
2020-05-11 07:00:00,20.4,20.44,20.17,20.36,274670.0,A@
2022-03-08 07:00:00,30.75,30.85,30.7,30.8,493500.0,???
2022-09-29 07:00:00,26.1,26.25,25.55,26.0,324100.0,???
2022-11-10 07:00:00,21.15,21.5,21.15,21.5,650600.0,
2023-04-26 07:00:00,4.05,4.1,4.04,4.1,1530400.0,
2025-06-16 07:00:00,4.16,4.25,4.16,4.23,907000.0,A@
2025-08-19 07:00:00,5.69,5.98,5.63,5.98,16491700.0,???
2021-12-14 07:00:00,10.64,10.64,10.49,10.49,300.0,ZZZZZZ
2021-12-22 07:00:00,9.91,9.91,9.91,9.91,26.0,
2022-03-02 07:00:00,9.84,9.84,9.84,9.84,400.0,
2022-12-01 07:00:00,6.91,6.91,6.91,6.91,1200.0,A@
2025-04-16 07:00:00,14.87,14.87,14.23,14.5,8000.0,ZZZZZZ
2026-01-23 07:00:00,-14.6,14.6,14.5,14.5,-1100.0,???
2016-01-20 07:00:00,13.98,14.14,13.92,13.92,11570.0,
2016-08-24 07:00:00,15.37,15.37,15.05,15.11,32620.0,123
2017-03-29 07:00:00,14.39,14.45,14.0,14.13,428180.0,
2018-02-26 07:00:00,10.39,10.45,10.18,10.32,81920.0,ZZZZZZ
2018-11-26 07:00:00,10.22,10.22,9.91,10.03,63250.0,???
2018-12-14 07:00:00,11.55,11.59,11.24,11.24,292190.0,123
2019-04-18 07:00:00,12.08,12.19,11.97,12.08,116660.0,???
2019-04-23 07:00:00,12.31,12.31,12.04,12.08,82940.0,???
2020-02-06 07:00:00,11.48,11.97,11.48,11.89,128850.0,ZZZZZZ
2020-12-25 07:00:00,14.81,15.34,14.55,14.99,1592820.0,
2021-05-31 07:00:00,13.67,13.67,13.36,13.49,465200.0,123
2022-11-22 07:00:00,8.31,8.76,,,612600.0,A@
2022-12-28 07:00:00,10.09,10.19,9.66,10.05,214000.0,
2023-02-20 07:00:00,14.32,14.9,14.23,14.85,2139500.0,???
2023-09-21 07:00:00,14.42,14.56,14.13,14.23,575200.0,ZZZZZZ
2023-12-28 07:00:00,12.03,12.03,11.93,11.93,202100.0,
2024-11-15 07:00:00,11.69,11.98,11.49,11.78,532200.0,ZZZZZZ
2025-05-23 07:00:00,10.99,11.09,10.94,10.99,98900.0,???
2025-09-10 07:00:00,17.3,18.3,17.25,18.3,2522200.0,ZZZZZZ
2025-09-25 07:00:00,17.8,17.65,18.1,17.85,442800.0,123
2026-04-10 07:00:00,15.85,15.85,15.3,15.35,410500.0,123
2017-09-08 07:00:00,12.98,12.98,12.98,86.86515307530284,27600.0,
2018-12-25 07:00:00,10.9,10.9,10.9,10.9,200.0,A@
2019-02-18 07:00:00,12.94,13.85,12.94,13.85,1100.0,???
2021-06-01 07:00:00,16.58,16.99,16.58,16.99,600.0,A@
2022-09-09 07:00:00,22.81,22.81,19.1,19.1,22200.0,123
2024-02-02 07:00:00,18.65,18.65,18.12,18.65,10100.0,A@
2024-07-09 07:00:00,20.08,20.08,20.08,20.08,4.0,A@
2017-11-09 07:00:00,7.13,7.32,7.13,7.31,2011790.0,
2018-01-05 07:00:00,4.53,4.56,4.48,4.49,102940.0,ZZZZZZ
2018-02-08 07:00:00,3.1,3.13,2.97,3.04,113600.0,123
2020-01-21 07:00:00,1.08,1.08,1.02,1.02,182720.0,???
2021-02-19 07:00:00,0.9,1.0,0.9,0.9,268700.0,A@
2025-10-03 07:00:00,1.3,1.4,1.2,1.4,9400.0,???
2018-04-16 07:00:00,6.86,6.94,6.81,6.86,10450.0,
2018-10-16 07:00:00,6.35,6.35,6.35,6.35,10.0,123
2018-10-26 07:00:00,6.27,6.27,6.03,6.03,34090.0,
2019-05-02 07:00:00,6.3,6.3,6.23,6.23,950.0,???
2019-10-17 07:00:00,6.58,6.58,6.49,6.49,2670.0,A@
2020-10-01 07:00:00,6.44,6.44,6.24,6.44,1500.0,A@
2021-06-09 07:00:00,7.33,7.38,7.33,7.38,4700.0,
2021-09-01 07:00:00,6.61,6.78,6.61,6.77,12400.0,123
2022-07-11 07:00:00,6.75,6.86,6.75,6.86,4200.0,ZZZZZZ
2022-09-23 07:00:00,6.76,6.8,6.76,6.8,800.0,???
2024-05-06 07:00:00,3.6,3.6,3.6,3.6,100.0,
2025-02-11 07:00:00,3.6,3.6,3.5,3.6,11000.0,
2025-02-17 07:00:00,3.6,3.7,3.6,3.7,39400.0,
2025-11-11 07:00:00,3.6,3.6,3.6,3.6,4900.0,???
2026-03-27 07:00:00,2.9,2.9,2.9,2.9,4000.0,123
2016-01-18 07:00:00,3.61,3.67,3.55,3.61,104800.0,A@
2016-06-14 07:00:00,4.29,4.42,4.29,4.42,42662.0,123
2016-06-24 07:00:00,4.54,4.54,4.35,4.48,57400.0,???
2017-04-21 07:00:00,4.54,4.6,4.54,4.6,6700.0,A@
2017-05-16 07:00:00,4.41,4.54,4.41,4.54,230.0,
2017-10-10 07:00:00,4.35,4.35,4.35,4.35,7500.0,???
2019-01-23 07:00:00,7.27,7.27,7.27,7.27,43.0,???
2019-07-24 07:00:00,5.77,6.04,5.77,5.77,2100.0,123
2020-06-01 07:00:00,4.16,4.16,3.99,4.16,13028.0,A@
2021-01-04 07:00:00,5.49,5.57,5.4,5.57,5450.0,ZZZZZZ
2021-02-25 07:00:00,5.65,5.73,5.65,5.73,18300.0,A@
2021-10-08 07:00:00,6.9,7.15,6.82,6.98,2688.0,123
2023-04-21 07:00:00,4.3,4.3,4.11,4.3,21774.0,
2024-02-02 07:00:00,7.38,7.38,7.29,7.29,800.0,
2025-05-07 07:00:00,8.6,8.9,8.6,57.86714802595894,163800.0,123
2025-05-26 07:00:00,8.8,8.8,8.8,8.8,100.0,123
2025-07-03 07:00:00,9.8,9.8,9.6,9.6,2800.0,ZZZZZZ
2026-02-26 07:00:00,19.9,20.2,19.1,19.9,19600.0,123
2016-05-24 07:00:00,3.32,3.32,3.18,3.23,300120.0,123
2016-08-31 07:00:00,2.39,2.39,2.34,2.34,338980.0,???
2016-12-06 07:00:00,2.01,2.03,1.97,2.03,397410.0,???
2017-10-10 07:00:00,3.01,3.01,2.81,2.81,2009210.0,
2018-02-26 07:00:00,6.6,6.6,6.44,6.55,2062980.0,123
2019-02-15 07:00:00,5.75,5.89,5.69,5.74,1537200.0,A@
2019-02-27 07:00:00,5.59,5.63,5.57,5.59,1099950.0,123
2019-08-16 07:00:00,3.92,3.95,3.92,3.93,330290.0,A@
2020-03-04 07:00:00,3.39,3.49,3.34,3.46,773780.0,ZZZZZZ
2020-09-09 07:00:00,3.3,3.46,3.3,3.45,2825760.0,
2021-05-11 07:00:00,4.73,4.87,4.73,4.85,1486400.0,123
2021-06-23 07:00:00,5.35,5.4,5.15,5.23,3505700.0,123
2021-09-24 07:00:00,5.81,5.94,5.73,5.73,2743400.0,A@
2021-10-27 07:00:00,6.37,6.56,6.25,6.29,5684700.0,???
2022-05-11 07:00:00,18.75,18.79,17.62,17.62,2429500.0,???
2023-09-22 07:00:00,12.7,,12.45,12.87,12587700.0,123
2023-10-26 07:00:00,9.73,9.73,9.27,9.27,4991000.0,123
2023-11-02 07:00:00,8.27,8.69,8.19,8.69,3277300.0,???
2023-12-18 07:00:00,9.94,9.94,9.69,9.69,1395100.0,???
2024-11-14 07:00:00,8.51,8.6,8.38,8.38,648000.0,
2025-02-28 07:00:00,7.78,8.1,7.78,8.01,1909100.0,123
2025-05-23 07:00:00,6.14,6.14,6.06,6.06,455800.0,
2025-06-03 07:00:00,6.51,6.58,6.5,6.53,1091000.0,A@
2026-04-21 07:00:00,6.65,6.7,6.65,6.66,276700.0,???
2017-08-01 07:00:00,8.94,8.99,8.65,8.65,23519.0,
2018-04-11 07:00:00,7.64,7.64,7.62,7.64,16000.0,
2018-05-21 07:00:00,7.62,7.62,7.58,7.58,3100.0,???
2019-08-19 07:00:00,11.61,11.76,11.55,11.61,13000.0,123
2022-01-21 07:00:00,27.91,27.91,26.98,27.3,63100.0,???
2023-03-13 07:00:00,16.17,16.17,16.05,16.05,11001.0,A@
2025-01-16 07:00:00,27.31,27.31,27.09,27.24,12530.0,???
2025-02-12 07:00:00,26.0,26.29,26.0,26.08,27384.0,???
2025-07-21 07:00:00,22.31,22.56,22.23,22.23,100400.0,A@
2025-09-12 07:00:00,22.48,22.48,22.31,22.4,17100.0,ZZZZZZ
2026-03-03 07:00:00,24.02,24.2,23.76,23.94,4100.0,???
2017-09-21 07:00:00,13.59,13.59,13.59,13.59,100.0,A@
2021-08-20 07:00:00,31.35,31.35,31.35,31.35,100.0,
2025-02-24 07:00:00,14.5,14.5,14.5,14.5,100.0,ZZZZZZ
2017-08-03 07:00:00,4.28,4.54,4.21,4.54,1823010.0,
2017-08-24 07:00:00,4.43,4.48,4.33,4.41,610810.0,???
2019-12-20 07:00:00,6.9,6.9,6.76,6.8,219280.0,A@
2020-03-11 07:00:00,5.85,5.85,5.42,5.42,164080.0,???
2020-07-02 07:00:00,5.33,5.38,4.92,5.28,225650.0,ZZZZZZ
2020-08-17 07:00:00,5.53,5.63,5.5,5.58,201940.0,???
2020-11-11 07:00:00,6.45,6.55,6.4,6.47,496020.0,123
2020-12-02 07:00:00,7.31,7.31,7.18,7.23,1164710.0,123
2021-03-22 07:00:00,16.95,17.16,16.8,16.98,8967600.0,123
2021-10-06 07:00:00,15.67,15.92,15.5,15.83,5108900.0,123
2021-11-01 07:00:00,18.36,18.69,17.92,18.09,9518900.0,
2022-08-24 07:00:00,13.44,13.44,13.14,13.25,1544700.0,A@
2022-10-10 07:00:00,7.2,7.72,7.2,7.7,1874100.0,A@
2023-11-01 07:00:00,8.08,8.4,7.87,8.4,1177000.0,ZZZZZZ
2023-12-25 07:00:00,9.58,9.86,9.58,9.83,1071000.0,???
2024-01-22 07:00:00,10.21,10.21,10.07,10.14,1226300.0,ZZZZZZ
2024-01-24 07:00:00,10.32,10.35,10.11,10.14,927100.0,A@
2024-04-15 07:00:00,11.5,11.66,10.72,10.72,4540000.0,???
2024-04-22 07:00:00,10.84,10.84,10.6,10.6,1276300.0,ZZZZZZ
2024-05-13 07:00:00,11.07,11.07,10.68,10.8,1898500.0,
2025-04-15 07:00:00,9.59,9.67,9.3,9.46,1739300.0,A@
2025-05-16 07:00:00,10.24,10.24,10.0,10.04,1637400.0,???
2025-06-27 07:00:00,10.2,10.37,10.2,10.33,2456400.0,
2025-11-07 07:00:00,12.2,12.35,12.0,12.0,2538800.0,ZZZZZZ
2019-12-13 07:00:00,2.95,2.95,,2.69,207700.0,???
2020-08-12 07:00:00,2.0,2.08,2.0,2.08,6700.0,
2020-12-28 07:00:00,2.6,2.95,2.6,2.95,3600.0,123
2021-04-23 07:00:00,5.29,5.64,5.12,5.46,72600.0,???
2023-02-06 07:00:00,2.56,2.56,2.47,2.56,54300.0,123
2023-05-18 07:00:00,3.6,3.89,3.6,3.79,133300.0,ZZZZZZ
2023-08-10 07:00:00,-4.55,4.55,4.17,4.17,-266887.0,ZZZZZZ
2023-10-10 07:00:00,3.03,3.13,3.03,3.03,20101.0,???
2024-02-20 07:00:00,4.84,5.12,4.84,5.03,159214.0,???
2024-05-21 07:00:00,5.22,5.22,5.03,5.03,35600.0,123
2024-12-03 07:00:00,4.0,4.0,3.9,3.9,52067.0,A@
2026-01-14 07:00:00,6.8,6.8,6.0,6.6,800.0,
2026-03-20 07:00:00,5.5,5.5,5.2,5.2,1200.0,ZZZZZZ
2019-07-19 07:00:00,3.0,3.0,3.0,3.0,300.0,
2021-06-03 07:00:00,4.7,4.7,4.7,4.7,1075.0,ZZZZZZ
2021-06-29 07:00:00,7.7,7.7,6.3,7.7,1959.0,???
2024-02-19 07:00:00,5.8,5.8,5.8,6.6,40.0,???
2025-02-17 07:00:00,6.9,6.9,5.4,5.4,302.0,
2017-05-08 07:00:00,13.56,13.56,12.69,12.69,2500.0,A@
2018-10-18 07:00:00,11.63,11.63,11.63,11.63,100.0,???
2015-10-23 07:00:00,8.49,8.49,8.59,8.55,4780.0,
2015-11-25 07:00:00,7.85,8.16,7.85,8.03,9990.0,123
2016-01-04 07:00:00,7.66,7.68,7.66,7.66,3330.0,???
2016-10-25 07:00:00,13.31,13.52,13.22,13.31,33570.0,A@
2017-07-07 07:00:00,16.17,16.17,16.05,16.05,14220.0,???
2018-01-26 07:00:00,16.27,16.55,16.27,16.55,8400.0,123
2018-05-16 07:00:00,15.79,15.79,15.54,15.79,1360.0,123
2019-12-12 07:00:00,16.06,16.06,15.75,16.06,12380.0,???
2020-02-19 07:00:00,19.66,19.66,18.42,18.6,258560.0,
2020-07-27 07:00:00,16.65,17.01,15.85,15.87,90560.0,???
2020-09-08 07:00:00,-19.09,19.21,18.89,19.21,-68090.0,
2022-03-21 07:00:00,30.56,31.0,30.56,30.6,2300.0,A@
2022-05-05 07:00:00,29.25,29.25,28.76,28.76,5100.0,A@
2022-11-08 07:00:00,20.45,20.86,20.45,20.45,3000.0,ZZZZZZ
2023-03-17 07:00:00,20.45,20.78,20.45,20.45,7400.0,???
2023-03-24 07:00:00,20.24,20.82,20.24,20.82,2200.0,
2023-06-28 07:00:00,25.04,25.04,24.91,24.91,4200.0,
2023-07-25 07:00:00,30.46,30.88,30.04,30.46,15100.0,???
2024-01-03 07:00:00,25.31,26.91,25.26,26.33,130500.0,A@
2025-03-19 07:00:00,48.13,50.81,47.74,50.81,1270500.0,
2025-07-17 07:00:00,51.9,51.9,51.6,51.8,189900.0,ZZZZZZ
2025-08-11 07:00:00,54.0,53.0,54.3,53.1,60100.0,123
2025-08-18 07:00:00,55.1,55.6,53.8,54.9,128100.0,ZZZZZZ
2025-08-19 07:00:00,54.9,56.5,53.9,54.3,184500.0,123
2016-03-04 07:00:00,5.73,6.11,5.73,5.94,259160.0,???
2016-04-25 07:00:00,7.25,7.28,7.15,7.28,82240.0,A@
2018-04-13 07:00:00,5.28,5.3,5.15,5.15,8400.0,ZZZZZZ
2018-05-03 07:00:00,5.01,5.2,4.96,5.03,97190.0,A@
2018-05-17 07:00:00,5.74,5.74,5.55,5.6,42490.0,ZZZZZZ
2020-03-31 07:00:00,4.8,4.8,4.52,4.71,12300.0,123
2021-08-06 07:00:00,12.3,13.16,12.23,13.16,858300.0,ZZZZZZ
2021-12-06 07:00:00,13.44,13.98,13.19,13.19,462300.0,123
2022-08-03 07:00:00,9.36,9.52,9.36,9.44,89200.0,ZZZZZZ
2024-10-04 07:00:00,10.77,10.77,10.59,10.59,6500.0,
2025-10-03 07:00:00,12.33,12.42,12.24,12.42,9800.0,???
2021-06-18 07:00:00,2.3,2.6,2.3,2.6,2400.0,
2024-04-05 07:00:00,1.2,1.2,1.1,1.2,900.0,???
2024-04-12 07:00:00,1.1,1.1,1.1,1.1,1000.0,123
2024-07-12 07:00:00,1.0,1.1,1.0,1.1,25700.0,???
2025-04-11 07:00:00,1.2,1.2,1.1,1.2,61710.0,
2015-10-15 07:00:00,5.4,5.4,5.3,32.49359969464617,86179880.0,123
2016-03-23 07:00:00,4.6,4.7,4.5,4.6,419490.0,???
2016-05-23 07:00:00,4.0,4.1,3.9,3.9,231360.0,ZZZZZZ
2017-03-29 07:00:00,3.47,3.5,3.46,3.47,34550.0,ZZZZZZ
2017-12-14 07:00:00,4.0,4.11,4.0,4.11,1144850.0,A@
2018-08-08 07:00:00,3.03,3.1,3.01,3.05,80890.0,
2018-09-21 07:00:00,3.11,3.11,2.96,2.96,323260.0,123
2018-11-27 07:00:00,3.19,3.25,3.14,3.2,512310.0,A@
2019-01-30 07:00:00,3.05,3.15,3.02,3.02,88550.0,123
2020-10-01 07:00:00,5.0,5.08,4.95,4.99,1129100.0,
2020-10-02 07:00:00,5.0,5.08,4.96,5.02,973410.0,123
2021-07-23 07:00:00,4.0,4.0,3.83,3.88,1163200.0,
2021-11-01 07:00:00,7.22,7.78,7.21,7.41,4643400.0,ZZZZZZ
2022-01-07 07:00:00,12.6,12.6,12.2,12.4,11981600.0,
2022-06-16 07:00:00,5.41,5.2,5.5,5.2,852200.0,ZZZZZZ
2023-05-23 07:00:00,3.99,4.05,3.94,3.97,1052700.0,A@
2023-09-26 07:00:00,3.65,3.65,3.57,3.59,552300.0,A@
2024-01-03 07:00:00,3.42,3.49,3.4,3.45,420800.0,
2024-03-07 07:00:00,3.73,3.74,3.68,3.7,417800.0,ZZZZZZ
2025-01-09 07:00:00,3.98,4.03,3.89,3.96,444000.0,A@
2025-05-09 07:00:00,4.92,5.0,4.87,4.95,415600.0,???
2025-12-18 07:00:00,6.6,6.65,6.55,6.56,35400.0,
2025-12-22 07:00:00,6.5,6.5,6.46,6.47,98900.0,A@
2016-04-27 07:00:00,18.36,18.5,18.23,18.43,592560.0,123
2016-08-04 07:00:00,20.81,20.81,20.23,20.23,187670.0,???
2017-02-27 07:00:00,28.14,28.51,27.61,27.84,423960.0,???
2017-08-08 07:00:00,34.06,34.21,33.75,34.02,221640.0,???
2018-05-31 07:00:00,26.28,26.36,25.74,26.32,83610.0,ZZZZZZ
2018-08-20 07:00:00,27.25,27.25,26.76,26.76,105910.0,123
2018-09-12 07:00:00,24.97,25.05,24.85,25.05,207350.0,ZZZZZZ
2018-11-27 07:00:00,20.4,20.4,20.16,20.16,47310.0,ZZZZZZ
2018-12-10 07:00:00,20.73,20.73,20.32,20.4,78100.0,123
2019-12-05 07:00:00,-16.4,16.57,16.31,16.53,-44520.0,A@
2021-04-23 07:00:00,47.37,47.92,45.16,47.74,1444800.0,???
2021-11-10 07:00:00,54.92,55.01,54.36,54.92,1705100.0,???
2023-04-03 07:00:00,57.84,57.94,57.28,57.84,1157100.0,
2023-12-04 07:00:00,59.84,59.84,57.75,59.27,1000800.0,ZZZZZZ
2025-02-19 07:00:00,56.94,56.94,56.74,56.94,175600.0,
2025-10-24 07:00:00,50.3,50.98,50.3,50.78,82700.0,
2025-12-02 07:00:00,51.17,51.17,50.1,50.1,273100.0,???
2026-03-09 07:00:00,49.8,49.9,47.2,49.7,191000.0,A@
2022-09-26 07:00:00,7.13,7.13,7.13,7.13,800.0,123
2024-07-17 07:00:00,7.34,7.34,7.15,7.25,35703.0,123
2025-08-26 07:00:00,5.9,5.9,5.6,5.7,3100.0,A@
2016-04-06 07:00:00,4.8,5.1,4.8,5.1,1894790.0,???
2016-04-08 07:00:00,5.7,5.7,5.7,5.7,482230.0,ZZZZZZ
2017-02-14 07:00:00,4.99,4.99,4.95,20.94968345393796,4487800.0,???
2017-04-28 07:00:00,4.15,4.15,4.04,4.15,42720.0,ZZZZZZ
2017-07-26 07:00:00,4.58,4.65,4.54,4.63,176970.0,
2017-08-18 07:00:00,4.48,4.5,4.4,4.5,65520.0,???
2017-10-05 07:00:00,4.08,4.08,4.0,4.06,172370.0,ZZZZZZ
2018-01-02 07:00:00,4.3,4.3,4.22,4.3,34470.0,ZZZZZZ
2018-11-08 07:00:00,3.33,3.33,3.24,3.24,27600.0,???
2018-11-23 07:00:00,4.03,4.25,3.95,4.25,249730.0,123
2019-03-18 07:00:00,3.0,3.0,2.9,2.95,198220.0,ZZZZZZ
2019-04-02 07:00:00,2.91,2.91,2.77,2.77,213400.0,ZZZZZZ
2019-05-16 07:00:00,3.45,3.45,3.17,3.18,184180.0,ZZZZZZ
2019-07-26 07:00:00,2.78,2.83,2.78,2.79,14480.0,ZZZZZZ
2019-08-30 07:00:00,2.69,2.69,2.6,2.6,133350.0,
2019-12-30 07:00:00,2.7,2.7,2.62,2.66,19020.0,A@
2020-05-26 07:00:00,2.18,2.19,2.15,2.19,150380.0,A@
2020-07-03 07:00:00,2.3,2.37,2.3,2.35,16580.0,
2020-10-02 07:00:00,2.22,2.26,2.21,2.24,50810.0,???
2020-10-19 07:00:00,2.17,,2.16,,58230.0,123
2021-02-25 07:00:00,2.78,2.78,2.7,2.75,40200.0,
2021-07-27 07:00:00,7.6,7.7,7.6,7.63,197600.0,A@
2022-03-28 07:00:00,9.05,9.15,8.51,8.8,482200.0,A@
2022-08-25 07:00:00,4.72,4.77,4.7,4.72,93500.0,ZZZZZZ
2023-02-28 07:00:00,3.03,3.05,3.0,3.04,63300.0,???
2023-09-05 07:00:00,3.75,3.79,3.75,3.79,115100.0,???
2024-06-06 07:00:00,3.52,3.54,3.5,3.51,34200.0,
2024-06-26 07:00:00,3.45,3.51,3.45,3.5,22100.0,
2025-02-27 07:00:00,3.44,3.44,3.38,3.41,3500.0,
2025-10-13 07:00:00,3.05,3.05,3.01,3.05,29400.0,???
2016-03-16 07:00:00,3.5,3.6,3.5,3.5,152900.0,ZZZZZZ
2016-10-04 07:00:00,2.8,2.8,2.8,2.8,100.0,
2017-06-27 07:00:00,1.8,1.9,1.7,1.8,88500.0,A@
2018-12-11 07:00:00,,,,,100.0,123
2019-03-12 07:00:00,2.0,2.0,2.0,2.0,28750.0,ZZZZZZ
2019-09-04 07:00:00,1.7,1.8,1.7,1.8,20000.0,???
2020-02-05 07:00:00,1.2,1.2,1.2,1.2,700.0,A@
2020-04-22 07:00:00,1.2,1.3,1.2,1.3,6510.0,123
2020-06-09 07:00:00,2.2,2.2,1.9,2.2,429374.0,123
2020-06-16 07:00:00,1.8,1.9,1.8,1.9,208710.0,???
2021-01-05 07:00:00,2.0,2.2,2.0,2.2,109300.0,ZZZZZZ
2021-09-09 07:00:00,5.5,5.7,5.3,5.6,347600.0,???
2022-02-25 07:00:00,7.1,7.4,7.0,7.1,213720.0,
2022-07-14 07:00:00,3.3,3.4,3.2,3.4,33900.0,???
2024-01-05 07:00:00,2.0,2.0,1.9,2.0,59000.0,
2024-03-20 07:00:00,3.2,3.3,3.1,3.2,241952.0,???
2024-12-31 07:00:00,3.0,3.1,2.9,3.0,119102.0,???
2025-09-18 07:00:00,2.1,2.2,2.0,2.1,40600.0,???
2026-03-23 07:00:00,2.1,2.1,2.1,2.1,93600.0,A@
2017-06-09 07:00:00,3.51,3.51,3.51,3.51,100.0,???
2017-08-14 07:00:00,4.59,4.59,4.59,4.59,100.0,ZZZZZZ
2018-01-31 07:00:00,4.16,4.16,4.05,4.05,500.0,123
2018-03-05 07:00:00,4.13,4.56,4.13,4.56,800.0,ZZZZZZ
2022-10-13 07:00:00,6.61,6.61,6.61,6.61,100.0,ZZZZZZ
2024-04-02 07:00:00,12.61,12.61,12.17,12.17,200.0,???
2016-01-26 07:00:00,3.21,3.51,3.12,3.12,2200.0,123
2016-05-27 07:00:00,3.6,3.7,3.5,3.5,5000.0,???
2017-04-10 07:00:00,4.7,4.8,4.4,4.8,24800.0,A@
2017-12-05 07:00:00,4.6,4.6,4.6,4.6,100.0,???
2021-08-03 07:00:00,6.5,7.0,6.5,7.0,300.0,ZZZZZZ
2021-10-11 07:00:00,9.5,9.5,8.1,8.1,12019.0,
2023-06-23 07:00:00,3.8,,3.7,,5911.0,ZZZZZZ
2015-12-24 07:00:00,4.17,4.17,4.01,4.01,2200.0,A@
2016-07-14 07:00:00,10.8,10.99,10.71,10.86,13900.0,???
2016-09-15 07:00:00,8.59,8.86,8.4,8.85,34100.0,123
2017-02-16 07:00:00,8.57,8.86,8.57,8.81,24610.0,???
2018-06-04 07:00:00,21.2,21.2,20.76,21.15,26400.0,123
2018-07-04 07:00:00,17.55,17.79,16.81,17.55,28212.0,
2018-11-27 07:00:00,18.96,18.96,18.52,18.76,13700.0,
2020-05-11 07:00:00,40.23,41.29,40.23,40.99,45223.0,123
2020-12-23 07:00:00,46.74,48.3,45.18,45.18,258567.0,ZZZZZZ
2021-09-09 07:00:00,78.83,79.77,77.97,78.4,29320.0,123
2021-12-27 07:00:00,222.78,225.35,214.22,224.5,187092.0,???
2022-02-07 07:00:00,340.17,357.31,293.05,293.05,87292.0,???
2022-06-10 07:00:00,153.38,153.38,146.52,146.69,104985.0,A@
2022-10-12 07:00:00,40.7,46.32,40.01,44.35,346521.0,A@
2023-03-02 07:00:00,45.23,45.82,44.54,44.54,80824.0,123
2023-03-21 07:00:00,41.88,41.88,40.9,41.59,176485.0,123
2023-09-14 07:00:00,55.58,55.58,52.72,52.72,844558.0,A@
2023-12-11 07:00:00,47.11,47.3,45.63,45.82,467255.0,
2024-03-06 07:00:00,42.57,42.57,41.39,42.08,306811.0,
2024-10-16 07:00:00,28.1,28.3,28.1,28.1,26862.0,ZZZZZZ
2026-04-08 07:00:00,23.4,24.2,23.1,24.0,114600.0,???
2016-03-07 07:00:00,8.95,8.95,8.95,8.95,100.0,???
2016-03-09 07:00:00,8.52,9.04,8.52,9.04,1100.0,
2019-09-23 07:00:00,9.4,9.4,9.4,9.4,1200.0,123
2021-05-20 07:00:00,10.5,10.5,10.5,10.5,8.0,???
2021-12-03 07:00:00,10.0,10.1,9.5,10.0,7425.0,???
2022-01-18 07:00:00,-8.0,8.2,8.0,8.2,-212.0,ZZZZZZ
2023-08-10 07:00:00,4.8,4.9,4.8,4.9,200.0,???
2024-10-18 07:00:00,1.7,1.7,1.5,1.5,54900.0,123
2019-02-22 07:00:00,5.84,5.84,5.84,5.84,1000.0,???
2019-02-28 07:00:00,5.84,5.84,5.84,5.84,50.0,A@
2020-08-14 07:00:00,6.78,6.78,6.78,6.78,82.0,ZZZZZZ
2022-01-11 07:00:00,8.2,8.5,8.0,8.0,57640.0,???
2022-04-12 07:00:00,6.5,7.1,6.5,6.9,28300.0,123
2022-12-02 07:00:00,4.0,4.0,3.8,4.0,1600.0,123
2021-06-28 07:00:00,6.8,6.8,6.8,6.8,1000.0,A@
2022-03-25 07:00:00,7.0,7.1,7.0,7.0,1700.0,123
2023-01-03 07:00:00,7.5,7.5,7.5,7.5,100.0,123
2023-06-05 07:00:00,4.1,5.0,4.1,4.1,11200.0,???
2023-07-06 07:00:00,5.0,5.0,5.0,5.0,300.0,A@
2018-01-25 07:00:00,1.63,1.63,1.63,1.63,3900.0,???
2023-11-06 07:00:00,12.81,12.81,12.75,12.81,9600.0,
2024-08-29 07:00:00,19.39,19.39,19.08,19.08,6100.0,
2024-11-05 07:00:00,19.64,19.95,19.58,19.95,6600.0,A@
2024-12-23 07:00:00,21.01,21.39,21.01,21.27,42100.0,ZZZZZZ
2025-04-10 07:00:00,16.64,16.7,16.64,16.7,13601.0,A@
2016-04-01 07:00:00,3.0,3.2,3.0,3.19,3390.0,
2016-04-20 07:00:00,3.11,3.18,3.11,3.16,7560.0,ZZZZZZ
2016-05-20 07:00:00,3.53,3.74,3.52,3.7,50700.0,???
2016-08-24 07:00:00,5.42,5.45,5.36,5.45,6200.0,123
2017-03-02 07:00:00,5.05,5.05,4.95,4.99,5100.0,
2017-06-13 07:00:00,6.15,6.15,5.96,6.03,8040.0,
2019-03-01 07:00:00,5.05,5.05,5.05,5.05,20.0,123
2019-09-25 07:00:00,4.97,4.99,4.4,4.94,3030.0,A@
2019-11-07 07:00:00,5.0,5.2,4.68,4.68,3910.0,???
2019-12-03 07:00:00,4.92,4.92,4.92,4.92,20.0,123
2020-12-07 07:00:00,5.98,5.98,5.82,5.89,2950.0,123
2023-03-21 07:00:00,15.96,16.15,15.88,16.15,3100.0,ZZZZZZ
2023-06-01 07:00:00,17.49,17.77,17.49,17.73,600.0,A@
2023-07-06 07:00:00,19.76,19.76,19.48,19.48,19100.0,???
2025-05-15 07:00:00,25.66,26.07,25.66,26.02,22300.0,???
2025-06-05 07:00:00,26.07,26.74,26.07,26.38,30100.0,
2025-08-28 07:00:00,35.44,35.44,33.47,33.65,15000.0,???
2026-03-24 07:00:00,30.63,31.2,29.71,29.95,33000.0,A@
2026-03-26 07:00:00,30.24,30.24,29.67,30.19,23100.0,A@
2026-04-22 07:00:00,29.5,29.5,29.05,29.45,3700.0,A@
2017-11-10 07:00:00,25.21,25.62,25.21,208.06175274732172,281400.0,123
2019-03-13 07:00:00,21.22,23.42,21.22,21.31,3700.0,
2019-10-11 07:00:00,20.09,20.09,20.09,20.09,129.0,A@
2021-03-08 07:00:00,9.8,9.8,9.8,9.8,3500.0,???
2024-08-12 07:00:00,17.1,18.8,17.1,17.1,500.0,A@
2025-09-18 07:00:00,11.7,11.8,11.5,11.7,6200.0,A@
2022-09-09 07:00:00,6.69,5.71,6.69,5.71,3200.0,
2023-12-07 07:00:00,5.8,5.8,5.8,5.8,1800.0,
2023-12-29 07:00:00,6.6,6.6,6.6,6.6,100.0,???
2024-01-19 07:00:00,5.1,5.2,5.1,5.1,1700.0,123
2024-02-01 07:00:00,4.9,5.0,4.3,5.0,8200.0,A@
2015-11-26 07:00:00,7.65,7.72,7.65,7.7,5600.0,ZZZZZZ
2016-03-15 07:00:00,7.9,7.91,7.9,7.91,10100.0,A@
2016-10-10 07:00:00,12.12,12.29,12.12,12.21,23300.0,
2016-12-16 07:00:00,10.8,10.93,10.76,10.93,100900.0,
2017-01-09 07:00:00,11.46,11.63,11.29,11.38,9705.0,123
2017-09-22 07:00:00,11.05,11.2,11.05,11.2,1152.0,???
2018-04-03 07:00:00,10.03,10.08,9.99,10.03,11000.0,123
2020-06-01 07:00:00,-13.67,14.15,13.55,14.15,-23300.0,A@
2020-11-30 07:00:00,19.06,19.06,18.89,18.89,2000.0,ZZZZZZ
2021-01-12 07:00:00,30.14,30.14,27.85,29.51,3600.0,123
2021-10-12 07:00:00,37.83,38.06,37.61,37.61,11800.0,ZZZZZZ
2021-12-20 07:00:00,51.94,51.94,46.65,47.28,7401.0,123
2022-07-11 07:00:00,59.1,59.1,58.6,58.6,1200.0,ZZZZZZ
2022-12-23 07:00:00,48.07,51.9,45.52,49.62,254602.0,A@
2024-02-23 07:00:00,48.13,48.13,47.47,47.47,19903.0,A@
2024-05-03 07:00:00,45.84,47.19,45.45,46.7,47300.0,A@
2024-06-12 07:00:00,53.07,55.87,53.07,55.0,20302.0,A@
2020-02-14 07:00:00,0.8,0.8,0.8,0.8,300.0,
2018-10-23 07:00:00,10.28,10.69,10.1,41.78232127454332,42723080.0,???
2018-11-19 07:00:00,9.19,9.19,9.1,9.1,39610.0,
2019-05-27 07:00:00,11.69,11.92,11.69,11.92,167710.0,???
2019-10-17 07:00:00,13.55,13.55,13.3,13.4,75880.0,123
2020-02-12 07:00:00,2.5,2.67,2.49,2.58,1602580.0,123
2020-03-05 07:00:00,2.1,2.13,2.02,2.02,1417500.0,???
2020-10-02 07:00:00,0.7,0.9,0.7,0.9,1353048.0,ZZZZZZ
2021-11-04 07:00:00,7.2,7.3,6.8,6.8,1185854.0,???
2022-04-29 07:00:00,8.7,8.9,8.4,8.6,1127800.0,A@
2023-05-29 07:00:00,3.4,3.7,3.4,3.6,1864900.0,123
2024-11-29 07:00:00,1.0,1.1,0.9,1.0,115400.0,
2025-08-08 07:00:00,1.0,1.1,0.9,1.1,481300.0,A@
2022-08-09 07:00:00,7.7,7.7,7.5,7.5,1657.0,???
2023-05-31 07:00:00,6.7,7.3,6.6,6.8,16170.0,ZZZZZZ
2025-03-24 07:00:00,18.2,18.6,17.7,18.3,90964.0,ZZZZZZ
2025-10-31 07:00:00,34.0,34.2,33.0,34.0,32200.0,
2026-04-28 07:00:00,35.5,35.9,34.0,35.0,13200.0,A@
2016-01-25 07:00:00,4.0,4.0,4.0,4.0,2000.0,ZZZZZZ
2016-03-18 07:00:00,5.7,5.8,5.1,5.1,2800.0,A@
2016-12-22 07:00:00,4.6,4.6,4.6,4.6,500.0,A@
2019-05-20 07:00:00,2.0,2.2,2.0,2.2,1100.0,
2021-09-24 07:00:00,2.6,2.6,2.6,2.6,27700.0,123
2022-05-13 07:00:00,3.5,3.5,3.4,3.4,800.0,A@
2021-03-11 07:00:00,8.85,8.85,8.85,8.85,100.0,
2022-07-25 07:00:00,9.06,9.06,9.06,9.06,100.0,123
2024-09-11 07:00:00,31.96,31.96,31.96,260.08623492894986,4300.0,123
2025-05-30 07:00:00,29.64,35.27,28.59,35.17,6400.0,123
2025-06-06 07:00:00,30.31,30.31,30.31,30.31,2000.0,
2025-09-30 07:00:00,31.6,32.8,31.3,31.5,15000.0,A@
2025-11-11 07:00:00,34.5,34.5,31.0,31.0,3300.0,A@
2016-07-18 07:00:00,4.75,4.89,4.75,4.89,127200.0,???
2016-10-31 07:00:00,4.71,4.75,4.61,4.61,141500.0,123
2016-12-07 07:00:00,4.21,4.25,4.21,4.25,40729.0,ZZZZZZ
2017-03-27 07:00:00,4.16,4.25,4.16,4.21,81200.0,123
2017-05-03 07:00:00,4.21,4.21,4.16,4.16,55148.0,A@
2017-05-11 07:00:00,4.21,4.25,4.21,4.25,61600.0,???
2020-06-09 07:00:00,2.92,3.05,2.92,3.05,1300.0,
2021-11-08 07:00:00,5.21,5.66,5.15,5.28,1443464.0,???
2022-02-07 07:00:00,4.7,5.15,4.7,5.15,182405.0,
2022-06-06 07:00:00,6.74,7.37,6.55,7.18,491615.0,A@
2022-08-30 07:00:00,6.04,6.04,5.91,5.98,8600.0,123
2023-08-14 07:00:00,6.8,6.87,6.74,6.8,16019.0,???
2023-12-22 07:00:00,9.22,9.35,9.15,9.35,4994.0,
2024-08-20 07:00:00,15.36,16.56,15.36,16.56,3701.0,123
2024-10-02 07:00:00,14.89,14.89,14.89,14.89,50.0,???
2016-10-25 07:00:00,2.84,2.87,2.84,2.84,213730.0,A@
2017-07-17 07:00:00,4.34,4.42,4.24,4.25,2596150.0,???
2018-01-16 07:00:00,6.18,6.18,6.02,6.18,6076720.0,???
2018-09-21 07:00:00,5.96,6.05,5.92,6.03,8952940.0,123
2019-01-14 07:00:00,5.03,5.07,4.96,4.99,4754200.0,
2019-10-17 07:00:00,6.78,6.78,6.72,6.75,5315090.0,123
2019-12-10 07:00:00,6.23,6.24,6.14,6.14,4244930.0,123
2020-05-20 07:00:00,5.02,5.06,4.99,5.03,4064620.0,ZZZZZZ
2021-07-07 07:00:00,13.69,14.06,13.19,14.06,31637800.0,ZZZZZZ
2022-07-29 07:00:00,,11.61,,11.56,,A@
2024-07-16 07:00:00,15.05,15.61,15.02,15.35,24769400.0,123
2024-08-28 07:00:00,15.93,16.1,15.87,16.06,12094000.0,ZZZZZZ
2025-11-26 07:00:00,12.5,12.5,10.0,10.1,12900.0,ZZZZZZ
2026-01-09 07:00:00,9.0,9.0,8.6,9.0,13000.0,
2026-02-04 07:00:00,11.0,11.5,11.0,11.5,900.0,123
2017-09-12 07:00:00,10.57,10.57,10.57,10.57,205.0,123
2015-10-01 07:00:00,3.81,4.57,4.14,4.57,400.0,ZZZZZZ
2017-03-02 07:00:00,5.9,5.9,5.11,5.36,4200.0,123
2020-02-04 07:00:00,6.06,6.06,6.06,6.06,100.0,???
2020-10-08 07:00:00,5.43,5.62,5.43,5.62,3010.0,ZZZZZZ
2021-04-16 07:00:00,7.11,7.11,6.14,6.39,32151.0,
2024-04-02 07:00:00,7.64,7.81,7.64,7.72,11900.0,
2025-10-06 07:00:00,7.5,7.5,7.5,7.5,3500.0,???
2025-11-05 07:00:00,7.4,7.5,7.4,7.4,3100.0,ZZZZZZ
2025-11-21 07:00:00,7.4,7.5,7.4,7.4,7700.0,123
2016-03-18 07:00:00,3.6,3.7,3.5,3.5,98380.0,
2016-10-11 07:00:00,2.1,2.12,2.1,2.1,29110.0,ZZZZZZ
2016-11-16 07:00:00,2.18,2.18,2.14,2.16,17330.0,
2017-02-21 07:00:00,2.38,2.47,2.36,2.43,192750.0,A@
2017-05-23 07:00:00,3.71,3.71,3.71,3.71,75400.0,A@
2017-05-31 07:00:00,4.47,4.47,4.15,4.2,355160.0,123
2017-09-05 07:00:00,3.99,4.0,3.9,3.92,183260.0,ZZZZZZ
2018-08-20 07:00:00,3.65,3.65,3.4,3.55,3040.0,ZZZZZZ
2018-09-11 07:00:00,3.75,3.99,3.75,3.99,70.0,A@
2018-09-19 07:00:00,3.45,3.75,3.45,3.46,8700.0,A@
2020-02-24 07:00:00,2.0,2.08,1.83,1.83,6790.0,ZZZZZZ
2020-03-02 07:00:00,1.67,1.75,1.65,1.7,31480.0,ZZZZZZ
2021-03-26 07:00:00,3.1,3.15,3.0,15.276362861229854,1620600.0,???
2022-02-15 07:00:00,9.05,9.11,9.0,9.1,148500.0,???
2023-05-30 07:00:00,3.0,3.1,2.7,2.8,636212.0,
2023-07-13 07:00:00,3.0,3.1,3.0,3.1,34565.0,123
2024-12-11 07:00:00,1.8,1.8,1.7,1.8,86700.0,123
2025-03-18 07:00:00,2.0,2.1,2.0,2.1,113655.0,???
2025-07-16 07:00:00,3.1,3.1,2.9,3.0,609700.0,ZZZZZZ
2025-10-06 07:00:00,2.7,2.8,2.7,2.8,40900.0,123
2026-02-11 07:00:00,2.5,2.5,2.3,2.5,21000.0,ZZZZZZ
2026-04-03 07:00:00,2.3,2.3,2.2,2.3,3800.0,ZZZZZZ
2021-07-07 07:00:00,37.68,37.68,36.67,36.91,63110.0,123
2022-09-19 07:00:00,35.03,35.03,33.49,34.06,78425.0,123
2022-12-07 07:00:00,31.64,31.64,31.14,31.22,7103.0,???
2023-04-25 07:00:00,30.97,31.31,30.89,30.89,9600.0,???
2023-11-16 07:00:00,32.66,32.75,32.58,32.75,7398.0,ZZZZZZ
2023-12-11 07:00:00,32.55,32.99,32.55,32.73,25951.0,ZZZZZZ
2024-02-16 07:00:00,37.14,38.02,37.05,37.67,75995.0,
2016-02-24 07:00:00,2.56,2.56,2.56,2.56,100.0,A@
2016-08-23 07:00:00,1.71,1.8,1.71,1.8,2200.0,???
2017-04-11 07:00:00,1.8,1.9,1.8,1.9,2100.0,???
2017-08-02 07:00:00,1.9,1.9,1.9,1.9,24600.0,A@
2017-09-14 07:00:00,1.9,1.9,1.8,1.9,19400.0,A@
2017-10-05 07:00:00,1.9,1.9,1.8,1.9,400.0,
2018-06-28 07:00:00,1.33,1.42,1.33,1.42,4000.0,123
2019-04-24 07:00:00,1.62,1.62,1.62,1.62,50.0,???
2019-07-02 07:00:00,1.62,1.62,1.62,1.62,14900.0,A@
2019-07-10 07:00:00,2.09,2.09,2.09,2.09,5900.0,???
2019-09-20 07:00:00,2.0,2.0,2.0,2.0,1800.0,ZZZZZZ
2020-12-29 07:00:00,2.2,2.2,2.1,2.1,200.0,???
2021-02-17 07:00:00,2.4,2.5,2.4,2.5,20300.0,123
2021-06-07 07:00:00,3.8,3.9,3.6,3.8,20900.0,123
2021-11-05 07:00:00,7.6,,7.2,7.5,24402.0,ZZZZZZ
2022-06-08 07:00:00,4.7,5.0,4.6,4.9,1800.0,
2022-06-30 07:00:00,3.8,4.1,3.6,4.1,11200.0,123
2023-06-05 07:00:00,4.6,4.6,4.6,4.6,32450.0,ZZZZZZ
2024-01-04 07:00:00,8.6,8.7,8.1,8.4,109112.0,123
2017-10-03 07:00:00,13.09,13.09,13.09,13.09,300.0,
2021-12-13 07:00:00,17.28,17.64,16.83,17.37,9000.0,A@
2023-07-28 07:00:00,6.5,6.7,6.4,6.5,801.0,ZZZZZZ
2023-08-22 07:00:00,6.6,6.6,6.6,6.6,200.0,A@
2019-04-04 07:00:00,20.92,20.92,20.68,20.72,18400.0,???
2019-06-05 07:00:00,20.2,20.2,19.23,19.81,2500.0,123
2019-08-02 07:00:00,22.84,24.04,22.74,23.23,22800.0,
2019-12-03 07:00:00,18.22,18.51,18.22,18.22,3833.0,A@
2020-04-09 07:00:00,17.29,17.78,16.96,16.96,5400.0,???
2021-03-05 07:00:00,38.85,40.7,38.85,40.7,400.0,ZZZZZZ
2021-04-09 07:00:00,35.65,41.94,35.65,40.09,400.0,
2021-06-23 07:00:00,38.79,38.79,35.89,36.08,2300.0,???
2021-08-30 07:00:00,36.39,36.39,36.39,36.39,2000.0,A@
2023-10-31 07:00:00,31.29,31.29,30.48,30.48,2200.0,???
2023-12-21 07:00:00,30.84,31.93,29.39,30.84,8400.0,A@
2025-06-10 07:00:00,27.26,27.26,27.07,27.17,3700.0,ZZZZZZ
2025-10-16 07:00:00,26.6,27.5,26.6,27.5,700.0,123
2015-10-29 07:00:00,5.93,5.93,5.93,5.93,100.0,ZZZZZZ
2020-04-22 07:00:00,3.16,3.55,3.55,3.55,100.0,A@
2021-05-07 07:00:00,4.97,4.97,4.97,4.97,100.0,ZZZZZZ
2022-09-08 07:00:00,8.39,8.39,7.22,7.22,6600.0,
2025-08-04 07:00:00,19.5,20.7,19.0,20.7,61900.0,123
2025-11-10 07:00:00,-13.6,13.9,13.5,13.7,-1400.0,A@
2026-01-28 07:00:00,12.3,12.7,12.0,12.6,4000.0,???
2017-07-19 07:00:00,5.07,5.11,5.07,5.11,10476.0,
2018-10-31 07:00:00,5.61,5.66,5.61,5.61,72100.0,
2019-06-21 07:00:00,6.9,6.95,6.85,6.85,14000.0,123
2020-06-18 07:00:00,5.83,5.89,5.77,54.591495631380496,790400.0,
2020-10-09 07:00:00,6.07,6.13,6.07,6.07,39700.0,123
2020-12-25 07:00:00,9.37,9.61,9.37,9.61,440605.0,ZZZZZZ
2021-04-08 07:00:00,10.33,10.45,10.33,10.42,198000.0,
2021-06-25 07:00:00,12.19,12.43,12.13,12.34,698400.0,A@
2022-03-25 07:00:00,17.55,17.95,17.26,17.55,750900.0,???
2022-08-16 07:00:00,18.3,18.45,18.3,18.34,1246500.0,
2023-07-13 07:00:00,14.67,14.75,14.59,14.63,572100.0,A@
2023-08-04 07:00:00,15.29,15.41,15.14,15.22,160100.0,ZZZZZZ
2023-08-11 07:00:00,15.33,15.33,14.87,15.06,154300.0,123
2024-09-13 07:00:00,14.78,14.78,14.52,14.56,195100.0,ZZZZZZ
2024-11-12 07:00:00,14.99,15.08,14.82,52.81026793539204,11504600.0,
2023-05-25 07:00:00,10.02,10.02,10.02,10.02,200.0,
2020-07-30 07:00:00,39.7,41.11,39.7,40.55,16460.0,A@
2021-01-27 07:00:00,48.2,48.2,47.26,47.26,69470.0,ZZZZZZ
2021-05-10 07:00:00,52.45,53.97,51.98,53.49,56751.0,A@
2021-05-13 07:00:00,54.25,58.6,53.21,57.65,145010.0,ZZZZZZ
2021-08-30 07:00:00,72.68,73.72,72.68,73.34,46010.0,A@
2022-01-11 07:00:00,72.0,72.0,70.0,70.0,17700.0,123
2023-07-25 07:00:00,30.8,30.8,30.0,30.8,9100.0,ZZZZZZ
2025-05-28 07:00:00,28.6,29.6,28.5,28.8,67100.0,
2025-09-19 07:00:00,38.6,38.6,38.2,38.6,56900.0,123
2018-03-26 07:00:00,14.01,14.01,14.01,14.01,200.0,A@
2018-10-17 07:00:00,16.23,16.49,15.28,15.35,966790.0,
2019-06-21 07:00:00,11.81,12.1,11.81,11.92,151002.0,123
2019-09-20 07:00:00,9.79,9.83,9.57,9.61,43310.0,ZZZZZZ
2019-09-30 07:00:00,9.46,9.54,9.21,9.36,126440.0,ZZZZZZ
2019-11-28 07:00:00,6.79,7.59,6.79,7.04,170980.0,ZZZZZZ
2021-01-27 07:00:00,12.26,12.47,11.68,11.84,100300.0,
2022-08-18 07:00:00,18.18,18.88,18.14,18.71,56460.0,???
2022-12-09 07:00:00,16.82,17.46,16.45,16.55,67001.0,
2024-01-26 07:00:00,16.0,16.38,16.0,16.19,50969.0,A@
2024-05-22 07:00:00,16.09,16.38,16.09,16.38,185701.0,???
2024-11-28 07:00:00,14.31,14.4,14.21,14.31,31500.0,ZZZZZZ
2025-06-04 07:00:00,10.67,10.57,10.77,10.67,257700.0,A@
2016-01-25 07:00:00,11.13,11.28,10.38,10.6,556000.0,
2017-01-19 07:00:00,4.92,5.09,4.67,5.09,101600.0,A@
2017-03-24 07:00:00,4.55,4.91,4.55,4.91,266550.0,ZZZZZZ
2017-04-04 07:00:00,4.82,4.82,4.46,4.82,222800.0,ZZZZZZ
2017-07-24 07:00:00,3.84,3.84,3.66,3.84,478340.0,ZZZZZZ
2017-11-17 07:00:00,2.95,2.95,2.86,2.95,75200.0,???
2019-02-14 07:00:00,3.3,3.75,3.3,3.66,1962000.0,A@
2019-05-28 07:00:00,2.68,2.86,2.68,9.823720107188253,30204432.0,A@
2020-03-25 07:00:00,1.0,1.1,1.0,1.1,33901.0,???
2020-07-22 07:00:00,1.4,1.4,1.4,1.4,18400.0,???
2023-02-24 07:00:00,0.8,0.9,0.7,0.8,52800.0,
2023-07-14 07:00:00,0.8,0.8,0.6,0.8,534112.0,123
2024-02-02 07:00:00,0.5,0.6,0.5,0.6,152500.0,A@
2018-07-13 07:00:00,8.31,8.31,8.31,8.31,20100.0,
2023-06-13 07:00:00,8.41,8.41,8.25,8.38,6454200.0,A@
2024-04-24 07:00:00,8.76,8.86,8.73,8.8,5129000.0,
2024-08-06 07:00:00,8.73,8.96,8.73,8.96,4400800.0,???
2024-11-08 07:00:00,10.0,10.04,9.83,10.0,6527800.0,
2025-06-24 07:00:00,10.12,10.12,10.0,10.0,6453600.0,???
2025-07-31 07:00:00,11.67,11.67,11.17,11.5,22146700.0,
2025-10-02 07:00:00,,13.6,13.3,,11279700.0,ZZZZZZ
2025-11-26 07:00:00,12.1,12.2,12.05,12.2,2634700.0,ZZZZZZ
2015-11-10 07:00:00,38.19,38.19,37.42,37.94,457570.0,ZZZZZZ
2017-05-03 07:00:00,36.01,36.05,35.65,35.89,994200.0,123
2018-01-04 07:00:00,66.35,67.57,66.03,66.84,749910.0,123
2018-10-09 07:00:00,72.75,72.91,71.29,71.29,669990.0,A@
2019-12-25 07:00:00,44.4,45.53,44.15,45.13,1310750.0,123
2020-07-28 07:00:00,40.51,41.32,40.1,40.91,1318770.0,A@
2021-02-05 07:00:00,73.38,73.79,73.05,73.46,1209500.0,123
2022-04-21 07:00:00,121.11,124.09,121.11,122.1,1507800.0,???
2022-12-16 07:00:00,98.0,98.0,93.5,93.5,2672500.0,???
2023-04-21 07:00:00,78.0,78.1,76.2,76.4,1126600.0,ZZZZZZ
2023-08-03 07:00:00,85.5,86.6,85.2,86.1,1880500.0,ZZZZZZ
2024-04-25 07:00:00,67.2,68.5,66.2,68.1,6074900.0,
2024-08-21 07:00:00,77.6,78.5,77.1,77.5,4523300.0,123
2024-11-15 07:00:00,71.1,71.7,70.6,70.6,5685500.0,ZZZZZZ
2024-12-31 07:00:00,70.2,70.8,70.0,70.0,2800400.0,123
2025-04-29 07:00:00,61.8,62.5,61.8,62.5,3854100.0,
2025-05-21 07:00:00,63.1,64.3,63.1,63.6,8645400.0,ZZZZZZ
2026-02-05 07:00:00,82.8,82.9,79.4,79.4,10434400.0,A@
2022-09-06 07:00:00,9.13,9.13,8.75,8.75,3900.0,A@
2023-04-18 07:00:00,7.53,7.53,7.53,7.53,300.0,A@
2025-09-29 07:00:00,11.14,11.7,11.14,11.7,2000.0,A@
2020-10-22 07:00:00,5.49,5.64,5.42,5.53,118158.0,A@
2021-01-20 07:00:00,5.49,5.49,5.03,5.39,126395.0,123
2021-09-24 07:00:00,7.37,7.62,7.37,7.48,432895.0,123
2022-02-16 07:00:00,8.03,8.11,7.99,8.07,213361.0,???
2023-05-22 07:00:00,6.06,6.21,6.0,6.0,517941.0,???
2024-08-29 07:00:00,13.19,13.27,12.95,12.99,1057100.0,
2025-07-14 07:00:00,14.9,14.95,14.55,14.8,1502900.0,
2025-10-22 07:00:00,14.4,14.5,14.05,14.2,1740000.0,
2016-06-29 07:00:00,16.66,16.9,16.66,16.78,140920.0,???
2017-03-16 07:00:00,18.83,18.96,18.74,18.89,107800.0,
2017-04-10 07:00:00,18.68,18.83,18.68,18.77,122620.0,
2018-01-19 07:00:00,12.53,12.6,12.35,12.35,62400.0,123
2018-10-09 07:00:00,8.11,8.11,7.78,7.91,57850.0,ZZZZZZ
2019-10-24 07:00:00,18.08,18.41,18.0,18.16,101410.0,ZZZZZZ
2020-09-03 07:00:00,18.66,18.66,18.0,18.41,67460.0,123
2021-07-09 07:00:00,23.36,23.36,21.83,23.2,757600.0,???
2022-09-14 07:00:00,10.48,10.61,10.4,10.57,147300.0,???
2022-09-27 07:00:00,9.7,9.86,9.7,9.7,65100.0,
2022-10-27 07:00:00,7.54,8.21,7.37,7.96,90200.0,A@
2023-09-25 07:00:00,13.54,13.54,12.96,13.21,121700.0,???
2024-04-15 07:00:00,13.99,14.32,13.37,13.37,168300.0,???
2024-11-28 07:00:00,18.35,18.4,18.17,18.31,210900.0,A@
2025-05-19 07:00:00,20.21,20.26,19.99,20.17,350800.0,A@
2016-06-21 07:00:00,2.46,2.55,2.46,2.55,88100.0,ZZZZZZ
2018-04-13 07:00:00,2.94,2.94,2.9,2.9,1100.0,???
2018-07-19 07:00:00,3.09,3.13,3.09,3.13,400.0,A@
2019-07-30 07:00:00,2.69,2.74,2.59,2.69,57800.0,A@
2020-06-26 07:00:00,2.81,2.87,2.76,2.87,4000.0,A@
2020-10-21 07:00:00,2.63,2.69,2.51,2.69,36950.0,123
2020-11-09 07:00:00,2.45,2.57,2.45,2.51,10800.0,123
2021-04-09 07:00:00,4.71,4.96,4.71,4.96,385641.0,
2023-02-15 07:00:00,16.38,16.54,16.13,16.21,717451.0,A@
2023-02-23 07:00:00,15.31,15.31,14.82,14.9,330883.0,123
2023-08-01 07:00:00,10.56,10.64,10.48,10.48,258133.0,A@
2025-06-04 07:00:00,13.65,13.84,13.38,13.84,522700.0,A@
2026-01-20 07:00:00,8.0,7.9,8.1,8.0,125400.0,
2017-08-22 07:00:00,23.9,25.26,23.9,25.26,2300.0,123
2017-12-29 07:00:00,25.1,25.1,25.1,25.1,5100.0,123
2019-02-12 07:00:00,-24.75,24.75,24.75,24.75,-1700.0,123
2020-01-07 07:00:00,29.9,29.9,29.9,31.57,412.0,
2020-02-03 07:00:00,26.93,31.76,26.93,31.67,5400.0,
2020-06-09 07:00:00,28.79,29.25,28.79,29.25,1200.0,A@
2023-11-14 07:00:00,26.7,26.7,26.7,26.7,45.0,ZZZZZZ
2024-03-06 07:00:00,23.5,24.1,23.5,24.1,1983.0,???
2024-05-28 07:00:00,24.4,24.4,24.4,24.4,100.0,???
2025-02-21 07:00:00,34.8,34.9,34.0,34.0,584.0,???
2025-09-17 07:00:00,35.5,35.8,35.1,35.1,800.0,ZZZZZZ
2026-01-19 07:00:00,38.1,38.1,37.0,37.2,2200.0,
2017-01-11 07:00:00,7.86,7.86,7.86,7.86,2000.0,
2017-01-18 07:00:00,7.86,7.86,7.86,7.86,2000.0,A@
2019-09-06 07:00:00,13.76,14.01,13.69,13.69,66300.0,A@
2021-09-21 07:00:00,21.4,21.4,21.03,21.03,10600.0,???
2022-03-23 07:00:00,23.32,23.47,23.32,23.47,2100.0,???
2024-01-30 07:00:00,28.23,28.32,27.88,27.88,23400.0,ZZZZZZ
2021-10-22 07:00:00,-103.41,103.41,103.41,103.41,-1005.0,123
2023-01-06 07:00:00,122.36,122.36,122.36,122.36,100.0,123
2024-05-23 07:00:00,151.4,151.4,151.4,151.4,800.0,123
2025-12-10 07:00:00,145.0,145.0,145.0,145.0,600.0,ZZZZZZ
2018-07-31 07:00:00,19.09,19.09,19.09,19.09,4.0,
2024-12-31 07:00:00,22.92,22.92,22.92,22.92,2000.0,ZZZZZZ
2019-04-03 07:00:00,6.51,6.51,6.51,6.51,100.0,123
2019-10-18 07:00:00,6.97,6.97,6.97,6.97,100.0,ZZZZZZ
2022-02-25 07:00:00,22.0,22.09,21.66,21.66,54010.0,???
2022-09-19 07:00:00,16.2,16.2,15.3,15.6,23500.0,???
2023-05-18 07:00:00,7.2,7.2,7.2,7.2,100.0,ZZZZZZ
2024-03-14 07:00:00,6.7,6.7,6.6,6.6,10950.0,123
2025-04-02 07:00:00,5.0,5.0,4.9,4.9,1300.0,ZZZZZZ
2025-10-17 07:00:00,4.9,4.9,4.9,4.9,600.0,
2025-12-30 07:00:00,5.3,5.6,5.3,5.5,16000.0,???
2026-03-10 07:00:00,4.3,5.1,4.3,4.8,8900.0,
2015-12-18 07:00:00,4.1,3.87,3.75,3.83,176400.0,
2016-06-07 07:00:00,3.97,3.83,3.71,3.83,45400.0,???
2017-03-23 07:00:00,5.08,5.08,5.08,5.08,100.0,123
2017-05-17 07:00:00,5.12,5.12,5.12,5.12,2000.0,ZZZZZZ
2017-10-24 07:00:00,6.3,6.3,6.0,6.05,20150.0,A@
2017-12-28 07:00:00,6.4,6.4,6.0,6.3,13200.0,123
2019-07-23 07:00:00,8.31,8.5,8.31,8.5,3200.0,???
2020-05-08 07:00:00,-7.06,7.13,7.06,7.13,-2000.0,123
2020-11-24 07:00:00,6.35,6.35,6.35,6.35,300.0,ZZZZZZ
2021-04-05 07:00:00,6.85,6.85,6.71,6.85,37204.0,A@
2021-06-22 07:00:00,6.6,6.68,6.52,6.52,29778.0,
2021-06-25 07:00:00,6.44,6.6,6.44,6.52,12500.0,A@
2021-07-30 07:00:00,5.97,6.21,5.97,6.21,13200.0,ZZZZZZ
2021-08-23 07:00:00,6.37,6.44,6.29,6.44,3800.0,
2022-02-10 07:00:00,7.62,,,,32800.0,A@
2022-03-11 07:00:00,7.7,7.78,7.47,7.7,44540.0,A@
2022-06-30 07:00:00,5.82,5.82,5.74,5.82,8600.0,A@
2022-08-29 07:00:00,5.79,5.79,5.63,5.79,30200.0,A@
2022-09-27 07:00:00,5.38,5.54,5.38,5.46,3800.0,123
2023-02-27 07:00:00,5.46,5.46,5.38,5.38,10000.0,A@
2023-08-17 07:00:00,6.37,6.54,6.37,6.37,23700.0,???
2023-11-06 07:00:00,5.97,5.97,5.97,5.97,6406.0,A@
2024-05-31 07:00:00,5.59,5.59,5.5,5.59,8100.0,???
2025-06-16 07:00:00,5.2,5.2,5.2,5.2,1000.0,123
2018-07-13 07:00:00,4.01,4.01,4.01,4.01,100.0,ZZZZZZ
2021-10-08 07:00:00,,9.19,,9.19,,A@
2024-11-11 07:00:00,15.94,15.94,15.94,15.94,100.0,A@
2015-12-22 07:00:00,1.84,1.84,1.79,1.81,156800.0,???
2016-01-04 07:00:00,1.86,2.01,1.79,2.01,2646100.0,123
2016-06-01 07:00:00,2.81,2.83,2.79,2.79,35200.0,A@
2016-08-01 07:00:00,3.27,3.38,3.25,3.25,18300.0,123
2016-10-10 07:00:00,3.07,3.07,2.91,3.05,13500.0,ZZZZZZ
2017-01-10 07:00:00,2.84,2.96,2.81,2.84,13600.0,ZZZZZZ
2017-11-30 07:00:00,3.14,3.17,3.12,3.17,44600.0,
2019-02-26 07:00:00,2.33,2.33,2.33,2.33,1100.0,123
2019-05-31 07:00:00,2.39,2.48,2.29,2.48,10400.0,
2019-09-23 07:00:00,2.45,2.45,2.39,2.39,2143.0,ZZZZZZ
2020-05-29 07:00:00,4.02,4.13,3.88,4.06,7300.0,???
2020-12-03 07:00:00,7.31,7.51,7.21,7.46,73446.0,123
2020-12-28 07:00:00,10.55,10.84,10.55,10.55,85928.0,A@
2022-04-22 07:00:00,33.06,36.3,33.06,33.06,186000.0,
2022-12-26 07:00:00,9.15,9.15,8.52,8.52,206300.0,A@
2023-04-19 07:00:00,10.77,10.77,10.1,10.1,195800.0,
2023-10-24 07:00:00,12.47,12.55,12.15,12.35,196300.0,???
2024-08-12 07:00:00,18.15,18.78,17.83,18.46,693300.0,ZZZZZZ
2024-12-26 07:00:00,22.49,23.12,22.25,22.77,953900.0,
2025-09-24 07:00:00,20.08,20.51,19.73,20.38,537800.0,???
2025-12-26 07:00:00,16.6,16.7,16.1,16.4,169700.0,???
2017-12-26 07:00:00,10.45,10.83,10.45,10.82,24300.0,123
2018-06-08 07:00:00,12.96,12.96,12.96,12.96,100.0,???
2018-09-07 07:00:00,11.54,11.54,11.06,11.54,500.0,ZZZZZZ
2020-09-04 07:00:00,42.79,42.79,41.2,41.2,172680.0,A@
2020-12-02 07:00:00,34.7,35.12,34.35,34.88,155400.0,123
2021-05-17 07:00:00,43.85,44.7,43.85,44.42,365000.0,ZZZZZZ
2021-06-24 07:00:00,40.79,40.79,40.5,229.77048246080943,11374200.0,123
2021-08-20 07:00:00,28.26,29.19,27.62,28.12,589100.0,ZZZZZZ
2021-09-15 07:00:00,26.66,26.87,25.7,26.34,349000.0,A@
2021-09-20 07:00:00,26.2,26.69,25.91,26.48,393000.0,ZZZZZZ
2022-10-14 07:00:00,11.02,11.38,10.92,11.29,227100.0,???
2022-11-21 07:00:00,11.61,12.2,11.61,12.02,263000.0,A@
2022-12-05 07:00:00,13.29,13.38,13.02,13.25,269800.0,???
2023-10-26 07:00:00,17.83,18.02,17.03,17.41,741200.0,
2024-02-22 07:00:00,17.88,18.3,17.88,18.16,952400.0,ZZZZZZ
2024-03-15 07:00:00,18.11,18.49,17.55,17.92,1916600.0,???
2025-03-07 07:00:00,12.73,12.73,12.58,12.58,63200.0,123
2025-03-19 07:00:00,13.4,13.5,13.21,13.3,208700.0,123
2025-04-09 07:00:00,9.69,10.08,9.69,9.69,562500.0,ZZZZZZ
2018-11-12 07:00:00,9.7,9.7,9.7,9.7,2400.0,123
2018-12-14 07:00:00,9.81,9.81,9.81,9.81,1500.0,A@
2019-02-11 07:00:00,10.13,10.24,10.13,10.24,800.0,A@
2019-07-11 07:00:00,16.57,16.8,16.57,16.57,1000.0,
2019-09-23 07:00:00,20.55,20.55,20.35,20.35,900.0,A@
2019-10-09 07:00:00,20.67,20.67,20.67,20.67,5100.0,123
2019-11-06 07:00:00,20.97,20.97,18.74,18.74,200.0,A@
2020-09-16 07:00:00,13.35,14.0,13.35,13.65,6000.0,A@
2020-12-08 07:00:00,18.19,18.39,18.19,18.24,11200.0,A@
2021-04-23 07:00:00,19.4,19.4,18.71,153.39622255865197,79200.0,
2021-07-08 07:00:00,18.66,18.66,18.55,18.55,8000.0,???
2021-09-13 07:00:00,17.13,17.5,17.13,77.30621612217135,15600.0,???
2022-01-20 07:00:00,20.76,21.39,20.25,20.88,6400.0,A@
2022-06-13 07:00:00,16.77,16.77,16.14,16.14,6100.0,???
2022-11-28 07:00:00,11.02,11.68,10.98,11.68,600.0,A@
2024-10-03 07:00:00,11.15,11.29,11.02,11.29,4400.0,ZZZZZZ
2024-11-13 07:00:00,11.0,11.1,11.0,11.1,12400.0,
2025-01-03 07:00:00,10.6,10.8,10.3,10.8,18100.0,123
2025-03-18 07:00:00,11.0,11.2,11.0,11.2,1300.0,ZZZZZZ
2025-05-21 07:00:00,10.65,11.2,10.65,11.2,200.0,
2026-04-09 07:00:00,12.0,12.0,12.0,12.0,600.0,???
2026-04-23 07:00:00,14.3,15.25,14.3,15.25,31200.0,ZZZZZZ
2024-05-06 07:00:00,13.54,14.05,13.54,14.05,200.0,A@
2016-02-26 07:00:00,10.04,10.21,10.04,10.21,166760.0,
2016-03-10 07:00:00,10.35,10.39,10.26,10.35,81690.0,123
2016-04-06 07:00:00,9.81,10.03,9.81,9.95,143390.0,
2018-01-30 07:00:00,16.36,17.99,16.36,17.56,810260.0,A@
2018-07-18 07:00:00,18.21,18.52,17.97,18.52,305970.0,ZZZZZZ
2020-05-21 07:00:00,15.74,16.18,15.74,16.01,1189550.0,A@
2020-07-20 07:00:00,17.53,17.53,17.25,17.42,498990.0,A@
2021-08-10 07:00:00,34.68,34.68,34.29,34.53,2208400.0,ZZZZZZ
2022-01-17 07:00:00,49.53,49.79,45.7,45.7,6390400.0,A@
2025-01-17 07:00:00,30.04,30.04,29.4,29.95,1240200.0,
2025-08-04 07:00:00,36.9,38.27,36.9,38.27,2265400.0,123
2016-05-20 07:00:00,6.61,6.61,6.61,6.61,4900.0,???
2017-09-19 07:00:00,7.92,7.92,7.92,7.92,1200.0,A@
2021-07-13 07:00:00,18.16,18.52,18.16,18.52,400.0,ZZZZZZ
2023-10-16 07:00:00,32.01,35.54,32.01,35.54,300.0,123
2024-05-30 07:00:00,39.76,48.85,39.76,46.33,1300.0,
2024-07-01 07:00:00,47.89,49.99,47.89,49.99,400.0,ZZZZZZ
2024-10-29 07:00:00,50.89,50.89,50.89,50.89,300.0,
2025-01-14 07:00:00,52.71,52.71,51.8,51.8,600.0,ZZZZZZ
2025-04-10 07:00:00,54.07,54.07,54.07,56.35,1.0,
2025-12-29 07:00:00,61.0,61.0,60.0,60.0,400.0,A@
2016-11-15 07:00:00,52.54,53.12,52.54,53.12,220.0,
2017-02-22 07:00:00,56.34,56.34,55.75,56.34,180.0,ZZZZZZ
2017-08-03 07:00:00,68.14,70.42,68.08,70.37,2380.0,A@
2017-09-08 07:00:00,70.93,70.93,70.4,70.93,250.0,ZZZZZZ
2018-06-29 07:00:00,66.22,66.22,66.22,66.22,520.0,123
2018-09-14 07:00:00,66.88,67.77,66.88,67.77,3610.0,???
2019-04-16 07:00:00,68.39,70.83,63.51,68.25,610.0,ZZZZZZ
2019-09-13 07:00:00,58.83,58.83,57.5,57.5,680.0,A@
2020-08-06 07:00:00,42.62,44.76,42.27,44.76,1760.0,123
2020-08-10 07:00:00,44.04,44.76,43.55,44.76,1510.0,???
2021-05-14 07:00:00,55.36,55.44,54.69,55.29,4455.0,ZZZZZZ
2021-07-13 07:00:00,57.4,63.45,57.4,59.93,11100.0,A@
2021-12-28 07:00:00,63.52,63.52,61.99,62.68,5600.0,123
2022-11-14 07:00:00,57.86,57.86,56.38,57.36,1500.0,A@
2023-10-27 07:00:00,60.79,61.49,60.7,60.7,800.0,???
2024-04-22 07:00:00,68.44,69.16,68.44,69.16,200.0,A@
2024-08-23 07:00:00,74.86,74.86,74.86,74.86,800.0,123
2024-12-02 07:00:00,72.91,72.91,72.91,72.91,2700.0,
2025-08-20 07:00:00,77.75,77.85,77.66,77.66,2200.0,123
2026-01-29 07:00:00,75.5,75.9,75.5,75.7,300.0,ZZZZZZ
2026-04-06 07:00:00,74.6,74.6,74.6,74.6,100.0,123
2016-11-30 07:00:00,11.09,11.09,11.09,11.09,100.0,ZZZZZZ
2019-10-09 07:00:00,16.97,16.97,16.97,16.97,4000.0,ZZZZZZ
2020-05-12 07:00:00,16.99,16.99,16.99,16.99,900.0,ZZZZZZ
2023-02-13 07:00:00,38.06,38.06,38.06,38.06,101.0,
2025-09-22 07:00:00,54.54,54.54,53.11,53.11,800.0,
2018-03-05 07:00:00,4.88,4.88,4.88,4.88,200.0,A@
2018-08-16 07:00:00,4.38,4.38,4.38,4.38,500.0,
2020-01-06 07:00:00,5.23,5.23,5.23,5.23,400.0,ZZZZZZ
2020-02-06 07:00:00,5.6,5.6,5.6,5.6,100.0,???
2020-04-24 07:00:00,5.17,5.17,5.17,5.17,100.0,
2022-05-17 07:00:00,7.99,7.99,7.85,7.85,3900.0,
2024-01-25 07:00:00,6.84,6.84,6.84,6.84,100.0,
2017-05-03 07:00:00,30.17,30.3,29.91,29.91,633660.0,ZZZZZZ
2017-08-03 07:00:00,28.67,28.67,28.55,28.67,1550450.0,
2018-10-23 07:00:00,39.53,39.53,38.64,39.48,454190.0,A@
2019-03-07 07:00:00,31.74,32.24,31.74,31.96,472630.0,
2019-05-31 07:00:00,33.69,33.85,33.46,33.52,854450.0,123
2019-06-14 07:00:00,32.85,33.13,32.85,33.07,553300.0,???
2021-10-26 07:00:00,79.43,79.96,78.36,78.89,2546300.0,???
2022-07-21 07:00:00,74.4,74.7,73.4,74.2,1867700.0,ZZZZZZ
2022-07-29 07:00:00,74.0,74.5,73.5,74.5,3009000.0,???
2023-09-19 07:00:00,18.25,18.45,17.05,17.3,54722800.0,
2023-10-06 07:00:00,13.8,14.0,13.5,13.9,16415000.0,???
2024-07-08 07:00:00,13.55,13.55,13.2,13.25,5360000.0,123
2024-08-23 07:00:00,12.65,13.35,12.55,13.2,28515500.0,A@
2024-09-16 07:00:00,11.55,11.65,11.2,11.2,10833800.0,
2025-12-03 07:00:00,15.1,15.15,14.8,15.0,6326400.0,A@
2018-03-20 07:00:00,20.8,20.8,20.43,20.43,798886.0,A@
2018-04-24 07:00:00,14.85,15.13,14.39,15.04,741640.0,???
2018-09-21 07:00:00,15.23,15.5,14.85,15.23,2264836.0,ZZZZZZ
2019-04-10 07:00:00,12.9,13.0,12.53,12.63,195450.0,A@
2019-07-03 07:00:00,10.77,10.77,10.49,10.58,357290.0,A@
2019-08-29 07:00:00,10.58,10.68,10.49,10.68,67561.0,???
2019-10-24 07:00:00,9.93,9.93,9.75,9.84,63354.0,
2022-08-10 07:00:00,12.65,12.75,12.37,12.75,1236647.0,???
2022-12-30 07:00:00,7.33,7.52,7.33,7.52,336400.0,???
2023-06-13 07:00:00,9.8,9.8,9.99,9.89,783989.0,123
2024-08-14 07:00:00,14.44,14.63,14.24,14.34,3154467.0,123
2025-07-08 07:00:00,11.02,11.22,10.92,11.12,1077500.0,123
2025-08-20 07:00:00,12.7,12.79,12.2,12.3,2606700.0,123
2016-04-07 07:00:00,4.66,4.64,4.64,4.64,600.0,???
2016-06-16 07:00:00,4.47,4.64,4.47,4.64,200.0,A@
2016-12-27 07:00:00,4.12,4.12,4.12,4.12,243.0,A@
2018-10-04 07:00:00,3.05,3.05,3.05,3.05,200.0,???
2020-09-28 07:00:00,3.5,3.5,3.5,3.5,1015.0,A@
2021-02-22 07:00:00,4.36,4.53,4.27,4.53,27195.0,
2021-04-22 07:00:00,6.5,6.5,6.15,6.33,172528.0,???
2021-07-02 07:00:00,5.68,5.68,5.5,5.59,6200.0,???
2021-10-01 07:00:00,6.51,6.78,6.42,6.51,50700.0,
2021-12-31 07:00:00,7.79,7.79,7.7,7.79,30620.0,???
2022-02-07 07:00:00,7.52,7.52,7.33,7.43,6358.0,A@
2022-04-07 07:00:00,9.81,10.08,9.63,9.9,37748.0,123
2023-02-24 07:00:00,5.41,5.5,5.32,5.32,8102.0,A@
2023-11-20 07:00:00,5.5,5.5,5.5,5.5,100.0,
2023-12-13 07:00:00,5.4,5.4,5.4,5.4,800.0,ZZZZZZ
2024-02-05 07:00:00,5.5,5.5,5.5,5.5,542.0,ZZZZZZ
2024-04-12 07:00:00,6.3,6.3,6.1,6.3,11301.0,
2025-10-15 07:00:00,5.4,5.4,5.4,5.4,9000.0,ZZZZZZ
2025-10-24 07:00:00,5.3,5.3,5.3,5.3,100.0,
2026-02-10 07:00:00,8.6,8.7,8.6,8.7,2700.0,A@
2021-07-26 07:00:00,13.0,13.2,13.0,13.2,1100.0,ZZZZZZ
2021-12-09 07:00:00,16.0,16.0,16.0,16.0,1200.0,A@
2024-06-05 07:00:00,24.0,24.0,24.0,24.0,300.0,123
2025-03-26 07:00:00,32.1,32.1,31.1,31.3,3701.0,A@
2025-08-27 07:00:00,-25.7,27.0,25.7,27.0,-1100.0,123
2025-10-03 07:00:00,26.3,26.3,26.3,26.3,100.0,???
2020-03-26 07:00:00,17.49,17.49,17.49,17.49,1000.0,ZZZZZZ
2020-04-29 07:00:00,14.53,14.53,14.53,14.53,100.0,A@
2022-05-09 07:00:00,15.02,15.2,14.84,15.11,84750.0,A@
2022-11-09 07:00:00,12.76,12.94,12.11,12.48,14907.0,???
2023-02-15 07:00:00,13.04,13.41,13.04,13.32,13400.0,123
2023-03-09 07:00:00,12.92,12.92,12.53,12.73,8900.0,123
2023-06-28 07:00:00,12.24,12.63,12.24,12.63,278608.0,
2024-01-08 07:00:00,8.48,8.58,8.48,8.48,12930.0,123
2024-05-03 07:00:00,6.46,6.46,6.27,6.27,12000.0,
2024-11-01 07:00:00,6.36,6.46,6.36,6.36,28313.0,???
2025-12-01 07:00:00,6.1,6.1,6.0,6.0,9400.0,
2017-11-27 07:00:00,10.82,10.98,10.79,10.81,68760.0,A@
2018-01-12 07:00:00,10.97,10.97,10.71,10.97,79760.0,ZZZZZZ
2019-06-20 07:00:00,7.75,7.75,7.69,7.71,88690.0,???
2019-10-02 07:00:00,8.18,8.18,7.99,8.09,283300.0,ZZZZZZ
2020-02-18 07:00:00,6.28,6.42,6.22,6.38,626800.0,A@
2021-06-24 07:00:00,12.85,13.0,12.62,12.71,459300.0,A@
2022-01-20 07:00:00,19.89,19.89,19.37,19.66,743200.0,ZZZZZZ
2022-12-06 07:00:00,12.66,13.61,12.3,12.39,3399100.0,ZZZZZZ
2024-01-31 07:00:00,23.45,23.56,22.39,22.62,9749800.0,???
2025-12-19 07:00:00,21.95,22.0,21.5,21.55,1152900.0,A@
2026-01-30 07:00:00,24.6,24.95,24.2,24.2,8072600.0,ZZZZZZ
2026-02-26 07:00:00,-26.9,28.2,26.5,28.2,-21679600.0,???
2018-09-10 07:00:00,6.88,6.88,6.88,6.88,26.0,123
2019-09-06 07:00:00,7.49,7.55,7.18,7.55,700.0,ZZZZZZ
2021-03-24 07:00:00,11.65,11.65,11.65,11.65,103.0,ZZZZZZ
2023-04-05 07:00:00,10.12,11.3,10.12,10.54,955.0,???
2023-04-27 07:00:00,10.21,10.71,10.21,10.21,3200.0,ZZZZZZ
2024-05-29 07:00:00,18.72,18.72,18.72,18.72,100.0,
2024-08-12 07:00:00,19.17,19.17,19.17,19.17,19.0,ZZZZZZ
2024-12-10 07:00:00,26.26,26.26,26.26,26.26,401.0,ZZZZZZ
2022-09-06 07:00:00,7.3,7.46,7.3,7.38,68600.0,???
2022-11-21 07:00:00,3.06,3.14,3.06,3.06,13300.0,123
2023-03-20 07:00:00,4.0,4.32,3.85,4.32,11900.0,ZZZZZZ
2023-05-31 07:00:00,3.61,3.85,3.61,3.77,131200.0,
2023-10-24 07:00:00,7.04,7.04,6.7,6.96,10347.0,???
2025-03-27 07:00:00,13.14,13.33,13.14,13.33,100600.0,
2025-06-18 07:00:00,16.48,16.19,16.57,16.29,104600.0,ZZZZZZ
2022-04-06 07:00:00,13.1,13.5,13.1,13.5,400.0,ZZZZZZ
2023-04-27 07:00:00,10.0,10.0,10.0,10.0,100.0,ZZZZZZ
2023-05-22 07:00:00,11.9,11.9,11.9,11.9,200.0,123
2023-10-31 07:00:00,12.4,12.4,12.4,12.4,2115.0,A@
2016-07-12 07:00:00,7.31,8.23,7.31,8.23,600.0,ZZZZZZ
2019-07-24 07:00:00,4.49,4.49,4.49,4.49,400.0,
2020-02-19 07:00:00,7.81,7.81,7.81,7.81,100.0,123
2021-04-29 07:00:00,5.15,5.24,5.15,5.24,5600.0,
2021-11-05 07:00:00,7.31,7.73,7.31,7.73,10410.0,123
2021-11-15 07:00:00,7.89,8.23,7.73,8.23,81400.0,???
2021-11-18 07:00:00,8.31,8.31,7.98,8.14,43600.0,A@
2022-03-29 07:00:00,8.81,8.89,8.56,8.64,99000.0,ZZZZZZ
2022-08-08 07:00:00,5.65,5.73,5.4,5.65,7900.0,ZZZZZZ
2022-10-28 07:00:00,6.9,6.9,6.9,6.9,101.0,
2023-01-30 07:00:00,4.9,5.0,4.9,4.9,3390.0,ZZZZZZ
2023-04-24 07:00:00,6.8,6.9,6.6,6.9,2300.0,ZZZZZZ
2023-11-02 07:00:00,7.0,7.3,7.0,7.3,201.0,
2024-01-24 07:00:00,7.5,7.5,7.5,7.5,12500.0,
2024-06-17 07:00:00,10.6,10.7,10.4,10.7,4385.0,123
2024-07-12 07:00:00,10.0,10.0,10.0,10.0,5900.0,???
2024-08-15 07:00:00,12.1,12.5,12.1,12.4,7800.0,123
2021-08-12 07:00:00,6.0,6.2,6.0,6.2,1100.0,123
2021-09-21 07:00:00,7.5,7.5,7.4,7.4,4700.0,ZZZZZZ
2021-11-03 07:00:00,10.2,11.6,10.0,10.0,13900.0,???
2025-11-05 07:00:00,3.6,3.9,3.5,3.9,8000.0,???
2026-03-24 07:00:00,4.1,4.1,4.1,4.1,100.0,ZZZZZZ
2020-12-29 07:00:00,9.15,9.46,9.0,9.0,240024.0,???
2021-08-23 07:00:00,11.63,11.79,11.12,11.27,194810.0,ZZZZZZ
2022-06-24 07:00:00,10.29,10.29,9.31,9.72,4800.0,ZZZZZZ
2022-07-22 07:00:00,11.89,11.94,11.69,11.74,89727.0,123
2022-09-05 07:00:00,11.53,12.36,11.53,11.84,2900.0,A@
2022-12-08 07:00:00,8.27,8.69,8.01,8.38,23985.0,123
2024-03-21 07:00:00,13.93,14.07,13.93,14.07,16604.0,???
2024-11-01 07:00:00,11.62,11.91,10.1,11.69,15441.0,A@
2026-01-27 07:00:00,12.7,12.8,12.1,12.5,8400.0,
2016-03-01 07:00:00,17.75,18.73,17.51,17.6,384700.0,A@
2016-11-14 07:00:00,21.96,21.96,20.81,20.81,118920.0,ZZZZZZ
2017-03-16 07:00:00,19.01,19.51,19.01,19.51,510.0,123
2017-04-11 07:00:00,19.26,20.46,19.26,19.73,35640.0,
2017-11-27 07:00:00,19.29,19.29,19.29,19.29,100.0,ZZZZZZ
2018-02-01 07:00:00,21.38,21.38,20.86,20.86,680.0,123
2018-02-09 07:00:00,19.89,20.57,19.42,20.57,2020.0,
2019-12-24 07:00:00,30.65,31.99,30.65,30.65,2460.0,123
2020-05-21 07:00:00,18.89,18.89,18.4,18.4,4440.0,ZZZZZZ
2021-02-25 07:00:00,21.54,21.54,20.01,20.28,2600.0,A@
2021-04-23 07:00:00,19.75,19.75,19.02,19.02,200.0,
2021-05-28 07:00:00,19.81,18.65,19.88,18.65,900.0,???
2021-10-08 07:00:00,25.65,27.42,25.65,26.99,24900.0,???
2021-11-05 07:00:00,25.65,25.79,24.77,25.72,28800.0,123
2021-11-08 07:00:00,25.23,25.83,25.23,25.72,12800.0,ZZZZZZ
2022-09-27 07:00:00,23.74,23.78,23.59,23.74,5400.0,ZZZZZZ
2022-10-06 07:00:00,22.42,22.45,22.42,22.42,400.0,???
2022-11-17 07:00:00,19.04,20.56,19.04,20.56,400.0,
2023-05-09 07:00:00,27.84,27.84,27.61,,20200.0,123
2023-06-20 07:00:00,32.92,32.92,31.22,32.01,8800.0,???
2024-03-01 07:00:00,,33.61,33.43,33.43,7000.0,???
2025-08-04 07:00:00,25.99,25.99,25.52,25.62,14500.0,A@
2025-12-18 07:00:00,23.5,23.5,23.5,23.5,500.0,
2016-01-05 07:00:00,4.5,4.6,4.5,4.6,2600.0,A@
2016-04-15 07:00:00,4.6,4.6,4.5,4.6,7100.0,
2016-07-21 07:00:00,4.3,4.3,4.3,4.3,275.0,
2017-03-28 07:00:00,3.1,3.1,3.3,3.2,1550.0,???
2017-07-19 07:00:00,3.8,3.8,3.8,3.8,684.0,A@
2020-03-10 07:00:00,6.0,6.0,6.0,6.0,6.0,A@
2021-08-10 07:00:00,5.1,5.4,5.0,5.4,17600.0,A@
2021-10-21 07:00:00,10.6,10.8,10.0,10.8,58331.0,A@
2022-07-13 07:00:00,5.3,5.6,5.3,5.4,7100.0,123
2023-06-05 07:00:00,3.9,4.3,3.9,32.676054778926385,48060.0,123
2023-10-13 07:00:00,3.2,3.3,3.1,3.1,7300.0,???
2025-01-08 07:00:00,6.2,6.7,6.2,6.5,2000.0,ZZZZZZ
2025-04-14 07:00:00,10.7,10.8,10.1,10.5,7803.0,???
2019-03-11 07:00:00,8.96,8.96,8.96,8.96,100.0,???
2020-06-11 07:00:00,8.18,8.18,8.18,8.18,100.0,123
2021-05-06 07:00:00,13.87,13.87,13.25,13.56,13900.0,123
2021-05-27 07:00:00,13.87,13.87,13.48,13.48,37300.0,A@
2022-11-30 07:00:00,15.69,16.75,15.64,16.4,19300.0,A@
2022-12-06 07:00:00,16.75,16.8,15.69,16.04,7300.0,???
2023-12-28 07:00:00,23.0,23.2,23.0,23.2,900.0,A@
2024-04-22 07:00:00,20.25,20.4,19.8,19.8,14600.0,ZZZZZZ
2024-08-30 07:00:00,21.65,21.75,21.45,21.45,27000.0,A@
2025-08-28 07:00:00,20.5,20.75,20.5,20.7,9900.0,???
2026-02-09 07:00:00,24.5,24.8,24.3,24.6,70400.0,A@
2016-02-04 07:00:00,1.99,1.99,1.9,1.9,78210.0,A@
2016-08-23 07:00:00,2.21,2.21,2.21,2.21,2900.0,123
2017-01-09 07:00:00,3.54,3.54,3.37,3.4,193600.0,???
2017-06-01 07:00:00,6.18,6.21,6.11,6.21,104700.0,
2017-07-20 07:00:00,6.78,6.82,6.39,6.49,323100.0,???
2017-11-28 07:00:00,6.78,6.87,6.63,6.63,180465.0,
2018-06-27 07:00:00,7.73,7.82,7.59,7.78,176900.0,123
2018-07-26 07:00:00,7.54,7.63,7.44,7.54,93800.0,ZZZZZZ
2018-10-30 07:00:00,7.4,7.48,7.37,7.48,35600.0,ZZZZZZ
2021-03-19 07:00:00,8.42,8.42,8.25,8.35,186300.0,A@
2021-04-28 07:00:00,9.0,9.24,8.96,9.13,421900.0,123
2021-05-19 07:00:00,10.46,10.63,10.43,10.53,430400.0,
2021-10-25 07:00:00,12.63,13.09,12.63,12.75,897400.0,
2021-12-30 07:00:00,14.96,15.21,14.92,15.01,409500.0,ZZZZZZ
2023-02-22 07:00:00,5.69,5.69,5.56,5.56,43100.0,???
2023-06-13 07:00:00,6.75,7.07,6.74,7.07,1305300.0,A@
2025-01-13 07:00:00,5.41,5.5,5.31,5.43,16800.0,A@
2016-04-29 07:00:00,4.7,4.7,4.7,4.7,2200.0,123
2017-10-11 07:00:00,9.01,9.44,9.01,9.44,10340.0,A@
2018-01-03 07:00:00,9.13,9.13,9.07,9.07,300.0,123
2019-05-09 07:00:00,-8.55,8.62,8.55,8.62,-4200.0,???
2020-08-12 07:00:00,6.27,6.27,6.27,6.27,2.0,ZZZZZZ
2021-07-07 07:00:00,8.13,8.13,8.13,8.13,100.0,123
2021-11-22 07:00:00,9.87,9.87,9.87,9.87,500.0,123
2022-04-13 07:00:00,10.03,10.03,10.03,10.03,3900.0,ZZZZZZ
2022-09-06 07:00:00,13.48,13.48,13.48,13.48,96.0,???
2023-03-08 07:00:00,13.63,13.63,13.63,13.63,10000.0,A@
2023-07-11 07:00:00,,,,,1000.0,123
2024-04-19 07:00:00,15.0,15.76,14.63,14.63,7000.0,
2025-04-16 07:00:00,20.18,20.18,20.09,20.09,1279.0,123
2025-10-27 07:00:00,17.2,17.2,17.0,17.1,1400.0,
2016-07-13 07:00:00,8.91,8.91,8.91,8.91,3500.0,A@
2021-06-07 07:00:00,9.65,9.65,8.51,9.65,1900.0,123
2021-07-23 07:00:00,10.14,10.14,10.14,10.14,100.0,
2022-01-20 07:00:00,9.74,9.74,9.74,9.74,100.0,
2022-02-16 07:00:00,10.47,10.47,10.47,10.47,700.0,A@
2019-09-09 07:00:00,15.86,15.86,15.86,15.86,200.0,???
2020-09-14 07:00:00,15.27,15.27,15.27,70.86095555198436,15800.0,ZZZZZZ
2021-02-04 07:00:00,14.24,14.24,14.24,14.24,100.0,
2021-04-15 07:00:00,14.59,14.59,14.59,14.59,100.0,???
2022-02-16 07:00:00,18.32,18.32,18.32,18.32,500.0,123
2023-05-24 07:00:00,18.3,18.3,18.3,18.3,100.0,
2024-10-07 07:00:00,24.15,24.15,24.15,24.15,2.0,???
2025-05-21 07:00:00,26.64,26.64,24.83,24.83,200.0,
2017-09-22 07:00:00,14.98,15.18,14.93,14.93,123210.0,123
2018-03-16 07:00:00,11.37,11.37,11.0,11.34,11870.0,
2018-05-15 07:00:00,6.97,7.02,6.87,6.97,35020.0,A@
2018-10-24 07:00:00,6.92,7.07,6.62,6.87,45350.0,A@
2018-11-12 07:00:00,6.49,6.67,6.49,6.62,3860.0,A@
2018-12-14 07:00:00,7.02,7.02,6.87,7.02,6620.0,123
2019-05-14 07:00:00,6.18,6.4,6.18,6.4,30400.0,123
2020-03-17 07:00:00,4.79,5.03,4.77,4.77,12930.0,
2020-05-19 07:00:00,4.4,4.65,4.4,4.63,71090.0,A@
2020-10-07 07:00:00,6.86,6.91,6.76,6.82,275890.0,???
2020-11-02 07:00:00,5.81,5.94,5.78,5.85,326500.0,
2020-12-25 07:00:00,8.27,8.57,8.14,8.31,1238700.0,
2021-06-04 07:00:00,8.0,8.12,7.99,8.02,161000.0,A@
2021-07-06 07:00:00,9.28,9.28,8.57,8.57,544900.0,A@
2022-06-24 07:00:00,7.68,7.7,7.31,7.34,143700.0,A@
2023-06-09 07:00:00,6.4,6.4,6.15,6.21,300900.0,ZZZZZZ
2023-06-29 07:00:00,5.52,5.4,5.55,5.4,252200.0,123
2023-12-26 07:00:00,4.18,4.2,4.18,4.18,16000.0,ZZZZZZ
2025-10-27 07:00:00,5.81,5.85,5.6,5.7,110200.0,
2015-12-03 07:00:00,9.72,9.72,9.72,9.72,10.0,???
2018-01-11 07:00:00,23.31,23.31,20.86,80.84287066622453,1049560.0,123
2019-01-08 07:00:00,18.03,18.03,18.03,18.03,10.0,???
2019-06-10 07:00:00,11.17,11.21,11.17,11.21,30.0,???
2019-09-26 07:00:00,12.02,12.02,12.02,12.02,400.0,ZZZZZZ
2020-04-16 07:00:00,9.33,9.33,8.34,8.34,30.0,ZZZZZZ
2021-09-13 07:00:00,8.88,8.97,8.88,8.97,500.0,123
2024-06-03 07:00:00,8.28,8.28,8.28,8.28,100.0,???
2025-04-02 07:00:00,18.55,18.79,18.55,18.55,600.0,ZZZZZZ
2026-02-12 07:00:00,27.9,27.9,27.9,27.9,200.0,123
2017-10-31 07:00:00,7.59,7.59,7.59,7.59,100.0,ZZZZZZ
2020-11-18 07:00:00,1.95,1.95,1.95,1.95,32400.0,123
2021-05-25 07:00:00,7.63,8.58,7.63,8.58,900.0,???
2021-06-25 07:00:00,19.27,19.27,18.03,18.03,456.0,123
2021-06-30 07:00:00,19.27,19.27,17.17,17.17,200.0,???
2024-11-13 07:00:00,6.6,6.6,6.6,6.6,107.0,???
2024-12-31 07:00:00,6.6,6.6,6.6,6.6,7200.0,ZZZZZZ
2024-01-08 07:00:00,16.46,16.46,16.46,16.54,31.0,A@
2024-04-02 07:00:00,16.98,16.98,16.98,16.98,1500.0,123
2025-02-05 07:00:00,22.28,22.28,22.28,22.28,300.0,123
2025-08-11 07:00:00,24.0,24.0,24.0,24.0,4200.0,123
2016-12-01 07:00:00,7.88,7.92,7.88,7.88,1200.0,ZZZZZZ
2017-08-02 07:00:00,6.66,6.77,6.6,6.77,7100.0,A@
2017-09-26 07:00:00,-6.66,6.66,6.66,6.66,-100.0,???
2018-01-25 07:00:00,6.5,6.5,6.44,6.5,10300.0,ZZZZZZ
2018-12-07 07:00:00,5.66,5.66,5.66,5.66,100.0,???
2020-09-28 07:00:00,6.61,6.61,6.55,6.55,8900.0,ZZZZZZ
2020-10-16 07:00:00,6.51,6.57,6.51,6.57,400.0,A@
2021-10-18 07:00:00,17.91,19.03,17.91,18.36,98604.0,???
2021-11-22 07:00:00,15.45,15.45,13.58,13.81,115719.0,
2022-03-09 07:00:00,16.42,17.91,15.52,17.69,117059.0,???
2024-03-22 07:00:00,10.66,10.66,10.33,10.5,31310.0,ZZZZZZ
2024-07-09 07:00:00,21.08,19.59,21.08,19.84,38809.0,A@
2025-12-26 07:00:00,15.3,15.3,15.0,15.0,1700.0,???
2016-01-15 07:00:00,4.27,4.27,4.27,4.27,1900.0,???
2016-05-26 07:00:00,3.66,3.66,3.66,3.66,3800.0,
2018-11-28 07:00:00,4.15,4.15,4.15,4.15,83.0,123
2019-12-03 07:00:00,5.17,5.17,5.17,5.17,100.0,ZZZZZZ
2020-10-14 07:00:00,4.28,4.28,4.28,4.28,1209.0,???
2022-04-18 07:00:00,11.6,11.6,10.9,10.9,235.0,???
2022-05-23 07:00:00,9.03,9.34,8.95,9.34,2300.0,???
2022-11-08 07:00:00,8.32,8.32,8.24,8.24,900.0,
2024-07-05 07:00:00,8.09,8.09,8.09,8.09,1700.0,???
2024-09-04 07:00:00,7.99,8.09,7.99,8.09,1300.0,
2025-11-26 07:00:00,7.7,7.7,7.7,7.7,2400.0,ZZZZZZ
2025-12-23 07:00:00,8.0,8.0,8.0,8.0,700.0,???
2026-02-03 07:00:00,7.9,7.9,7.9,7.9,100.0,123
2018-09-05 07:00:00,10.82,10.9,10.58,10.82,1462960.0,A@
2018-11-02 07:00:00,10.74,10.97,10.74,10.9,559767.0,123
2018-11-21 07:00:00,11.05,11.29,10.82,11.21,705927.0,123
2019-06-25 07:00:00,11.72,12.0,11.64,11.72,2049410.0,???
2019-10-07 07:00:00,10.14,10.34,10.14,10.26,2550910.0,A@
2020-05-29 07:00:00,8.21,8.21,8.09,8.09,3266210.0,A@
2023-04-04 07:00:00,11.01,11.26,10.92,11.17,11687200.0,ZZZZZZ
2024-01-02 07:00:00,9.35,9.39,9.27,9.31,3502100.0,123
2024-06-05 07:00:00,11.59,11.83,11.38,11.38,24882000.0,123
2024-10-14 07:00:00,10.59,10.84,10.59,10.59,8349200.0,
2025-02-21 07:00:00,10.1,10.3,10.1,10.22,6170900.0,ZZZZZZ
2025-06-19 07:00:00,10.8,10.84,10.63,10.76,5355500.0,123
2025-09-24 07:00:00,12.46,12.5,12.21,12.5,7221500.0,A@
2017-12-27 07:00:00,6.11,6.15,6.11,6.15,26200.0,???
2018-10-24 07:00:00,7.82,7.82,7.82,7.82,100.0,
2019-05-30 07:00:00,8.23,8.28,8.23,8.28,300.0,123
2021-02-26 07:00:00,12.02,12.31,11.91,12.02,28100.0,ZZZZZZ
2021-03-23 07:00:00,13.65,13.71,13.42,13.53,59500.0,
2021-04-09 07:00:00,16.73,17.02,16.67,16.78,,A@
2021-06-09 07:00:00,15.09,15.09,14.91,15.03,34100.0,ZZZZZZ
2021-10-13 07:00:00,21.11,21.3,20.8,21.18,140652.0,A@
2021-12-31 07:00:00,20.18,20.49,19.87,20.49,22400.0,
2022-08-11 07:00:00,20.86,20.86,20.52,20.59,57715.0,???
2022-09-13 07:00:00,20.52,20.72,20.52,20.66,16820.0,123
2022-11-17 07:00:00,13.43,13.77,13.23,13.43,44000.0,
2023-03-28 07:00:00,16.82,16.82,16.74,16.74,5300.0,???
2023-05-22 07:00:00,18.59,18.59,18.14,18.21,141700.0,???
2025-08-21 07:00:00,26.58,26.58,26.39,26.39,12900.0,ZZZZZZ
2016-04-07 07:00:00,4.36,4.36,4.36,4.36,120.0,A@
2019-05-02 07:00:00,6.11,6.11,6.11,6.11,227.0,123
2020-06-19 07:00:00,9.42,11.02,9.23,10.89,5500.0,A@
2020-08-18 07:00:00,8.65,9.04,8.46,9.04,12300.0,123
2021-01-14 07:00:00,7.75,7.75,7.69,7.75,6900.0,???
2021-03-22 07:00:00,8.98,8.91,9.04,8.91,12600.0,123
2022-06-21 07:00:00,10.49,10.49,9.84,10.49,3100.0,123
2022-11-01 07:00:00,10.27,10.27,10.27,10.27,154.0,A@
2024-06-21 07:00:00,14.86,14.86,14.86,14.86,300.0,???
2025-04-02 07:00:00,15.94,16.96,15.94,16.96,11630.0,A@
2021-04-20 07:00:00,10.78,10.84,10.78,10.78,10200.0,A@
2022-01-27 07:00:00,12.57,12.85,12.43,12.78,17100.0,???
2022-04-08 07:00:00,14.56,14.56,14.34,14.42,11100.0,123
2024-05-16 07:00:00,16.1,16.1,16.1,16.1,1000.0,???
2025-05-06 07:00:00,19.78,19.78,18.48,18.48,5400.0,A@
2025-10-13 07:00:00,18.85,18.85,18.66,18.85,23000.0,???
2018-11-22 07:00:00,19.8,19.8,8.6,8.6,300.0,???
2021-04-16 07:00:00,5.8,6.0,5.8,6.0,800.0,A@
2021-07-08 07:00:00,5.0,,5.0,5.0,,123
2022-11-25 07:00:00,5.1,5.7,4.4,4.5,4200.0,
2026-03-06 07:00:00,23.2,23.2,17.2,17.2,200.0,
2016-03-21 07:00:00,3.5,3.66,3.5,3.66,5310.0,
2016-06-17 07:00:00,3.2,3.2,3.2,3.2,5700.0,???
2016-12-28 07:00:00,3.25,3.25,3.16,3.16,1850.0,A@
2017-03-27 07:00:00,4.24,4.6,4.24,4.24,4175.0,???
2017-07-06 07:00:00,6.07,6.26,5.97,6.26,3464.0,???
2017-09-15 07:00:00,6.1,6.1,6.1,6.1,198.0,
2018-10-18 07:00:00,3.5,3.5,3.5,3.5,930.0,
2019-03-04 07:00:00,3.2,3.2,3.2,3.2,600.0,
2019-05-10 07:00:00,3.1,,3.1,,1130.0,???
2020-10-20 07:00:00,6.5,6.8,6.5,6.8,2200.0,123
2020-12-16 07:00:00,10.1,10.1,10.1,10.1,800.0,123
2021-03-02 07:00:00,6.9,6.9,6.9,6.9,705.0,123
2021-03-16 07:00:00,8.2,8.5,7.6,8.0,6455.0,???
2021-03-19 07:00:00,7.7,7.9,7.6,7.6,8400.0,A@
2021-08-30 07:00:00,6.6,6.6,6.6,6.6,100.0,123
2021-12-03 07:00:00,10.2,10.9,10.2,10.8,32190.0,ZZZZZZ
2023-04-17 07:00:00,5.8,5.8,5.8,5.8,1000.0,A@
2023-06-07 07:00:00,6.8,7.1,6.8,7.1,1250.0,A@
2025-02-18 07:00:00,6.2,6.4,6.2,6.3,311891.0,
2025-06-18 07:00:00,4.9,5.1,4.8,4.9,232700.0,???
2015-12-30 07:00:00,12.2,11.96,11.56,11.96,55900.0,
2016-01-15 07:00:00,11.99,11.36,10.96,11.26,16100.0,???
2016-11-10 07:00:00,15.78,15.78,15.78,15.78,642.0,123
2017-03-28 07:00:00,15.2,15.2,15.2,15.2,3200.0,123
2017-05-08 07:00:00,14.73,14.73,14.73,14.73,99.0,
2018-02-12 07:00:00,13.1,13.1,13.1,13.1,200.0,???
2018-03-16 07:00:00,13.21,13.21,13.21,13.21,5000.0,A@
2018-10-19 07:00:00,10.15,10.15,10.15,10.15,100.0,123
2019-12-11 07:00:00,8.95,8.95,8.89,8.89,1150.0,A@
2020-06-10 07:00:00,10.72,11.03,10.54,11.03,8425.0,???
2020-10-21 07:00:00,12.91,12.91,12.91,12.91,11100.0,???
2020-12-31 07:00:00,14.59,14.85,14.2,14.2,48316.0,A@
2022-01-12 07:00:00,39.33,39.33,39.33,39.33,112313.0,A@
2022-05-20 07:00:00,41.33,41.33,40.0,40.0,6909.0,ZZZZZZ
2022-12-08 07:00:00,-16.73,19.33,16.73,17.47,-3700.0,???
2023-05-12 07:00:00,20.07,20.33,20.0,20.0,9213.0,???
2023-11-23 07:00:00,27.47,29.8,27.47,29.8,890.0,???
2024-06-06 07:00:00,22.6,22.93,22.6,22.93,4266.0,ZZZZZZ
2024-07-01 07:00:00,22.27,22.27,20.73,22.2,1346.0,A@
2024-12-31 07:00:00,24.0,24.0,22.67,24.0,55782.0,ZZZZZZ
2015-10-16 07:00:00,1.8,1.8,1.7,1.7,76450.0,
2015-10-27 07:00:00,1.8,1.9,1.7,1.8,216210.0,
2015-12-16 07:00:00,1.7,1.8,1.6,1.8,48950.0,ZZZZZZ
2016-01-05 07:00:00,1.7,1.7,1.6,1.7,248090.0,123
2016-05-26 07:00:00,2.4,2.4,2.4,2.4,257360.0,123
2016-06-10 07:00:00,2.8,2.8,2.7,2.7,1375270.0,A@
2017-06-02 07:00:00,3.08,3.1,2.95,3.03,359470.0,???
2017-12-27 07:00:00,4.3,4.38,4.1,4.25,182830.0,A@
2018-01-25 07:00:00,4.0,4.0,3.7,3.88,165630.0,
2018-01-29 07:00:00,3.66,4.03,3.66,3.98,10100.0,ZZZZZZ
2019-06-28 07:00:00,3.5,3.69,3.5,3.69,8300.0,
2019-07-11 07:00:00,3.66,3.66,3.65,3.65,19880.0,
2020-09-11 07:00:00,6.0,6.0,5.5,5.89,4450.0,A@
2020-10-14 07:00:00,7.18,7.4,7.18,7.18,14490.0,???
2021-08-24 07:00:00,7.6,7.6,7.21,7.21,55000.0,A@
2021-10-14 07:00:00,7.27,7.58,7.27,7.58,226400.0,A@
2022-06-09 07:00:00,5.31,5.42,5.25,5.4,75900.0,ZZZZZZ
2022-08-01 07:00:00,4.5,4.43,4.5,4.49,80300.0,???
2022-09-06 07:00:00,8.1,8.2,7.75,7.78,630300.0,A@
2023-04-10 07:00:00,3.69,3.94,3.69,3.88,570000.0,
2024-04-17 07:00:00,3.7,3.8,3.6,3.64,230900.0,ZZZZZZ
2024-09-11 07:00:00,3.11,3.19,3.06,3.13,4600.0,
2025-02-06 07:00:00,2.66,2.66,2.55,2.62,26800.0,???
2026-04-29 07:00:00,2.8,2.89,2.8,2.82,46600.0,123
2016-08-08 07:00:00,12.02,12.7,12.02,12.29,8700.0,???
2017-03-07 07:00:00,9.06,9.06,9.06,9.06,300.0,???
2024-02-05 07:00:00,17.05,17.05,17.05,17.05,500.0,
2025-01-06 07:00:00,11.3,11.3,11.3,11.3,100.0,???
2025-10-15 07:00:00,19.29,19.29,19.29,19.29,1000.0,
2016-10-19 07:00:00,2.64,2.64,2.64,2.64,800.0,A@
2016-11-08 07:00:00,3.19,2.96,3.19,2.96,3400.0,123
2017-03-21 07:00:00,3.19,3.19,3.04,3.04,2700.0,???
2019-07-17 07:00:00,4.04,4.04,3.46,3.46,200.0,ZZZZZZ
2019-07-30 07:00:00,3.27,3.33,3.27,3.27,20700.0,123
2020-08-04 07:00:00,4.06,4.06,3.76,3.91,15000.0,ZZZZZZ
2021-08-27 07:00:00,7.96,8.04,7.72,8.04,35700.0,A@
2024-02-21 07:00:00,7.87,7.87,7.87,7.87,127.0,ZZZZZZ
2015-12-29 07:00:00,2.1,2.2,2.1,2.2,38600.0,123
2016-02-04 07:00:00,2.3,2.3,2.2,2.3,40400.0,A@
2016-04-11 07:00:00,2.3,2.4,2.3,2.4,218700.0,
2016-10-13 07:00:00,1.6,1.7,,1.6,92600.0,
2016-10-24 07:00:00,1.7,1.8,1.7,1.7,34600.0,???
2017-02-07 07:00:00,1.6,1.7,1.6,1.7,7300.0,123
2017-10-05 07:00:00,2.7,2.7,2.6,2.6,254700.0,123
2018-07-18 07:00:00,2.8,3.0,2.8,3.0,800.0,A@
2020-02-03 07:00:00,2.9,2.9,2.9,2.9,5000.0,???
2021-04-02 07:00:00,4.1,4.1,3.9,4.1,124700.0,???
2021-07-05 07:00:00,3.5,3.5,3.3,3.4,83400.0,
2022-10-17 07:00:00,2.4,2.5,2.4,2.5,18500.0,???
2023-12-25 07:00:00,2.6,2.7,2.5,2.6,93401.0,
2024-07-09 07:00:00,,,2.9,,56901.0,ZZZZZZ
2026-04-14 07:00:00,2.3,2.3,2.1,2.3,60100.0,A@
2017-12-05 07:00:00,1.6,1.8,1.6,1.8,200.0,???
2024-06-07 07:00:00,0.8,0.8,0.8,0.8,48200.0,???
2016-09-26 07:00:00,2.6,2.6,2.5,2.5,63500.0,ZZZZZZ
2017-03-27 07:00:00,2.5,2.6,2.5,2.6,144400.0,123
2018-06-27 07:00:00,1.8,1.8,1.7,1.8,18700.0,???
2019-04-10 07:00:00,1.8,1.8,1.7,1.8,32000.0,A@
2019-05-08 07:00:00,1.8,1.8,1.7,13.244325249394532,158100.0,???
2019-08-12 07:00:00,2.0,2.1,1.8,1.9,37500.0,A@
2019-11-22 07:00:00,1.6,1.6,1.6,1.6,300.0,???
2020-01-06 07:00:00,1.5,1.6,1.5,1.6,21101.0,???
2020-01-13 07:00:00,1.5,1.6,1.5,1.5,4700.0,
2020-03-11 07:00:00,1.5,1.5,1.4,1.5,500.0,A@
2020-10-09 07:00:00,1.3,1.3,1.2,9.36388491692216,452200.0,???
2020-11-18 07:00:00,1.1,1.2,1.1,1.2,600.0,ZZZZZZ
2021-01-07 07:00:00,1.7,1.7,1.6,1.6,447200.0,???
2022-03-22 07:00:00,-14.3,14.9,14.0,14.0,-3066970.0,ZZZZZZ
2022-12-29 07:00:00,3.0,3.0,2.8,2.9,251100.0,???
2025-12-26 07:00:00,3.4,3.7,3.4,3.7,690000.0,???
2016-06-22 07:00:00,2.57,2.57,2.57,2.57,300.0,A@
2017-03-10 07:00:00,4.53,4.75,4.3,4.75,120530.0,???
2017-06-06 07:00:00,3.7,3.7,3.7,3.7,15400.0,A@
2017-12-08 07:00:00,4.01,4.47,4.01,4.38,6939.0,A@
2018-01-30 07:00:00,7.93,7.93,7.93,7.93,48020.0,
2018-07-05 07:00:00,4.47,4.47,4.01,4.19,20510.0,A@
2018-11-09 07:00:00,4.67,4.67,4.58,4.58,10900.0,A@
2019-01-07 07:00:00,4.58,4.58,4.29,4.48,2340.0,???
2020-08-07 07:00:00,2.48,2.48,2.48,2.48,5200.0,123
2020-09-01 07:00:00,2.67,2.67,2.67,2.67,16700.0,123
2021-05-12 07:00:00,7.15,7.15,7.06,7.06,25400.0,???
2021-08-19 07:00:00,6.58,6.58,6.29,6.39,27900.0,ZZZZZZ
2021-11-15 07:00:00,11.0,11.58,10.52,11.38,253027.0,???
2022-02-22 07:00:00,9.74,9.94,9.55,9.65,29460.0,A@
2022-05-27 07:00:00,9.84,10.13,9.55,10.03,93402.0,123
2023-01-16 07:00:00,4.82,4.82,4.73,4.73,17600.0,A@
2023-01-31 07:00:00,5.31,5.4,5.31,5.31,12000.0,ZZZZZZ
2023-06-22 07:00:00,6.17,6.27,6.17,6.17,36402.0,A@
2024-06-05 07:00:00,6.53,6.53,6.33,6.53,31701.0,A@
2024-07-08 07:00:00,7.11,7.21,7.02,7.21,36031.0,???
2024-08-12 07:00:00,7.89,8.19,7.89,7.99,69535.0,
2025-07-01 07:00:00,6.5,6.5,6.4,6.5,7500.0,123
2025-10-21 07:00:00,5.9,6.0,5.8,5.8,8200.0,ZZZZZZ
2026-01-05 07:00:00,5.9,6.3,5.9,6.2,31200.0,
2018-06-22 07:00:00,1.6,1.6,1.6,1.6,100.0,
2021-07-23 07:00:00,1.6,1.7,1.6,1.7,5900.0,
2022-07-22 07:00:00,2.0,2.1,1.9,2.1,66700.0,
2024-09-20 07:00:00,0.9,1.0,0.8,0.9,74000.0,123
2015-11-10 07:00:00,4.43,4.43,4.31,4.35,289600.0,123
2016-01-14 07:00:00,3.87,3.87,3.79,3.83,492110.0,A@
2016-07-11 07:00:00,5.77,5.81,5.53,5.53,973150.0,123
2016-09-05 07:00:00,6.72,6.72,6.54,6.54,610140.0,
2017-12-20 07:00:00,8.5,9.04,8.47,9.04,2035660.0,A@
2018-07-13 07:00:00,7.49,7.54,7.37,7.49,57230.0,ZZZZZZ
2019-12-16 07:00:00,9.21,9.29,9.15,9.21,161520.0,???
2020-02-11 07:00:00,7.36,7.45,7.31,7.36,305320.0,
2021-06-22 07:00:00,14.01,14.23,13.75,13.75,4941000.0,ZZZZZZ
2021-07-13 07:00:00,11.83,11.89,11.57,11.86,2739400.0,ZZZZZZ
2021-09-13 07:00:00,15.7,16.05,15.31,15.83,8774700.0,123
2021-10-29 07:00:00,16.44,16.51,16.12,16.22,6284600.0,???
2021-11-04 07:00:00,16.02,16.31,15.92,16.09,3994100.0,A@
2023-08-15 07:00:00,15.96,16.16,15.86,15.93,2757100.0,
2023-09-21 07:00:00,19.39,19.59,18.84,19.18,4707200.0,
2024-10-11 07:00:00,22.07,22.37,21.8,21.8,2776300.0,ZZZZZZ
2024-12-31 07:00:00,21.2,21.24,21.01,21.01,1069200.0,A@
2025-06-09 07:00:00,17.44,17.44,16.99,17.06,1953100.0,???
2017-03-17 07:00:00,1.06,1.15,1.06,1.15,7700.0,A@
2017-09-25 07:00:00,1.87,1.87,1.77,1.77,320600.0,???
2018-06-12 07:00:00,1.0,1.1,1.0,1.1,1800.0,ZZZZZZ
2019-03-07 07:00:00,0.6,0.7,0.5,0.6,387800.0,123
2019-07-10 07:00:00,0.7,0.7,0.6,0.7,72700.0,ZZZZZZ
2020-06-30 07:00:00,0.8,0.8,0.6,0.7,1032605.0,123
2021-06-15 07:00:00,2.9,2.9,2.8,2.9,638400.0,123
2018-05-18 07:00:00,1.66,1.75,1.57,1.57,5490.0,A@
2018-12-14 07:00:00,1.85,2.22,1.85,1.85,10677.0,
2020-07-17 07:00:00,2.31,2.31,2.22,2.31,15180.0,???
2021-10-01 07:00:00,2.22,2.22,2.4,2.4,3063.0,ZZZZZZ
2016-06-29 07:00:00,2.1,2.1,1.9,1.9,116700.0,???
2016-09-14 07:00:00,1.6,1.6,1.5,1.6,76800.0,123
2017-02-28 07:00:00,1.4,1.4,1.3,1.4,39600.0,A@
2017-04-03 07:00:00,1.3,1.3,1.3,1.3,70100.0,
2017-11-02 07:00:00,1.2,1.3,1.2,1.3,29500.0,???
2018-01-16 07:00:00,1.4,1.4,1.3,1.3,117200.0,???
2024-05-24 07:00:00,1.1,1.1,1.1,1.1,100.0,123
2016-10-17 07:00:00,4.26,4.36,4.26,4.36,2540.0,A@
2018-05-17 07:00:00,2.15,2.18,2.15,2.15,10570.0,???
2019-07-05 07:00:00,2.21,2.29,2.21,2.23,36160.0,ZZZZZZ
2019-11-07 07:00:00,1.99,2.12,1.99,2.12,39030.0,123
2019-12-25 07:00:00,2.88,2.88,2.66,2.85,43090.0,???
2021-09-08 07:00:00,3.12,3.2,3.09,3.09,26100.0,A@
2021-10-05 07:00:00,3.55,3.55,3.38,3.49,139200.0,ZZZZZZ
2023-12-04 07:00:00,2.7,2.9,2.6,2.7,203438.0,???
2024-01-30 07:00:00,2.6,2.7,2.6,2.6,70200.0,ZZZZZZ
2024-02-29 07:00:00,3.1,3.1,2.9,3.0,225603.0,
2016-02-25 07:00:00,0.65,0.65,0.65,0.65,148520.0,123
2016-03-04 07:00:00,0.65,0.72,0.65,0.72,53300.0,???
2017-04-14 07:00:00,0.3,0.4,0.3,0.3,17500.0,
2018-04-06 07:00:00,0.3,0.3,0.3,0.3,100.0,
2019-08-02 07:00:00,0.3,0.3,0.3,0.3,12000.0,???
2016-03-24 07:00:00,11.21,11.21,10.79,10.79,954920.0,ZZZZZZ
2016-10-18 07:00:00,10.86,11.03,10.81,10.86,201240.0,123
2017-04-12 07:00:00,8.99,9.03,8.9,8.99,150360.0,???
2017-06-07 07:00:00,8.73,8.73,8.66,8.69,216820.0,A@
2017-10-17 07:00:00,7.83,7.84,7.78,7.78,162220.0,
2018-01-15 07:00:00,11.0,11.0,10.5,10.7,593910.0,???
2019-01-31 07:00:00,4.0,4.0,3.9,3.95,26010.0,A@
2019-03-26 07:00:00,4.29,4.29,4.15,4.24,41600.0,
2019-09-12 07:00:00,5.03,5.1,5.01,5.1,78530.0,123
2019-10-31 07:00:00,4.8,4.99,4.7,4.9,151210.0,A@
2019-12-06 07:00:00,5.89,5.89,5.7,5.7,18340.0,123
2020-10-27 07:00:00,5.8,5.8,5.45,5.5,107080.0,ZZZZZZ
2021-09-29 07:00:00,6.8,7.11,6.71,7.0,1572100.0,???
2022-04-18 07:00:00,8.88,8.88,8.88,8.88,49000.0,A@
2023-06-23 07:00:00,6.6,6.7,6.1,6.4,1203330.0,???
2024-01-19 07:00:00,4.4,4.4,4.3,4.3,32300.0,A@
2026-01-23 07:00:00,3.5,3.7,3.4,3.7,884000.0,A@
2016-11-14 07:00:00,20.08,20.3,19.91,69.85761035118833,1125723.0,
2017-09-25 07:00:00,10.21,10.21,10.21,10.21,750.0,???
2017-10-09 07:00:00,10.39,10.39,10.07,10.16,5650.0,ZZZZZZ
2019-05-10 07:00:00,8.28,8.28,8.28,8.28,100.0,ZZZZZZ
2021-11-22 07:00:00,31.32,32.1,26.55,26.55,11700.0,A@
2025-11-12 07:00:00,40.35,40.35,36.78,36.78,300.0,123
2015-09-28 07:00:00,5.92,5.92,5.92,5.92,100.0,
2016-08-04 07:00:00,6.21,6.21,6.11,6.21,1200.0,123
2017-11-01 07:00:00,3.45,3.45,3.45,3.45,11900.0,
2017-12-05 07:00:00,3.94,3.94,3.94,3.94,100.0,ZZZZZZ
2017-12-22 07:00:00,3.75,4.14,3.75,4.14,8900.0,ZZZZZZ
2018-01-02 07:00:00,3.55,3.75,3.55,3.75,490.0,123
2018-03-14 07:00:00,2.76,2.76,2.76,2.76,1080.0,ZZZZZZ
2020-03-27 07:00:00,2.37,2.37,2.37,2.37,2100.0,ZZZZZZ
2021-12-17 07:00:00,11.0,11.2,10.9,10.9,58421.0,???
2021-12-30 07:00:00,10.8,10.9,10.6,10.8,8265.0,A@
2023-04-26 07:00:00,6.0,6.7,6.0,6.2,600.0,???
2023-07-19 07:00:00,6.7,6.7,6.6,6.6,2600.0,ZZZZZZ
2024-06-10 07:00:00,6.6,6.9,6.6,6.9,605.0,
2024-09-16 07:00:00,6.8,6.8,6.7,6.8,639.0,123
2025-01-21 07:00:00,6.4,6.4,6.4,6.4,100.0,ZZZZZZ
2025-08-11 07:00:00,6.1,6.1,6.1,6.1,2100.0,A@
2016-04-12 07:00:00,2.84,2.84,2.84,2.84,10000.0,123
2016-07-01 07:00:00,3.05,3.05,3.05,3.05,1000.0,
2018-11-21 07:00:00,11.72,11.72,11.72,11.72,100.0,???
2019-04-22 07:00:00,9.81,9.81,9.81,9.81,500.0,A@
2021-10-19 07:00:00,19.07,19.07,16.44,16.44,3400.0,A@
2021-11-08 07:00:00,16.44,17.03,16.44,16.74,6700.0,A@
2022-04-27 07:00:00,16.6,19.59,16.6,19.59,200.0,ZZZZZZ
2022-06-09 07:00:00,19.08,19.08,19.08,19.08,3200.0,???
2024-10-29 07:00:00,19.74,19.74,19.74,19.74,400.0,123
2016-10-14 07:00:00,17.52,17.52,17.33,17.52,2695.0,
2017-09-18 07:00:00,12.05,12.05,12.05,12.05,300.0,
2018-02-09 07:00:00,11.63,11.63,11.63,11.63,2000.0,???
2019-10-14 07:00:00,-10.85,10.98,10.85,10.85,-1300.0,???
2020-12-28 07:00:00,11.82,11.82,10.73,10.73,1800.0,???
2021-01-20 07:00:00,10.95,10.95,10.8,10.95,2000.0,???
2021-04-16 07:00:00,11.31,11.31,11.02,11.02,1500.0,ZZZZZZ
2023-04-26 07:00:00,10.82,10.91,10.82,10.91,1400.0,???
2023-12-29 07:00:00,11.11,12.14,11.11,12.14,2801.0,A@
2024-05-17 07:00:00,11.86,11.86,11.86,11.86,8700.0,???
2024-10-22 07:00:00,12.61,13.26,12.61,13.26,15700.0,123
2016-10-07 07:00:00,7.38,7.38,7.38,7.38,100.0,ZZZZZZ
2018-12-14 07:00:00,5.29,5.29,5.29,5.29,800.0,A@
2015-10-20 07:00:00,10.7,11.3,10.7,10.7,9290.0,123
2015-11-05 07:00:00,12.0,12.3,12.0,12.3,1840.0,ZZZZZZ
2015-12-24 07:00:00,10.7,11.5,10.7,11.5,220.0,???
2016-01-15 07:00:00,11.2,11.2,11.1,11.2,180.0,???
2016-08-23 07:00:00,8.5,8.5,8.2,8.2,210.0,A@
2018-01-02 07:00:00,7.19,7.19,7.19,7.19,100.0,
2019-10-31 07:00:00,5.33,6.12,5.33,5.99,3720.0,A@
2020-09-07 07:00:00,4.7,5.34,4.7,5.34,480.0,
2021-01-28 07:00:00,12.15,12.15,11.4,12.15,63400.0,
2021-03-11 07:00:00,32.2,32.2,32.2,32.2,1700.0,ZZZZZZ
2021-07-27 07:00:00,17.85,17.85,17.5,17.5,6300.0,???
2022-06-03 07:00:00,11.9,13.3,11.8,13.3,600.0,ZZZZZZ
2022-06-23 07:00:00,11.3,11.5,11.3,11.5,600.0,
2022-10-17 07:00:00,8.7,8.7,8.7,8.7,608.0,A@
2023-03-27 07:00:00,6.1,6.4,6.1,6.4,2000.0,A@
2023-11-01 07:00:00,4.8,4.8,4.4,4.7,4102.0,ZZZZZZ
2024-04-05 07:00:00,4.0,4.1,4.0,4.1,7500.0,123
2024-07-26 07:00:00,4.0,4.0,3.9,3.9,1206.0,123
2025-08-08 07:00:00,7.8,8.1,7.0,7.9,82000.0,
2026-04-06 07:00:00,-11.0,11.0,11.0,11.0,-200.0,???
2025-07-25 07:00:00,12.0,12.2,11.95,12.1,41200.0,
2026-01-23 07:00:00,10.5,10.9,10.4,10.7,447900.0,???
2026-03-11 07:00:00,10.8,10.9,10.5,10.85,50900.0,
2017-03-23 07:00:00,0.35,0.41,0.35,0.41,10500.0,ZZZZZZ
2017-11-30 07:00:00,0.62,0.7,0.54,0.7,56700.0,123
2018-09-21 07:00:00,3.8,3.8,3.6,3.6,2100.0,A@
2021-09-09 07:00:00,4.9,4.9,4.8,4.9,11800.0,
2022-02-16 07:00:00,6.9,7.2,6.9,7.2,200.0,ZZZZZZ
2023-04-24 07:00:00,6.9,6.9,6.3,6.3,1300.0,???
2024-10-04 07:00:00,5.4,5.4,5.4,5.4,800.0,A@
2025-03-03 07:00:00,6.9,6.9,6.9,6.9,5000.0,
2025-05-20 07:00:00,6.9,6.9,6.9,6.9,100.0,???
2016-08-05 07:00:00,3.34,3.41,3.27,3.34,118710.0,123
2017-03-23 07:00:00,3.41,3.48,3.41,3.48,68950.0,A@
2019-06-27 07:00:00,6.47,6.47,5.89,6.1,21138.0,???
2020-08-11 07:00:00,14.73,15.04,14.66,14.66,339116.0,A@
2020-09-17 07:00:00,15.88,15.88,15.5,15.65,149433.0,123
2020-10-27 07:00:00,13.36,13.36,12.83,12.83,60640.0,123
2021-03-19 07:00:00,22.14,22.14,21.38,21.76,939303.0,123
2021-06-25 07:00:00,16.03,16.26,15.88,16.11,802984.0,A@
2021-07-08 07:00:00,13.74,14.05,13.59,13.74,454700.0,???
2021-07-23 07:00:00,12.37,12.98,12.21,12.44,832627.0,???
2021-09-28 07:00:00,13.97,14.28,13.44,14.28,1111639.0,A@
2022-09-05 07:00:00,10.48,10.48,9.65,10.15,927000.0,A@
2023-11-28 07:00:00,7.99,8.08,7.81,8.08,197810.0,
2023-12-13 07:00:00,8.26,8.45,8.17,8.26,294590.0,123
2025-08-27 07:00:00,8.9,8.9,8.7,8.8,241100.0,???
2016-11-25 07:00:00,3.58,3.58,3.58,3.58,300.0,???
2016-12-20 07:00:00,4.3,4.3,3.96,3.96,4500.0,123
2017-04-24 07:00:00,4.73,4.73,4.73,4.73,400.0,123
2017-09-11 07:00:00,5.12,5.12,5.12,5.12,700.0,ZZZZZZ
2018-05-04 07:00:00,5.56,5.56,5.56,5.56,240.0,123
2020-11-17 07:00:00,5.2,5.26,5.2,5.26,1200.0,ZZZZZZ
2021-11-05 07:00:00,7.13,7.13,6.9,6.9,6210.0,
2022-02-10 07:00:00,8.06,8.06,8.06,8.06,1300.0,ZZZZZZ
2022-02-25 07:00:00,8.06,8.12,8.06,8.06,1800.0,???
2023-09-28 07:00:00,6.39,6.54,6.39,6.54,206.0,???
2024-03-14 07:00:00,6.54,6.54,6.54,6.54,800.0,ZZZZZZ
2024-06-24 07:00:00,22.22,22.88,19.97,20.7,73397.0,123
2025-05-19 07:00:00,13.7,14.08,13.51,14.08,6300.0,123
2026-01-20 07:00:00,12.6,12.6,12.4,12.6,2200.0,???
2018-01-18 07:00:00,5.26,5.26,5.26,5.26,68.0,???
2015-12-17 07:00:00,5.37,5.37,5.24,5.24,158860.0,
2016-06-06 07:00:00,6.19,6.25,6.06,6.19,439590.0,???
2016-08-10 07:00:00,5.56,5.62,5.56,5.62,95490.0,123
2017-12-07 07:00:00,6.74,6.82,6.53,6.53,1210630.0,
2018-03-29 07:00:00,6.19,6.3,6.16,6.3,519760.0,
2019-06-18 07:00:00,6.8,6.85,6.8,6.85,170290.0,
2019-09-25 07:00:00,7.01,7.05,6.96,7.05,37630.0,A@
2019-10-31 07:00:00,7.05,7.12,7.04,7.12,27900.0,
2020-01-03 07:00:00,7.32,7.37,7.14,7.37,271420.0,
2020-03-05 07:00:00,8.93,9.02,8.66,8.75,114540.0,A@
2020-05-06 07:00:00,8.12,8.3,8.12,8.25,141950.0,123
2020-06-01 07:00:00,8.12,8.3,8.12,8.28,61250.0,123
2020-08-04 07:00:00,10.09,10.18,9.78,10.18,154450.0,123
2021-05-13 07:00:00,9.3,9.4,9.26,9.3,106000.0,???
2021-12-29 07:00:00,24.18,22.85,25.06,22.94,6404700.0,123
2023-02-03 07:00:00,6.25,6.25,5.8,6.1,794000.0,123
2023-09-08 07:00:00,7.79,7.79,7.69,7.72,821000.0,???
2024-10-23 07:00:00,6.58,6.58,6.44,6.5,151800.0,???
2025-03-19 07:00:00,7.31,7.33,7.26,7.27,192100.0,
2025-06-18 07:00:00,6.46,6.54,6.42,6.45,242200.0,ZZZZZZ
2025-07-07 07:00:00,6.62,6.62,6.45,6.6,486000.0,A@
2025-09-16 07:00:00,8.55,8.55,8.34,8.35,745100.0,123
2026-01-13 07:00:00,7.5,7.5,7.22,7.26,215100.0,???
2026-02-06 07:00:00,7.1,7.18,6.95,6.95,183200.0,A@
2026-03-04 07:00:00,6.8,6.8,6.5,6.61,300500.0,
2016-10-14 07:00:00,11.76,12.35,11.76,12.06,14500.0,A@
2016-11-08 07:00:00,16.44,18.23,15.9,17.45,91500.0,???
2017-01-20 07:00:00,16.2,16.26,16.02,16.08,24800.0,
2017-03-07 07:00:00,-16.14,16.14,15.72,15.72,-22430.0,
2018-01-11 07:00:00,19.19,19.32,19.13,19.13,17065.0,A@
2018-08-08 07:00:00,17.73,17.93,17.73,17.73,6400.0,???
2018-12-21 07:00:00,16.0,16.0,16.0,16.0,700.0,123
2019-05-31 07:00:00,18.4,18.4,18.4,18.4,600.0,???
2019-06-04 07:00:00,18.48,18.48,18.4,18.4,1100.0,???
2021-06-11 07:00:00,20.64,20.88,20.08,20.88,19800.0,A@
2021-07-02 07:00:00,21.29,21.37,21.29,21.29,8108.0,ZZZZZZ
2022-02-23 07:00:00,25.86,26.83,25.86,26.35,22200.0,
2022-10-12 07:00:00,20.09,21.07,19.84,21.07,2600.0,A@
2023-02-23 07:00:00,22.79,22.79,22.55,22.55,1500.0,ZZZZZZ
2023-06-26 07:00:00,21.34,21.34,21.17,21.17,1105.0,A@
2023-09-06 07:00:00,21.13,21.22,20.78,21.04,2601.0,???
2024-04-02 07:00:00,23.09,23.18,23.09,23.18,2429.0,A@
2025-03-06 07:00:00,41.58,41.87,39.8,40.55,166358.0,A@
2026-02-09 07:00:00,-37.7,38.6,37.5,38.3,-36400.0,ZZZZZZ
2016-01-20 07:00:00,3.31,3.31,3.31,3.31,10.0,
2016-05-13 07:00:00,2.4,2.65,2.4,2.65,23280.0,A@
2016-05-26 07:00:00,2.62,2.79,2.62,2.68,570.0,
2016-10-03 07:00:00,2.38,2.38,2.38,2.38,4000.0,A@
2017-12-05 07:00:00,3.24,3.44,3.24,3.44,19430.0,ZZZZZZ
2018-05-16 07:00:00,3.42,3.42,3.42,3.42,200.0,
2020-09-14 07:00:00,5.27,5.27,4.9,5.09,36000.0,ZZZZZZ
2021-12-15 07:00:00,14.75,15.14,14.67,14.88,41600.0,A@
2022-04-08 07:00:00,15.32,15.54,15.27,15.27,33400.0,???
2024-08-07 07:00:00,19.61,19.79,18.98,19.34,75600.0,123
2024-12-18 07:00:00,18.62,19.2,18.57,19.11,8500.0,ZZZZZZ
2025-11-26 07:00:00,13.55,13.65,13.55,13.65,3200.0,
2026-03-04 07:00:00,12.9,13.3,12.9,13.3,10800.0,???
2026-03-26 07:00:00,12.85,13.7,12.85,13.35,11700.0,
2016-01-08 07:00:00,4.37,4.51,4.37,4.51,44300.0,123
2016-02-01 07:00:00,4.46,4.46,4.56,4.56,15810.0,123
2016-10-10 07:00:00,4.99,4.99,5.08,22.44902170384833,785470.0,A@
2017-05-19 07:00:00,7.38,7.49,7.38,7.49,44530.0,ZZZZZZ
2017-06-02 07:00:00,7.87,7.87,7.71,7.82,34480.0,123
2018-10-09 07:00:00,-9.07,9.13,8.86,8.86,-6680.0,A@
2018-12-21 07:00:00,8.59,8.59,8.53,8.59,3980.0,123
2019-04-02 07:00:00,8.8,8.95,8.8,8.95,7130.0,ZZZZZZ
2019-07-22 07:00:00,9.2,9.39,9.07,9.33,56350.0,
2020-06-09 07:00:00,9.33,9.52,9.33,9.52,6560.0,123
2020-12-15 07:00:00,10.58,10.65,10.54,10.58,56210.0,A@
2021-12-14 07:00:00,14.71,14.83,14.71,14.75,23100.0,ZZZZZZ
2022-08-26 07:00:00,18.78,19.02,18.55,18.55,9700.0,???
2022-12-28 07:00:00,18.6,18.6,18.47,18.56,5900.0,
2023-06-28 07:00:00,20.96,20.96,20.69,20.82,27000.0,ZZZZZZ
2023-10-19 07:00:00,22.21,22.21,21.85,22.21,23600.0,???
2023-11-28 07:00:00,23.1,23.1,22.38,23.1,49300.0,ZZZZZZ
2024-01-16 07:00:00,24.61,24.88,23.63,24.88,36000.0,A@
2024-03-26 07:00:00,29.83,29.83,29.47,29.47,1500.0,???
2025-09-17 07:00:00,29.0,29.05,29.0,29.05,6900.0,ZZZZZZ
2025-10-27 07:00:00,28.8,29.0,28.6,28.9,10900.0,123
2025-12-17 07:00:00,28.5,28.5,28.5,192.33268837878475,6900.0,
2024-06-24 07:00:00,14.17,14.17,14.08,14.17,26601.0,A@
2018-08-14 07:00:00,15.93,16.98,15.87,16.98,1060.0,ZZZZZZ
2019-04-25 07:00:00,8.03,8.03,8.03,8.03,3960.0,A@
2021-03-31 07:00:00,13.61,13.64,13.0,13.04,151600.0,123
2021-05-11 07:00:00,10.89,11.19,10.51,10.58,208100.0,ZZZZZZ
2022-04-06 07:00:00,14.04,14.16,13.96,14.04,99800.0,
2022-11-24 07:00:00,10.38,10.43,10.3,10.43,16900.0,ZZZZZZ
2023-05-30 07:00:00,9.1,9.15,9.1,9.15,19700.0,
2023-10-03 07:00:00,9.26,9.26,9.02,9.14,14100.0,???
2023-10-05 07:00:00,9.1,9.26,8.86,9.02,20500.0,
2025-05-12 07:00:00,7.91,8.08,7.91,8.08,2600.0,A@
2017-01-10 07:00:00,15.7,15.7,15.7,15.7,3500.0,123
2018-04-23 07:00:00,16.64,16.64,16.64,16.64,150.0,A@
2019-09-16 07:00:00,17.93,17.93,16.6,17.82,260.0,ZZZZZZ
2020-09-21 07:00:00,14.44,14.44,14.44,14.44,10.0,123
2020-11-04 07:00:00,-14.59,14.59,14.44,14.44,-3060.0,ZZZZZZ
2021-02-17 07:00:00,18.88,18.88,18.44,18.44,11200.0,???
2021-03-17 07:00:00,17.09,17.45,17.09,17.45,3100.0,ZZZZZZ
2021-09-17 07:00:00,18.64,19.79,18.64,19.79,29700.0,
2022-08-05 07:00:00,18.18,18.18,18.18,18.18,400.0,A@
2023-02-03 07:00:00,21.81,22.37,21.81,22.37,3600.0,123
2024-01-30 07:00:00,18.81,18.81,18.81,18.81,100.0,A@
2025-05-27 07:00:00,17.8,17.8,16.65,17.55,6600.0,???
2025-07-15 07:00:00,16.7,16.7,16.7,16.7,900.0,???
2021-04-15 07:00:00,28.05,28.05,28.05,28.05,900.0,ZZZZZZ
2021-07-21 07:00:00,61.2,62.5,60.6,60.6,342500.0,A@
2021-08-19 07:00:00,66.6,67.9,66.5,67.6,245688.0,???
2021-10-08 07:00:00,65.9,67.5,64.9,66.1,180905.0,
2021-11-09 07:00:00,79.5,81.0,79.3,80.9,340841.0,123
2024-03-08 07:00:00,65.2,65.5,65.0,65.1,48600.0,A@
2025-07-24 07:00:00,64.7,64.8,64.4,64.4,27500.0,123
2015-12-10 07:00:00,4.19,4.24,4.19,4.24,7600.0,123
2016-07-04 07:00:00,3.71,3.71,3.71,3.71,3240.0,???
2017-11-02 07:00:00,1.59,1.59,1.59,1.59,5100.0,A@
2018-11-02 07:00:00,1.27,1.33,1.27,1.33,200.0,ZZZZZZ
2019-04-19 07:00:00,1.64,1.64,1.64,1.64,6200.0,ZZZZZZ
2019-07-05 07:00:00,2.28,2.28,2.28,2.28,11000.0,123
2021-06-14 07:00:00,8.96,8.96,8.38,8.54,64500.0,???
2022-02-25 07:00:00,11.35,11.75,11.0,11.4,37000.0,
2022-06-20 07:00:00,5.25,5.42,4.85,4.85,25800.0,
2024-02-05 07:00:00,15.94,15.94,14.86,15.94,8841.0,
2024-02-21 07:00:00,18.1,18.1,18.1,18.1,6237.0,123
2024-05-22 07:00:00,25.06,25.26,24.99,24.99,15283.0,???
2025-04-14 07:00:00,23.09,23.09,22.69,22.77,19137.0,???
2025-09-24 07:00:00,-19.4,19.48,19.4,19.4,-4800.0,
2026-01-21 07:00:00,19.3,21.8,19.3,20.6,247600.0,???
2026-02-27 07:00:00,20.7,20.8,20.4,20.5,40100.0,ZZZZZZ
2016-04-13 07:00:00,4.28,4.28,4.28,4.28,41259.0,
2016-08-23 07:00:00,6.69,7.06,6.69,6.91,31866.0,ZZZZZZ
2016-10-14 07:00:00,6.57,6.81,6.57,6.65,1600.0,???
2016-12-13 07:00:00,5.45,5.77,5.45,5.77,9309.0,ZZZZZZ
2018-11-27 07:00:00,5.1,5.55,5.1,5.55,600.0,A@
2020-02-20 07:00:00,5.92,5.92,5.92,5.92,3030.0,123
2020-03-19 07:00:00,5.37,5.37,5.37,5.37,600.0,123
2020-04-03 07:00:00,4.73,4.73,4.73,4.73,100.0,ZZZZZZ
2021-02-24 07:00:00,5.19,5.28,4.83,5.19,15700.0,???
2021-03-10 07:00:00,5.19,5.55,5.1,5.46,20703.0,
2021-12-16 07:00:00,11.29,11.84,11.29,11.65,5928.0,
2022-03-17 07:00:00,10.93,10.93,10.83,10.83,8800.0,???
2023-08-01 07:00:00,6.0,6.5,6.0,6.5,600.0,???
2023-12-22 07:00:00,-4.3,4.4,4.3,4.4,-900.0,A@
2024-01-24 07:00:00,4.0,4.0,4.0,4.0,1000.0,
2024-07-24 07:00:00,4.8,4.8,4.7,4.7,2500.0,???
2025-09-30 07:00:00,4.1,4.1,4.1,4.1,200.0,???
2016-05-09 07:00:00,5.63,5.63,5.63,5.63,10900.0,
2016-06-08 07:00:00,5.29,5.63,5.29,5.29,400.0,???
2017-06-07 07:00:00,4.53,4.53,4.44,4.53,30400.0,???
2017-11-20 07:00:00,3.56,3.56,3.02,3.2,5100.0,ZZZZZZ
2017-12-12 07:00:00,3.47,3.47,3.47,3.47,1000.0,ZZZZZZ
2018-04-02 07:00:00,2.6,2.6,2.6,2.6,10000.0,???
2019-08-20 07:00:00,2.1,2.1,1.9,2.1,22500.0,ZZZZZZ
2021-04-05 07:00:00,4.1,4.4,3.8,4.4,145356.0,
2021-06-09 07:00:00,4.3,4.4,4.3,4.4,1636.0,123
2021-07-19 07:00:00,3.6,3.6,3.4,18.37239483760764,2253050.0,ZZZZZZ
2022-01-04 07:00:00,8.6,8.6,8.2,8.5,102850.0,A@
2022-07-14 07:00:00,4.3,4.5,4.3,4.5,4500.0,ZZZZZZ
2023-03-03 07:00:00,3.6,3.6,3.6,3.6,2100.0,ZZZZZZ
2024-08-14 07:00:00,6.2,6.2,6.2,6.1,1.0,
2025-01-07 07:00:00,5.5,5.5,5.0,5.0,2100.0,ZZZZZZ
2025-07-01 07:00:00,5.7,6.7,5.7,6.6,7100.0,???
2016-11-29 07:00:00,8.85,9.12,8.85,9.12,10100.0,
2018-01-02 07:00:00,10.54,10.71,10.54,10.71,3500.0,
2018-03-15 07:00:00,9.5,9.5,9.5,9.5,1200.0,ZZZZZZ
2019-08-06 07:00:00,6.2,6.6,6.2,6.6,200.0,
2019-08-07 07:00:00,6.0,6.0,6.0,6.0,1500.0,
2021-02-08 07:00:00,3.6,3.9,3.6,3.8,31100.0,A@
2021-10-11 07:00:00,5.1,5.3,5.0,5.0,36033.0,A@
2021-12-16 07:00:00,8.3,8.3,7.9,8.1,15400.0,ZZZZZZ
2022-02-21 07:00:00,7.6,7.8,7.6,7.8,16400.0,123
2023-07-14 07:00:00,3.7,3.7,3.7,3.7,100.0,A@
2024-06-03 07:00:00,3.3,3.7,3.3,3.4,7000.0,A@
2024-08-15 07:00:00,3.1,3.1,3.1,3.1,1100.0,???
2025-02-04 07:00:00,3.1,3.1,3.1,3.1,100.0,A@
2015-10-28 07:00:00,9.81,9.81,9.65,9.81,31800.0,???
2016-12-21 07:00:00,7.44,7.44,7.44,7.44,1300.0,
2017-02-15 07:00:00,7.7,7.78,7.52,7.7,4070.0,
2017-07-31 07:00:00,8.13,8.13,7.87,8.04,23316.0,
2019-02-27 07:00:00,3.7,3.8,3.6,3.7,38300.0,???
2019-07-26 07:00:00,3.3,3.3,2.8,3.0,19121.0,
2020-02-27 07:00:00,2.4,2.4,2.4,2.4,11900.0,A@
2021-03-23 07:00:00,4.6,4.6,4.3,4.6,336298.0,123
2021-12-27 07:00:00,9.5,9.5,9.0,9.2,387506.0,???
2023-08-07 07:00:00,4.1,4.4,4.1,4.2,313010.0,123
2023-08-30 07:00:00,3.9,3.9,3.7,3.8,9200.0,123
2023-11-28 07:00:00,3.6,3.6,3.5,3.6,8200.0,ZZZZZZ
2024-01-22 07:00:00,3.4,3.5,3.4,3.5,1100.0,123
2024-05-15 07:00:00,3.6,3.8,3.6,3.8,3100.0,A@
2018-03-05 07:00:00,11.9,11.9,11.9,11.9,17000.0,ZZZZZZ
2018-12-04 07:00:00,9.0,9.0,9.0,9.0,100.0,???
2020-05-25 07:00:00,7.4,7.4,6.8,6.8,200.0,A@
2022-08-26 07:00:00,19.1,20.1,17.8,20.1,1200.0,A@
2023-06-16 07:00:00,39.6,39.6,39.6,39.6,402.0,
2026-01-07 07:00:00,20.5,20.5,20.5,20.5,100.0,123
2015-12-30 07:00:00,9.02,9.02,8.99,9.02,71090.0,ZZZZZZ
2017-04-05 07:00:00,9.33,9.7,9.33,9.7,1380.0,A@
2017-08-16 07:00:00,10.01,10.17,10.01,10.17,310.0,???
2017-08-24 07:00:00,9.4,9.95,9.39,9.39,6430.0,123
2019-01-23 07:00:00,8.77,8.77,8.77,8.77,320.0,???
2019-03-22 07:00:00,8.89,9.2,8.89,30.93281884589626,777200.0,
2020-02-10 07:00:00,8.41,8.41,8.41,8.41,400.0,
2020-04-17 07:00:00,7.26,7.87,7.26,7.87,480.0,
2021-07-13 07:00:00,16.39,16.39,15.53,16.18,3800.0,123
2021-10-04 07:00:00,21.57,21.57,21.36,21.36,14500.0,123
2022-12-22 07:00:00,23.24,23.24,21.7,23.03,5200.0,
2023-08-07 07:00:00,26.99,26.99,26.66,26.95,7000.0,123
2016-08-04 07:00:00,15.74,16.05,15.74,16.05,2800.0,???
2016-11-17 07:00:00,16.08,16.08,16.08,16.08,2000.0,ZZZZZZ
2017-05-23 07:00:00,19.77,19.77,18.3,18.3,4100.0,ZZZZZZ
2017-06-30 07:00:00,19.45,19.45,19.45,19.45,2100.0,123
2017-07-31 07:00:00,23.91,23.91,19.77,21.04,54200.0,A@
2021-01-18 07:00:00,17.79,17.79,17.79,17.79,100.0,ZZZZZZ
2021-03-08 07:00:00,17.53,17.53,17.46,17.46,300.0,A@
2021-04-28 07:00:00,17.38,17.38,16.59,16.59,600.0,???
2021-11-05 07:00:00,23.22,23.22,20.62,21.72,900.0,
2022-09-30 07:00:00,21.35,21.35,21.35,21.35,1.0,
2023-09-27 07:00:00,20.92,21.1,20.92,21.1,400.0,A@
2026-04-06 07:00:00,17.3,17.3,17.3,17.3,100.0,A@
2016-01-25 07:00:00,5.67,5.14,5.09,5.09,21900.0,ZZZZZZ
2017-06-13 07:00:00,6.58,6.58,7.92,7.92,2400.0,ZZZZZZ
2018-07-26 07:00:00,6.82,6.82,6.82,6.82,100.0,
2020-06-11 07:00:00,9.4,9.48,8.17,8.82,1800.0,A@
2021-11-03 07:00:00,9.42,9.42,9.42,9.42,200.0,123
2023-04-26 07:00:00,20.22,20.22,20.22,20.22,1.0,A@
2025-04-02 07:00:00,11.2,11.2,11.2,11.2,1100.0,
2016-12-12 07:00:00,18.99,18.99,18.99,18.99,100.0,A@
2020-07-29 07:00:00,29.39,29.39,29.39,29.39,150.0,???
2022-08-26 07:00:00,26.02,26.02,26.02,26.02,400.0,
2023-09-19 07:00:00,22.62,22.62,22.62,22.62,10.0,
2024-03-05 07:00:00,20.98,20.98,20.98,20.98,100.0,
2021-10-14 07:00:00,21.49,21.67,20.88,21.32,6540.0,???
2022-08-19 07:00:00,18.8,21.76,18.8,21.76,16600.0,123
2022-11-22 07:00:00,17.84,18.71,17.84,18.71,10000.0,ZZZZZZ
2023-11-29 07:00:00,12.74,12.74,12.56,12.56,7000.0,ZZZZZZ
2024-06-27 07:00:00,13.36,13.36,13.36,13.36,500.0,123
2016-08-04 07:00:00,2.98,2.98,2.98,2.98,100.0,A@
2016-10-12 07:00:00,2.98,2.98,2.98,2.98,2000.0,123
2017-03-13 07:00:00,3.81,3.85,3.81,3.85,2600.0,
2017-12-07 07:00:00,6.59,6.59,6.59,6.59,100.0,A@
2019-05-28 07:00:00,7.44,7.44,7.44,7.44,212.0,ZZZZZZ
2019-11-12 07:00:00,11.1,11.1,11.1,11.1,100.0,A@
2021-04-22 07:00:00,8.52,9.45,8.52,9.45,500.0,ZZZZZZ
2022-05-18 07:00:00,10.87,10.87,10.74,10.74,1500.0,123
2024-10-10 07:00:00,12.21,12.21,12.21,12.21,100.0,A@
2024-11-08 07:00:00,12.85,12.85,11.51,11.51,3700.0,ZZZZZZ
2025-02-14 07:00:00,12.27,12.27,12.14,12.14,200.0,???
2016-08-09 07:00:00,8.56,8.56,8.56,8.56,295200.0,123
2018-02-26 07:00:00,9.59,9.59,9.49,9.49,863725.0,???
2018-08-01 07:00:00,9.49,9.49,9.4,9.49,91710.0,ZZZZZZ
2019-03-07 07:00:00,9.6,9.6,9.6,9.6,200.0,???
2019-07-31 07:00:00,8.8,9.0,8.5,8.9,23535.0,
2019-11-06 07:00:00,9.0,9.0,9.0,9.0,23000.0,A@
2020-02-28 07:00:00,8.6,8.9,8.6,8.9,14600.0,A@
2020-04-20 07:00:00,6.9,7.1,6.3,7.1,362.0,ZZZZZZ
2020-06-23 07:00:00,7.0,7.0,7.0,7.0,400.0,ZZZZZZ
2020-12-04 07:00:00,7.7,7.8,7.7,7.8,249.0,A@
2022-08-25 07:00:00,8.5,8.8,8.5,8.8,200.0,ZZZZZZ
2023-07-28 07:00:00,8.5,8.5,8.1,8.1,2882.0,
2023-10-10 07:00:00,7.7,7.7,7.0,7.3,600.0,123
2025-09-08 07:00:00,5.7,5.9,5.6,5.6,47400.0,
2025-10-08 07:00:00,5.2,5.2,5.0,5.1,23700.0,ZZZZZZ
2015-11-20 07:00:00,1.4,1.42,1.38,1.4,134800.0,123
2016-06-27 07:00:00,1.15,1.15,1.11,1.15,372800.0,
2017-10-25 07:00:00,3.63,3.65,3.59,3.61,722200.0,ZZZZZZ
2017-11-01 07:00:00,3.49,3.51,3.41,3.45,1278057.0,A@
2017-11-20 07:00:00,3.67,3.67,3.61,3.65,1652205.0,
2018-02-27 07:00:00,4.59,4.59,4.46,4.57,1522296.0,A@
2021-03-25 07:00:00,-8.83,8.92,8.64,8.7,-4633887.0,???
2021-09-15 07:00:00,17.34,17.52,16.98,17.38,5637639.0,ZZZZZZ
2022-05-25 07:00:00,11.56,12.5,11.49,12.3,12467395.0,ZZZZZZ
2022-07-05 07:00:00,10.34,10.34,9.8,9.8,5200768.0,A@
2022-11-04 07:00:00,6.94,7.02,6.52,6.68,16885056.0,???
2023-02-23 07:00:00,7.19,7.28,6.94,7.28,12495627.0,A@
2023-05-09 07:00:00,9.22,9.22,8.97,9.14,12368777.0,123
2024-03-22 07:00:00,16.92,17.26,16.75,16.92,30711453.0,
2024-06-17 07:00:00,14.55,15.91,14.55,15.65,12704188.0,ZZZZZZ
2024-10-03 07:00:00,13.71,13.88,13.37,13.45,15628097.0,123
2025-11-18 07:00:00,23.0,23.5,22.8,22.9,13873200.0,
2026-02-26 07:00:00,18.9,19.1,18.7,19.0,7064800.0,ZZZZZZ
2017-03-01 07:00:00,24.18,24.18,24.18,24.18,100.0,???
2018-09-24 07:00:00,13.19,15.12,13.19,15.12,300.0,A@
2019-06-13 07:00:00,13.79,13.79,13.79,13.79,200.0,???
2020-12-25 07:00:00,12.06,12.24,11.87,11.87,8700.0,???
2021-06-09 07:00:00,12.98,13.08,12.98,13.08,2300.0,ZZZZZZ
2022-03-25 07:00:00,16.62,19.08,16.62,17.21,29100.0,
2023-08-15 07:00:00,12.69,12.79,12.3,12.3,7900.0,A@
2024-09-24 07:00:00,13.38,13.48,13.38,13.48,300.0,ZZZZZZ
2025-08-04 07:00:00,19.0,20.0,18.5,19.0,13700.0,ZZZZZZ
2025-09-17 07:00:00,17.8,18.0,17.8,17.9,13900.0,ZZZZZZ
2026-01-26 07:00:00,15.7,15.7,15.0,15.0,1300.0,ZZZZZZ
2026-04-23 07:00:00,15.0,15.0,14.9,14.9,600.0,???
2017-07-28 07:00:00,0.91,0.91,0.82,0.82,43920.0,
2017-12-07 07:00:00,0.8,0.8,0.8,0.8,10500.0,???
2018-11-02 07:00:00,0.7,0.7,0.7,0.7,3000.0,ZZZZZZ
2018-11-21 07:00:00,0.9,0.9,0.7,0.7,1600.0,ZZZZZZ
2020-09-10 07:00:00,2.0,2.0,2.0,2.0,1000.0,123
2022-01-25 07:00:00,9.4,9.4,8.0,9.2,8600.0,A@
2024-01-10 07:00:00,5.8,5.8,5.2,5.8,1300.0,A@
2024-05-02 07:00:00,6.4,6.5,5.8,6.3,14100.0,
2025-11-18 07:00:00,4.9,5.4,4.5,5.0,11200.0,???
2017-08-18 07:00:00,5.93,5.93,5.72,5.93,22080.0,ZZZZZZ
2017-09-18 07:00:00,5.69,5.69,5.69,5.69,390.0,???
2019-09-04 07:00:00,12.68,12.42,12.42,12.42,39000.0,
2019-09-18 07:00:00,12.16,12.16,12.16,12.16,12000.0,
2019-12-25 07:00:00,11.95,11.95,11.95,11.95,270.0,
2020-09-16 07:00:00,9.08,9.68,9.08,9.68,4750.0,123
2021-03-25 07:00:00,7.52,8.24,7.52,8.24,200.0,???
2021-06-18 07:00:00,7.88,7.88,7.88,7.88,4000.0,ZZZZZZ
2021-11-10 07:00:00,10.12,10.12,10.12,10.12,100.0,???
2022-10-28 07:00:00,6.76,6.76,6.76,6.76,2000.0,ZZZZZZ
2023-06-09 07:00:00,7.24,7.24,6.96,7.19,2600.0,A@
2024-03-20 07:00:00,8.98,9.07,8.98,8.98,9100.0,???
2024-08-09 07:00:00,9.3,9.3,9.3,9.3,3600.0,
2015-09-28 07:00:00,12.19,12.72,12.19,12.61,300.0,???
2015-11-10 07:00:00,11.66,12.3,11.66,12.3,200.0,123
2018-02-28 07:00:00,13.59,13.59,13.59,13.59,300.0,A@
2018-05-23 07:00:00,16.97,16.97,14.31,15.61,1600.0,123
2018-09-13 07:00:00,16.66,18.29,16.66,18.22,600.0,
2020-01-14 07:00:00,10.2,11.56,10.2,11.56,1100.0,???
2020-06-16 07:00:00,7.59,7.59,6.88,7.17,4900.0,A@
2021-05-11 07:00:00,7.8,7.8,7.8,7.8,100.0,???
2021-05-14 07:00:00,8.28,8.76,8.28,8.76,200.0,???
2021-10-26 07:00:00,14.65,15.37,14.33,14.65,27500.0,???
2021-11-23 07:00:00,13.61,14.33,13.61,14.17,32900.0,ZZZZZZ
2022-03-03 07:00:00,18.95,19.11,17.59,18.87,180721.0,123
2022-07-20 07:00:00,9.08,9.08,8.92,9.08,19100.0,???
2022-11-25 07:00:00,5.49,5.57,5.49,5.57,1200.0,ZZZZZZ
2023-03-23 07:00:00,6.21,6.21,6.21,6.21,1300.0,123
2023-05-24 07:00:00,6.29,6.29,5.81,6.21,7300.0,ZZZZZZ
2024-07-11 07:00:00,4.22,4.46,4.14,4.46,103900.0,A@
2017-02-28 07:00:00,16.15,16.82,16.15,16.25,13700.0,A@
2017-06-02 07:00:00,13.96,13.96,13.71,13.76,1710.0,ZZZZZZ
2017-10-24 07:00:00,12.93,13.14,12.82,13.1,18380.0,ZZZZZZ
2018-05-23 07:00:00,11.68,11.68,11.09,11.53,3950.0,ZZZZZZ
2019-06-05 07:00:00,11.73,11.73,10.99,11.36,2310.0,123
2019-09-30 07:00:00,11.81,11.81,11.4,11.65,4020.0,???
2020-02-27 07:00:00,11.19,12.6,11.19,12.43,410.0,
2020-11-24 07:00:00,11.82,11.91,11.82,11.91,1000.0,ZZZZZZ
2020-12-07 07:00:00,11.82,12.0,11.59,11.59,5830.0,A@
2020-12-10 07:00:00,11.73,11.91,11.73,11.82,10710.0,123
2021-06-18 07:00:00,11.91,11.91,11.18,11.77,30700.0,A@
2021-10-28 07:00:00,13.0,13.1,13.0,13.0,7900.0,123
2022-06-17 07:00:00,12.85,12.85,12.85,12.85,500.0,A@
2023-03-10 07:00:00,9.35,9.35,9.35,9.35,100.0,ZZZZZZ
2023-03-13 07:00:00,9.69,9.69,8.7,9.55,1900.0,123
2024-02-26 07:00:00,8.09,8.57,8.09,8.15,4600.0,ZZZZZZ
2024-04-12 07:00:00,9.9,10.0,9.55,10.0,18200.0,ZZZZZZ
2024-10-01 07:00:00,8.9,8.94,8.9,8.93,10000.0,123
2025-03-04 07:00:00,9.98,10.1,9.41,10.0,4200.0,ZZZZZZ
2025-06-05 07:00:00,9.0,9.1,9.0,9.02,1100.0,A@
2025-12-31 07:00:00,8.48,8.48,8.2,8.42,29500.0,???
2026-02-11 07:00:00,7.53,7.97,7.46,7.81,14900.0,A@
2022-11-21 07:00:00,22.0,22.11,21.74,21.85,879500.0,ZZZZZZ
2023-05-22 07:00:00,21.96,22.11,21.93,22.11,560100.0,A@
2023-12-19 07:00:00,19.74,19.91,19.74,19.91,1005100.0,A@
2024-07-24 07:00:00,18.94,19.38,18.85,19.34,2670500.0,123
2024-09-11 07:00:00,17.0,17.5,16.0,16.0,2221300.0,123
2024-12-11 07:00:00,17.35,17.4,17.1,17.35,2086500.0,ZZZZZZ
2025-07-24 07:00:00,19.9,20.1,19.8,19.95,1940700.0,???
2022-08-29 07:00:00,85.3,85.3,82.8,83.1,439000.0,123
2023-08-30 07:00:00,64.1,64.5,64.0,64.3,63200.0,123
2023-11-30 07:00:00,63.1,63.5,62.9,62.9,67300.0,ZZZZZZ
2024-01-11 07:00:00,64.5,64.5,64.2,64.3,60900.0,ZZZZZZ
2024-04-15 07:00:00,66.8,67.1,66.4,66.4,45000.0,
2024-06-19 07:00:00,69.0,69.1,68.8,69.0,52900.0,???
2024-10-21 07:00:00,67.0,67.5,67.0,67.3,57100.0,
2025-04-14 07:00:00,89.9,89.9,80.0,83.8,8731.0,
2025-04-18 07:00:00,81.3,82.5,81.3,81.5,13429.0,123
2025-09-22 07:00:00,97.0,105.9,96.5,630.3758156147929,167200.0,ZZZZZZ
2015-10-27 07:00:00,10.98,11.07,9.35,10.98,95800.0,ZZZZZZ
2016-04-13 07:00:00,7.0,7.18,6.17,7.0,15100.0,ZZZZZZ
2016-09-28 07:00:00,20.09,20.55,20.09,20.37,202800.0,ZZZZZZ
2017-03-06 07:00:00,21.11,21.21,20.55,20.65,164610.0,A@
2018-03-12 07:00:00,18.5,18.5,17.0,18.5,35000.0,ZZZZZZ
2019-08-01 07:00:00,7.9,7.9,6.9,7.0,207603.0,123
2019-10-08 07:00:00,4.7,4.8,4.6,4.7,49260.0,ZZZZZZ
2020-03-03 07:00:00,4.3,4.4,3.8,3.9,84000.0,ZZZZZZ
2020-07-20 07:00:00,3.8,3.8,3.8,3.8,6600.0,123
2020-07-21 07:00:00,3.8,3.9,3.6,3.8,16448.0,
2020-08-21 07:00:00,4.2,4.5,4.1,4.4,93550.0,123
2021-10-15 07:00:00,6.0,6.3,5.8,6.0,502100.0,
2016-01-29 07:00:00,11.3,11.5,11.2,11.3,468470.0,
2016-03-30 07:00:00,10.1,10.4,10.1,10.3,830710.0,A@
2016-05-17 07:00:00,12.0,12.9,11.7,12.7,4426370.0,
2016-06-21 07:00:00,11.4,11.5,11.2,11.5,1032700.0,123
2016-07-28 07:00:00,11.2,11.2,11.0,11.2,750120.0,ZZZZZZ
2016-12-08 07:00:00,7.5,7.91,7.47,7.91,1941520.0,
2017-03-09 07:00:00,10.6,10.7,10.45,10.45,1621400.0,A@
2017-08-03 07:00:00,12.4,12.7,12.3,12.3,3983410.0,A@
2018-07-09 07:00:00,10.55,10.75,10.4,10.4,4717430.0,
2018-10-12 07:00:00,12.4,13.1,12.3,13.05,14990250.0,ZZZZZZ
2019-02-19 07:00:00,13.15,13.15,12.8,12.8,5247880.0,ZZZZZZ
2019-06-21 07:00:00,11.45,11.6,11.4,11.45,15020810.0,ZZZZZZ
2019-08-05 07:00:00,10.55,10.6,10.4,10.45,2081320.0,ZZZZZZ
2019-09-06 07:00:00,10.2,10.2,10.1,10.15,1276330.0,ZZZZZZ
2019-10-08 07:00:00,10.6,11.0,10.55,11.0,11682970.0,
2020-02-27 07:00:00,11.3,11.7,11.15,11.65,13069630.0,A@
2020-05-07 07:00:00,9.18,9.38,9.17,9.34,12175430.0,
2021-02-04 07:00:00,17.9,18.15,17.55,17.6,18651000.0,???
2021-09-29 07:00:00,26.5,26.55,25.7,25.8,19931200.0,ZZZZZZ
2022-01-26 07:00:00,35.0,36.5,34.8,35.55,48906400.0,ZZZZZZ
2022-02-21 07:00:00,33.35,33.55,32.8,33.2,21150600.0,ZZZZZZ
2023-02-20 07:00:00,24.3,25.7,24.2,25.7,20147300.0,???
2023-05-15 07:00:00,27.0,27.6,26.9,27.0,29853900.0,
2023-06-02 07:00:00,28.2,28.8,28.15,28.3,17871000.0,???
2024-10-10 07:00:00,34.5,34.8,33.6,33.6,20748300.0,123
2017-08-14 07:00:00,18.05,18.05,15.33,16.79,301.0,???
2018-08-20 07:00:00,14.24,14.24,14.24,14.24,100.0,
2020-03-19 07:00:00,10.72,10.72,10.72,10.72,110.0,???
2021-05-17 07:00:00,12.5,12.5,12.5,12.5,200.0,???
2021-09-14 07:00:00,15.23,15.23,14.04,14.04,4600.0,123
2023-03-07 07:00:00,15.55,15.55,15.55,15.55,300.0,A@
2015-10-27 07:00:00,7.5,7.5,7.5,7.5,70.0,123
2017-10-25 07:00:00,17.26,17.35,17.17,17.22,45650.0,A@
2018-10-15 07:00:00,17.39,17.39,17.17,17.17,4340.0,123
2019-12-24 07:00:00,15.45,16.45,15.45,16.45,1010.0,???
2020-06-01 07:00:00,15.0,15.0,15.0,15.0,60.0,A@
2021-03-05 07:00:00,15.5,15.5,15.1,15.5,8700.0,
2022-05-24 07:00:00,30.9,31.0,29.0,30.8,27600.0,???
2025-02-17 07:00:00,38.5,38.5,38.5,38.5,500.0,
2025-06-09 07:00:00,33.5,34.0,33.5,34.0,1100.0,???
2025-11-19 07:00:00,34.9,34.9,34.9,34.9,100.0,
2016-03-22 07:00:00,3.01,3.01,2.63,2.73,14000.0,123
2016-04-12 07:00:00,3.1,3.57,3.1,3.2,7800.0,???
2018-02-02 07:00:00,0.9,0.9,0.9,0.9,100.0,123
2019-02-22 07:00:00,2.0,2.0,2.0,2.0,200.0,A@
2015-10-29 07:00:00,3.53,3.53,3.53,3.53,10.0,ZZZZZZ
2016-09-15 07:00:00,10.6,10.69,10.5,10.6,6940.0,ZZZZZZ
2022-04-22 07:00:00,4.39,5.06,4.39,4.39,20064.0,
2023-02-24 07:00:00,1.9,1.9,1.7,1.7,6600.0,???
2025-08-08 07:00:00,1.8,1.8,1.8,1.8,2300.0,ZZZZZZ
2017-07-07 07:00:00,12.56,12.65,12.35,12.44,49630.0,ZZZZZZ
2017-07-14 07:00:00,12.56,12.8,12.47,12.56,48430.0,
2017-11-20 07:00:00,11.33,11.43,11.08,11.36,40130.0,ZZZZZZ
2018-08-16 07:00:00,10.57,10.57,10.57,10.57,110.0,ZZZZZZ
2018-10-24 07:00:00,10.7,10.7,10.44,10.7,5400.0,A@
2020-04-28 07:00:00,13.15,13.94,12.29,13.94,36720.0,A@
2020-08-14 07:00:00,22.63,22.63,21.36,21.36,550.0,
2021-08-02 07:00:00,22.52,23.8,22.52,23.8,4000.0,
2021-11-03 07:00:00,30.29,33.99,30.26,31.94,12900.0,A@
2022-09-13 07:00:00,30.89,30.89,30.86,30.89,300.0,123
2023-03-21 07:00:00,25.83,26.45,24.71,26.45,500.0,???
2024-10-15 07:00:00,16.81,18.24,16.81,17.7,500.0,123
2025-02-25 07:00:00,15.06,15.06,14.63,14.63,3300.0,ZZZZZZ
2025-06-04 07:00:00,13.88,13.92,13.88,13.92,2500.0,A@
2025-07-29 07:00:00,15.95,15.95,15.28,15.28,6100.0,ZZZZZZ
2026-03-05 07:00:00,19.8,20.35,19.8,19.8,3800.0,
2026-04-15 07:00:00,17.5,17.75,17.35,17.35,3400.0,
2021-08-31 07:00:00,22.7,22.7,21.8,22.7,34100.0,123
2021-10-08 07:00:00,21.2,22.8,21.2,130.7652179551204,144000.0,123
2021-10-26 07:00:00,21.0,21.0,19.9,20.9,1300.0,
2022-06-20 07:00:00,7.4,7.4,7.4,7.4,100.0,
2025-11-20 07:00:00,7.0,7.0,7.0,7.0,400.0,???
2018-01-30 07:00:00,11.5,11.5,11.5,11.5,100.0,
2015-12-24 07:00:00,5.33,5.33,5.24,5.33,9600.0,A@
2016-02-15 07:00:00,6.05,6.05,5.88,5.96,83600.0,ZZZZZZ
2017-03-09 07:00:00,7.84,8.33,7.8,7.93,237600.0,A@
2018-01-31 07:00:00,7.63,7.69,7.46,7.46,82200.0,ZZZZZZ
2018-09-20 07:00:00,9.1,9.25,9.1,9.25,4119.0,???
2018-10-09 07:00:00,9.91,9.91,9.91,9.91,17600.0,???
2019-05-28 07:00:00,11.24,11.33,11.15,11.15,9750.0,A@
2019-10-11 07:00:00,11.69,11.78,11.69,11.69,25201.0,123
2020-04-13 07:00:00,11.51,11.51,11.51,11.51,100.0,???
2020-09-21 07:00:00,13.68,14.68,13.68,13.77,139300.0,???
2021-04-23 07:00:00,24.01,24.01,23.29,23.92,97700.0,ZZZZZZ
2022-01-11 07:00:00,28.27,28.27,27.18,27.46,17000.0,123
2022-01-21 07:00:00,28.0,28.0,27.09,27.64,45600.0,123
2023-05-11 07:00:00,18.12,18.12,17.49,17.49,5900.0,
2025-04-04 07:00:00,23.2,27.09,23.11,26.37,24800.0,A@
2025-11-06 07:00:00,30.0,31.0,29.5,31.0,10200.0,???
2025-12-12 07:00:00,30.1,30.1,29.1,30.0,2000.0,123
2026-03-25 07:00:00,28.8,29.1,28.8,29.1,200.0,ZZZZZZ
2026-04-10 07:00:00,24.7,25.3,24.7,25.3,18100.0,ZZZZZZ
2025-01-22 07:00:00,32.65,33.13,32.65,33.13,200.0,123
2025-03-28 07:00:00,42.0,42.0,42.0,42.0,1200.0,A@
2025-09-17 07:00:00,35.5,35.5,35.0,35.0,7700.0,
2019-05-17 07:00:00,20.97,21.03,20.9,21.03,100200.0,
2019-11-29 07:00:00,22.27,22.27,20.08,21.65,138000.0,123
2020-05-28 07:00:00,18.16,18.16,16.58,16.58,306500.0,ZZZZZZ
2020-08-07 07:00:00,11.99,12.13,11.85,12.13,482377.0,A@
2020-12-10 07:00:00,17.46,17.54,16.97,16.97,682896.0,A@
2021-01-28 07:00:00,16.89,17.13,15.49,15.49,1764133.0,
2021-12-15 07:00:00,31.69,34.05,31.69,33.87,906685.0,123
2022-04-18 07:00:00,29.7,30.15,28.25,28.34,1216880.0,A@
2022-05-20 07:00:00,21.73,21.46,22.28,21.64,675255.0,
2024-05-03 07:00:00,5.2,5.2,5.2,5.2,681016.0,A@
2025-01-24 07:00:00,4.3,4.8,4.1,4.2,159522.0,A@
2017-01-24 07:00:00,11.97,11.97,11.36,11.36,1600.0,
2018-01-08 07:00:00,12.99,12.99,12.99,12.99,10.0,
2018-05-04 07:00:00,12.83,13.04,12.83,13.04,3200.0,???
2019-12-12 07:00:00,14.95,14.95,14.95,14.95,1060.0,A@
2020-01-13 07:00:00,14.03,14.34,14.03,14.03,11160.0,???
2020-07-28 07:00:00,15.22,15.22,14.64,14.76,1850.0,A@
2020-10-08 07:00:00,16.44,16.44,16.31,16.41,14230.0,A@
2021-03-30 07:00:00,17.36,17.5,17.36,17.36,24900.0,???
2021-08-20 07:00:00,20.9,20.9,20.69,20.69,75700.0,???
2021-09-30 07:00:00,21.06,21.2,21.06,21.2,4600.0,A@
2022-06-09 07:00:00,23.48,23.48,23.44,23.44,3000.0,
2022-12-05 07:00:00,24.64,24.64,23.49,23.69,14800.0,A@
2023-03-15 07:00:00,27.51,27.6,27.51,27.51,300.0,123
2023-07-14 07:00:00,31.52,31.99,31.52,31.99,8300.0,A@
2023-07-20 07:00:00,,34.17,33.83,34.04,7700.0,ZZZZZZ
2024-08-12 07:00:00,36.25,36.25,36.25,36.25,11000.0,A@
2026-03-10 07:00:00,35.46,35.46,35.46,35.46,300.0,ZZZZZZ
2022-11-17 07:00:00,5.98,5.98,5.98,5.98,100.0,???
2023-02-09 07:00:00,5.3,5.3,5.3,5.3,1500.0,???
2024-03-05 07:00:00,9.66,9.66,9.66,9.66,40.0,???
2018-10-09 07:00:00,4.3,4.3,4.3,4.3,7000.0,
2021-11-23 07:00:00,24.41,25.19,23.1,24.5,1328636.0,123
2022-01-19 07:00:00,14.65,16.04,14.65,15.78,562248.0,A@
2023-02-23 07:00:00,6.28,6.36,6.1,6.28,187700.0,A@
2025-01-10 07:00:00,8.6,8.82,8.6,8.6,13600.0,ZZZZZZ
2025-03-12 07:00:00,9.47,9.6,9.47,9.55,282600.0,123
2020-07-01 07:00:00,4.0,4.0,4.0,4.0,2500.0,123
2020-07-03 07:00:00,4.0,4.0,4.0,4.0,6500.0,???
2017-08-09 07:00:00,9.1,9.13,8.26,9.13,4746.0,123
2017-11-23 07:00:00,6.89,7.04,6.89,7.04,3200.0,A@
2017-12-01 07:00:00,6.85,6.96,6.85,6.89,4386.0,???
2017-12-18 07:00:00,6.66,6.66,6.66,6.66,21.0,A@
2018-03-21 07:00:00,7.76,7.76,7.76,7.76,1000.0,
2018-10-08 07:00:00,7.13,7.13,6.92,6.96,6400.0,A@
2019-03-25 07:00:00,8.1,8.1,7.72,7.72,4600.0,???
2019-10-11 07:00:00,11.37,11.42,11.28,11.37,15340.0,???
2020-01-31 07:00:00,10.26,10.26,9.98,10.21,9000.0,ZZZZZZ
2021-01-07 07:00:00,18.61,18.61,19.78,19.78,196282.0,
2021-01-08 07:00:00,19.44,19.78,19.23,19.58,43900.0,???
2021-05-13 07:00:00,20.61,20.74,20.61,20.61,11033.0,ZZZZZZ
2022-03-02 07:00:00,23.37,23.89,23.37,23.52,17003.0,
2022-12-09 07:00:00,19.64,19.64,19.64,19.64,2153.0,123
2023-08-04 07:00:00,22.43,22.43,22.43,22.43,4185.0,???
2024-03-07 07:00:00,25.11,25.29,25.11,25.2,6800.0,123
2024-06-26 07:00:00,31.13,32.15,31.03,31.22,33981.0,
2026-01-23 07:00:00,32.6,32.6,32.1,131.12192055610691,126400.0,ZZZZZZ
2025-08-12 07:00:00,8.4,8.88,8.3,8.69,409200.0,A@
2025-09-23 07:00:00,8.1,8.1,8.0,8.0,19000.0,???
2025-10-02 07:00:00,8.0,8.0,7.8,8.0,25600.0,???
2025-11-25 07:00:00,7.1,7.4,7.1,7.3,69800.0,A@
2026-03-27 07:00:00,,,8.4,8.6,194200.0,ZZZZZZ
2016-01-11 07:00:00,3.29,3.33,3.19,3.29,31280.0,A@
2016-03-25 07:00:00,3.38,3.48,3.38,3.43,52950.0,???
2016-05-23 07:00:00,3.62,3.67,3.58,3.58,66830.0,123
2016-07-25 07:00:00,3.33,3.33,3.28,3.33,51580.0,123
2016-09-14 07:00:00,3.19,3.19,3.12,3.18,4210.0,ZZZZZZ
2017-12-08 07:00:00,4.38,4.68,4.38,4.65,524640.0,???
2018-03-01 07:00:00,5.16,5.21,5.1,5.12,311110.0,???
2018-05-03 07:00:00,5.86,5.86,5.72,5.8,347220.0,A@
2018-08-15 07:00:00,5.32,5.36,5.3,5.3,63450.0,A@
2018-08-29 07:00:00,5.39,5.39,5.35,5.37,54300.0,A@
2019-06-20 07:00:00,6.07,6.07,6.05,6.07,21260.0,ZZZZZZ
2021-01-06 07:00:00,15.63,15.81,15.18,15.36,891000.0,???
2021-07-13 07:00:00,15.68,15.81,14.54,15.63,176800.0,ZZZZZZ
2023-05-12 07:00:00,11.35,11.9,11.3,11.55,1487500.0,A@
2023-07-13 07:00:00,13.1,13.6,13.05,13.45,1123700.0,
2023-10-23 07:00:00,9.58,9.6,9.4,9.45,237600.0,A@
2024-05-29 07:00:00,9.09,9.09,8.91,8.99,333700.0,ZZZZZZ
2024-07-12 07:00:00,9.7,10.3,9.7,10.3,1346400.0,ZZZZZZ
2025-02-27 07:00:00,12.75,13.2,12.75,12.9,828400.0,???
2022-11-15 07:00:00,16.15,16.15,16.15,16.15,1000.0,
2024-12-18 07:00:00,10.75,11.74,10.75,11.74,800.0,???
2017-09-06 07:00:00,4.46,4.6,4.46,4.6,1000.0,
2018-06-13 07:00:00,6.54,6.54,6.54,6.54,100.0,ZZZZZZ
2018-12-06 07:00:00,6.99,6.99,6.99,6.99,100.0,123
2022-01-17 07:00:00,15.13,16.47,15.13,15.73,3200.0,A@
2022-06-08 07:00:00,13.7,13.7,11.91,13.4,1511.0,123
2022-07-08 07:00:00,12.95,12.95,12.95,12.95,300.0,A@
2022-08-25 07:00:00,11.76,12.58,11.31,12.51,1300.0,123
2022-08-29 07:00:00,12.06,12.06,12.06,12.06,100.0,
2024-12-30 07:00:00,10.4,10.4,10.3,10.3,8400.0,ZZZZZZ
2025-03-07 07:00:00,10.8,10.8,10.3,10.7,22520.0,???
2025-07-28 07:00:00,8.5,8.6,8.4,8.6,36100.0,ZZZZZZ
2025-12-16 07:00:00,8.3,8.3,8.2,8.2,3000.0,A@
2019-08-29 07:00:00,5.4,5.4,5.35,5.35,8100.0,
2021-06-03 07:00:00,8.6,8.98,8.28,8.66,617200.0,???
2021-06-08 07:00:00,7.96,8.09,7.32,7.44,428240.0,
2022-08-16 07:00:00,7.82,7.82,7.74,7.82,28799.0,123
2023-02-23 07:00:00,7.07,7.07,6.89,7.07,36065.0,A@
2025-02-12 07:00:00,6.63,6.72,6.53,6.72,16561.0,A@
2025-10-07 07:00:00,6.5,6.5,6.5,6.5,44300.0,A@
2026-01-22 07:00:00,6.6,6.7,6.6,6.6,27600.0,A@
2016-11-10 07:00:00,19.2,19.2,19.2,19.2,1500.0,ZZZZZZ
2017-09-08 07:00:00,16.0,16.0,15.63,15.63,510.0,???
2017-10-12 07:00:00,15.18,16.03,15.18,15.22,390.0,
2019-09-03 07:00:00,16.2,16.2,15.5,15.5,80.0,123
2019-10-09 07:00:00,15.54,16.42,15.54,16.42,20.0,A@
2021-06-07 07:00:00,26.51,26.51,26.51,26.51,100.0,???
2021-06-10 07:00:00,25.06,25.06,25.06,25.06,100.0,???
2021-06-25 07:00:00,27.19,27.19,27.19,27.19,600.0,ZZZZZZ
2021-08-24 07:00:00,26.91,26.91,26.91,26.91,200.0,???
2023-06-21 07:00:00,36.25,36.25,36.25,36.25,100.0,A@
2025-12-30 07:00:00,49.0,49.0,49.0,49.0,100.0,???
2018-12-21 07:00:00,21.83,21.83,21.83,21.83,190.0,A@
2019-06-25 07:00:00,27.14,27.14,27.14,27.14,64.0,ZZZZZZ
2016-01-11 07:00:00,13.02,13.2,12.19,12.8,29100.0,A@
2017-09-14 07:00:00,4.17,4.17,4.17,4.17,200.0,
2018-04-03 07:00:00,3.31,3.31,3.31,3.31,500.0,123
2019-02-11 07:00:00,5.51,5.65,4.8,4.8,1800.0,
2019-05-14 07:00:00,4.03,4.1,4.03,4.1,2300.0,
2019-10-22 07:00:00,3.32,3.32,3.18,3.18,12000.0,ZZZZZZ
2019-10-30 07:00:00,3.25,3.25,3.18,3.18,10500.0,A@
2022-02-25 07:00:00,7.24,7.24,7.06,7.15,600.0,123
2022-03-22 07:00:00,7.24,7.24,7.06,7.24,6100.0,???
2024-10-30 07:00:00,26.16,27.75,26.16,27.75,63200.0,???
2025-08-14 07:00:00,65.58,65.68,63.25,63.54,15500.0,
2025-10-20 07:00:00,61.2,61.4,59.0,59.5,3600.0,A@
2026-02-10 07:00:00,48.4,48.4,43.0,44.3,34300.0,123
2026-04-20 07:00:00,51.0,52.2,51.0,52.2,1900.0,123
2019-09-04 07:00:00,3.1,3.08,2.83,2.86,1266450.0,ZZZZZZ
2019-09-24 07:00:00,2.43,2.48,2.37,21.014121982310822,49862400.0,123
2020-07-21 07:00:00,1.11,1.12,1.06,1.09,262380.0,A@
2021-01-08 07:00:00,1.27,1.27,1.23,1.24,583400.0,ZZZZZZ
2021-08-25 07:00:00,23.0,25.0,21.8,25.0,1428600.0,???
2021-09-17 07:00:00,56.1,64.5,56.1,64.5,1622500.0,A@
2021-11-15 07:00:00,24.3,25.2,24.3,24.4,284400.0,123
2022-02-21 07:00:00,17.05,17.05,16.5,17.05,813000.0,123
2022-03-29 07:00:00,24.1,25.75,24.1,25.75,742900.0,
2022-09-07 07:00:00,,7.38,6.68,7.05,1061700.0,
2023-08-03 07:00:00,3.58,3.58,3.46,3.5,169600.0,ZZZZZZ
2023-08-28 07:00:00,3.39,3.56,3.39,3.46,420200.0,ZZZZZZ
2017-10-03 07:00:00,9.0,9.0,9.0,9.0,48.0,A@
2017-04-04 07:00:00,10.13,10.41,10.13,10.41,37030.0,
2018-06-26 07:00:00,7.57,7.57,7.23,7.23,55270.0,A@
2018-09-17 07:00:00,7.52,7.72,7.42,7.68,9860.0,A@
2019-03-13 07:00:00,9.11,9.37,9.11,9.35,1190.0,
2019-04-26 07:00:00,9.14,9.56,9.14,9.52,290.0,???
2019-08-15 07:00:00,11.55,11.55,11.36,11.52,8220.0,ZZZZZZ
2020-02-26 07:00:00,12.6,12.73,12.6,12.69,3560.0,
2020-10-28 07:00:00,18.3,18.78,18.3,18.51,6360.0,???
2021-11-25 07:00:00,37.15,38.38,36.76,38.38,73600.0,123
2021-12-28 07:00:00,32.64,33.15,32.44,32.88,38600.0,
2022-08-11 07:00:00,27.55,28.15,27.29,27.85,80700.0,
2025-07-10 07:00:00,54.45,54.45,54.07,54.07,25200.0,ZZZZZZ
2020-07-17 07:00:00,8.49,8.49,8.49,54.95156617196155,4200.0,
2021-12-16 07:00:00,12.52,12.52,12.52,12.52,1000.0,???
2022-08-05 07:00:00,11.14,11.14,10.36,10.36,900.0,A@
2023-08-30 07:00:00,8.37,8.37,8.28,8.28,2600.0,123
2024-08-29 07:00:00,7.37,7.46,7.37,7.37,4000.0,123
2025-07-23 07:00:00,9.02,9.02,9.02,9.02,9300.0,123
2026-01-20 07:00:00,9.5,9.5,9.5,9.5,2500.0,???
2015-11-18 07:00:00,2.61,2.75,2.61,2.75,500.0,123
2016-03-23 07:00:00,3.04,3.34,3.01,3.23,1500.0,123
2016-03-24 07:00:00,3.25,3.25,3.25,3.25,100.0,???
2016-04-11 07:00:00,2.97,3.08,2.83,3.08,900.0,A@
2017-10-03 07:00:00,3.22,3.27,3.17,3.27,12100.0,ZZZZZZ
2017-12-28 07:00:00,3.17,3.38,3.17,3.38,137620.0,A@
2018-06-19 07:00:00,3.22,3.22,3.22,3.22,3100.0,A@
2018-07-09 07:00:00,3.16,3.39,3.16,3.33,1101.0,A@
2018-08-30 07:00:00,3.44,3.44,3.39,3.39,10957.0,
2019-04-19 07:00:00,4.69,4.8,4.52,4.8,13600.0,
2020-02-04 07:00:00,4.39,4.39,4.39,4.39,600.0,???
2020-05-19 07:00:00,5.02,5.02,4.89,5.02,40300.0,ZZZZZZ
2021-01-22 07:00:00,6.06,6.06,5.91,5.98,3300.0,ZZZZZZ
2021-04-23 07:00:00,5.98,6.06,5.91,6.06,15500.0,A@
2021-11-18 07:00:00,12.77,12.77,12.3,12.3,216275.0,A@
2021-12-08 07:00:00,11.36,11.36,10.5,10.57,74000.0,A@
2022-05-09 07:00:00,11.44,11.44,10.65,10.65,102200.0,
2022-07-29 07:00:00,10.31,10.47,10.14,10.14,32900.0,ZZZZZZ
2022-08-01 07:00:00,10.14,10.14,10.05,10.14,52400.0,???
2023-04-25 07:00:00,10.81,10.98,10.39,10.56,38100.0,A@
2025-07-16 07:00:00,8.6,8.6,8.3,8.5,28800.0,
2017-11-15 07:00:00,12.85,12.85,12.85,12.85,100.0,A@
2018-01-16 07:00:00,11.62,11.62,11.62,11.62,100.0,123
2023-07-17 07:00:00,7.44,7.44,7.44,7.44,200.0,A@
2023-09-07 07:00:00,7.99,7.99,7.99,7.99,100.0,
2024-06-11 07:00:00,10.17,10.17,10.17,10.17,600.0,
2024-10-14 07:00:00,12.92,12.92,12.92,12.92,300.0,ZZZZZZ
2025-05-20 07:00:00,12.53,12.53,12.53,12.53,300.0,
2025-10-17 07:00:00,17.0,17.0,17.0,17.0,100.0,A@
2026-02-23 07:00:00,19.0,19.0,19.0,19.0,900.0,???
2019-08-06 07:00:00,3.96,3.96,3.96,3.96,200.0,???
2016-06-28 07:00:00,5.94,5.94,5.51,5.51,4700.0,123
2016-08-19 07:00:00,5.14,5.33,5.14,5.27,28900.0,ZZZZZZ
2016-12-22 07:00:00,4.33,4.39,4.33,4.33,12000.0,???
2018-05-25 07:00:00,5.31,5.31,5.31,5.31,1900.0,123
2019-10-25 07:00:00,6.42,6.42,6.42,6.42,500.0,ZZZZZZ
2019-12-31 07:00:00,6.95,7.04,6.95,7.04,2900.0,A@
2020-06-04 07:00:00,6.6,6.6,6.6,6.6,100.0,ZZZZZZ
2022-04-13 07:00:00,16.0,17.0,16.0,17.0,30800.0,ZZZZZZ
2022-10-10 07:00:00,7.6,7.6,7.0,7.0,33010.0,???
2022-12-22 07:00:00,5.5,5.9,5.5,5.9,2500.0,
2018-02-23 07:00:00,12.34,13.0,12.17,12.17,6400.0,???
2018-07-05 07:00:00,11.43,11.43,11.43,11.43,1200.0,A@
2019-02-25 07:00:00,8.23,8.23,8.23,8.23,100.0,A@
2019-03-04 07:00:00,8.23,8.23,8.23,8.23,1000.0,A@
2021-02-01 07:00:00,10.47,10.47,10.47,10.47,200.0,
2022-01-10 07:00:00,11.63,12.17,11.45,11.45,36000.0,ZZZZZZ
2022-04-29 07:00:00,11.18,11.18,10.29,10.29,500.0,123
2022-05-18 07:00:00,9.84,9.84,9.84,9.84,4200.0,A@
2023-09-12 07:00:00,7.43,7.43,7.05,7.05,200.0,???
2023-10-06 07:00:00,6.31,6.4,6.31,6.31,606.0,
2024-06-03 07:00:00,6.13,6.13,6.13,6.13,2800.0,A@
2025-10-06 07:00:00,6.99,6.99,6.8,6.8,3100.0,???
2026-03-25 07:00:00,7.7,8.0,7.7,8.0,200.0,A@
2017-08-28 07:00:00,3.22,3.22,3.22,3.22,1100.0,
2021-07-30 07:00:00,12.25,12.25,12.25,12.25,100.0,???
2021-09-24 07:00:00,15.84,16.74,15.27,15.76,9900.0,
2021-10-01 07:00:00,17.15,17.88,16.98,17.8,31937.0,A@
2023-05-05 07:00:00,23.65,23.65,23.65,23.65,3169.0,ZZZZZZ
2023-09-28 07:00:00,36.22,36.22,35.47,35.56,10100.0,???
2024-11-25 07:00:00,62.34,62.92,61.66,62.92,1805.0,123
2025-04-08 07:00:00,70.3,70.3,60.11,63.02,17752.0,123
2025-06-02 07:00:00,67.2,67.8,67.0,67.7,17400.0,
2026-03-09 07:00:00,60.0,62.0,51.5,51.5,25000.0,
2015-12-08 07:00:00,38.25,38.97,37.53,38.33,23750.0,
2016-01-14 07:00:00,-39.84,39.84,39.44,39.68,-37850.0,???
2016-08-11 07:00:00,21.38,22.8,21.38,,99430.0,
2017-08-07 07:00:00,11.12,11.3,11.12,11.3,17430.0,123
2018-03-23 07:00:00,7.53,8.04,7.46,8.04,23050.0,A@
2018-10-12 07:00:00,9.55,10.11,8.91,10.11,52540.0,A@
2021-04-29 07:00:00,8.08,8.45,8.08,8.19,14100.0,
2021-08-05 07:00:00,8.5,8.81,8.5,8.64,16500.0,???
2022-02-23 07:00:00,17.18,17.18,16.58,17.0,21700.0,123
2022-06-06 07:00:00,27.45,27.45,25.6,25.6,130800.0,ZZZZZZ
2022-07-21 07:00:00,20.45,20.45,19.95,20.05,12300.0,ZZZZZZ
2023-03-28 07:00:00,19.1,19.2,18.6,18.9,19400.0,123
2024-01-02 07:00:00,16.0,16.0,15.15,15.7,5000.0,???
2024-04-25 07:00:00,11.5,11.5,10.9,10.9,60900.0,???
2025-02-28 07:00:00,16.2,16.2,15.7,15.85,61400.0,
2025-03-06 07:00:00,15.7,15.95,15.55,15.55,23600.0,123
2025-05-05 07:00:00,13.15,13.15,12.05,12.9,52700.0,A@
2025-06-30 07:00:00,12.25,12.25,11.6,11.65,3400.0,???
2016-01-07 07:00:00,3.71,3.71,3.71,3.71,3500.0,123
2017-05-16 07:00:00,3.92,3.92,3.6,3.65,5200.0,ZZZZZZ
2018-01-02 07:00:00,3.77,3.77,3.77,3.77,100.0,123
2019-01-07 07:00:00,3.19,3.19,3.19,3.19,100.0,A@
2019-09-27 07:00:00,4.66,4.72,4.39,4.39,6000.0,
2020-06-24 07:00:00,9.09,10.55,9.09,10.55,2900.0,123
2022-07-18 07:00:00,12.64,12.64,12.64,91.14872496278612,227840.0,???
2016-01-20 07:00:00,5.32,5.32,5.26,5.26,50.0,
2016-12-19 07:00:00,6.3,6.36,6.24,6.36,820.0,???
2017-04-12 07:00:00,7.8,7.8,7.67,7.67,1060.0,???
2017-05-22 07:00:00,7.49,7.49,7.49,29.580447704304333,382500.0,ZZZZZZ
2018-01-19 07:00:00,8.28,8.55,8.28,8.55,80.0,ZZZZZZ
2020-06-03 07:00:00,14.15,15.0,13.85,13.92,2740.0,A@
2020-09-23 07:00:00,23.26,23.26,20.51,20.68,1680.0,???
2021-03-25 07:00:00,27.08,27.08,23.96,24.21,2700.0,ZZZZZZ
2023-10-24 07:00:00,47.92,51.43,47.92,51.43,3900.0,???
2024-03-01 07:00:00,53.74,53.74,53.74,53.74,100.0,???
2024-06-21 07:00:00,40.63,40.63,40.26,40.26,10300.0,???
2025-04-17 07:00:00,27.25,28.58,26.67,28.58,2100.0,???
2016-12-26 07:00:00,7.53,7.53,7.53,7.53,100.0,123
2024-06-04 07:00:00,19.78,19.78,19.78,19.78,100.0,???
2025-08-05 07:00:00,26.58,26.77,26.58,26.77,400.0,123
2017-12-27 07:00:00,4.04,4.13,4.04,4.04,2100.0,
2018-06-27 07:00:00,2.7,2.7,2.7,2.7,1810.0,123
2018-10-15 07:00:00,2.2,2.2,2.2,2.2,23900.0,A@
2019-01-14 07:00:00,1.9,1.9,1.9,1.9,3000.0,A@
2019-08-27 07:00:00,2.5,2.8,2.5,2.5,10100.0,???
2023-02-10 07:00:00,2.8,3.0,2.8,2.9,2604.0,A@
2025-07-04 07:00:00,4.4,4.5,4.4,4.4,10300.0,123
2016-07-20 07:00:00,28.4,30.1,28.4,29.9,778620.0,123
2017-06-22 07:00:00,4.2,4.22,4.0,4.15,2456020.0,ZZZZZZ
2017-07-19 07:00:00,5.4,5.42,5.03,5.03,2112220.0,???
2017-08-25 07:00:00,4.3,4.35,4.21,24.42159768577396,17806080.0,123
2020-07-24 07:00:00,1.55,1.55,1.41,1.49,102770.0,A@
2020-11-17 07:00:00,1.84,1.9,1.8,1.89,166180.0,A@
2020-12-04 07:00:00,1.8,1.8,1.73,1.74,47100.0,ZZZZZZ
2021-06-09 07:00:00,7.6,7.8,7.56,7.77,47900.0,ZZZZZZ
2021-08-18 07:00:00,9.25,9.25,8.6,9.09,499700.0,ZZZZZZ
2021-12-03 07:00:00,19.5,19.9,18.6,18.6,800200.0,???
2022-05-16 07:00:00,11.45,11.8,10.85,10.85,205300.0,123
2022-08-09 07:00:00,8.37,8.68,8.32,8.68,456400.0,
2022-08-22 07:00:00,8.15,8.51,8.13,8.13,506600.0,ZZZZZZ
2023-01-05 07:00:00,3.45,3.45,3.28,3.38,146300.0,A@
2023-04-04 07:00:00,3.77,3.81,3.75,3.8,104300.0,123
2023-10-19 07:00:00,4.82,4.92,4.58,4.58,393700.0,???
2024-01-02 07:00:00,4.62,4.74,4.61,4.66,173800.0,ZZZZZZ
2024-03-26 07:00:00,5.77,5.98,5.77,5.81,241500.0,A@
2024-12-31 07:00:00,4.39,4.4,4.3,4.31,67400.0,ZZZZZZ
2025-08-08 07:00:00,6.51,6.75,6.5,6.75,212400.0,???
2025-10-02 07:00:00,7.8,7.96,7.5,7.5,87700.0,ZZZZZZ
2026-01-08 07:00:00,8.62,8.7,8.1,8.65,33400.0,123
2025-07-30 07:00:00,11.1,11.1,11.0,11.0,5000.0,A@
2017-07-10 07:00:00,3.94,3.94,3.94,3.94,700.0,???
2017-11-02 07:00:00,6.12,6.12,6.12,6.12,2000.0,
2020-03-09 07:00:00,7.93,7.93,7.93,7.93,500.0,???
2021-07-13 07:00:00,9.04,9.04,9.04,9.04,200.0,123
2024-08-15 07:00:00,9.04,9.14,8.86,8.86,1900.0,???
2024-09-16 07:00:00,9.32,9.32,9.32,9.32,7.0,123
2025-04-09 07:00:00,10.71,10.71,10.71,10.71,200.0,ZZZZZZ
2025-12-09 07:00:00,10.5,14.0,10.5,13.2,6200.0,ZZZZZZ
2016-12-29 07:00:00,1.46,1.46,1.46,1.46,53200.0,ZZZZZZ
2018-09-12 07:00:00,1.1,1.1,1.0,1.1,17561.0,A@
2019-06-20 07:00:00,0.7,0.8,0.7,0.7,11700.0,A@
2019-07-31 07:00:00,0.8,0.8,0.7,0.8,31300.0,???
2019-12-04 07:00:00,0.7,0.7,0.7,0.7,15400.0,123
2019-12-09 07:00:00,0.8,0.8,0.7,0.7,150100.0,A@
2020-10-30 07:00:00,0.5,0.5,0.4,0.4,234500.0,A@
2024-11-22 07:00:00,1.2,1.1,1.2,1.1,53000.0,???
2018-06-14 07:00:00,6.25,6.25,6.15,6.2,22990.0,123
2018-07-16 07:00:00,5.98,5.98,5.87,5.98,216440.0,A@
2018-08-06 07:00:00,5.46,5.54,5.27,5.3,301330.0,
2018-09-20 07:00:00,5.82,5.86,5.81,5.82,451650.0,123
2020-07-06 07:00:00,5.89,5.93,5.86,5.93,55120.0,123
2022-11-10 07:00:00,9.37,9.39,8.88,9.3,2993600.0,
2023-04-24 07:00:00,11.66,11.95,11.66,11.85,4773400.0,ZZZZZZ
2024-04-24 07:00:00,12.66,12.98,12.62,12.98,11888100.0,???
2025-04-22 07:00:00,11.91,12.04,11.55,11.91,24165100.0,???
2025-07-23 07:00:00,14.73,14.82,14.54,14.68,27098100.0,
2025-08-01 07:00:00,14.96,15.01,14.63,14.96,20589500.0,???
2025-09-04 07:00:00,20.35,20.68,20.06,20.49,37882800.0,A@
2026-04-20 07:00:00,16.25,16.5,16.25,16.4,6485400.0,A@
2016-05-19 07:00:00,12.98,12.55,11.41,12.51,18900.0,123
2016-08-12 07:00:00,13.03,13.08,13.03,13.03,1100.0,A@
2016-08-22 07:00:00,12.36,12.36,12.15,12.15,3100.0,???
2017-03-01 07:00:00,15.06,17.08,15.06,17.08,200.0,ZZZZZZ
2018-09-19 07:00:00,8.5,8.5,8.5,8.5,400.0,???
2019-09-20 07:00:00,8.45,8.45,8.45,8.45,8000.0,???
2021-11-23 07:00:00,10.56,11.41,10.56,11.41,700.0,A@
2022-05-26 07:00:00,10.07,10.25,10.07,10.25,4700.0,ZZZZZZ
2024-03-15 07:00:00,9.65,9.65,9.65,9.65,300.0,123
2025-03-03 07:00:00,9.74,9.74,9.74,9.74,69.0,???
2025-07-10 07:00:00,9.84,9.84,9.65,95.84932510002362,94600.0,A@
2015-12-09 07:00:00,11.55,11.79,11.55,11.79,16630.0,123
2017-02-07 07:00:00,18.25,18.78,18.16,18.69,340360.0,ZZZZZZ
2017-12-13 07:00:00,18.46,18.79,18.46,18.79,13100.0,???
2018-04-19 07:00:00,18.07,,17.97,,,ZZZZZZ
2018-04-26 07:00:00,17.41,17.41,17.15,17.21,26400.0,
2018-05-07 07:00:00,17.15,17.15,17.15,17.15,2980.0,ZZZZZZ
2019-04-12 07:00:00,20.03,20.11,18.88,19.34,100650.0,
2019-05-14 07:00:00,18.99,19.49,18.99,19.11,24120.0,???
2020-03-23 07:00:00,21.36,21.36,20.41,20.41,5560.0,???
2021-02-19 07:00:00,32.97,33.39,32.97,32.97,5500.0,???
2021-05-25 07:00:00,30.83,31.94,30.83,31.94,600.0,ZZZZZZ
2022-08-30 07:00:00,35.98,36.92,35.36,36.92,5900.0,???
2025-05-12 07:00:00,63.1,64.45,62.71,64.35,110700.0,123
2025-08-15 07:00:00,67.1,67.6,66.0,66.3,170800.0,123
2026-04-10 07:00:00,,72.8,72.0,72.6,,A@
2017-10-09 07:00:00,15.3,15.33,15.3,15.33,800.0,???
2024-04-23 07:00:00,25.15,25.15,25.15,25.15,100.0,???
2025-03-20 07:00:00,26.68,26.68,25.09,25.09,514.0,
2025-12-04 07:00:00,14.4,14.4,14.2,14.3,5800.0,123
2022-09-06 07:00:00,4.7,4.7,4.7,4.7,100.0,???
2023-04-07 07:00:00,3.8,3.8,3.8,3.8,1500.0,???
2023-12-28 07:00:00,4.5,4.5,4.5,4.5,4700.0,123
2025-10-02 07:00:00,6.0,6.1,6.0,6.1,5200.0,123
2025-10-15 07:00:00,5.9,5.9,5.8,5.8,14200.0,A@
2026-02-13 07:00:00,5.9,5.9,5.9,5.9,500.0,
2026-03-09 07:00:00,5.7,5.7,5.7,5.7,19500.0,???
2018-11-20 07:00:00,5.39,5.39,5.39,5.39,100.0,ZZZZZZ
2021-09-30 07:00:00,10.42,10.42,10.42,10.42,2300.0,A@
2021-11-04 07:00:00,9.98,10.35,9.98,10.35,3900.0,
2023-04-24 07:00:00,9.27,9.27,9.27,9.27,1600.0,
2015-11-04 07:00:00,4.71,4.71,4.71,4.71,500.0,???
2016-12-01 07:00:00,4.97,4.97,4.97,4.97,100.0,A@
2018-05-24 07:00:00,4.97,4.97,4.97,4.97,13001.0,A@
2018-11-23 07:00:00,6.29,6.29,6.29,6.29,22700.0,???
2020-05-21 07:00:00,7.28,7.28,7.28,7.28,7000.0,A@
2024-08-26 07:00:00,6.29,6.29,5.66,5.66,5444.0,123
2025-04-14 07:00:00,4.76,4.76,4.67,4.76,5501.0,ZZZZZZ
2025-08-04 07:00:00,5.48,5.57,5.39,5.39,3700.0,
2025-08-20 07:00:00,5.3,5.3,5.12,5.12,6000.0,A@
2016-12-20 07:00:00,8.26,8.26,8.26,8.26,100.0,ZZZZZZ
2017-08-08 07:00:00,8.56,8.56,8.56,8.56,1000.0,
2017-10-23 07:00:00,8.42,8.65,8.28,8.56,7200.0,
2020-12-18 07:00:00,8.14,8.14,8.14,8.14,300.0,A@
2021-04-20 07:00:00,9.72,9.78,9.72,9.72,7421.0,ZZZZZZ
2021-11-25 07:00:00,11.18,11.18,11.05,11.05,11400.0,
2023-10-26 07:00:00,-10.31,10.31,10.31,10.31,-100.0,A@
2024-02-07 07:00:00,10.39,10.39,10.39,10.39,401.0,A@
2025-02-24 07:00:00,,,7.92,8.43,,ZZZZZZ
2025-04-23 07:00:00,7.58,7.58,7.58,7.58,129.0,123
2015-11-17 07:00:00,22.2,23.2,21.7,110.85066872900587,110984280.0,
2015-12-04 07:00:00,25.0,25.0,24.9,25.0,634610.0,
2017-07-06 07:00:00,7.85,7.9,7.76,7.85,291110.0,123
2018-09-27 07:00:00,5.53,5.7,5.45,5.6,1249310.0,A@
2019-04-26 07:00:00,3.2,3.3,3.19,3.3,3047540.0,
2020-05-26 07:00:00,2.69,2.72,2.62,2.68,3218170.0,ZZZZZZ
2021-06-04 07:00:00,6.7,6.7,6.5,6.57,3144400.0,A@
2022-06-23 07:00:00,6.96,7.2,6.85,7.19,1733400.0,A@
2022-12-26 07:00:00,4.33,4.33,4.02,4.02,1520800.0,A@
2023-12-21 07:00:00,4.05,4.16,4.05,4.16,1024500.0,123
2024-09-10 07:00:00,3.47,3.47,3.39,3.43,440000.0,A@
2024-10-07 07:00:00,3.04,3.15,3.01,3.04,616400.0,???
2024-10-25 07:00:00,3.05,3.05,3.01,3.04,471700.0,
2024-11-28 07:00:00,3.03,3.05,3.02,3.04,355500.0,A@
2024-12-26 07:00:00,3.26,3.29,3.16,3.18,1247100.0,
2025-02-24 07:00:00,3.19,3.22,3.17,3.2,652200.0,123
2025-05-13 07:00:00,2.57,2.59,2.55,2.57,615000.0,A@
2026-03-04 07:00:00,2.81,2.89,2.72,2.81,1549800.0,
2017-04-19 07:00:00,-3.72,3.72,3.72,3.72,-300.0,ZZZZZZ
2019-07-03 07:00:00,6.41,6.46,6.11,6.21,26500.0,???
2019-07-15 07:00:00,6.9,7.1,6.8,7.1,162300.0,A@
2019-10-30 07:00:00,5.12,5.17,5.06,49.9335321879477,561000.0,
2020-04-14 07:00:00,4.02,4.02,3.86,3.97,46500.0,???
2021-01-27 07:00:00,6.64,6.7,6.29,6.41,64650.0,A@
2021-10-06 07:00:00,9.86,9.99,9.36,9.74,216810.0,ZZZZZZ
2021-12-02 07:00:00,17.71,17.78,16.65,16.83,157616.0,
2022-06-15 07:00:00,9.69,9.69,8.98,9.22,33900.0,???
2022-08-23 07:00:00,9.85,9.93,9.69,9.85,8500.0,
2025-10-20 07:00:00,16.9,17.5,16.8,17.0,183700.0,123
2025-12-05 07:00:00,17.6,18.0,17.6,17.8,136100.0,ZZZZZZ
2017-05-16 07:00:00,3.13,3.13,2.86,2.95,243100.0,A@
2017-06-19 07:00:00,3.31,3.49,3.04,3.31,349700.0,
2018-04-13 07:00:00,4.88,5.26,4.78,5.26,7400.0,
2018-09-10 07:00:00,6.9,6.9,6.9,6.9,910.0,
2019-04-10 07:00:00,8.5,8.5,8.5,8.5,210.0,
2021-04-14 07:00:00,4.2,4.6,3.9,4.6,434800.0,
2022-06-22 07:00:00,2.4,2.8,2.4,2.8,19800.0,A@
2022-09-30 07:00:00,3.5,3.5,3.4,3.5,7200.0,
2015-12-15 07:00:00,12.17,12.17,11.64,11.64,1800.0,
2016-09-27 07:00:00,14.05,14.32,13.42,13.96,5530.0,A@
2016-10-28 07:00:00,14.3,14.68,14.3,14.68,19850.0,???
2016-12-26 07:00:00,14.3,15.07,14.3,15.07,1850.0,123
2017-06-26 07:00:00,19.83,20.02,18.31,19.64,48760.0,ZZZZZZ
2017-09-21 07:00:00,18.12,18.12,17.16,18.12,12690.0,???
2018-01-25 07:00:00,17.26,17.26,15.83,16.69,680.0,ZZZZZZ
2018-06-12 07:00:00,11.92,13.25,11.54,13.16,2560.0,ZZZZZZ
2019-07-05 07:00:00,12.87,12.87,12.11,12.11,1200.0,ZZZZZZ
2020-07-17 07:00:00,9.54,9.73,8.58,8.58,1100.0,
2022-07-01 07:00:00,9.63,9.63,9.54,9.54,6908.0,???
2023-06-14 07:00:00,14.59,14.59,14.59,14.59,808.0,
2025-07-22 07:00:00,24.06,24.06,23.77,23.97,32700.0,123
2023-07-11 07:00:00,14.53,14.53,14.53,14.53,1000.0,ZZZZZZ
2020-07-30 07:00:00,5.7,5.7,5.7,5.7,100.0,ZZZZZZ
2016-07-21 07:00:00,6.06,6.06,6.06,6.06,100.0,123
2019-01-09 07:00:00,-8.1,8.77,8.1,8.77,-4200.0,
2021-08-12 07:00:00,12.39,12.58,12.1,12.39,879902.0,A@
2022-02-28 07:00:00,14.29,16.01,14.29,15.72,2765535.0,A@
2022-05-19 07:00:00,9.72,9.72,9.53,9.72,186400.0,ZZZZZZ
2025-02-04 07:00:00,7.8,8.3,7.8,8.3,1113821.0,A@
2025-07-21 07:00:00,7.9,8.2,7.8,8.0,1276800.0,
2015-11-05 07:00:00,7.14,7.14,7.14,7.14,200.0,123
2016-08-22 07:00:00,5.49,5.49,5.49,5.49,100.0,
2017-09-08 07:00:00,10.07,10.17,9.79,9.79,1400.0,ZZZZZZ
2018-04-09 07:00:00,8.86,8.86,8.86,8.86,200.0,123
2018-04-13 07:00:00,8.21,8.77,8.21,8.77,1030.0,
2020-07-02 07:00:00,2.54,2.74,2.54,2.54,1400.0,A@
2020-08-11 07:00:00,2.64,3.03,2.64,3.03,1800.0,???
2020-09-18 07:00:00,3.23,3.62,3.23,3.32,500.0,A@
2021-01-15 07:00:00,5.3,5.3,5.3,5.3,5.0,ZZZZZZ
2021-02-19 07:00:00,4.5,4.7,4.5,4.7,400.0,???
2021-03-11 07:00:00,4.8,4.9,4.8,4.9,3800.0,ZZZZZZ
2021-10-18 07:00:00,6.2,6.3,6.2,54.027864053788655,2190000.0,123
2022-06-07 07:00:00,5.8,5.8,5.6,5.8,400.0,
2022-06-24 07:00:00,4.5,4.6,4.5,4.6,1900.0,123
2024-10-24 07:00:00,4.5,4.5,4.2,4.4,38175.0,ZZZZZZ
2025-04-04 07:00:00,4.3,4.6,3.9,4.5,21559.0,A@
2025-08-25 07:00:00,4.8,4.8,4.8,4.8,200.0,A@
2026-01-29 07:00:00,4.5,4.5,4.5,4.5,200.0,A@
2017-02-03 07:00:00,2.19,2.19,2.06,2.19,55040.0,
2017-08-01 07:00:00,4.11,4.11,3.76,3.96,21540.0,
2017-10-18 07:00:00,3.87,3.87,3.73,3.73,92850.0,123
2017-12-27 07:00:00,3.6,3.66,3.6,3.66,19530.0,123
2019-06-26 07:00:00,4.66,4.88,4.66,4.7,6470.0,
2020-08-13 07:00:00,4.9,5.39,4.75,4.8,114330.0,???
2021-02-05 07:00:00,6.77,6.77,6.25,6.58,4800.0,???
2022-04-12 07:00:00,14.1,14.4,13.15,13.15,233800.0,ZZZZZZ
2023-06-19 07:00:00,4.5,4.5,4.2,4.3,15000.0,123
2023-10-11 07:00:00,4.0,4.2,4.0,4.1,12200.0,
2023-12-28 07:00:00,3.9,4.0,3.8,3.9,46245.0,
2024-01-02 07:00:00,3.9,4.0,3.9,12.126485863856251,399637.0,123
2025-05-19 07:00:00,4.8,4.9,4.6,4.7,111000.0,???
2025-08-01 07:00:00,4.7,5.0,4.6,4.8,51300.0,A@
2025-11-04 07:00:00,3.7,4.2,3.6,4.0,14600.0,???
2016-05-06 07:00:00,5.35,7.2,5.35,7.2,200.0,ZZZZZZ
2025-02-03 07:00:00,19.97,19.97,19.97,19.97,101.0,A@
2016-07-08 07:00:00,15.52,15.52,15.12,15.12,71060.0,A@
2016-07-29 07:00:00,14.66,14.89,14.6,14.66,3340.0,A@
2017-04-11 07:00:00,18.05,18.05,18.02,18.02,2520.0,ZZZZZZ
2018-01-30 07:00:00,19.58,20.13,19.34,19.34,690.0,123
2018-10-19 07:00:00,19.08,19.73,18.98,19.42,31840.0,A@
2018-12-11 07:00:00,21.3,21.3,21.02,173.8731783865752,114750.0,A@
2019-02-01 07:00:00,23.33,24.86,23.33,24.86,5950.0,ZZZZZZ
2020-02-13 07:00:00,29.82,31.38,29.78,31.22,1940.0,???
2020-02-17 07:00:00,29.7,31.1,29.7,31.1,620.0,
2020-02-18 07:00:00,29.78,31.1,29.78,30.58,1670.0,A@
2020-06-19 07:00:00,32.79,32.92,32.61,32.92,32450.0,123
2020-07-02 07:00:00,34.34,34.34,33.68,34.12,3230.0,ZZZZZZ
2021-10-18 07:00:00,55.81,56.47,55.72,56.19,15100.0,
2021-11-29 07:00:00,53.26,58.55,53.26,55.72,24900.0,
2022-04-26 07:00:00,46.27,49.96,45.33,49.96,9500.0,???
2022-07-19 07:00:00,49.9,49.9,49.9,49.9,100.0,
2022-08-04 07:00:00,45.4,45.4,45.4,45.4,100.0,
2022-11-04 07:00:00,37.0,39.55,36.8,338.2308898071803,39600.0,A@
2023-11-09 07:00:00,32.0,32.5,31.8,32.0,800.0,ZZZZZZ
2024-10-11 07:00:00,38.3,38.3,38.3,38.3,400.0,???
2025-02-13 07:00:00,47.0,50.2,47.0,50.2,10300.0,
2016-01-19 07:00:00,9.0,8.63,8.35,8.63,4800.0,123
2016-06-30 07:00:00,7.7,7.9,7.7,7.9,29354.0,A@
2016-10-11 07:00:00,5.7,5.7,5.4,5.4,15900.0,
2017-04-10 07:00:00,4.1,4.1,4.1,4.1,100.0,
2017-07-03 07:00:00,5.7,5.7,5.7,5.7,156453.0,???
2019-07-11 07:00:00,5.6,5.8,5.3,5.8,42900.0,123
2019-08-07 07:00:00,6.0,6.4,6.0,6.1,13341.0,???
2019-11-14 07:00:00,5.6,5.6,5.1,5.1,400.0,123
2021-02-19 07:00:00,14.8,14.8,14.8,14.8,7500.0,A@
2022-02-08 07:00:00,18.0,19.6,18.0,19.6,59948.0,???
2023-01-11 07:00:00,9.9,10.3,9.9,10.3,14100.0,
2024-01-31 07:00:00,7.7,7.7,7.7,7.7,32600.0,
2024-04-01 07:00:00,9.5,9.9,9.3,9.5,58409.0,ZZZZZZ
2024-08-13 07:00:00,8.9,9.0,8.5,9.0,29500.0,
2024-09-04 07:00:00,7.7,7.7,7.3,7.3,37100.0,A@
2025-11-19 07:00:00,-8.9,8.9,8.5,8.9,-1000.0,A@
2026-04-01 07:00:00,7.5,7.7,7.5,7.7,2300.0,ZZZZZZ
2017-05-08 07:00:00,22.97,22.97,22.97,22.97,100.0,???
2019-08-28 07:00:00,20.0,20.0,20.0,20.0,100.0,A@
2023-04-25 07:00:00,10.0,10.0,10.0,10.0,100.0,A@
2025-05-26 07:00:00,9.7,9.7,9.7,9.7,1500.0,A@
2025-06-23 07:00:00,9.1,10.1,9.1,9.8,700.0,ZZZZZZ
2019-10-01 07:00:00,8.37,8.43,8.31,8.43,28110.0,ZZZZZZ
2020-02-28 07:00:00,9.13,9.13,9.01,9.01,2100.0,ZZZZZZ
2021-04-16 07:00:00,8.95,8.95,8.55,8.66,20601.0,A@
2021-09-08 07:00:00,11.26,11.52,11.26,11.33,23166.0,123
2022-02-08 07:00:00,11.92,12.12,11.92,12.12,34859.0,???
2022-05-13 07:00:00,7.95,7.95,6.95,7.29,18200.0,123
2022-10-27 07:00:00,5.63,6.23,5.43,6.09,13151.0,ZZZZZZ
2024-12-16 07:00:00,7.61,7.61,7.44,7.61,19589.0,123
2025-12-26 07:00:00,10.3,10.4,10.2,10.3,39000.0,???
2021-03-02 07:00:00,4.35,4.35,4.35,4.35,800.0,123
2022-07-04 07:00:00,6.55,6.55,6.55,6.55,300.0,
2022-09-08 07:00:00,6.56,6.56,6.56,6.56,500.0,ZZZZZZ
2023-02-13 07:00:00,5.68,5.68,5.68,5.68,1900.0,???
2023-03-08 07:00:00,5.27,5.41,5.27,5.27,8700.0,ZZZZZZ
2024-09-09 07:00:00,18.35,20.87,17.65,17.65,20700.0,ZZZZZZ
2025-02-06 07:00:00,20.43,20.43,20.43,20.43,2400.0,???
2025-12-11 07:00:00,25.4,25.4,24.0,24.0,1100.0,???
2026-04-16 07:00:00,23.5,23.5,23.5,23.5,300.0,123
2015-11-12 07:00:00,2.87,2.87,2.87,2.87,200.0,???
2016-02-04 07:00:00,2.44,2.44,2.44,2.44,5400.0,123
2016-03-23 07:00:00,3.83,3.98,3.71,3.98,35500.0,123
2016-07-04 07:00:00,3.54,3.76,3.5,3.68,13000.0,
2016-12-09 07:00:00,3.31,3.31,3.31,3.31,1700.0,A@
2017-03-30 07:00:00,4.02,4.02,4.02,4.02,700.0,ZZZZZZ
2018-12-20 07:00:00,6.96,6.96,6.85,6.85,2325.0,ZZZZZZ
2019-07-16 07:00:00,7.65,7.65,7.65,7.65,300.0,
2020-01-20 07:00:00,7.72,7.72,7.72,7.72,100.0,???
2022-01-25 07:00:00,13.38,13.47,13.38,13.42,10100.0,123
2022-11-28 07:00:00,12.0,12.3,12.0,12.0,300.0,A@
2023-03-21 07:00:00,9.8,9.9,9.8,9.9,1700.0,
2023-06-22 07:00:00,10.25,10.25,10.0,10.0,3200.0,ZZZZZZ
2023-06-27 07:00:00,10.0,10.7,9.71,9.71,1200.0,
2023-10-18 07:00:00,8.57,8.98,8.57,8.98,900.0,ZZZZZZ
2023-12-21 07:00:00,8.6,8.6,8.51,8.51,2800.0,A@
2023-12-25 07:00:00,8.61,8.69,8.61,8.66,4900.0,123
2024-02-02 07:00:00,8.9,8.9,8.9,8.9,100.0,ZZZZZZ
2024-10-30 07:00:00,8.5,8.5,8.5,8.5,500.0,ZZZZZZ
2025-02-24 07:00:00,11.8,11.8,11.7,11.8,55600.0,???
2025-03-25 07:00:00,11.8,11.8,11.4,11.4,12400.0,123
2016-09-21 07:00:00,7.68,7.73,7.64,7.73,8300.0,
2017-01-09 07:00:00,6.43,6.49,6.38,6.38,9400.0,
2023-07-28 07:00:00,12.38,13.08,11.95,12.56,46400.0,123
2023-08-14 07:00:00,14.82,15.43,14.82,15.35,63000.0,ZZZZZZ
2023-09-15 07:00:00,13.34,13.34,12.64,12.64,8200.0,A@
2023-11-02 07:00:00,10.4,11.47,9.62,11.47,16205.0,A@
2024-05-24 07:00:00,9.92,9.92,9.43,9.72,7000.0,???
2024-06-28 07:00:00,10.0,10.1,9.9,10.0,23800.0,???
2025-11-06 07:00:00,10.1,10.1,9.6,9.6,400.0,123
2026-02-12 07:00:00,10.0,10.0,10.0,10.0,1100.0,A@
2016-02-17 07:00:00,5.29,5.01,4.91,4.91,385000.0,ZZZZZZ
2017-02-22 07:00:00,8.27,8.32,8.02,8.12,2272645.0,A@
2018-07-23 07:00:00,9.62,9.74,9.39,9.39,645774.0,???
2019-07-08 07:00:00,15.65,15.71,15.53,15.65,424066.0,123
2019-10-10 07:00:00,16.12,16.3,15.77,15.77,641132.0,ZZZZZZ
2020-01-10 07:00:00,15.05,16.12,13.74,15.29,125029.0,A@
2023-03-20 07:00:00,14.35,14.79,14.14,14.14,4625300.0,A@
2023-03-30 07:00:00,15.3,15.37,14.83,14.83,7776300.0,
2024-03-29 07:00:00,20.39,20.47,20.04,20.35,6287700.0,123
2024-05-31 07:00:00,18.76,18.88,18.36,18.36,4056900.0,A@
2024-11-05 07:00:00,15.41,15.59,15.27,15.27,2389400.0,ZZZZZZ
2024-11-08 07:00:00,15.67,15.67,15.41,15.5,1882000.0,A@
2024-11-22 07:00:00,15.5,15.94,15.45,15.59,4168900.0,ZZZZZZ
2025-05-09 07:00:00,19.34,19.74,19.02,19.02,11574600.0,ZZZZZZ
2025-07-25 07:00:00,24.7,25.7,24.45,25.7,29996400.0,123
2018-09-27 07:00:00,10.93,11.04,10.85,10.9,168450.0,123
2018-11-13 07:00:00,9.01,9.01,8.7,8.89,13310.0,A@
2019-10-16 07:00:00,6.18,6.25,6.14,6.19,31750.0,A@
2019-12-11 07:00:00,5.66,,,,15340.0,A@
2020-02-14 07:00:00,4.92,5.12,4.92,4.98,30240.0,ZZZZZZ
2020-10-22 07:00:00,6.98,7.25,6.7,7.25,1493090.0,ZZZZZZ
2020-11-23 07:00:00,7.66,7.88,7.66,7.75,811810.0,???
2022-12-26 07:00:00,13.08,13.08,12.06,12.06,6100300.0,A@
2023-02-20 07:00:00,14.6,15.57,14.6,15.57,6506100.0,A@
2023-03-01 07:00:00,13.79,14.79,13.73,14.79,4991200.0,ZZZZZZ
2024-03-14 07:00:00,28.6,29.54,28.22,28.66,10358700.0,A@
2024-07-18 07:00:00,25.78,26.16,25.53,26.16,2236100.0,???
2024-08-16 07:00:00,24.7,25.98,24.65,25.89,6641800.0,???
2025-02-26 07:00:00,26.79,26.97,26.54,26.54,12293200.0,
2016-02-25 07:00:00,5.72,5.42,5.42,5.42,100.0,A@
2016-03-03 07:00:00,5.61,5.31,5.31,5.31,100.0,A@
2018-02-09 07:00:00,6.3,7.63,6.3,6.4,4600.0,ZZZZZZ
2021-03-25 07:00:00,8.54,8.54,8.54,8.54,172.0,A@
2024-05-14 07:00:00,7.5,7.55,7.5,7.55,700.0,A@
2024-12-23 07:00:00,8.4,8.9,8.4,8.9,1704.0,ZZZZZZ
2017-08-01 07:00:00,9.29,9.34,9.29,9.34,42300.0,123
2017-09-26 07:00:00,10.09,10.23,10.09,10.14,14200.0,ZZZZZZ
2017-10-12 07:00:00,10.56,10.8,10.56,10.8,12300.0,A@
2017-10-30 07:00:00,11.59,11.59,10.84,10.84,2400.0,???
2018-06-20 07:00:00,15.52,15.57,15.52,15.57,34800.0,
2018-07-19 07:00:00,16.5,16.5,16.26,16.26,1100.0,123
2018-08-03 07:00:00,16.5,16.5,16.38,16.38,2000.0,123
2018-10-24 07:00:00,18.6,19.2,18.0,19.2,8960.0,???
2018-12-20 07:00:00,20.9,21.08,20.9,21.08,20000.0,A@
2018-12-21 07:00:00,21.02,22.03,21.02,22.03,39032.0,A@
2019-02-14 07:00:00,22.97,22.97,22.97,22.97,28000.0,ZZZZZZ
2020-02-25 07:00:00,34.56,34.56,34.5,34.5,2100.0,ZZZZZZ
2021-01-22 07:00:00,31.84,32.11,31.64,32.11,52400.0,ZZZZZZ
2022-04-26 07:00:00,25.03,26.3,25.03,25.42,3050.0,123
2023-06-29 07:00:00,22.0,22.0,21.61,21.61,3120.0,
2023-09-27 07:00:00,21.7,21.8,21.61,21.61,2300.0,A@
2024-04-08 07:00:00,19.65,19.65,19.65,19.65,100.0,A@
2024-08-13 07:00:00,22.09,22.58,21.51,22.39,19200.0,???
2024-09-09 07:00:00,22.19,22.78,22.09,22.49,86716.0,
2025-06-18 07:00:00,25.32,25.32,24.83,24.83,22200.0,
2025-09-23 07:00:00,25.91,26.4,25.91,26.0,21000.0,???
2025-11-25 07:00:00,25.8,25.8,25.4,25.5,21400.0,
2026-02-03 07:00:00,24.7,25.1,24.2,24.6,25000.0,ZZZZZZ
2016-07-25 07:00:00,2.94,2.94,2.94,2.94,100.0,123
2016-10-24 07:00:00,2.83,2.83,2.61,2.76,100417.0,
2017-04-07 07:00:00,3.2,3.2,3.17,3.17,20700.0,123
2017-08-03 07:00:00,4.2,4.32,4.2,4.32,1620.0,
2017-09-20 07:00:00,3.96,4.06,3.96,4.06,3700.0,???
2018-06-21 07:00:00,3.92,3.92,3.88,3.92,6390.0,???
2019-05-21 07:00:00,3.69,3.7,3.68,3.68,51490.0,???
2020-10-09 07:00:00,3.87,4.06,3.87,4.06,8600.0,ZZZZZZ
2020-12-15 07:00:00,5.11,5.11,4.81,4.89,40390.0,A@
2021-04-15 07:00:00,8.13,8.13,7.67,7.7,1052000.0,A@
2023-09-27 07:00:00,12.48,13.05,12.27,13.05,927200.0,A@
2023-12-11 07:00:00,13.42,13.58,13.09,13.54,449200.0,A@
2024-04-23 07:00:00,15.5,15.58,14.97,15.05,825200.0,A@
2024-09-04 07:00:00,19.08,19.27,18.68,18.81,1768700.0,
2025-08-06 07:00:00,18.2,18.1,18.8,18.8,4461100.0,123
2025-10-14 07:00:00,22.8,22.95,21.6,21.7,4542900.0,A@
2025-12-24 07:00:00,17.2,17.45,17.1,17.3,640200.0,
2026-03-13 07:00:00,15.15,15.5,15.0,15.1,844700.0,A@
2017-06-02 07:00:00,12.09,12.09,11.47,12.09,11600.0,ZZZZZZ
2017-06-26 07:00:00,13.0,13.0,12.0,12.0,1000.0,ZZZZZZ
2021-05-20 07:00:00,8.0,8.0,8.0,8.0,300.0,???
2021-09-27 07:00:00,8.7,8.7,8.4,8.4,1000.0,???
2016-04-01 07:00:00,3.73,3.43,3.3,3.34,12600.0,A@
2017-08-01 07:00:00,6.28,6.42,6.03,32.79359647050578,10947170.0,ZZZZZZ
2017-10-09 07:00:00,4.98,5.08,4.89,5.08,107200.0,ZZZZZZ
2017-11-13 07:00:00,4.15,4.52,4.15,4.43,192000.0,A@
2018-05-29 07:00:00,3.69,3.78,3.6,3.78,22800.0,
2019-07-10 07:00:00,1.85,1.94,1.85,1.94,8716.0,???
2019-09-04 07:00:00,1.29,1.38,1.29,1.38,20600.0,ZZZZZZ
2019-09-10 07:00:00,1.2,1.29,1.2,1.29,200.0,???
2019-09-16 07:00:00,1.29,1.29,1.2,1.2,9210.0,???
2020-06-19 07:00:00,1.11,1.2,1.11,1.2,108300.0,A@
2020-08-21 07:00:00,1.11,1.2,1.11,1.2,22600.0,A@
2021-05-04 07:00:00,3.2,3.2,2.9,3.1,25800.0,
2021-06-14 07:00:00,3.2,3.5,3.2,3.4,111500.0,123
2023-10-20 07:00:00,2.2,2.2,2.2,2.2,1520.0,123
2024-06-10 07:00:00,2.0,2.1,1.9,2.0,188730.0,ZZZZZZ
2025-03-19 07:00:00,2.0,2.1,2.0,2.0,9007.0,123
2025-07-03 07:00:00,3.0,3.0,3.0,3.0,32500.0,
2025-10-27 07:00:00,4.1,4.1,3.9,3.9,1000.0,ZZZZZZ
2016-03-10 07:00:00,27.11,27.96,26.85,27.96,92660.0,A@
2017-12-08 07:00:00,-41.78,42.04,41.44,41.44,-17100.0,
2018-04-17 07:00:00,39.56,39.83,39.49,39.56,5200.0,A@
2018-08-10 07:00:00,34.14,34.14,32.8,33.4,600.0,ZZZZZZ
2020-12-02 07:00:00,58.44,66.14,57.57,59.44,21600.0,A@
2021-08-16 07:00:00,89.7,90.37,89.03,90.37,18550.0,123
2021-11-12 07:00:00,163.87,163.93,159.98,161.66,26555.0,ZZZZZZ
2022-08-26 07:00:00,74.44,76.38,74.44,76.38,2000.0,
2022-12-08 07:00:00,43.51,46.05,42.51,43.51,8100.0,A@
2023-07-25 07:00:00,85.35,85.35,84.34,84.54,7419.0,A@
2025-03-26 07:00:00,127.85,128.19,123.84,125.17,22133.0,123
2025-04-22 07:00:00,137.16,137.83,126.51,133.21,31890.0,A@
2025-08-29 07:00:00,138.76,138.76,132.27,133.09,26500.0,
2026-01-08 07:00:00,130.2,131.3,130.0,130.7,18500.0,???
2016-10-19 07:00:00,1.08,1.08,1.08,1.08,19700.0,ZZZZZZ
2017-01-09 07:00:00,0.8,0.8,0.8,0.8,30000.0,A@
2025-02-28 07:00:00,5.5,5.5,5.5,5.5,7712.0,ZZZZZZ
2020-06-26 07:00:00,55.73,55.73,55.73,55.73,100.0,
2020-09-28 07:00:00,47.0,48.68,47.0,47.84,1000.0,???
2022-07-05 07:00:00,64.93,70.51,64.93,65.29,1700.0,A@
2023-03-22 07:00:00,56.35,56.35,56.35,56.35,100.0,???
2024-08-09 07:00:00,23.8,24.4,23.8,24.4,200.0,???
2024-08-23 07:00:00,22.6,22.9,22.3,22.3,5300.0,123
2024-11-11 07:00:00,18.3,18.9,18.3,18.9,929.0,
2025-12-25 07:00:00,15.6,17.9,15.6,17.9,3300.0,123
2017-12-15 07:00:00,6.92,6.92,6.92,6.92,85.0,???
2018-01-11 07:00:00,5.67,5.67,5.67,5.67,5.0,???
2019-09-12 07:00:00,8.84,8.84,8.84,8.84,100.0,A@
2020-09-23 07:00:00,10.19,10.19,10.19,10.19,500.0,123
2021-01-14 07:00:00,12.11,13.74,12.01,12.11,1215.0,A@
2021-03-24 07:00:00,16.05,16.05,13.93,13.93,2633.0,
2021-10-12 07:00:00,14.51,18.16,14.51,18.16,202.0,ZZZZZZ
2021-10-25 07:00:00,15.28,15.28,15.28,15.28,102.0,123
2021-10-29 07:00:00,18.83,18.83,18.26,18.26,4000.0,
2021-12-03 07:00:00,22.58,25.75,20.08,20.08,2850.0,
2022-09-07 07:00:00,19.22,19.22,19.22,19.22,1546.0,???
2016-06-01 07:00:00,16.55,16.94,16.42,16.68,20890.0,???
2016-06-28 07:00:00,18.62,19.65,18.49,19.65,99920.0,123
2017-11-20 07:00:00,14.77,14.98,14.35,14.7,17480.0,ZZZZZZ
2017-12-14 07:00:00,13.83,13.83,13.3,13.48,7970.0,123
2018-02-12 07:00:00,12.25,12.25,11.55,12.08,2870.0,
2019-10-04 07:00:00,21.13,21.8,20.32,21.8,3510.0,123
2019-10-22 07:00:00,20.32,20.32,20.32,20.32,10.0,A@
2021-09-30 07:00:00,31.79,31.79,31.79,31.79,100.0,ZZZZZZ
2022-08-11 07:00:00,35.75,35.75,33.32,33.32,300.0,A@
2023-04-03 07:00:00,30.43,30.43,29.3,29.3,2100.0,123
2024-06-07 07:00:00,64.95,66.12,64.68,65.22,48700.0,ZZZZZZ
2024-07-16 07:00:00,74.83,74.83,73.75,73.93,59300.0,
2024-09-09 07:00:00,64.45,64.9,63.81,63.81,12500.0,123
2025-06-02 07:00:00,65.15,65.15,64.47,64.47,13700.0,123
2025-06-30 07:00:00,62.16,62.35,61.87,62.35,10700.0,???
2025-07-17 07:00:00,62.83,62.83,62.45,62.64,95700.0,ZZZZZZ
2026-01-09 07:00:00,50.67,50.67,50.08,50.38,5600.0,A@
2017-08-21 07:00:00,5.82,6.73,5.82,6.73,300.0,ZZZZZZ
2017-12-14 07:00:00,8.62,8.62,8.62,8.62,100.0,A@
2021-01-05 07:00:00,8.0,8.69,8.0,8.69,1400.0,???
2021-04-05 07:00:00,7.91,7.91,7.91,42.76138493381726,21000.0,???
2021-12-22 07:00:00,13.11,13.11,12.21,12.66,118500.0,???
2023-06-21 07:00:00,17.42,17.42,16.95,17.33,20700.0,???
2024-01-02 07:00:00,29.23,29.52,29.23,29.52,3900.0,
2025-04-03 07:00:00,27.35,29.21,27.35,28.82,6100.0,ZZZZZZ
2016-03-11 07:00:00,8.07,8.52,7.95,8.4,309190.0,ZZZZZZ
2016-09-22 07:00:00,17.79,18.19,17.76,17.82,194830.0,???
2017-06-09 07:00:00,17.73,17.73,17.32,17.32,65350.0,???
2018-02-13 07:00:00,16.34,16.81,16.34,16.53,57400.0,???
2018-05-31 07:00:00,16.74,17.37,16.61,17.37,239330.0,
2018-09-12 07:00:00,26.64,27.99,26.64,27.92,285360.0,A@
2018-09-13 07:00:00,27.96,28.35,27.63,27.92,69530.0,ZZZZZZ
2020-07-07 07:00:00,25.03,25.21,24.73,24.73,338300.0,ZZZZZZ
2021-11-24 07:00:00,45.93,46.8,45.43,46.37,961600.0,A@
2023-09-15 07:00:00,59.93,59.93,58.56,58.64,676800.0,ZZZZZZ
2024-03-12 07:00:00,69.08,71.81,68.8,70.4,940500.0,123
2024-08-27 07:00:00,69.93,69.93,68.7,69.08,363600.0,
2015-11-11 07:00:00,15.19,15.24,15.24,15.24,10.0,123
2016-04-04 07:00:00,17.1,17.16,17.16,17.16,1000.0,123
2016-10-17 07:00:00,21.11,21.11,21.07,21.07,400.0,???
2017-11-21 07:00:00,31.77,31.77,31.77,31.77,600.0,123
2018-03-22 07:00:00,32.11,32.11,32.11,32.11,181.0,
2018-10-22 07:00:00,23.34,23.34,23.34,23.34,500.0,
2020-02-25 07:00:00,21.46,22.64,21.46,22.64,1700.0,???
2020-09-17 07:00:00,20.67,20.67,20.67,20.67,500.0,ZZZZZZ
2020-12-21 07:00:00,22.82,22.82,22.82,22.82,210.0,A@
2021-09-30 07:00:00,22.65,22.74,20.5,20.5,18500.0,
2021-11-15 07:00:00,22.93,24.7,22.93,24.7,600.0,???
2022-01-25 07:00:00,23.11,23.11,23.11,23.11,210.0,123
2022-04-05 07:00:00,24.7,24.7,24.7,24.7,400.0,A@
2022-04-20 07:00:00,22.37,22.37,22.27,22.27,600.0,ZZZZZZ
2022-08-25 07:00:00,20.0,21.8,20.0,21.8,500.0,
2022-09-30 07:00:00,20.7,23.0,20.7,173.3646738316277,403480.0,ZZZZZZ
2022-11-29 07:00:00,14.2,15.1,14.2,15.1,200.0,A@
2025-02-27 07:00:00,9.7,9.7,9.7,9.7,700.0,ZZZZZZ
2026-03-20 07:00:00,11.5,11.5,11.5,11.5,100.0,ZZZZZZ
2018-08-23 07:00:00,64.13,65.35,64.13,65.24,1371780.0,???
2020-01-22 07:00:00,64.44,65.99,64.37,65.92,673070.0,ZZZZZZ
2020-03-04 07:00:00,58.32,59.36,58.18,59.36,901070.0,???
2020-10-29 07:00:00,55.67,56.55,55.6,314.12922398430584,43854930.0,???
2021-08-11 07:00:00,86.27,86.79,85.09,85.53,8250600.0,A@
2022-12-15 07:00:00,53.0,53.1,50.7,50.7,2949400.0,123
2023-10-11 07:00:00,47.7,47.8,46.85,47.4,2919100.0,
2023-11-06 07:00:00,40.65,41.4,40.6,41.0,6337500.0,
2024-07-05 07:00:00,38.3,38.5,37.95,38.45,6571700.0,
2024-08-22 07:00:00,39.75,40.15,39.5,39.8,9224500.0,123
2025-07-07 07:00:00,75.7,76.9,75.3,76.9,3506300.0,???
2017-02-16 07:00:00,6.59,7.69,6.59,7.47,16800.0,ZZZZZZ
2017-03-13 07:00:00,7.69,8.68,7.69,8.68,300.0,???
2018-06-11 07:00:00,9.54,9.54,9.54,9.54,1800.0,???
2018-11-19 07:00:00,11.05,11.05,11.05,11.05,500.0,???
2019-05-09 07:00:00,10.33,10.33,9.8,9.8,200.0,
2020-04-20 07:00:00,10.59,10.59,10.59,10.59,1100.0,???
2020-07-14 07:00:00,13.79,13.79,11.8,12.23,3400.0,
2021-05-13 07:00:00,13.2,13.2,13.2,13.2,1000.0,ZZZZZZ
2022-10-03 07:00:00,14.11,14.11,14.11,14.11,400.0,ZZZZZZ
2023-11-21 07:00:00,17.02,17.02,16.1,16.75,3700.0,
2025-04-04 07:00:00,14.76,16.69,14.18,16.4,1400.0,
2025-11-26 07:00:00,14.8,15.3,14.8,15.3,13900.0,A@
2016-01-11 07:00:00,3.1,3.2,3.1,3.2,125800.0,123
2016-08-17 07:00:00,1.8,1.8,1.8,1.8,81500.0,ZZZZZZ
2018-02-28 07:00:00,3.0,3.0,2.9,2.9,304400.0,???
2019-07-19 07:00:00,1.2,1.4,1.2,1.4,4600.0,ZZZZZZ
2021-03-11 07:00:00,5.1,5.2,4.9,5.2,1821518.0,123
2021-05-17 07:00:00,4.5,5.5,4.5,5.5,1987627.0,A@
2022-07-20 07:00:00,7.2,7.4,7.0,7.2,417908.0,???
2022-09-15 07:00:00,7.7,7.8,7.5,7.6,116180.0,???
2022-11-03 07:00:00,4.4,4.5,4.3,4.5,69203.0,123
2023-03-14 07:00:00,5.3,5.3,5.0,5.2,201537.0,
2023-12-05 07:00:00,8.1,8.2,7.9,8.1,380202.0,ZZZZZZ
2024-06-21 07:00:00,7.4,7.5,7.3,7.5,427667.0,
2025-10-29 07:00:00,6.1,6.1,6.0,6.0,189900.0,A@
2015-11-30 07:00:00,5.35,5.35,5.35,5.35,100.0,???
2018-02-21 07:00:00,6.81,6.81,6.81,6.81,200.0,???
2018-07-06 07:00:00,7.7,7.7,7.7,7.7,100.0,
2019-12-30 07:00:00,7.72,7.72,7.72,7.72,100.0,???
2020-07-31 07:00:00,8.41,8.41,8.41,8.41,1000.0,A@
2021-04-20 07:00:00,12.61,12.61,12.39,12.39,300.0,A@
2025-06-18 07:00:00,14.5,14.5,14.5,14.5,5000.0,
2017-08-23 07:00:00,71.67,71.79,71.5,71.73,419780.0,ZZZZZZ
2018-07-24 07:00:00,137.36,137.75,131.98,134.52,736570.0,ZZZZZZ
2018-12-27 07:00:00,121.93,122.33,118.76,118.96,627250.0,???
2020-03-31 07:00:00,96.5,98.9,96.0,97.2,153980.0,123
2020-11-19 07:00:00,113.3,113.7,111.8,113.7,666610.0,???
2021-10-04 07:00:00,128.8,132.0,128.5,131.8,1035800.0,A@
2022-05-26 07:00:00,125.7,125.7,123.5,125.0,583700.0,123
2022-07-12 07:00:00,127.4,127.5,125.3,125.5,644400.0,
2023-02-27 07:00:00,94.0,98.9,94.0,98.5,166100.0,
2024-07-11 07:00:00,101.0,101.2,100.7,101.0,945700.0,123
2024-08-16 07:00:00,103.2,106.0,102.0,105.0,1082800.0,
2024-12-24 07:00:00,100.6,101.0,99.8,101.0,675800.0,???
2025-08-22 07:00:00,140.5,145.0,138.0,140.0,2398900.0,A@
2015-09-29 07:00:00,6.81,6.88,6.66,6.81,81500.0,A@
2015-10-21 07:00:00,7.34,7.41,7.18,7.18,102310.0,123
2016-05-09 07:00:00,10.97,10.97,10.74,10.74,60500.0,123
2016-12-27 07:00:00,14.35,14.35,14.17,14.17,95416.0,ZZZZZZ
2017-09-29 07:00:00,7.5,7.5,7.4,7.5,37838.0,A@
2018-04-13 07:00:00,6.0,6.0,5.9,5.9,94900.0,123
2018-10-08 07:00:00,5.3,5.3,5.1,5.3,48600.0,A@
2019-02-20 07:00:00,5.3,5.3,5.3,5.3,74200.0,???
2019-07-09 07:00:00,3.8,3.8,3.6,3.8,700.0,ZZZZZZ
2019-10-25 07:00:00,3.5,3.6,3.5,3.6,94400.0,A@
2020-01-13 07:00:00,2.9,2.9,2.8,2.9,2820.0,123
2020-08-10 07:00:00,4.3,4.3,4.0,4.3,106106.0,
2020-09-28 07:00:00,4.9,4.9,4.7,4.8,91700.0,A@
2021-01-08 07:00:00,6.1,6.4,5.9,5.9,315000.0,123
2021-02-08 07:00:00,5.6,5.7,5.5,5.7,34900.0,???
2021-07-27 07:00:00,7.4,7.4,7.4,7.4,110.0,123
2021-08-31 07:00:00,7.5,8.2,7.5,8.2,165703.0,???
2022-09-13 07:00:00,4.3,4.3,4.1,4.3,170500.0,123
2022-10-20 07:00:00,2.2,2.2,2.1,2.2,187200.0,ZZZZZZ
2022-11-15 07:00:00,1.5,1.5,1.5,1.5,86696.0,123
2016-03-07 07:00:00,0.94,0.94,0.94,0.94,2100.0,ZZZZZZ
2017-06-29 07:00:00,28.61,28.61,28.06,28.06,1100.0,
2017-07-18 07:00:00,27.51,27.51,27.51,27.51,500.0,???
2017-09-28 07:00:00,25.22,25.22,25.22,25.22,1000.0,ZZZZZZ
2018-01-17 07:00:00,23.7,23.88,20.11,20.11,5000.0,???
2019-01-25 07:00:00,19.76,19.76,18.2,18.2,25400.0,???
2019-06-17 07:00:00,22.99,22.99,22.99,22.99,100.0,
2020-04-21 07:00:00,23.53,23.53,23.53,23.53,100.0,???
2020-07-14 07:00:00,22.51,22.51,22.51,22.51,100.0,
2020-12-28 07:00:00,25.5,25.5,25.5,25.5,500.0,
2024-02-22 07:00:00,30.8,31.14,30.55,30.8,73600.0,123
2025-02-13 07:00:00,40.65,42.02,40.38,41.2,101764.0,A@
2025-11-11 07:00:00,44.01,44.01,43.53,43.72,7600.0,A@
2016-05-19 07:00:00,13.33,13.33,12.54,12.9,142100.0,A@
2016-07-20 07:00:00,12.4,12.4,11.9,12.11,79702.0,123
2016-08-22 07:00:00,11.9,11.9,11.62,11.76,48000.0,123
2017-03-01 07:00:00,12.84,12.84,12.18,12.25,8900.0,???
2020-08-03 07:00:00,18.89,20.07,18.89,19.82,77400.0,A@
2020-11-03 07:00:00,22.77,23.02,22.77,23.02,13500.0,ZZZZZZ
2020-12-08 07:00:00,29.1,29.35,28.76,28.76,30310.0,???
2021-04-20 07:00:00,27.83,28.59,27.83,28.42,35300.0,ZZZZZZ
2021-11-24 07:00:00,29.85,29.85,29.52,29.69,41800.0,???
2022-01-11 07:00:00,29.13,29.22,28.62,28.96,26400.0,ZZZZZZ
2023-10-31 07:00:00,13.75,13.85,13.36,13.56,83916.0,123
2024-01-05 07:00:00,15.11,15.11,14.82,15.01,131137.0,A@
2024-01-11 07:00:00,15.11,15.4,15.11,15.3,119406.0,???
2024-02-15 07:00:00,15.69,15.69,15.49,15.59,77472.0,???
2024-10-21 07:00:00,17.5,17.7,17.1,17.2,186660.0,123
2025-01-23 07:00:00,17.4,17.6,17.4,17.5,126456.0,A@
2025-03-26 07:00:00,17.9,17.9,17.6,17.9,169484.0,ZZZZZZ
2026-04-23 07:00:00,16.0,16.2,15.8,15.8,12600.0,???
2015-12-04 07:00:00,13.76,14.7,13.76,14.61,106720.0,
2016-05-10 07:00:00,14.26,14.95,14.26,14.36,5100.0,123
2016-09-12 07:00:00,14.98,14.98,14.98,14.98,10.0,123
2017-07-18 07:00:00,14.73,14.99,14.73,14.99,380.0,???
2020-12-15 07:00:00,16.24,16.24,15.19,15.19,2640.0,???
2021-01-18 07:00:00,15.92,15.92,15.92,15.92,200.0,
2021-03-05 07:00:00,16.06,16.64,16.06,16.64,7900.0,A@
2021-04-09 07:00:00,16.57,16.64,16.5,16.64,2100.0,ZZZZZZ
2021-04-16 07:00:00,15.92,16.57,15.63,15.63,13700.0,123
2021-11-23 07:00:00,28.47,30.43,28.47,30.43,47200.0,???
2022-01-25 07:00:00,19.7,21.04,19.7,21.01,5700.0,
2022-07-14 07:00:00,17.24,17.24,16.62,16.62,2400.0,A@
2022-08-26 07:00:00,19.01,19.39,18.24,18.39,3600.0,
2022-11-23 07:00:00,13.85,14.83,13.81,14.46,1800.0,ZZZZZZ
2022-12-28 07:00:00,17.07,17.11,15.93,17.11,3100.0,123
2023-04-07 07:00:00,21.02,21.43,20.13,21.43,13500.0,???
2023-07-26 07:00:00,18.42,18.5,18.21,18.33,800.0,???
2023-09-11 07:00:00,17.28,17.28,16.91,17.07,10400.0,ZZZZZZ
2024-01-04 07:00:00,15.61,15.61,15.25,15.25,19300.0,ZZZZZZ
2026-01-07 07:00:00,16.4,16.4,16.3,16.3,900.0,123
2017-11-16 07:00:00,2.04,2.04,2.04,2.04,400.0,123
2018-11-13 07:00:00,2.0,2.0,2.0,2.0,200.0,ZZZZZZ
2018-12-18 07:00:00,2.1,2.1,2.1,2.1,1100.0,123
2021-05-24 07:00:00,7.2,7.3,7.2,7.2,6100.0,ZZZZZZ
2021-12-16 07:00:00,9.1,9.1,8.9,8.9,4100.0,ZZZZZZ
2022-11-01 07:00:00,4.9,4.9,4.8,4.8,1100.0,ZZZZZZ
2023-12-21 07:00:00,3.9,3.5,3.9,3.5,14501.0,ZZZZZZ
2016-09-13 07:00:00,12.53,12.53,11.31,11.31,23120.0,ZZZZZZ
2017-01-04 07:00:00,11.08,11.78,10.98,11.78,22650.0,
2017-08-14 07:00:00,10.74,11.32,10.74,10.93,96400.0,???
2017-08-30 07:00:00,10.74,11.22,10.44,11.22,225860.0,123
2019-07-19 07:00:00,21.55,21.1,20.65,20.65,228010.0,A@
2020-05-07 07:00:00,13.3,13.35,12.9,13.3,191430.0,123
2020-05-29 07:00:00,13.5,13.6,13.35,13.5,175500.0,A@
2022-01-14 07:00:00,13.8,14.0,13.6,13.65,55600.0,???
2022-03-01 07:00:00,17.0,17.65,16.5,17.2,276800.0,ZZZZZZ
2023-06-02 07:00:00,9.0,9.4,9.0,9.24,125900.0,ZZZZZZ
2024-11-07 07:00:00,7.9,8.0,7.9,8.0,200.0,
2025-07-17 07:00:00,7.88,7.88,7.72,7.72,10200.0,ZZZZZZ
2025-10-30 07:00:00,7.02,7.12,7.02,7.12,2500.0,123
2015-10-05 07:00:00,0.8,0.88,0.8,0.8,3210.0,
2015-10-15 07:00:00,0.8,0.88,0.8,0.88,42910.0,123
2015-12-02 07:00:00,0.88,0.88,0.8,0.88,20190.0,
2016-02-05 07:00:00,0.58,0.66,0.58,0.58,670.0,
2017-02-27 07:00:00,0.86,0.87,0.77,0.87,62940.0,A@
2017-09-08 07:00:00,1.17,1.17,1.17,1.17,18200.0,ZZZZZZ
2017-09-15 07:00:00,1.31,1.31,1.24,1.24,20200.0,
2018-01-12 07:00:00,0.99,0.99,0.9,4.815630641303607,4380600.0,ZZZZZZ
2018-04-03 07:00:00,1.0,1.0,0.9,0.9,13100.0,ZZZZZZ
2020-07-16 07:00:00,0.9,0.9,0.9,0.9,23400.0,ZZZZZZ
2021-01-27 07:00:00,3.8,3.8,2.9,2.9,778277.0,A@
2021-06-14 07:00:00,4.4,4.4,4.2,4.4,188425.0,A@
2021-07-16 07:00:00,4.0,4.1,4.0,4.0,,A@
2022-04-22 07:00:00,4.1,5.1,4.0,4.8,115097.0,???
2022-06-14 07:00:00,3.7,3.7,3.2,3.7,44200.0,
2023-01-19 07:00:00,2.5,2.5,2.3,2.5,23200.0,ZZZZZZ
2023-07-13 07:00:00,2.9,3.0,2.9,3.0,41900.0,ZZZZZZ
2023-09-08 07:00:00,2.7,2.7,2.7,2.7,115000.0,123
2023-09-29 07:00:00,2.6,2.7,2.6,2.7,27400.0,???
2024-02-15 07:00:00,2.3,2.4,2.3,2.3,144900.0,123
2024-07-05 07:00:00,1.6,1.7,1.5,1.5,179097.0,123
2016-02-25 07:00:00,5.01,5.01,5.01,5.01,100.0,ZZZZZZ
2016-03-29 07:00:00,3.5,3.5,3.5,3.5,300.0,
2017-08-21 07:00:00,7.24,7.24,8.52,81.43616047296219,62400.0,
2017-10-10 07:00:00,5.97,5.97,5.97,5.97,1100.0,A@
2018-02-05 07:00:00,7.0,7.0,7.0,7.0,20.0,???
2018-03-16 07:00:00,6.8,7.7,6.8,7.7,2500.0,123
2021-05-14 07:00:00,9.0,9.0,9.0,9.0,1530.0,???
2025-05-12 07:00:00,,11.8,11.5,,,123
2025-06-16 07:00:00,10.1,10.1,10.1,10.1,5300.0,123
2016-03-23 07:00:00,7.57,7.71,7.57,7.71,1060.0,A@
2016-08-26 07:00:00,7.62,7.62,7.62,7.62,340.0,
2017-09-08 07:00:00,6.04,6.42,6.04,6.36,2230.0,
2019-11-07 07:00:00,5.74,5.74,5.74,5.74,20.0,???
2019-12-17 07:00:00,5.58,5.58,5.48,5.48,20.0,A@
2021-06-22 07:00:00,8.82,9.04,8.73,8.73,900.0,???
2021-09-16 07:00:00,14.02,14.36,13.79,14.29,252000.0,A@
2021-12-29 07:00:00,12.25,12.48,12.23,12.23,13200.0,ZZZZZZ
2023-11-02 07:00:00,11.08,11.49,11.08,11.49,99600.0,???
2023-12-28 07:00:00,11.65,11.65,11.57,11.57,5000.0,ZZZZZZ
2024-05-17 07:00:00,12.49,12.49,12.19,12.32,6900.0,
2024-12-31 07:00:00,15.0,15.0,14.96,14.96,5500.0,123
2025-07-02 07:00:00,19.11,19.86,19.11,19.86,14400.0,
2025-08-28 07:00:00,20.69,20.69,20.51,20.51,6500.0,123
2025-09-25 07:00:00,21.16,21.16,20.97,21.02,1700.0,A@
2026-03-06 07:00:00,20.05,20.43,20.05,20.39,17000.0,A@
2026-04-09 07:00:00,19.3,19.45,19.15,19.45,34100.0,123
2016-07-22 07:00:00,4.04,4.19,3.76,4.11,56700.0,ZZZZZZ
2016-08-19 07:00:00,-3.76,3.76,3.48,3.62,-4500.0,???
2016-12-29 07:00:00,3.2,3.35,3.2,3.27,40700.0,???
2017-05-12 07:00:00,3.96,4.11,3.96,4.11,31000.0,123
2018-05-14 07:00:00,4.53,4.62,4.53,4.62,2200.0,
2019-04-08 07:00:00,4.44,4.44,4.44,4.44,6000.0,A@
2019-07-01 07:00:00,5.06,5.33,5.06,5.24,21400.0,ZZZZZZ
2020-02-03 07:00:00,4.26,4.26,4.26,4.26,2500.0,123
2020-04-21 07:00:00,3.82,4.17,3.82,3.82,79900.0,123
2020-05-19 07:00:00,3.99,3.99,3.99,3.99,4517.0,123
2020-06-08 07:00:00,3.82,3.82,3.73,3.73,8200.0,123
2020-07-17 07:00:00,3.73,4.08,3.64,4.08,72400.0,ZZZZZZ
2021-02-09 07:00:00,7.81,8.08,7.81,8.08,43800.0,
2021-06-11 07:00:00,11.27,11.45,10.92,11.18,75920.0,
2021-10-11 07:00:00,18.91,19.17,18.91,19.08,113600.0,???
2022-08-10 07:00:00,14.38,15.98,14.02,15.98,197000.0,ZZZZZZ
2023-08-31 07:00:00,11.54,11.89,11.45,11.54,29600.0,A@
2024-01-24 07:00:00,10.39,10.39,10.12,10.12,3500.0,???
2024-03-11 07:00:00,11.18,11.18,10.65,11.1,2100.0,
2024-08-19 07:00:00,10.21,10.21,10.12,10.12,31518.0,???
2024-09-26 07:00:00,9.68,9.76,9.68,9.76,4101.0,
2024-10-03 07:00:00,9.68,9.68,9.68,9.68,11600.0,123
2024-12-09 07:00:00,9.41,9.41,9.05,9.05,3600.0,A@
2025-01-14 07:00:00,8.7,8.7,8.43,8.52,24704.0,A@
2025-08-27 07:00:00,11.6,12.1,11.5,12.1,2300.0,A@
2025-11-03 07:00:00,17.4,17.5,15.8,15.9,170400.0,???
2026-01-08 07:00:00,20.4,20.6,19.4,19.4,266400.0,???
2015-12-22 07:00:00,8.6,8.45,8.38,8.45,2100.0,123
2016-05-12 07:00:00,6.81,7.24,7.16,7.24,7200.0,
2016-06-03 07:00:00,6.96,7.36,7.08,7.16,7415.0,A@
2016-06-30 07:00:00,-7.56,8.12,7.52,7.84,-393077.0,
2016-09-07 07:00:00,8.28,8.28,8.08,8.2,320085.0,
2018-09-18 07:00:00,9.66,10.1,9.66,9.74,10700.0,???
2019-12-26 07:00:00,8.76,9.37,8.76,9.37,11200.0,ZZZZZZ
2020-02-11 07:00:00,8.43,8.43,8.43,8.43,200.0,ZZZZZZ
2021-02-17 07:00:00,10.56,10.87,10.56,10.82,18600.0,A@
2021-06-01 07:00:00,13.46,13.82,13.36,13.72,160300.0,123
2021-12-03 07:00:00,21.31,21.31,19.05,19.99,151600.0,ZZZZZZ
2022-05-09 07:00:00,16.47,16.47,15.21,15.21,171941.0,A@
2022-11-09 07:00:00,12.53,13.98,12.53,13.85,17000.0,A@
2022-12-06 07:00:00,14.12,14.12,13.72,13.72,61000.0,123
2023-02-07 07:00:00,15.51,15.57,14.91,15.38,52105.0,A@
2023-07-27 07:00:00,18.75,19.02,18.75,18.95,23857.0,A@
2023-10-26 07:00:00,18.24,18.24,18.02,18.17,11324.0,123
2025-06-27 07:00:00,19.54,19.54,19.35,19.54,30100.0,???
2025-11-07 07:00:00,20.3,20.3,20.0,20.2,9100.0,A@
2025-12-31 07:00:00,20.5,20.5,20.3,20.3,1500.0,
2026-01-07 07:00:00,20.4,21.1,20.4,20.6,71000.0,123
2020-02-27 07:00:00,0.11,0.11,0.11,0.11,100.0,ZZZZZZ
2020-06-10 07:00:00,0.11,0.11,0.11,0.11,100.0,A@
2022-04-18 07:00:00,0.1,0.1,0.1,0.1,100.0,
2019-01-04 07:00:00,6.0,6.0,6.0,6.0,500.0,???
2021-03-26 07:00:00,8.1,9.5,8.1,8.1,1820.0,
2022-06-15 07:00:00,5.1,5.1,5.1,5.1,900.0,A@
2023-06-30 07:00:00,-4.5,4.5,4.4,4.5,-900.0,
2023-07-28 07:00:00,5.0,5.0,5.0,5.0,500.0,
2024-04-24 07:00:00,5.9,5.9,5.9,5.9,2200.0,ZZZZZZ
2024-08-08 07:00:00,4.7,5.8,4.7,5.8,500.0,123
2025-01-14 07:00:00,5.4,5.4,5.4,5.4,1.0,A@
2025-02-25 07:00:00,7.8,7.8,6.8,6.8,1800.0,A@
2016-08-25 07:00:00,1.49,1.58,1.4,1.49,43740.0,123
2016-11-18 07:00:00,1.4,1.43,1.37,1.4,820010.0,
2017-12-14 07:00:00,2.51,2.75,2.51,2.75,819500.0,A@
2018-01-16 07:00:00,3.04,3.04,2.88,3.04,850000.0,123
2018-06-15 07:00:00,1.53,1.55,1.51,1.55,51690.0,A@
2019-03-25 07:00:00,1.55,1.55,1.46,1.46,85660.0,123
2019-06-10 07:00:00,1.42,1.45,1.42,1.45,26840.0,123
2020-06-15 07:00:00,1.64,1.64,1.51,1.55,682770.0,ZZZZZZ
2021-07-08 07:00:00,7.05,7.05,6.65,6.7,1984900.0,ZZZZZZ
2021-08-13 07:00:00,11.17,12.24,11.12,12.24,3734400.0,123
2022-05-05 07:00:00,16.57,16.57,15.17,15.5,1436000.0,123
2022-06-07 07:00:00,14.99,15.5,14.61,15.5,1505200.0,ZZZZZZ
2022-07-11 07:00:00,14.43,15.17,13.92,14.71,1031100.0,???
2022-08-03 07:00:00,15.92,16.85,15.82,16.71,2463500.0,ZZZZZZ
2022-08-24 07:00:00,16.29,16.52,16.06,16.2,1224500.0,ZZZZZZ
2022-09-20 07:00:00,13.4,13.64,13.12,13.5,698700.0,A@
2023-04-06 07:00:00,9.63,9.73,9.12,70.36223747886326,194515200.0,???
2023-07-11 07:00:00,12.33,12.47,12.1,12.1,3030700.0,ZZZZZZ
2023-10-17 07:00:00,12.66,12.8,11.96,11.96,2665600.0,123
2024-10-28 07:00:00,12.8,13.03,12.71,13.03,1145700.0,ZZZZZZ
2024-11-14 07:00:00,15.78,16.38,15.31,15.64,5766500.0,???
2025-09-04 07:00:00,14.57,14.75,14.33,14.47,1735200.0,A@
2025-10-13 07:00:00,13.4,13.65,13.3,13.6,1033400.0,123
2019-02-27 07:00:00,2.2,2.2,2.2,2.2,2100.0,
2020-08-27 07:00:00,2.3,2.3,2.3,2.3,2601.0,123
2021-11-10 07:00:00,6.6,6.7,6.5,6.7,4600.0,123
2022-05-05 07:00:00,6.3,6.8,5.7,6.8,2120.0,123
2022-05-11 07:00:00,7.3,7.3,7.1,7.1,239.0,123
2024-03-26 07:00:00,3.0,3.0,3.0,3.0,10.0,
2024-09-20 07:00:00,3.0,3.0,3.0,3.0,500.0,ZZZZZZ
2018-08-17 07:00:00,5.41,5.56,5.41,5.53,105770.0,A@
2018-11-14 07:00:00,7.06,7.21,7.06,,,???
2019-04-25 07:00:00,5.86,,5.83,5.92,254300.0,A@
2020-12-17 07:00:00,8.49,9.09,8.44,9.09,2614120.0,
2021-06-29 07:00:00,20.17,20.28,20.09,20.09,285300.0,123
2022-06-13 07:00:00,33.89,34.86,33.84,33.84,419600.0,123
2022-10-07 07:00:00,19.45,19.82,18.78,18.78,755400.0,A@
2022-11-01 07:00:00,19.05,19.5,18.68,19.45,799500.0,ZZZZZZ
2023-07-07 07:00:00,16.58,17.34,16.3,17.06,1755900.0,ZZZZZZ
2023-08-01 07:00:00,18.97,19.44,18.63,19.01,2314800.0,???
2024-01-29 07:00:00,17.11,17.11,16.73,16.96,570700.0,
2024-09-18 07:00:00,12.95,12.95,12.7,12.85,300000.0,
2025-06-11 07:00:00,8.18,8.61,8.15,8.61,1173300.0,123
2025-09-19 07:00:00,8.67,8.75,8.65,8.67,155500.0,A@
2026-02-06 07:00:00,4.95,4.95,4.81,4.82,187300.0,A@
2015-12-14 07:00:00,2.96,3.25,2.96,3.14,56910.0,
2019-09-04 07:00:00,3.6,3.6,3.67,3.62,11090.0,???
2019-10-25 07:00:00,3.69,3.69,3.66,3.69,5100.0,
2022-03-02 07:00:00,14.39,14.39,13.69,14.09,661000.0,123
2022-12-08 07:00:00,4.36,4.71,4.36,4.66,128800.0,
2023-01-06 07:00:00,3.88,4.0,3.86,3.87,98200.0,123
2023-11-28 07:00:00,7.41,7.69,7.4,7.55,197000.0,ZZZZZZ
2026-04-10 07:00:00,28.8,28.85,28.0,28.25,1750000.0,A@
2022-07-13 07:00:00,13.04,13.04,13.04,13.04,300.0,123
2018-02-08 07:00:00,39.63,40.82,38.83,38.83,1062120.0,
2018-04-06 07:00:00,38.83,41.69,38.83,41.61,3742930.0,???
2018-04-19 07:00:00,38.2,38.75,37.09,37.09,2471560.0,ZZZZZZ
2018-06-05 07:00:00,36.14,36.65,35.74,35.9,770010.0,
2018-10-19 07:00:00,29.13,29.4,29.01,29.36,1825750.0,123
2019-08-08 07:00:00,34.7,35.8,34.7,35.5,1611220.0,
2019-10-23 07:00:00,31.9,32.3,31.9,32.25,1900330.0,
2019-12-04 07:00:00,33.75,34.2,33.75,34.1,5914460.0,ZZZZZZ
2020-06-22 07:00:00,27.8,28.0,27.4,27.6,1559410.0,A@
2021-03-22 07:00:00,34.7,35.0,34.5,34.6,4091000.0,A@
2021-07-30 07:00:00,-27.5,27.7,27.3,27.65,-5044600.0,???
2022-10-13 07:00:00,24.2,25.6,23.8,25.6,1584500.0,
2023-07-26 07:00:00,28.85,29.15,28.75,28.9,2785400.0,123
2024-09-25 07:00:00,19.3,19.3,19.05,19.1,7600900.0,A@
2026-02-09 07:00:00,28.2,28.2,27.45,28.2,5565300.0,ZZZZZZ
2017-02-14 07:00:00,3.43,3.43,3.43,3.43,1000.0,ZZZZZZ
2017-03-07 07:00:00,4.35,4.35,3.36,3.36,200.0,???
2019-03-18 07:00:00,4.02,4.09,3.96,4.09,3200.0,A@
2020-07-08 07:00:00,12.03,12.65,11.96,12.65,88402.0,123
2022-04-01 07:00:00,24.49,24.49,24.49,24.49,100.0,ZZZZZZ
2023-04-11 07:00:00,17.56,18.87,17.02,18.79,6700.0,ZZZZZZ
2023-06-01 07:00:00,18.26,18.49,18.26,18.26,3800.0,A@
2023-06-20 07:00:00,16.1,16.1,16.1,16.1,200.0,
2025-10-27 07:00:00,17.6,17.6,17.2,17.2,4800.0,A@
2020-04-13 07:00:00,7.2,7.2,7.2,7.2,300.0,A@
2023-04-05 07:00:00,6.7,6.7,6.7,6.7,600.0,123
2023-05-29 07:00:00,8.5,8.6,8.3,8.3,13908.0,123
2024-11-08 07:00:00,31.0,31.8,30.0,31.8,3300.0,A@
2025-06-17 07:00:00,32.0,32.8,32.0,32.8,12100.0,123
2025-07-16 07:00:00,28.1,28.1,27.6,28.1,20000.0,123
2016-12-28 07:00:00,9.7,9.95,9.7,9.92,31030.0,123
2018-04-03 07:00:00,11.79,11.83,11.76,11.76,26650.0,123
2018-04-24 07:00:00,12.09,12.16,12.01,12.16,12360.0,???
2018-07-19 07:00:00,12.37,12.37,12.12,12.16,11280.0,
2018-08-13 07:00:00,12.44,12.8,12.44,12.76,9540.0,???
2019-10-16 07:00:00,13.8,13.8,13.8,13.8,8100.0,
2020-04-20 07:00:00,13.23,13.23,12.8,12.87,24210.0,ZZZZZZ
2020-05-06 07:00:00,12.91,12.94,12.59,12.59,8800.0,
2021-01-21 07:00:00,13.9,13.98,13.6,13.9,48500.0,???
2024-03-25 07:00:00,44.23,44.23,41.81,43.34,53200.0,???
2025-01-22 07:00:00,46.32,46.32,45.86,46.32,600.0,???
2026-01-05 07:00:00,43.2,43.5,43.01,43.5,8000.0,A@
2026-02-09 07:00:00,43.45,43.45,43.01,43.25,9400.0,???
2026-02-23 07:00:00,-43.65,43.65,43.3,43.6,-5700.0,ZZZZZZ
2016-01-25 07:00:00,5.18,5.52,5.18,5.44,32320.0,A@
2016-05-09 07:00:00,5.44,5.52,5.44,5.48,17360.0,A@
2016-07-29 07:00:00,5.28,5.32,5.24,5.24,10990.0,A@
2016-10-18 07:00:00,4.64,4.66,4.64,4.64,26170.0,???
2017-09-06 07:00:00,7.76,7.76,7.76,7.76,10.0,
2018-03-12 07:00:00,12.54,13.38,11.67,12.46,8230.0,A@
2019-05-22 07:00:00,15.14,15.63,15.63,15.63,10.0,???
2019-05-31 07:00:00,16.85,16.85,16.04,16.04,200.0,???
2019-07-09 07:00:00,13.37,13.83,13.07,13.07,7260.0,ZZZZZZ
2019-11-28 07:00:00,13.04,13.04,13.04,13.04,140.0,ZZZZZZ
2021-12-08 07:00:00,15.48,16.1,15.48,16.1,3600.0,A@
2025-02-04 07:00:00,16.19,16.19,15.91,15.91,300.0,???
2019-06-14 07:00:00,0.5,0.5,0.5,0.5,8600.0,ZZZZZZ
2024-07-19 07:00:00,3.1,3.2,2.9,2.9,135410.0,ZZZZZZ
2025-06-27 07:00:00,3.5,3.6,3.4,3.5,146800.0,ZZZZZZ
2016-05-09 07:00:00,5.36,5.36,5.1,5.1,17800.0,123
2017-01-04 07:00:00,5.21,5.39,5.21,5.39,12219.0,ZZZZZZ
2017-10-17 07:00:00,7.89,7.89,7.06,7.89,12953.0,
2019-11-06 07:00:00,5.2,5.2,5.01,5.01,1980.0,ZZZZZZ
2020-02-03 07:00:00,4.83,4.83,4.74,4.74,2000.0,
2021-06-02 07:00:00,6.5,6.5,6.22,6.5,5200.0,
2021-06-08 07:00:00,6.59,6.59,6.04,6.41,500.0,ZZZZZZ
2021-12-15 07:00:00,7.15,7.24,7.06,7.24,21000.0,ZZZZZZ
2022-04-15 07:00:00,6.41,6.87,6.04,6.87,12017.0,123
2022-04-26 07:00:00,6.13,6.69,5.39,6.69,16100.0,123
2022-06-14 07:00:00,5.11,6.22,5.11,6.22,14200.0,A@
2022-11-04 07:00:00,3.81,4.64,3.71,4.64,20600.0,ZZZZZZ
2023-01-17 07:00:00,4.7,4.7,4.0,4.7,11900.0,
2024-03-28 07:00:00,3.5,3.7,3.5,3.6,1900.0,ZZZZZZ
2024-07-05 07:00:00,3.9,3.9,3.8,3.8,1000.0,A@
2020-01-07 07:00:00,21.74,21.97,20.32,21.03,66600.0,
2020-04-10 07:00:00,28.04,28.35,26.07,27.25,145700.0,ZZZZZZ
2020-04-21 07:00:00,26.3,26.38,25.91,25.91,76700.0,123
2020-07-20 07:00:00,14.65,14.65,13.39,13.94,152065.0,123
2021-07-07 07:00:00,10.71,10.71,10.24,10.4,115200.0,???
2021-12-06 07:00:00,12.76,12.84,11.66,12.36,235530.0,???
2022-02-11 07:00:00,14.41,15.12,14.02,15.04,265500.0,ZZZZZZ
2023-03-03 07:00:00,10.2,10.2,10.0,10.0,41600.0,A@
2023-04-11 07:00:00,11.3,11.5,11.2,11.3,104700.0,123
2025-10-27 07:00:00,6.7,6.9,6.7,6.8,14200.0,
2015-11-12 07:00:00,9.02,8.22,7.86,8.22,2700.0,A@
2016-05-26 07:00:00,8.97,8.97,8.85,8.85,2400.0,123
2016-07-18 07:00:00,8.97,9.08,8.91,9.08,11200.0,ZZZZZZ
2016-08-10 07:00:00,8.09,8.15,8.09,8.15,3000.0,???
2017-02-28 07:00:00,5.86,5.86,5.74,5.74,12500.0,ZZZZZZ
2017-05-23 07:00:00,7.28,7.28,7.22,7.22,2900.0,123
2017-11-27 07:00:00,6.24,6.85,6.24,6.24,17500.0,A@
2018-03-20 07:00:00,8.07,8.07,8.07,8.07,14.0,???
2019-03-04 07:00:00,6.05,6.05,6.05,6.05,4.0,ZZZZZZ
2023-10-31 07:00:00,6.8,7.9,6.8,7.9,10921.0,???
2024-08-26 07:00:00,7.6,7.6,7.4,7.5,300.0,
2024-10-04 07:00:00,7.8,7.8,7.8,7.8,100.0,
2025-09-10 07:00:00,9.4,9.4,8.6,8.6,4800.0,ZZZZZZ
2016-09-26 07:00:00,14.64,14.64,13.89,13.89,2100.0,ZZZZZZ
2016-10-18 07:00:00,11.61,13.38,11.61,13.38,33100.0,A@
2019-06-11 07:00:00,22.65,22.65,22.65,22.65,1.0,
2021-10-07 07:00:00,18.0,18.0,18.0,18.0,300.0,A@
2021-11-16 07:00:00,19.4,19.4,,,1200.0,A@
2022-09-08 07:00:00,10.8,10.8,10.8,10.8,100.0,
2025-12-11 07:00:00,61.2,61.5,60.3,61.0,51600.0,???
2022-06-13 07:00:00,14.9,14.9,14.9,14.9,500.0,A@
2019-10-22 07:00:00,18.51,18.51,18.51,94.527099294604,142600.0,???
2018-09-11 07:00:00,6.68,6.68,6.68,6.68,900.0,
2021-09-15 07:00:00,7.23,7.31,7.23,7.31,3600.0,123
2022-01-13 07:00:00,10.11,10.42,9.8,10.42,1536.0,123
2023-10-12 07:00:00,8.29,8.29,8.29,8.29,200.0,???
2024-06-24 07:00:00,8.9,8.9,8.9,8.9,1900.0,
2025-05-23 07:00:00,12.18,12.18,12.08,12.08,2000.0,ZZZZZZ
2025-06-18 07:00:00,12.83,12.83,12.27,12.27,900.0,
2020-12-23 07:00:00,17.05,17.05,17.05,17.05,200.0,A@
2020-08-17 07:00:00,6.98,6.98,6.98,6.98,16100.0,???
2021-07-15 07:00:00,8.4,8.57,8.4,8.48,7100.0,ZZZZZZ
2022-02-16 07:00:00,11.58,11.83,11.42,11.83,38600.0,
2022-02-23 07:00:00,13.79,13.87,13.38,13.54,70400.0,???
2022-03-28 07:00:00,13.4,13.84,13.4,13.49,48700.0,A@
2022-09-22 07:00:00,7.71,7.79,7.71,7.71,2100.0,A@
2022-09-27 07:00:00,7.18,7.53,7.18,7.27,34107.0,A@
2024-07-23 07:00:00,7.3,7.3,6.7,7.2,10601.0,ZZZZZZ
2025-01-23 07:00:00,6.7,6.8,6.6,6.7,2700.0,
2026-03-12 07:00:00,9.5,9.5,9.5,9.5,5000.0,ZZZZZZ
2017-06-30 07:00:00,5.98,5.98,5.88,5.98,1900.0,A@
2017-10-27 07:00:00,6.56,7.14,6.56,7.14,200.0,A@
2021-01-04 07:00:00,6.5,6.5,6.5,6.5,19.0,
2021-01-15 07:00:00,6.7,6.8,6.7,6.8,1500.0,123
2021-03-24 07:00:00,8.1,9.0,7.9,9.0,55433.0,
2022-02-09 07:00:00,9.8,9.8,9.8,9.8,2900.0,???
2025-07-08 07:00:00,12.3,12.3,12.0,12.0,3700.0,
2025-08-29 07:00:00,15.0,15.0,14.3,15.0,3600.0,123
2025-10-13 07:00:00,15.6,15.6,14.5,15.6,4400.0,ZZZZZZ
2025-12-01 07:00:00,14.0,14.0,14.0,14.0,1000.0,
2018-03-16 07:00:00,,,21.57,,,ZZZZZZ
2023-12-14 07:00:00,49.26,49.26,49.26,49.26,5003.0,123
2025-08-12 07:00:00,35.4,35.4,35.4,35.4,100.0,A@
2022-02-10 07:00:00,,17.44,17.29,17.29,,
2016-10-05 07:00:00,16.44,16.81,15.26,,435815.0,ZZZZZZ
2024-03-26 07:00:00,117.18,118.3,,,568800.0,
2025-04-22 07:00:00,14.37,14.8,14.37,14.8,26200.0,ZZZZZZ
2019-03-15 07:00:00,,,5.36,5.41,17858.0,
2022-05-10 07:00:00,,24.74,,,16800.0,123
2024-12-02 07:00:00,5.3,,5.2,5.2,3944.0,???
2023-11-15 07:00:00,3.3,,3.0,,45000.0,ZZZZZZ
2017-06-27 07:00:00,,4.07,,3.75,86670.0,
2025-02-07 07:00:00,5.4,5.7,5.4,5.7,,ZZZZZZ
2025-04-17 07:00:00,5.7,,5.7,,65492.0,ZZZZZZ
2023-02-01 07:00:00,27.15,28.58,,28.4,13300.0,123
2018-04-05 07:00:00,,,,8.95,24220.0,???
2021-05-19 07:00:00,44.13,44.42,41.14,41.29,,
2021-11-19 07:00:00,,27.21,25.69,26.7,,
2023-07-10 07:00:00,,9.0,8.69,,491310.0,A@
2021-11-22 07:00:00,23.57,23.57,22.14,23.57,3800.0,A@
2015-11-04 07:00:00,1.61,1.61,,,34700.0,123
2025-04-24 07:00:00,12.2,12.3,,12.3,6304.0,???
2018-09-11 07:00:00,9.25,9.29,,,,123
2018-01-19 07:00:00,30.26,30.26,30.13,,,
2023-02-13 07:00:00,3.01,3.05,,3.05,15400.0,A@
2024-01-19 07:00:00,10.18,10.32,10.11,,,123
2026-03-12 07:00:00,17.3,17.4,17.2,17.2,3100.0,A@
2021-04-26 07:00:00,,,17.14,,25700.0,A@
2016-12-19 07:00:00,13.65,13.8,13.36,13.5,69100.0,A@
2025-12-30 07:00:00,10.8,10.8,10.8,10.8,,A@
2021-01-27 07:00:00,,,7.5,,,
2024-01-22 07:00:00,4.3,4.3,,4.3,,???
2021-11-19 07:00:00,20.64,20.64,,19.6,,A@
2023-08-10 07:00:00,,4.2,3.8,,748530.0,
2017-09-05 07:00:00,16.05,16.05,15.73,15.73,117060.0,123
2022-11-04 07:00:00,,4.9,,,101800.0,
2021-11-26 07:00:00,11.3,,11.3,11.3,,A@
2026-04-13 07:00:00,16.0,16.2,15.9,15.9,15400.0,???
2016-08-31 07:00:00,,7.62,7.62,7.62,3000.0,???
2025-12-31 07:00:00,12.5,12.5,12.5,12.5,200.0,ZZZZZZ
2018-08-28 07:00:00,10.09,10.09,10.09,,,123
2018-08-02 07:00:00,,,6.78,6.91,63200.0,ZZZZZZ
2025-08-26 07:00:00,15.04,15.4,14.94,15.4,9800.0,123
2021-06-24 07:00:00,,,5.4,5.5,557157.0,???
2016-12-13 07:00:00,2.74,,2.67,2.84,,A@
2026-04-24 07:00:00,,17.0,16.6,,300.0,
2026-05-04 07:00:00,14.0,14.0,14.0,14.0,58100.0,VBT
2026-05-05 07:00:00,16.1,16.1,14.5,16.1,11300.0,VBT
2026-05-06 07:00:00,25.2,25.2,25.2,25.2,2000.0,CLI
2026-05-06 07:00:00,18.4,18.4,13.6,13.6,8800.0,VBT
2026-05-07 07:00:00,28.9,28.9,28.0,28.6,189500.0,CLI
2026-05-07 07:00:00,12.1,12.1,12.1,12.1,4000.0,VBT
2026-05-08 07:00:00,33.2,33.2,28.7,32.0,95900.0,CLI
2026-05-08 07:00:00,10.3,10.3,10.3,10.3,4600.0,VBT
2026-05-11 07:00:00,31.5,31.6,27.1,27.1,59800.0,CLI
2026-05-11 07:00:00,8.8,8.8,8.8,8.8,3800.0,VBT
2026-05-12 07:00:00,27.0,27.0,25.4,26.0,64400.0,CLI
2026-05-12 07:00:00,7.5,8.8,7.5,8.5,18800.0,VBT
2026-05-13 07:00:00,25.8,26.7,25.7,26.3,59400.0,CLI
2026-05-13 07:00:00,8.7,8.7,8.7,8.7,24000.0,VBT
2026-05-14 07:00:00,26.4,26.9,26.0,26.8,36200.0,CLI
2026-05-14 07:00:00,8.7,9.9,7.4,7.7,15000.0,VBT
2026-05-15 07:00:00,26.7,27.7,26.0,26.3,43400.0,CLI
2026-05-15 07:00:00,6.5,7.4,6.5,6.5,3400.0,VBT
2026-05-18 07:00:00,26.2,26.5,25.3,25.7,26900.0,CLI
2026-05-18 07:00:00,6.0,6.0,5.7,5.9,14500.0,VBT
2026-05-19 07:00:00,25.5,26.0,25.5,25.6,23500.0,CLI
2026-05-19 07:00:00,6.6,6.6,5.0,6.0,6500.0,VBT
2026-05-20 07:00:00,25.7,26.3,25.5,26.0,71100.0,CLI
2026-05-20 07:00:00,5.2,5.9,5.2,5.9,10800.0,VBT
2026-05-21 07:00:00,26.0,26.6,25.8,26.3,64200.0,CLI
2026-05-21 07:00:00,6.6,6.6,6.6,6.6,9900.0,VBT
2026-05-25 07:00:00,26.2,26.5,26.1,26.3,43300.0,CLI
2026-05-25 07:00:00,6.8,6.8,6.4,6.4,5300.0,VBT
2026-05-26 07:00:00,26.2,26.5,26.0,26.1,31200.0,CLI
2026-05-26 07:00:00,5.9,5.9,5.8,5.8,9700.0,VBT
2026-05-27 07:00:00,26.0,26.4,25.4,26.3,276100.0,CLI
2026-05-27 07:00:00,5.6,6.0,5.5,6.0,2600.0,VBT
2026-05-28 07:00:00,26.0,27.0,26.0,26.7,457500.0,CLI
2026-05-28 07:00:00,5.9,5.9,5.7,5.7,1700.0,VBT
2026-06-01 07:00:00,27.1,27.1,26.4,26.6,311100.0,CLI
2026-06-01 07:00:00,5.2,5.8,5.2,5.7,4800.0,VBT
2026-06-02 07:00:00,26.7,26.7,26.2,26.2,42600.0,CLI
2026-06-02 07:00:00,5.7,6.4,5.7,6.3,6500.0,VBT
2026-06-03 07:00:00,26.3,26.5,25.5,25.6,57900.0,CLI
2026-06-03 07:00:00,5.9,5.9,5.9,5.9,200.0,VBT
2026-06-04 07:00:00,25.5,26.3,24.9,26.2,58500.0,CLI
2026-06-04 07:00:00,5.8,5.8,5.8,5.8,2000.0,VBT
2026-06-05 07:00:00,26.0,26.3,25.8,26.1,45100.0,CLI
