time,open,high,low,close,volume,symbol
2026-05-04 07:00:00,14.8,14.8,14.8,14.8,100,ABR
2026-05-06 07:00:00,13.8,13.8,13.8,13.8,200,ABR
2026-05-07 07:00:00,13.7,13.7,12.85,12.85,500,ABR
2026-05-08 07:00:00,12.85,13.45,12.85,13.0,2500,ABR
2026-05-11 07:00:00,13.0,13.1,13.0,13.1,1100,ABR
2026-05-12 07:00:00,13.05,13.2,12.65,13.2,400,ABR
2026-05-13 07:00:00,12.3,13.1,12.3,13.1,200,ABR
2026-05-14 07:00:00,13.0,13.0,13.0,13.0,1700,ABR
2026-05-04 07:00:00,59.8,59.8,59.0,59.0,700,ABT
2026-05-05 07:00:00,58.8,58.8,58.7,58.7,900,ABT
2026-05-06 07:00:00,58.7,58.9,58.4,58.9,2700,ABT
2026-05-07 07:00:00,58.5,58.6,58.4,58.4,1300,ABT
2026-05-08 07:00:00,58.4,58.4,57.2,57.3,4100,ABT
2026-05-11 07:00:00,56.8,58.0,55.8,56.4,15000,ABT
2026-05-12 07:00:00,56.4,56.4,55.3,55.3,3900,ABT
2026-05-13 07:00:00,55.2,56.5,55.2,56.0,2400,ABT
2026-05-14 07:00:00,56.0,56.0,55.8,55.8,6800,ABT
2026-05-15 07:00:00,56.0,56.0,55.7,55.7,1400,ABT
2026-05-04 07:00:00,23.55,23.55,23.1,23.1,12018500,ACB
2026-05-05 07:00:00,23.1,23.15,22.5,22.6,28808700,ACB
2026-05-06 07:00:00,22.65,23.25,22.65,23.1,19398600,ACB
2026-05-07 07:00:00,23.1,23.2,22.85,22.9,20236200,ACB
2026-05-08 07:00:00,22.9,23.05,22.85,22.85,15734200,ACB
2026-05-11 07:00:00,23.0,23.0,22.75,22.75,12866600,ACB
2026-05-12 07:00:00,22.8,22.85,22.65,22.7,10943200,ACB
2026-05-13 07:00:00,22.7,22.75,22.4,22.5,21238100,ACB
2026-05-14 07:00:00,22.5,22.9,22.5,22.8,16144400,ACB
2026-05-15 07:00:00,22.8,23.35,22.8,23.3,21591900,ACB
2026-05-04 07:00:00,12.2,12.6,12.2,12.6,29800,ACC
2026-05-05 07:00:00,12.5,13.2,12.5,13.2,15100,ACC
2026-05-06 07:00:00,12.35,13.15,12.35,12.85,8200,ACC
2026-05-07 07:00:00,12.5,12.8,12.5,12.8,400,ACC
2026-05-08 07:00:00,12.2,12.75,12.2,12.7,4900,ACC
2026-05-11 07:00:00,12.9,13.55,12.45,12.8,2000,ACC
2026-05-12 07:00:00,12.6,13.0,12.6,12.95,1200,ACC
2026-05-13 07:00:00,12.25,12.85,12.25,12.85,3500,ACC
2026-05-14 07:00:00,12.3,13.15,12.3,13.15,4400,ACC
2026-05-15 07:00:00,13.15,13.15,12.4,12.85,1500,ACC
2026-05-04 07:00:00,12.95,13.2,12.9,13.15,5900,ACL
2026-05-05 07:00:00,12.55,13.1,12.5,13.1,8800,ACL
2026-05-06 07:00:00,13.1,13.1,12.45,13.1,20700,ACL
2026-05-07 07:00:00,12.5,13.0,12.5,12.5,12800,ACL
2026-05-08 07:00:00,12.8,12.8,12.55,12.55,200,ACL
2026-05-11 07:00:00,12.7,13.0,12.55,12.95,3500,ACL
2026-05-12 07:00:00,12.8,13.2,12.8,13.2,2700,ACL
2026-05-13 07:00:00,13.2,13.2,13.2,13.2,100,ACL
2026-05-14 07:00:00,13.3,13.3,13.2,13.2,200,ACL
2026-05-15 07:00:00,12.9,13.5,12.9,13.5,3500,ACL
2026-05-08 07:00:00,0.6,0.6,0.5,0.6,297500,ACM
2026-05-15 07:00:00,0.5,0.6,0.5,0.5,372300,ACM
2026-05-04 07:00:00,44.0,44.2,43.7,44.0,992800,ACV
2026-05-05 07:00:00,44.0,45.9,44.0,44.8,1677600,ACV
2026-05-06 07:00:00,44.9,45.5,44.6,44.8,728800,ACV
2026-05-07 07:00:00,45.0,45.4,44.5,44.6,812000,ACV
2026-05-08 07:00:00,44.7,44.9,44.1,44.4,770600,ACV
2026-05-11 07:00:00,44.4,44.5,43.6,44.0,910600,ACV
2026-05-12 07:00:00,44.0,44.1,43.6,43.8,533800,ACV
2026-05-13 07:00:00,43.7,45.2,43.6,44.5,909800,ACV
2026-05-14 07:00:00,44.5,44.8,44.2,44.3,430700,ACV
2026-05-15 07:00:00,44.5,44.7,43.6,44.0,764600,ACV
2026-05-04 07:00:00,18.4,18.4,18.4,18.4,100,ADC
2026-05-06 07:00:00,18.4,18.4,18.4,18.4,100,ADC
2026-05-04 07:00:00,10.7,11.0,10.65,10.75,45300,AFX
2026-05-05 07:00:00,10.75,10.8,10.75,10.75,31900,AFX
2026-05-06 07:00:00,10.5,10.8,10.5,10.5,49900,AFX
2026-05-07 07:00:00,10.5,10.7,10.45,10.7,49500,AFX
2026-05-08 07:00:00,10.7,10.7,10.5,10.6,46200,AFX
2026-05-11 07:00:00,10.5,10.55,10.4,10.4,36000,AFX
2026-05-12 07:00:00,10.5,10.5,9.9,10.3,55600,AFX
2026-05-13 07:00:00,10.35,10.35,10.2,10.25,55500,AFX
2026-05-14 07:00:00,10.3,10.3,10.2,10.25,117400,AFX
2026-05-15 07:00:00,10.4,10.4,9.54,10.35,60200,AFX
2026-05-04 07:00:00,12.0,12.0,11.91,11.91,6500,AG1
2026-05-05 07:00:00,12.0,12.0,12.0,12.0,2100,AG1
2026-05-06 07:00:00,11.82,12.0,11.47,11.91,3300,AG1
2026-05-07 07:00:00,12.0,12.0,12.0,12.0,14100,AG1
2026-05-08 07:00:00,12.09,12.18,12.0,12.0,10000,AG1
2026-05-11 07:00:00,12.0,12.09,12.0,12.0,6500,AG1
2026-05-12 07:00:00,12.0,12.09,12.0,12.09,1900,AG1
2026-05-13 07:00:00,12.0,12.09,12.0,12.0,4200,AG1
2026-05-14 07:00:00,11.5,11.8,11.4,11.5,23200,AG1
2026-05-15 07:00:00,11.4,11.5,11.1,11.4,6200,AG1
2026-05-04 07:00:00,12.6,12.7,12.5,12.5,133700,AGG
2026-05-05 07:00:00,12.5,12.5,12.35,12.35,170100,AGG
2026-05-06 07:00:00,12.35,12.45,12.25,12.45,201600,AGG
2026-05-07 07:00:00,12.4,12.5,12.35,12.35,76600,AGG
2026-05-08 07:00:00,12.25,12.3,12.2,12.25,270500,AGG
2026-05-11 07:00:00,12.25,12.3,12.15,12.15,204500,AGG
2026-05-12 07:00:00,12.2,12.25,12.1,12.15,189000,AGG
2026-05-13 07:00:00,12.2,12.2,11.95,12.05,275800,AGG
2026-05-14 07:00:00,12.0,12.1,12.0,12.1,162600,AGG
2026-05-15 07:00:00,12.15,12.15,12.0,12.1,164400,AGG
2026-05-04 07:00:00,37.9,38.0,37.6,37.9,2000,AGP
2026-05-05 07:00:00,37.4,38.0,37.4,37.9,5000,AGP
2026-05-06 07:00:00,37.0,37.9,37.0,37.8,2700,AGP
2026-05-07 07:00:00,37.7,37.8,37.6,37.8,1300,AGP
2026-05-08 07:00:00,37.0,37.7,37.0,37.7,1000,AGP
2026-05-11 07:00:00,37.2,37.7,37.2,37.5,2100,AGP
2026-05-12 07:00:00,37.5,37.6,37.5,37.6,1300,AGP
2026-05-13 07:00:00,37.2,37.8,37.2,37.4,4000,AGP
2026-05-14 07:00:00,37.7,38.0,37.5,37.6,2000,AGP
2026-05-15 07:00:00,37.8,37.8,37.6,37.7,800,AGP
2026-05-04 07:00:00,280.0,280.0,280.0,280.0,100,AGX
2026-05-05 07:00:00,269.0,286.0,269.0,280.0,3200,AGX
2026-05-06 07:00:00,270.2,270.5,270.0,270.0,2500,AGX
2026-05-12 07:00:00,231.0,231.1,230.0,230.0,400,AGX
2026-05-14 07:00:00,236.1,243.0,236.0,240.0,3600,AGX
2026-05-15 07:00:00,264.0,264.0,264.0,264.0,100,AGX
2026-05-04 07:00:00,7.7,7.7,7.5,7.5,15200,ALV
2026-05-05 07:00:00,7.5,7.5,7.5,7.5,2700,ALV
2026-05-06 07:00:00,7.4,7.5,7.4,7.4,3700,ALV
2026-05-07 07:00:00,7.4,7.4,7.2,7.3,9900,ALV
2026-05-08 07:00:00,7.3,7.3,7.2,7.2,2800,ALV
2026-05-11 07:00:00,7.4,7.4,7.2,7.2,3100,ALV
2026-05-12 07:00:00,7.2,7.3,7.2,7.3,2400,ALV
2026-05-13 07:00:00,7.3,7.4,7.3,7.3,20100,ALV
2026-05-14 07:00:00,7.4,7.4,7.3,7.3,9600,ALV
2026-05-15 07:00:00,7.4,7.4,6.7,7.3,21600,ALV
2026-05-04 07:00:00,28.47,29.8,28.09,28.26,41500,ANT
2026-05-05 07:00:00,28.26,28.26,27.09,28.13,5700,ANT
2026-05-06 07:00:00,29.05,29.05,27.59,27.92,18400,ANT
2026-05-07 07:00:00,27.92,28.47,27.18,27.92,5200,ANT
2026-05-08 07:00:00,28.63,28.63,27.51,27.92,8300,ANT
2026-05-11 07:00:00,28.34,28.34,27.92,27.92,5800,ANT
2026-05-12 07:00:00,27.92,29.47,27.92,28.34,5000,ANT
2026-05-13 07:00:00,29.26,29.26,28.34,28.34,3500,ANT
2026-05-14 07:00:00,28.34,28.34,27.92,28.34,1900,ANT
2026-05-15 07:00:00,27.3,28.72,27.3,28.05,8100,ANT
2026-05-04 07:00:00,23.95,24.25,23.9,23.95,218200,ANV
2026-05-05 07:00:00,23.9,23.95,23.3,23.45,432500,ANV
2026-05-06 07:00:00,23.7,23.85,23.3,23.85,356400,ANV
2026-05-07 07:00:00,23.85,24.05,23.6,23.65,471100,ANV
2026-05-08 07:00:00,23.65,23.85,23.0,23.3,408500,ANV
2026-05-11 07:00:00,23.3,23.5,23.15,23.25,426300,ANV
2026-05-12 07:00:00,23.3,23.3,22.85,22.95,499400,ANV
2026-05-13 07:00:00,22.95,23.2,22.7,22.8,535800,ANV
2026-05-14 07:00:00,22.8,23.1,22.8,22.9,303200,ANV
2026-05-15 07:00:00,23.0,23.0,22.75,22.8,379900,ANV
2026-05-04 07:00:00,48.2,48.2,48.1,48.1,10800,APF
2026-05-05 07:00:00,48.1,48.1,47.9,48.0,8200,APF
2026-05-06 07:00:00,48.0,49.0,47.5,49.0,47100,APF
2026-05-07 07:00:00,48.1,48.5,48.1,48.1,4600,APF
2026-05-08 07:00:00,48.1,48.1,48.0,48.0,7600,APF
2026-05-11 07:00:00,48.0,48.0,48.0,48.0,4000,APF
2026-05-12 07:00:00,48.0,48.2,48.0,48.1,6200,APF
2026-05-13 07:00:00,48.5,49.0,48.0,48.5,14300,APF
2026-05-14 07:00:00,48.5,50.2,48.5,50.2,42000,APF
2026-05-15 07:00:00,50.3,50.5,49.3,49.5,17200,APF
2026-05-04 07:00:00,4.88,5.04,4.88,4.97,352100,APG
2026-05-05 07:00:00,4.97,5.02,4.9,4.92,277800,APG
2026-05-06 07:00:00,4.93,4.98,4.81,4.95,292700,APG
2026-05-07 07:00:00,4.98,4.99,4.94,4.94,387700,APG
2026-05-08 07:00:00,4.94,4.95,4.87,4.87,211400,APG
2026-05-11 07:00:00,4.88,4.88,4.82,4.86,167600,APG
2026-05-12 07:00:00,4.85,4.92,4.81,4.86,250100,APG
2026-05-13 07:00:00,4.86,4.88,4.8,4.84,235300,APG
2026-05-14 07:00:00,4.85,4.86,4.8,4.84,205700,APG
2026-05-15 07:00:00,4.84,4.86,4.79,4.81,297000,APG
2026-05-04 07:00:00,4.2,4.3,4.2,4.2,12100,APP
2026-05-05 07:00:00,4.2,4.7,4.2,4.3,6700,APP
2026-05-06 07:00:00,4.3,4.4,4.2,4.4,5100,APP
2026-05-07 07:00:00,4.2,4.3,3.7,4.3,6400,APP
2026-05-08 07:00:00,4.4,4.4,4.3,4.3,11200,APP
2026-05-11 07:00:00,4.6,4.6,4.4,4.4,1600,APP
2026-05-12 07:00:00,4.3,4.5,4.1,4.4,8500,APP
2026-05-13 07:00:00,4.2,4.5,4.2,4.4,800,APP
2026-05-14 07:00:00,4.4,4.4,4.2,4.2,1800,APP
2026-05-15 07:00:00,4.2,4.2,4.1,4.2,4700,APP
2026-05-04 07:00:00,5.75,6.02,5.75,6.02,1601700,ASM
2026-05-05 07:00:00,6.18,6.37,6.14,6.27,1865400,ASM
2026-05-06 07:00:00,6.28,6.28,6.07,6.21,858300,ASM
2026-05-07 07:00:00,6.23,6.23,6.1,6.12,765800,ASM
2026-05-08 07:00:00,6.13,6.16,6.02,6.06,334700,ASM
2026-05-11 07:00:00,6.06,6.28,6.06,6.2,625800,ASM
2026-05-12 07:00:00,6.21,6.22,6.14,6.14,347300,ASM
2026-05-13 07:00:00,6.15,6.24,6.07,6.08,470100,ASM
2026-05-14 07:00:00,6.11,6.15,6.06,6.09,282600,ASM
2026-05-15 07:00:00,6.11,6.11,6.01,6.01,355900,ASM
2026-05-04 07:00:00,46.2,46.2,46.0,46.0,700,AVC
2026-05-05 07:00:00,45.5,45.5,45.5,45.5,100,AVC
2026-05-06 07:00:00,46.0,46.0,46.0,46.0,1000,AVC
2026-05-07 07:00:00,46.0,46.0,46.0,46.0,800,AVC
2026-05-08 07:00:00,46.0,46.0,46.0,46.0,100,AVC
2026-05-12 07:00:00,46.0,46.0,46.0,46.0,800,AVC
2026-05-13 07:00:00,46.0,46.0,46.0,46.0,200,AVC
2026-05-04 07:00:00,10.1,10.2,10.0,10.1,123200,AVG
2026-05-05 07:00:00,10.0,10.1,10.0,10.1,25000,AVG
2026-05-06 07:00:00,10.1,10.1,9.9,10.0,177200,AVG
2026-05-07 07:00:00,9.9,10.0,9.9,9.9,109000,AVG
2026-05-08 07:00:00,9.9,9.9,9.9,9.9,20600,AVG
2026-05-11 07:00:00,9.9,9.9,9.9,9.9,15400,AVG
2026-05-12 07:00:00,10.0,10.0,9.9,10.0,167700,AVG
2026-05-13 07:00:00,10.0,10.1,9.9,10.1,211900,AVG
2026-05-14 07:00:00,10.0,10.1,9.9,9.9,20700,AVG
2026-05-15 07:00:00,10.0,10.0,9.9,9.9,101100,AVG
2026-05-04 07:00:00,10.8,11.3,10.8,11.3,4100,BAB
2026-05-05 07:00:00,11.2,11.2,11.2,11.2,1100,BAB
2026-05-06 07:00:00,11.1,11.1,11.1,11.1,1300,BAB
2026-05-07 07:00:00,11.1,11.3,11.1,11.2,1300,BAB
2026-05-08 07:00:00,11.2,11.2,11.2,11.2,500,BAB
2026-05-11 07:00:00,11.2,11.3,11.1,11.2,6800,BAB
2026-05-12 07:00:00,11.2,11.2,11.2,11.2,3900,BAB
2026-05-13 07:00:00,11.2,11.2,11.2,11.2,700,BAB
2026-05-14 07:00:00,11.1,11.2,11.1,11.2,5500,BAB
2026-05-15 07:00:00,11.1,11.3,11.1,11.3,8600,BAB
2026-05-04 07:00:00,36.15,36.2,35.85,35.9,1274400,BAF
2026-05-05 07:00:00,35.8,36.0,35.7,35.95,1036300,BAF
2026-05-06 07:00:00,35.95,36.2,35.7,36.15,1227700,BAF
2026-05-07 07:00:00,35.8,36.2,35.8,35.8,1519800,BAF
2026-05-08 07:00:00,35.5,35.6,35.3,35.6,1691100,BAF
2026-05-11 07:00:00,35.35,35.5,35.2,35.45,823700,BAF
2026-05-12 07:00:00,35.45,35.45,35.2,35.3,950400,BAF
2026-05-13 07:00:00,35.1,35.9,35.0,35.55,3239100,BAF
2026-05-14 07:00:00,35.45,35.75,35.45,35.6,1457300,BAF
2026-05-15 07:00:00,35.5,35.6,34.95,35.3,1393700,BAF
2026-05-04 07:00:00,6.8,6.8,6.8,6.8,200,BAL
2026-05-06 07:00:00,6.2,6.2,6.2,6.2,100,BAL
2026-05-08 07:00:00,7.1,7.1,7.1,7.1,100,BAL
2026-05-04 07:00:00,9.8,9.8,9.8,9.8,100,BBH
2026-05-05 07:00:00,8.4,8.4,8.4,8.4,100,BBH
2026-05-06 07:00:00,9.5,9.5,9.4,9.4,600,BBH
2026-05-07 07:00:00,9.9,9.9,9.9,9.9,100,BBH
2026-05-08 07:00:00,9.9,9.9,9.8,9.8,2700,BBH
2026-05-11 07:00:00,9.9,9.9,9.8,9.8,200,BBH
2026-05-14 07:00:00,8.5,8.5,8.5,8.5,100,BBH
2026-05-04 07:00:00,12.9,12.9,12.9,12.9,100,BBS
2026-05-06 07:00:00,13.0,13.0,13.0,13.0,2000,BBS
2026-05-12 07:00:00,11.7,12.0,11.7,12.0,3500,BBS
2026-05-13 07:00:00,12.0,12.0,12.0,12.0,1000,BBS
2026-05-14 07:00:00,12.0,12.0,12.0,12.0,1900,BBS
2026-05-04 07:00:00,21.7,21.9,21.6,21.6,14800,BCA
2026-05-05 07:00:00,21.8,22.1,20.3,21.0,45000,BCA
2026-05-06 07:00:00,21.5,22.4,21.0,21.0,14900,BCA
2026-05-07 07:00:00,21.9,22.0,20.5,21.8,31600,BCA
2026-05-08 07:00:00,21.5,21.8,21.0,21.6,23700,BCA
2026-05-11 07:00:00,21.9,22.0,21.5,21.5,6100,BCA
2026-05-12 07:00:00,21.8,22.0,21.5,21.9,15600,BCA
2026-05-13 07:00:00,21.9,22.0,21.0,22.0,29600,BCA
2026-05-14 07:00:00,21.8,22.0,21.7,21.7,14000,BCA
2026-05-15 07:00:00,21.9,21.9,21.0,21.7,15100,BCA
2026-05-04 07:00:00,53.8,54.3,53.0,53.4,272700,BCM
2026-05-05 07:00:00,53.1,53.5,52.9,53.3,182000,BCM
2026-05-06 07:00:00,53.5,53.9,53.3,53.8,176900,BCM
2026-05-07 07:00:00,54.1,54.2,53.4,53.4,241000,BCM
2026-05-08 07:00:00,53.5,53.5,52.7,53.0,344200,BCM
2026-05-11 07:00:00,53.0,53.0,52.0,52.0,414500,BCM
2026-05-12 07:00:00,52.1,52.3,51.8,52.1,174400,BCM
2026-05-13 07:00:00,52.2,54.7,51.8,53.1,490700,BCM
2026-05-14 07:00:00,53.8,54.5,53.3,53.4,279700,BCM
2026-05-15 07:00:00,53.3,54.5,53.1,54.0,257100,BCM
2026-05-04 07:00:00,10.0,10.0,9.5,9.5,3500,BCP
2026-05-05 07:00:00,9.6,9.6,9.6,9.6,3000,BCP
2026-05-13 07:00:00,9.7,9.7,9.7,9.7,500,BCP
2026-05-14 07:00:00,10.5,11.0,10.5,11.0,7500,BCP
2026-05-07 07:00:00,26.3,26.3,26.3,26.3,200,BDW
2026-05-08 07:00:00,26.3,26.3,26.3,26.3,300,BDW
2026-05-12 07:00:00,26.3,26.3,26.3,26.3,200,BDW
2026-05-13 07:00:00,27.0,27.0,27.0,27.0,100,BDW
2026-05-15 07:00:00,26.2,26.2,26.2,26.2,100,BDW
2026-05-06 07:00:00,23.2,23.2,23.2,23.2,100,BHA
2026-05-07 07:00:00,22.1,22.1,22.0,22.0,2600,BHA
2026-05-08 07:00:00,22.9,22.9,22.9,22.9,600,BHA
2026-05-11 07:00:00,22.1,22.1,22.0,22.0,2600,BHA
2026-05-13 07:00:00,22.5,22.5,22.5,22.5,1600,BHA
2026-05-04 07:00:00,29.7,30.0,29.7,30.0,4900,BHN
2026-05-05 07:00:00,30.0,30.0,29.0,29.0,1200,BHN
2026-05-06 07:00:00,29.0,29.1,29.0,29.05,1500,BHN
2026-05-07 07:00:00,29.1,29.1,29.05,29.05,5500,BHN
2026-05-08 07:00:00,29.1,29.15,29.1,29.15,1400,BHN
2026-05-11 07:00:00,29.1,29.35,29.0,29.0,2500,BHN
2026-05-12 07:00:00,28.55,29.3,28.55,29.0,3000,BHN
2026-05-13 07:00:00,28.8,28.9,28.6,28.9,2300,BHN
2026-05-14 07:00:00,29.85,29.95,28.5,29.4,2600,BHN
2026-05-15 07:00:00,29.3,29.3,29.0,29.0,2200,BHN
2026-05-11 07:00:00,8.0,8.0,8.0,8.0,100,BHP
2026-05-04 07:00:00,8.7,8.9,8.7,8.9,5800,BLI
2026-05-05 07:00:00,8.8,8.8,8.6,8.8,3200,BLI
2026-05-06 07:00:00,8.8,8.8,8.7,8.7,24600,BLI
2026-05-07 07:00:00,8.8,8.8,8.8,8.8,100,BLI
2026-05-08 07:00:00,8.8,9.0,8.8,9.0,1400,BLI
2026-05-11 07:00:00,8.8,8.9,8.5,8.9,6300,BLI
2026-05-12 07:00:00,8.7,8.7,8.6,8.7,5400,BLI
2026-05-13 07:00:00,8.6,8.6,8.4,8.6,13300,BLI
2026-05-14 07:00:00,8.4,8.5,8.4,8.5,4300,BLI
2026-05-15 07:00:00,8.6,9.0,8.6,9.0,6600,BLI
2026-05-12 07:00:00,6.9,6.9,6.9,6.9,1000,BLN
2026-05-05 07:00:00,22.0,22.0,22.0,22.0,100,BLT
2026-05-06 07:00:00,22.2,22.2,22.0,22.0,300,BLT
2026-05-08 07:00:00,22.1,22.1,22.1,22.1,100,BLT
2026-05-12 07:00:00,22.5,22.5,22.5,22.5,100,BLT
2026-05-13 07:00:00,22.2,22.2,22.0,22.0,1000,BLT
2026-05-15 07:00:00,22.0,22.0,22.0,22.0,100,BLT
2026-05-05 07:00:00,10.5,10.5,10.5,10.5,100,BMJ
2026-05-11 07:00:00,9.6,9.6,9.6,9.6,500,BMJ
2026-05-12 07:00:00,10.9,10.9,9.8,10.8,900,BMJ
2026-05-13 07:00:00,9.9,9.9,9.9,9.9,100,BMJ
2026-05-14 07:00:00,9.0,9.0,9.0,9.0,500,BMJ
2026-05-15 07:00:00,10.3,10.3,10.3,10.3,100,BMJ
2026-05-04 07:00:00,15.2,15.4,15.1,15.4,219700,BMS
2026-05-05 07:00:00,15.4,15.4,15.1,15.3,123900,BMS
2026-05-06 07:00:00,15.3,15.6,15.3,15.6,282100,BMS
2026-05-07 07:00:00,15.5,15.7,15.3,15.4,116600,BMS
2026-05-08 07:00:00,15.5,15.6,15.2,15.3,161500,BMS
2026-05-11 07:00:00,15.3,15.3,15.0,15.2,166800,BMS
2026-05-12 07:00:00,15.2,15.2,14.9,15.0,123700,BMS
2026-05-13 07:00:00,15.0,15.2,14.8,14.9,139000,BMS
2026-05-14 07:00:00,14.9,15.1,14.9,15.0,168600,BMS
2026-05-15 07:00:00,15.1,15.1,14.5,14.6,184600,BMS
2026-05-04 07:00:00,4.1,4.1,4.1,4.1,100,BMV
2026-05-06 07:00:00,4.0,4.0,4.0,4.0,100,BMV
2026-05-08 07:00:00,4.0,4.0,4.0,4.0,100,BMV
2026-05-05 07:00:00,16.1,16.1,15.6,15.6,3800,BNW
2026-05-06 07:00:00,15.8,15.8,15.8,15.8,1300,BNW
2026-05-07 07:00:00,15.8,15.8,15.8,15.8,500,BNW
2026-05-11 07:00:00,17.0,17.0,17.0,17.0,100,BNW
2026-05-13 07:00:00,15.0,15.0,15.0,15.0,200,BNW
2026-05-14 07:00:00,15.1,17.0,13.0,17.0,4200,BNW
2026-05-15 07:00:00,15.2,15.2,15.0,15.0,500,BNW
2026-05-04 07:00:00,10.9,10.9,10.9,10.9,200,BT1
2026-05-05 07:00:00,11.9,12.5,11.9,12.5,2300,BT1
2026-05-06 07:00:00,11.8,11.8,11.8,11.8,300,BT1
2026-05-07 07:00:00,11.8,11.8,11.8,11.8,100,BT1
2026-05-11 07:00:00,11.3,11.3,11.3,11.3,100,BT1
2026-05-13 07:00:00,9.9,10.9,9.8,10.9,1500,BT1
2026-05-15 07:00:00,10.9,10.9,10.9,10.9,1100,BT1
2026-05-06 07:00:00,2.6,2.6,2.6,2.6,100,BTN
2026-05-08 07:00:00,2.9,2.9,2.6,2.6,26200,BTN
2026-05-12 07:00:00,2.7,2.7,2.5,2.5,43500,BTN
2026-05-14 07:00:00,2.5,2.5,2.5,2.5,200,BTN
2026-05-04 07:00:00,8.37,8.44,8.37,8.44,20600,BTP
2026-05-05 07:00:00,8.45,8.45,8.37,8.42,9600,BTP
2026-05-06 07:00:00,8.37,8.46,8.37,8.37,30100,BTP
2026-05-07 07:00:00,8.45,8.46,8.34,8.39,76900,BTP
2026-05-08 07:00:00,8.39,8.45,8.35,8.39,21800,BTP
2026-05-11 07:00:00,8.43,8.43,8.34,8.4,16400,BTP
2026-05-12 07:00:00,8.4,8.4,8.31,8.4,17700,BTP
2026-05-13 07:00:00,8.39,8.41,8.34,8.41,4800,BTP
2026-05-14 07:00:00,8.4,8.44,8.35,8.41,40500,BTP
2026-05-15 07:00:00,8.41,8.49,8.38,8.42,32800,BTP
2026-05-04 07:00:00,5.0,5.2,5.0,5.2,1900,BTS
2026-05-05 07:00:00,5.2,5.2,5.0,5.2,12900,BTS
2026-05-06 07:00:00,5.0,5.2,5.0,5.2,2500,BTS
2026-05-07 07:00:00,5.1,5.2,5.0,5.2,10300,BTS
2026-05-08 07:00:00,5.0,5.2,5.0,5.2,2300,BTS
2026-05-11 07:00:00,5.1,5.2,5.1,5.1,4300,BTS
2026-05-12 07:00:00,5.1,5.1,5.1,5.1,500,BTS
2026-05-13 07:00:00,5.1,5.2,5.1,5.2,1100,BTS
2026-05-14 07:00:00,5.1,5.2,5.1,5.2,7300,BTS
2026-05-15 07:00:00,5.2,5.2,5.2,5.2,100,BTS
2026-05-04 07:00:00,15.6,15.6,15.6,15.6,4800,BTU
2026-05-05 07:00:00,15.6,15.6,15.6,15.6,4300,BTU
2026-05-06 07:00:00,15.0,15.0,15.0,15.0,100,BTU
2026-05-11 07:00:00,15.4,15.4,15.3,15.3,3200,BTU
2026-05-14 07:00:00,15.4,15.4,15.4,15.4,400,BTU
2026-05-04 07:00:00,14.9,15.9,14.9,15.9,1300,BVL
2026-05-05 07:00:00,15.8,15.8,15.8,15.8,900,BVL
2026-05-06 07:00:00,15.9,15.9,15.6,15.6,1300,BVL
2026-05-08 07:00:00,15.0,15.0,13.5,13.5,1600,BVL
2026-05-11 07:00:00,14.9,14.9,14.9,14.9,100,BVL
2026-05-12 07:00:00,15.0,15.0,14.0,14.8,400,BVL
2026-05-14 07:00:00,14.8,14.8,14.8,14.8,100,BVL
2026-05-04 07:00:00,25.8,25.9,25.5,25.7,95500,BVS
2026-05-05 07:00:00,25.6,25.8,25.3,25.8,94500,BVS
2026-05-06 07:00:00,25.9,26.9,25.8,26.9,199600,BVS
2026-05-07 07:00:00,27.0,27.0,26.4,26.5,86100,BVS
2026-05-08 07:00:00,26.0,26.6,26.0,26.4,100200,BVS
2026-05-11 07:00:00,26.2,26.8,26.2,26.2,119600,BVS
2026-05-12 07:00:00,26.2,26.4,26.0,26.2,43800,BVS
2026-05-13 07:00:00,26.2,26.4,26.0,26.0,90400,BVS
2026-05-14 07:00:00,26.0,26.3,25.7,25.9,84200,BVS
2026-05-15 07:00:00,26.3,26.3,25.6,26.0,153600,BVS
2026-05-06 07:00:00,11.3,11.3,11.3,11.3,100,BWA
2026-05-07 07:00:00,12.9,12.9,12.9,12.9,100,BWA
2026-05-15 07:00:00,15.3,15.3,14.4,14.4,5500,C21
2026-05-04 07:00:00,19.0,19.0,19.0,19.0,1500,CCI
2026-05-06 07:00:00,19.0,19.0,19.0,19.0,1000,CCI
2026-05-07 07:00:00,19.0,19.0,19.0,19.0,300,CCI
2026-05-12 07:00:00,19.5,19.5,19.5,19.5,400,CCI
2026-05-14 07:00:00,18.6,18.6,18.55,18.55,400,CCI
2026-05-15 07:00:00,19.8,19.8,19.8,19.8,500,CCI
2026-05-04 07:00:00,13.7,13.7,13.7,13.7,200,CCR
2026-05-05 07:00:00,13.9,14.0,13.9,14.0,2000,CCR
2026-05-06 07:00:00,14.0,14.0,13.0,14.0,300,CCR
2026-05-07 07:00:00,13.5,13.5,13.5,13.5,200,CCR
2026-05-11 07:00:00,14.1,14.1,14.1,14.1,1700,CCR
2026-05-12 07:00:00,14.1,14.1,14.1,14.1,4500,CCR
2026-05-13 07:00:00,13.5,14.1,13.5,14.1,1100,CCR
2026-05-14 07:00:00,14.1,14.1,14.1,14.1,500,CCR
2026-05-04 07:00:00,30.0,30.4,30.0,30.4,8400,CDN
2026-05-05 07:00:00,30.4,30.4,29.9,30.3,3700,CDN
2026-05-06 07:00:00,30.1,30.3,29.4,29.9,28900,CDN
2026-05-07 07:00:00,29.5,30.0,29.5,29.5,10500,CDN
2026-05-08 07:00:00,29.5,30.0,29.0,29.5,25000,CDN
2026-05-11 07:00:00,29.5,29.7,29.4,29.7,3000,CDN
2026-05-12 07:00:00,29.8,29.9,29.3,29.7,11100,CDN
2026-05-13 07:00:00,29.5,29.5,29.0,29.5,25500,CDN
2026-05-14 07:00:00,29.6,29.7,29.3,29.3,4800,CDN
2026-05-15 07:00:00,29.2,29.3,29.1,29.2,11400,CDN
2026-05-08 07:00:00,1.5,1.5,1.4,1.5,54400,CDO
2026-05-15 07:00:00,1.5,1.5,1.4,1.5,69700,CDO
2026-05-04 07:00:00,13.7,13.9,13.7,13.9,300,CDP
2026-05-05 07:00:00,13.6,13.9,13.6,13.9,600,CDP
2026-05-06 07:00:00,13.8,13.9,13.8,13.9,2000,CDP
2026-05-07 07:00:00,13.8,13.8,13.8,13.8,1000,CDP
2026-05-11 07:00:00,13.8,13.8,13.7,13.7,1400,CDP
2026-05-12 07:00:00,13.6,13.7,13.6,13.7,3500,CDP
2026-05-13 07:00:00,13.7,13.8,13.7,13.7,6300,CDP
2026-05-14 07:00:00,13.6,13.7,13.5,13.7,3900,CDP
2026-05-15 07:00:00,13.6,13.6,13.6,13.6,2200,CDP
2026-05-04 07:00:00,9.7,9.9,9.7,9.9,20800,CIA
2026-05-05 07:00:00,10.0,10.0,9.9,9.9,27700,CIA
2026-05-06 07:00:00,10.0,10.0,9.9,9.9,5500,CIA
2026-05-07 07:00:00,9.9,9.9,9.9,9.9,7900,CIA
2026-05-08 07:00:00,9.9,9.9,9.9,9.9,5200,CIA
2026-05-11 07:00:00,9.7,9.7,9.7,9.7,800,CIA
2026-05-12 07:00:00,9.7,9.7,9.7,9.7,8500,CIA
2026-05-13 07:00:00,9.7,10.0,9.7,10.0,2300,CIA
2026-05-15 07:00:00,10.4,10.4,10.0,10.0,300,CIA
2026-05-04 07:00:00,11.6,11.6,10.3,10.5,5400,CID
2026-05-05 07:00:00,10.5,10.8,10.5,10.6,3000,CID
2026-05-06 07:00:00,10.3,10.3,10.0,10.0,4800,CID
2026-05-07 07:00:00,10.0,10.5,10.0,10.5,3600,CID
2026-05-08 07:00:00,10.4,10.4,10.1,10.1,1700,CID
2026-05-11 07:00:00,10.3,10.5,10.3,10.5,5500,CID
2026-05-12 07:00:00,10.5,10.5,10.4,10.5,400,CID
2026-05-13 07:00:00,10.5,10.5,10.1,10.4,3800,CID
2026-05-14 07:00:00,10.4,10.7,10.4,10.7,2300,CID
2026-05-15 07:00:00,10.7,11.9,10.7,10.7,8800,CID
2026-05-08 07:00:00,5.0,5.0,5.0,5.0,665800,CK8
2026-05-04 07:00:00,27.0,27.0,27.0,27.0,5200,CKD
2026-05-05 07:00:00,25.5,27.0,25.0,27.0,3300,CKD
2026-05-06 07:00:00,27.3,27.3,27.3,27.3,100,CKD
2026-05-07 07:00:00,25.0,25.1,24.5,24.5,6500,CKD
2026-05-08 07:00:00,25.7,26.0,25.0,25.0,4800,CKD
2026-05-11 07:00:00,25.0,25.0,24.8,24.8,1000,CKD
2026-05-12 07:00:00,24.9,25.0,24.9,24.9,4800,CKD
2026-05-13 07:00:00,26.4,26.4,24.5,24.5,400,CKD
2026-05-14 07:00:00,24.5,25.0,24.3,24.3,4400,CKD
2026-05-15 07:00:00,26.5,27.4,24.5,24.5,1000,CKD
2026-05-06 07:00:00,25.2,25.2,25.2,25.2,2000,CLI
2026-05-07 07:00:00,28.9,28.9,28.0,28.6,189500,CLI
2026-05-08 07:00:00,33.2,33.2,28.7,32.0,95900,CLI
2026-05-11 07:00:00,31.5,31.6,27.1,27.1,59800,CLI
2026-05-12 07:00:00,27.0,27.0,25.4,26.0,64400,CLI
2026-05-13 07:00:00,25.8,26.7,25.7,26.3,59400,CLI
2026-05-14 07:00:00,26.4,26.9,26.0,26.8,36200,CLI
2026-05-15 07:00:00,26.7,27.7,26.0,26.3,43400,CLI
2026-05-04 07:00:00,64.45,64.45,64.45,64.45,500,CLM
2026-05-06 07:00:00,70.89,70.89,70.41,70.89,2100,CLM
2026-05-08 07:00:00,73.0,73.0,73.0,73.0,100,CLM
2026-05-04 07:00:00,14.8,15.0,14.8,14.9,35600,CLX
2026-05-05 07:00:00,14.8,15.0,14.8,14.9,74500,CLX
2026-05-06 07:00:00,14.9,14.9,14.8,14.9,26200,CLX
2026-05-07 07:00:00,14.8,14.9,14.8,14.8,94500,CLX
2026-05-08 07:00:00,14.9,14.9,14.8,14.8,38000,CLX
2026-05-11 07:00:00,14.8,14.9,14.8,14.8,30400,CLX
2026-05-12 07:00:00,14.8,14.9,14.8,14.8,27600,CLX
2026-05-13 07:00:00,14.8,14.9,14.7,14.9,36200,CLX
2026-05-14 07:00:00,14.8,14.9,14.7,14.8,84300,CLX
2026-05-15 07:00:00,14.8,14.9,14.8,14.8,18600,CLX
2026-05-05 07:00:00,18.0,18.0,18.0,18.0,100,CMM
2026-05-06 07:00:00,16.3,17.3,16.3,17.3,400,CMM
2026-05-08 07:00:00,17.1,17.1,17.1,17.1,100,CMM
2026-05-13 07:00:00,17.4,17.4,17.4,17.4,100,CMM
2026-05-04 07:00:00,56.0,65.5,56.0,65.0,1600,CMN
2026-05-05 07:00:00,65.6,65.6,64.8,65.0,2300,CMN
2026-05-06 07:00:00,65.0,65.1,65.0,65.0,9400,CMN
2026-05-07 07:00:00,65.0,65.0,65.0,65.0,2900,CMN
2026-05-08 07:00:00,65.5,66.0,64.0,66.0,1300,CMN
2026-05-11 07:00:00,72.5,72.5,67.0,68.5,5200,CMN
2026-05-12 07:00:00,69.0,74.5,69.0,74.5,400,CMN
2026-05-14 07:00:00,74.0,74.0,74.0,74.0,100,CMN
2026-05-15 07:00:00,64.2,69.8,64.2,69.8,300,CMN
2026-05-04 07:00:00,31.1,31.1,30.9,31.0,17200,CQN
2026-05-05 07:00:00,31.0,31.1,30.8,30.9,17300,CQN
2026-05-06 07:00:00,31.0,31.1,30.9,31.1,18500,CQN
2026-05-07 07:00:00,31.1,31.1,30.8,31.0,14000,CQN
2026-05-08 07:00:00,30.9,31.1,30.9,31.1,13400,CQN
2026-05-11 07:00:00,31.0,31.1,30.9,31.1,18500,CQN
2026-05-12 07:00:00,31.0,31.1,30.9,31.1,21800,CQN
2026-05-13 07:00:00,31.0,31.1,30.9,31.1,10700,CQN
2026-05-14 07:00:00,31.0,31.1,30.9,31.1,18100,CQN
2026-05-15 07:00:00,31.0,31.0,30.8,31.0,10300,CQN
2026-05-04 07:00:00,7.5,7.8,7.5,7.8,2900,CQT
2026-05-07 07:00:00,7.5,7.6,7.5,7.6,6000,CQT
2026-05-11 07:00:00,6.5,6.5,6.5,6.5,100,CQT
2026-05-13 07:00:00,7.0,7.0,7.0,7.0,100,CQT
2026-05-14 07:00:00,7.3,7.5,7.3,7.5,2600,CQT
2026-05-15 07:00:00,7.4,7.6,7.4,7.5,4400,CQT
2026-05-04 07:00:00,7.65,7.65,7.5,7.64,142100,CRE
2026-05-05 07:00:00,7.59,7.59,7.41,7.45,160200,CRE
2026-05-06 07:00:00,7.4,7.7,7.4,7.7,131000,CRE
2026-05-07 07:00:00,7.67,7.67,7.47,7.5,139400,CRE
2026-05-08 07:00:00,7.44,7.63,7.44,7.5,95200,CRE
2026-05-11 07:00:00,7.5,7.55,7.3,7.35,132400,CRE
2026-05-12 07:00:00,7.31,7.6,7.31,7.6,90900,CRE
2026-05-13 07:00:00,7.5,7.59,7.41,7.57,88800,CRE
2026-05-14 07:00:00,7.57,7.75,7.4,7.75,98400,CRE
2026-05-15 07:00:00,7.5,7.8,7.5,7.5,71900,CRE
2026-05-07 07:00:00,26.1,27.95,26.1,27.95,700,CRV
2026-05-08 07:00:00,28.0,29.9,28.0,28.0,500,CRV
2026-05-12 07:00:00,27.0,27.0,27.0,27.0,1900,CRV
2026-05-13 07:00:00,27.05,27.05,27.0,27.0,200,CRV
2026-05-15 07:00:00,26.0,26.95,26.0,26.95,300,CRV
2026-05-04 07:00:00,14.5,14.8,14.3,14.8,22500,CSC
2026-05-05 07:00:00,14.5,14.8,14.5,14.7,2800,CSC
2026-05-06 07:00:00,14.5,14.7,13.9,14.6,13000,CSC
2026-05-07 07:00:00,14.6,14.7,14.5,14.7,4600,CSC
2026-05-08 07:00:00,14.5,14.6,14.3,14.5,11300,CSC
2026-05-11 07:00:00,14.6,15.0,14.2,14.2,15100,CSC
2026-05-12 07:00:00,14.3,14.7,14.1,14.6,10800,CSC
2026-05-13 07:00:00,14.6,14.6,13.9,14.5,23300,CSC
2026-05-14 07:00:00,14.4,14.5,14.0,14.5,9000,CSC
2026-05-15 07:00:00,14.0,14.5,14.0,14.4,18900,CSC
2026-05-04 07:00:00,12.25,12.3,12.0,12.2,207300,CSM
2026-05-05 07:00:00,12.15,12.15,11.95,12.1,156600,CSM
2026-05-06 07:00:00,11.95,12.1,11.85,12.0,233900,CSM
2026-05-07 07:00:00,11.95,12.1,11.7,11.7,517200,CSM
2026-05-08 07:00:00,11.7,11.95,11.7,11.85,221800,CSM
2026-05-11 07:00:00,11.85,11.95,11.75,11.85,167800,CSM
2026-05-12 07:00:00,11.8,11.9,11.7,11.75,295600,CSM
2026-05-13 07:00:00,11.75,11.9,11.7,11.7,195800,CSM
2026-05-14 07:00:00,11.85,11.85,11.6,11.6,158000,CSM
2026-05-15 07:00:00,11.8,11.95,11.65,11.9,390000,CSM
2026-05-04 07:00:00,13.8,13.8,13.6,13.7,12000,CST
2026-05-05 07:00:00,13.6,13.7,13.6,13.7,7500,CST
2026-05-06 07:00:00,13.7,13.7,13.6,13.7,17300,CST
2026-05-07 07:00:00,13.6,13.7,13.6,13.6,33100,CST
2026-05-08 07:00:00,13.1,13.7,12.7,13.7,10300,CST
2026-05-11 07:00:00,13.6,13.6,13.5,13.6,5200,CST
2026-05-12 07:00:00,13.6,13.6,13.4,13.6,11100,CST
2026-05-13 07:00:00,13.4,13.6,13.3,13.4,18200,CST
2026-05-14 07:00:00,13.4,13.4,13.2,13.2,31500,CST
2026-05-15 07:00:00,13.2,13.3,13.1,13.3,15100,CST
2026-05-04 07:00:00,26.15,26.4,26.15,26.25,185100,CSV
2026-05-05 07:00:00,26.25,26.45,26.0,26.15,228300,CSV
2026-05-06 07:00:00,26.3,26.45,26.0,26.3,333100,CSV
2026-05-07 07:00:00,26.3,26.5,26.25,26.25,228600,CSV
2026-05-08 07:00:00,26.25,26.3,26.1,26.2,240700,CSV
2026-05-11 07:00:00,26.2,26.25,25.85,25.85,343200,CSV
2026-05-12 07:00:00,25.8,26.05,25.5,25.95,182100,CSV
2026-05-13 07:00:00,26.0,26.35,25.8,26.35,272000,CSV
2026-05-14 07:00:00,26.4,26.55,26.1,26.15,224900,CSV
2026-05-15 07:00:00,26.25,26.25,26.0,26.1,158900,CSV
2026-05-08 07:00:00,8.1,8.1,8.1,8.1,300,CT3
2026-05-15 07:00:00,7.9,8.1,6.9,8.0,8100,CT3
2026-05-06 07:00:00,16.1,16.1,16.1,16.1,100,CTB
2026-05-11 07:00:00,17.6,17.6,17.4,17.6,2100,CTB
2026-05-12 07:00:00,17.4,17.4,17.4,17.4,300,CTB
2026-05-13 07:00:00,17.4,17.4,17.4,17.4,200,CTB
2026-05-14 07:00:00,17.4,17.4,17.4,17.4,100,CTB
2026-05-04 07:00:00,35.4,35.7,35.2,35.35,8318000,CTG
2026-05-05 07:00:00,35.3,35.3,34.85,35.3,5731700,CTG
2026-05-06 07:00:00,35.3,35.55,35.0,35.55,10173500,CTG
2026-05-07 07:00:00,35.65,36.0,35.5,35.8,10661200,CTG
2026-05-08 07:00:00,35.95,36.7,35.9,36.2,18248400,CTG
2026-05-11 07:00:00,36.3,36.3,35.6,35.6,7072000,CTG
2026-05-12 07:00:00,35.65,35.65,35.0,35.25,8809000,CTG
2026-05-13 07:00:00,35.25,35.75,35.0,35.55,9697200,CTG
2026-05-14 07:00:00,35.65,36.2,35.6,35.95,9116900,CTG
2026-05-15 07:00:00,36.25,36.3,35.4,35.8,10368400,CTG
2026-05-04 07:00:00,21.5,21.8,21.2,21.5,266800,CTI
2026-05-05 07:00:00,21.45,21.65,21.2,21.6,130400,CTI
2026-05-06 07:00:00,21.35,21.7,21.35,21.6,98600,CTI
2026-05-07 07:00:00,21.7,21.95,21.55,21.6,258900,CTI
2026-05-08 07:00:00,21.55,21.9,21.55,21.7,372500,CTI
2026-05-11 07:00:00,21.75,21.8,21.3,21.5,230100,CTI
2026-05-12 07:00:00,21.5,21.6,21.05,21.35,386600,CTI
2026-05-13 07:00:00,21.2,21.3,20.9,21.0,340400,CTI
2026-05-14 07:00:00,21.1,21.95,21.1,21.6,361600,CTI
2026-05-15 07:00:00,21.7,21.7,21.35,21.45,136100,CTI
2026-05-04 07:00:00,6.6,6.8,6.5,6.5,45900,CTP
2026-05-05 07:00:00,6.4,6.6,6.4,6.4,58300,CTP
2026-05-06 07:00:00,6.5,6.6,6.3,6.4,76800,CTP
2026-05-07 07:00:00,6.5,6.5,6.4,6.4,27100,CTP
2026-05-08 07:00:00,6.4,6.4,6.3,6.3,39200,CTP
2026-05-11 07:00:00,6.5,6.6,6.1,6.1,239600,CTP
2026-05-12 07:00:00,6.2,6.5,6.1,6.5,78400,CTP
2026-05-13 07:00:00,6.7,7.1,6.5,7.1,444800,CTP
2026-05-14 07:00:00,7.2,7.5,6.8,7.0,99700,CTP
2026-05-15 07:00:00,7.2,7.2,6.7,7.0,57100,CTP
2026-05-04 07:00:00,85.4,86.4,85.0,85.1,179200,CTR
2026-05-05 07:00:00,85.7,85.7,83.5,84.0,238900,CTR
2026-05-06 07:00:00,84.7,84.7,83.6,84.0,198500,CTR
2026-05-07 07:00:00,84.2,85.2,84.0,85.0,200400,CTR
2026-05-08 07:00:00,84.7,84.7,81.6,83.4,193100,CTR
2026-05-11 07:00:00,82.6,83.4,82.3,82.3,255400,CTR
2026-05-12 07:00:00,82.3,82.8,82.0,82.5,163400,CTR
2026-05-13 07:00:00,82.6,86.3,82.2,85.9,401800,CTR
2026-05-14 07:00:00,85.9,86.5,85.4,85.6,290300,CTR
2026-05-15 07:00:00,85.6,85.6,83.8,84.9,175800,CTR
2026-05-04 07:00:00,25.0,25.0,25.0,25.0,400,CTW
2026-05-05 07:00:00,25.0,25.0,25.0,25.0,200,CTW
2026-05-04 07:00:00,5.4,5.5,5.2,5.2,30400,CTX
2026-05-05 07:00:00,5.3,5.4,5.1,5.4,28800,CTX
2026-05-06 07:00:00,5.4,5.4,5.3,5.4,46400,CTX
2026-05-07 07:00:00,5.4,5.4,5.3,5.3,21200,CTX
2026-05-08 07:00:00,5.3,5.6,5.3,5.5,51400,CTX
2026-05-11 07:00:00,5.5,5.5,5.3,5.3,14000,CTX
2026-05-12 07:00:00,5.3,5.3,5.3,5.3,39000,CTX
2026-05-13 07:00:00,5.4,5.4,5.3,5.4,37300,CTX
2026-05-14 07:00:00,5.3,5.4,5.3,5.4,7700,CTX
2026-05-15 07:00:00,5.4,5.4,5.2,5.4,6900,CTX
2026-05-04 07:00:00,25.0,26.55,24.85,26.55,1600,CVT
2026-05-05 07:00:00,24.8,26.15,24.8,26.15,20100,CVT
2026-05-08 07:00:00,26.0,26.85,26.0,26.85,900,CVT
2026-05-04 07:00:00,34.95,35.05,34.8,34.8,46400,D2D
2026-05-05 07:00:00,34.85,34.85,34.75,34.85,11800,D2D
2026-05-06 07:00:00,34.85,34.9,34.8,34.9,39600,D2D
2026-05-07 07:00:00,34.9,34.9,34.7,34.75,36100,D2D
2026-05-08 07:00:00,34.75,34.95,34.65,34.8,38200,D2D
2026-05-11 07:00:00,34.8,34.8,34.55,34.55,51500,D2D
2026-05-12 07:00:00,34.3,34.6,34.2,34.2,80100,D2D
2026-05-13 07:00:00,34.2,34.2,33.8,33.9,144500,D2D
2026-05-14 07:00:00,34.0,34.15,33.9,33.95,38200,D2D
2026-05-15 07:00:00,34.0,34.0,33.9,33.95,9200,D2D
2026-05-07 07:00:00,10.0,10.0,10.0,10.0,1200,DAS
2026-05-05 07:00:00,8.1,8.1,8.1,8.1,300,DAT
2026-05-06 07:00:00,8.05,8.34,8.05,8.34,1200,DAT
2026-05-07 07:00:00,8.33,8.33,8.33,8.33,600,DAT
2026-05-08 07:00:00,8.1,8.1,8.1,8.1,2300,DAT
2026-05-11 07:00:00,8.0,8.0,8.0,8.0,300,DAT
2026-05-12 07:00:00,7.54,8.43,7.54,8.41,900,DAT
2026-05-13 07:00:00,8.01,8.02,7.9,7.9,8100,DAT
2026-05-14 07:00:00,8.32,8.41,8.32,8.36,600,DAT
2026-05-15 07:00:00,8.38,8.38,8.38,8.38,100,DAT
2026-05-04 07:00:00,22.8,22.85,22.55,22.55,1058800,DBC
2026-05-05 07:00:00,22.55,23.0,22.5,22.75,2321600,DBC
2026-05-06 07:00:00,22.8,22.95,22.55,22.9,1527500,DBC
2026-05-07 07:00:00,22.8,23.05,22.7,22.7,1539400,DBC
2026-05-08 07:00:00,22.7,22.75,22.45,22.5,2068300,DBC
2026-05-11 07:00:00,22.7,22.7,22.45,22.45,1611500,DBC
2026-05-12 07:00:00,22.65,22.65,22.4,22.45,1369000,DBC
2026-05-13 07:00:00,22.5,22.9,22.45,22.6,1926500,DBC
2026-05-14 07:00:00,22.8,22.85,22.5,22.6,1211100,DBC
2026-05-15 07:00:00,22.65,22.65,22.45,22.55,1222100,DBC
2026-05-04 07:00:00,50.0,50.2,49.8,50.0,108700,DBD
2026-05-05 07:00:00,49.9,49.95,49.8,49.95,3800,DBD
2026-05-06 07:00:00,49.95,50.0,49.8,50.0,17000,DBD
2026-05-07 07:00:00,49.5,50.5,49.5,50.0,36100,DBD
2026-05-08 07:00:00,49.9,49.95,49.45,49.85,16300,DBD
2026-05-11 07:00:00,50.0,50.0,49.4,49.4,17400,DBD
2026-05-12 07:00:00,49.5,49.8,49.5,49.8,3600,DBD
2026-05-13 07:00:00,49.9,50.1,49.8,50.1,176300,DBD
2026-05-14 07:00:00,50.2,50.2,50.0,50.2,29600,DBD
2026-05-15 07:00:00,50.0,50.5,50.0,50.1,159000,DBD
2026-05-12 07:00:00,8.8,10.0,8.8,10.0,500,DC1
2026-05-04 07:00:00,37.3,37.8,37.0,37.7,1557800,DCL
2026-05-05 07:00:00,37.7,37.7,37.1,37.6,622400,DCL
2026-05-06 07:00:00,37.6,38.0,37.3,37.8,1104500,DCL
2026-05-07 07:00:00,37.6,39.0,37.5,38.3,928600,DCL
2026-05-08 07:00:00,38.3,38.5,37.6,38.1,740700,DCL
2026-05-11 07:00:00,38.1,38.2,37.4,37.8,597700,DCL
2026-05-12 07:00:00,37.8,38.1,37.3,37.95,911600,DCL
2026-05-13 07:00:00,37.95,38.5,37.9,38.5,2287800,DCL
2026-05-14 07:00:00,38.5,38.7,38.4,38.5,1233000,DCL
2026-05-15 07:00:00,38.5,38.5,38.1,38.4,702400,DCL
2026-05-04 07:00:00,53.7,54.8,53.3,53.4,1030600,DGC
2026-05-05 07:00:00,53.1,53.3,52.6,53.0,1564200,DGC
2026-05-06 07:00:00,53.2,56.2,52.8,55.8,5766700,DGC
2026-05-07 07:00:00,54.8,55.8,53.9,53.9,3649000,DGC
2026-05-08 07:00:00,53.1,54.3,52.2,52.2,4582900,DGC
2026-05-11 07:00:00,52.7,52.7,48.55,48.6,8962300,DGC
2026-05-12 07:00:00,48.6,50.2,47.2,47.9,5487500,DGC
2026-05-13 07:00:00,49.15,49.9,48.5,49.5,1807600,DGC
2026-05-14 07:00:00,50.0,51.3,49.65,50.8,2002200,DGC
2026-05-15 07:00:00,51.1,51.5,50.0,51.5,1516300,DGC
2026-05-04 07:00:00,42.42,42.86,41.98,42.47,639600,DGW
2026-05-05 07:00:00,42.57,42.57,41.93,42.47,576300,DGW
2026-05-06 07:00:00,42.47,42.86,42.18,42.47,1254100,DGW
2026-05-07 07:00:00,42.96,43.69,42.57,43.15,1255600,DGW
2026-05-08 07:00:00,42.81,43.06,41.88,42.28,1914100,DGW
2026-05-11 07:00:00,42.08,42.13,40.52,40.52,3390800,DGW
2026-05-12 07:00:00,40.62,41.3,40.37,41.25,1093500,DGW
2026-05-13 07:00:00,41.4,41.45,40.5,41.4,1095200,DGW
2026-05-14 07:00:00,41.45,42.4,41.4,42.4,1060200,DGW
2026-05-15 07:00:00,42.5,42.5,41.75,42.4,935100,DGW
2026-05-04 07:00:00,45.1,45.5,44.9,45.0,36000,DHA
2026-05-05 07:00:00,45.45,45.5,45.0,45.4,38100,DHA
2026-05-06 07:00:00,45.75,45.8,45.4,45.8,42500,DHA
2026-05-07 07:00:00,46.2,46.3,45.6,45.6,24400,DHA
2026-05-08 07:00:00,45.6,46.1,45.3,45.8,14400,DHA
2026-05-11 07:00:00,45.8,46.0,45.0,45.3,58200,DHA
2026-05-12 07:00:00,44.85,45.8,44.85,45.8,44400,DHA
2026-05-13 07:00:00,45.8,47.5,45.6,47.2,82500,DHA
2026-05-14 07:00:00,47.8,48.2,47.35,47.35,50100,DHA
2026-05-15 07:00:00,47.35,47.8,47.1,47.4,39100,DHA
2026-05-04 07:00:00,13.8,13.8,13.0,13.1,21900,DHB
2026-05-05 07:00:00,13.3,13.5,12.9,13.4,17800,DHB
2026-05-06 07:00:00,13.3,13.3,12.9,13.1,28500,DHB
2026-05-07 07:00:00,13.2,13.3,12.9,13.0,68300,DHB
2026-05-08 07:00:00,13.1,13.1,11.6,13.1,56700,DHB
2026-05-11 07:00:00,12.9,13.0,12.8,13.0,15000,DHB
2026-05-12 07:00:00,12.8,13.0,12.7,12.7,104000,DHB
2026-05-13 07:00:00,12.8,12.9,12.0,12.3,173900,DHB
2026-05-14 07:00:00,12.5,12.5,11.8,12.4,86300,DHB
2026-05-15 07:00:00,12.4,12.4,11.9,12.0,23500,DHB
2026-05-04 07:00:00,28.06,28.72,28.06,28.72,1500,DHD
2026-05-05 07:00:00,28.5,31.0,28.5,31.0,6300,DHD
2026-05-06 07:00:00,29.0,29.3,29.0,29.3,1900,DHD
2026-05-07 07:00:00,29.0,29.0,29.0,29.0,200,DHD
2026-05-08 07:00:00,29.0,29.0,28.0,29.0,6600,DHD
2026-05-11 07:00:00,29.0,29.0,28.3,28.3,6700,DHD
2026-05-12 07:00:00,28.6,28.6,28.6,28.6,100,DHD
2026-05-13 07:00:00,28.3,28.5,28.2,28.5,6100,DHD
2026-05-14 07:00:00,28.6,28.6,28.3,28.5,1100,DHD
2026-05-15 07:00:00,28.4,28.5,28.4,28.5,9500,DHD
2026-05-04 07:00:00,7.1,7.16,6.7,7.16,13100,DHM
2026-05-05 07:00:00,6.97,7.1,6.9,7.1,2400,DHM
2026-05-06 07:00:00,6.95,6.95,6.95,6.95,200,DHM
2026-05-07 07:00:00,6.95,7.1,6.95,7.1,500,DHM
2026-05-08 07:00:00,6.85,6.85,6.8,6.8,2400,DHM
2026-05-11 07:00:00,6.8,6.8,6.7,6.7,6200,DHM
2026-05-12 07:00:00,6.7,6.7,6.6,6.6,1100,DHM
2026-05-13 07:00:00,6.7,6.7,6.69,6.69,600,DHM
2026-05-15 07:00:00,6.69,6.69,6.5,6.5,1600,DHM
2026-05-04 07:00:00,9.1,9.1,9.0,9.0,800,DIH
2026-05-05 07:00:00,9.1,9.1,9.1,9.1,4200,DIH
2026-05-06 07:00:00,9.1,9.2,9.1,9.2,2200,DIH
2026-05-07 07:00:00,9.0,9.3,9.0,9.3,7600,DIH
2026-05-08 07:00:00,9.1,9.1,9.0,9.0,4600,DIH
2026-05-11 07:00:00,9.0,9.0,9.0,9.0,1800,DIH
2026-05-12 07:00:00,9.0,9.0,9.0,9.0,1000,DIH
2026-05-13 07:00:00,9.0,9.0,9.0,9.0,3100,DIH
2026-05-14 07:00:00,8.9,9.0,8.9,9.0,900,DIH
2026-05-15 07:00:00,9.0,9.1,9.0,9.1,3400,DIH
2026-05-04 07:00:00,2.78,2.85,2.73,2.73,1397900,DLG
2026-05-05 07:00:00,2.74,2.74,2.68,2.73,1472900,DLG
2026-05-06 07:00:00,2.73,2.78,2.69,2.73,773700,DLG
2026-05-07 07:00:00,2.72,2.78,2.7,2.7,825600,DLG
2026-05-08 07:00:00,2.7,2.72,2.66,2.66,1227100,DLG
2026-05-11 07:00:00,2.62,2.67,2.62,2.62,920100,DLG
2026-05-12 07:00:00,2.62,2.68,2.6,2.63,607400,DLG
2026-05-13 07:00:00,2.63,2.65,2.63,2.63,714300,DLG
2026-05-14 07:00:00,2.63,2.68,2.63,2.66,487900,DLG
2026-05-15 07:00:00,2.68,2.7,2.64,2.67,1160700,DLG
2026-05-04 07:00:00,56.0,56.0,56.0,56.0,100,DNC
2026-05-05 07:00:00,52.0,52.0,50.4,50.4,9000,DNC
2026-05-06 07:00:00,50.0,50.1,50.0,50.1,1700,DNC
2026-05-07 07:00:00,51.0,51.0,50.0,51.0,400,DNC
2026-05-11 07:00:00,51.0,51.0,51.0,51.0,600,DNC
2026-05-04 07:00:00,46.0,46.0,46.0,46.0,100,DNH
2026-05-11 07:00:00,39.3,39.3,39.3,39.3,100,DNH
2026-05-14 07:00:00,45.1,45.1,45.1,45.1,100,DNH
2026-05-05 07:00:00,7.1,7.9,7.1,7.9,2300,DPC
2026-05-06 07:00:00,7.8,7.8,6.2,7.8,300,DPC
2026-05-12 07:00:00,6.3,6.3,6.3,6.3,700,DPC
2026-05-13 07:00:00,7.2,7.2,6.0,7.2,500,DPC
2026-05-15 07:00:00,6.9,7.0,6.9,7.0,700,DPC
2026-05-04 07:00:00,41.5,43.4,41.3,42.6,1383600,DPR
2026-05-05 07:00:00,42.75,42.75,41.8,42.0,418900,DPR
2026-05-06 07:00:00,42.25,42.4,41.8,42.05,542600,DPR
2026-05-07 07:00:00,42.15,42.6,41.65,42.1,581500,DPR
2026-05-08 07:00:00,42.4,42.4,41.55,41.6,419200,DPR
2026-05-11 07:00:00,41.75,42.3,41.75,41.75,431000,DPR
2026-05-12 07:00:00,41.7,42.8,41.55,42.5,658000,DPR
2026-05-13 07:00:00,42.95,43.95,42.7,43.0,823300,DPR
2026-05-14 07:00:00,42.8,43.15,42.25,42.85,289000,DPR
2026-05-15 07:00:00,43.4,44.9,43.05,44.2,1437500,DPR
2026-05-04 07:00:00,2.38,2.4,2.33,2.34,415900,DRH
2026-05-05 07:00:00,2.26,2.36,2.26,2.28,435000,DRH
2026-05-06 07:00:00,2.31,2.33,2.28,2.3,361000,DRH
2026-05-07 07:00:00,2.31,2.34,2.3,2.31,379400,DRH
2026-05-08 07:00:00,2.34,2.34,2.26,2.27,372100,DRH
2026-05-11 07:00:00,2.29,2.31,2.18,2.25,423500,DRH
2026-05-12 07:00:00,2.22,2.26,2.17,2.19,392400,DRH
2026-05-13 07:00:00,2.16,2.25,2.16,2.2,367500,DRH
2026-05-14 07:00:00,2.21,2.23,2.19,2.2,230600,DRH
2026-05-15 07:00:00,2.2,2.23,2.18,2.19,373700,DRH
2026-05-04 07:00:00,13.9,14.6,13.9,14.4,1306400,DRI
2026-05-05 07:00:00,14.3,14.4,14.0,14.1,520600,DRI
2026-05-06 07:00:00,14.1,14.4,14.1,14.3,314400,DRI
2026-05-07 07:00:00,14.3,14.4,14.0,14.1,590700,DRI
2026-05-08 07:00:00,14.3,14.4,14.0,14.2,683300,DRI
2026-05-11 07:00:00,14.2,14.4,14.0,14.1,607800,DRI
2026-05-12 07:00:00,14.2,14.4,14.0,14.4,796000,DRI
2026-05-13 07:00:00,14.4,15.3,14.4,14.9,2030000,DRI
2026-05-14 07:00:00,14.9,15.1,14.7,14.8,453000,DRI
2026-05-15 07:00:00,15.1,15.4,14.9,15.1,1873300,DRI
2026-05-04 07:00:00,12.75,13.0,12.75,12.95,4700,DSC
2026-05-05 07:00:00,12.8,12.95,12.7,12.95,19600,DSC
2026-05-06 07:00:00,12.95,13.05,12.75,13.05,13900,DSC
2026-05-07 07:00:00,13.1,13.15,13.05,13.05,7200,DSC
2026-05-08 07:00:00,12.8,13.05,12.7,13.05,13100,DSC
2026-05-11 07:00:00,13.05,13.15,12.8,12.8,6400,DSC
2026-05-12 07:00:00,13.0,13.5,12.9,13.1,12900,DSC
2026-05-13 07:00:00,12.7,13.1,12.7,13.0,8700,DSC
2026-05-14 07:00:00,13.25,13.25,12.8,13.0,9400,DSC
2026-05-15 07:00:00,13.0,13.1,12.95,13.05,12400,DSC
2026-05-08 07:00:00,6.6,6.8,6.6,6.8,2800,DSG
2026-05-15 07:00:00,7.0,7.0,7.0,7.0,8000,DSG
2026-05-04 07:00:00,5.3,5.3,4.8,4.8,61000,DST
2026-05-05 07:00:00,4.8,5.0,4.8,4.9,53000,DST
2026-05-06 07:00:00,4.9,4.9,4.7,4.8,73200,DST
2026-05-07 07:00:00,4.8,4.8,4.7,4.8,35500,DST
2026-05-08 07:00:00,4.7,4.7,4.6,4.6,25800,DST
2026-05-11 07:00:00,4.6,4.6,4.2,4.2,23200,DST
2026-05-12 07:00:00,4.2,4.3,3.9,4.0,35400,DST
2026-05-13 07:00:00,4.0,4.1,3.9,4.0,29200,DST
2026-05-14 07:00:00,4.1,4.4,4.1,4.4,1383800,DST
2026-05-15 07:00:00,4.7,4.8,4.7,4.8,897500,DST
2026-05-04 07:00:00,1.9,2.0,1.9,2.0,30200,DTI
2026-05-05 07:00:00,1.9,1.9,1.9,1.9,400,DTI
2026-05-06 07:00:00,1.9,2.0,1.9,2.0,3700,DTI
2026-05-07 07:00:00,2.0,2.0,1.9,1.9,1400,DTI
2026-05-08 07:00:00,1.9,2.0,1.9,2.0,800,DTI
2026-05-11 07:00:00,2.0,2.0,1.9,1.9,14900,DTI
2026-05-12 07:00:00,2.0,2.0,2.0,2.0,100,DTI
2026-05-13 07:00:00,2.0,2.0,2.0,2.0,100,DTI
2026-05-15 07:00:00,2.0,2.0,2.0,2.0,100,DTI
2026-05-06 07:00:00,11.6,11.6,11.5,11.5,2000,DTL
2026-05-15 07:00:00,11.9,11.9,11.7,11.7,1200,DTL
2026-05-08 07:00:00,1.3,1.3,1.2,1.2,14700,DVG
2026-05-15 07:00:00,1.3,1.3,1.1,1.2,144000,DVG
2026-05-04 07:00:00,20.6,20.7,20.5,20.5,12500,DVN
2026-05-05 07:00:00,20.6,20.6,20.5,20.5,6800,DVN
2026-05-06 07:00:00,20.5,20.8,20.1,20.4,51200,DVN
2026-05-07 07:00:00,20.6,20.8,20.4,20.7,45600,DVN
2026-05-08 07:00:00,20.7,20.8,20.5,20.6,38200,DVN
2026-05-11 07:00:00,20.7,20.7,20.4,20.6,23100,DVN
2026-05-12 07:00:00,20.5,20.5,20.4,20.4,9500,DVN
2026-05-13 07:00:00,20.6,20.6,20.4,20.4,21700,DVN
2026-05-14 07:00:00,20.4,20.6,20.4,20.4,12200,DVN
2026-05-15 07:00:00,20.5,20.6,20.5,20.5,18200,DVN
2026-05-04 07:00:00,19.0,19.0,19.0,19.0,100,DWC
2026-05-05 07:00:00,18.9,18.9,18.9,18.9,200,DWC
2026-05-04 07:00:00,19.5,19.5,19.5,19.5,100,DWS
2026-05-11 07:00:00,19.5,19.5,19.5,19.5,1000,DWS
2026-05-04 07:00:00,3.94,3.94,3.94,3.94,100,DXV
2026-05-05 07:00:00,3.85,3.85,3.85,3.85,1300,DXV
2026-05-06 07:00:00,3.66,3.96,3.65,3.96,2300,DXV
2026-05-07 07:00:00,3.96,3.96,3.82,3.92,800,DXV
2026-05-08 07:00:00,3.8,3.91,3.8,3.91,400,DXV
2026-05-12 07:00:00,3.99,3.99,3.7,3.85,8400,DXV
2026-05-13 07:00:00,3.85,3.85,3.8,3.8,1100,DXV
2026-05-14 07:00:00,3.8,3.85,3.78,3.85,8700,DXV
2026-05-15 07:00:00,3.82,3.85,3.73,3.85,700,DXV
2026-05-04 07:00:00,4.1,4.4,4.1,4.4,1400,E12
2026-05-05 07:00:00,4.7,4.7,4.5,4.5,3100,E12
2026-05-06 07:00:00,4.9,4.9,4.8,4.8,200,E12
2026-05-08 07:00:00,4.7,4.7,4.7,4.7,100,E12
2026-05-15 07:00:00,4.0,4.0,4.0,4.0,4500,E12
2026-05-08 07:00:00,10.5,10.5,10.5,10.5,100,EBS
2026-05-11 07:00:00,10.5,10.9,10.5,10.6,10500,EBS
2026-05-13 07:00:00,10.6,10.6,10.6,10.6,25300,EBS
2026-05-04 07:00:00,2.2,2.3,2.1,2.3,1600,EIN
2026-05-05 07:00:00,2.1,2.3,2.1,2.1,1800,EIN
2026-05-06 07:00:00,2.3,2.3,2.2,2.2,1400,EIN
2026-05-07 07:00:00,2.2,2.3,2.2,2.3,1400,EIN
2026-05-08 07:00:00,2.1,2.4,2.1,2.2,19400,EIN
2026-05-11 07:00:00,2.3,2.4,2.3,2.4,2300,EIN
2026-05-12 07:00:00,2.3,2.3,2.3,2.3,38500,EIN
2026-05-13 07:00:00,2.3,2.3,2.3,2.3,9200,EIN
2026-05-14 07:00:00,2.3,2.4,2.2,2.4,2600,EIN
2026-05-15 07:00:00,2.3,2.4,2.3,2.3,5700,EIN
2026-05-04 07:00:00,17.3,17.7,17.25,17.5,115000,ELC
2026-05-05 07:00:00,17.2,17.45,17.0,17.45,493900,ELC
2026-05-06 07:00:00,17.45,17.45,17.05,17.35,356000,ELC
2026-05-07 07:00:00,17.25,17.35,16.95,17.15,506100,ELC
2026-05-08 07:00:00,17.1,17.1,16.75,17.0,361700,ELC
2026-05-11 07:00:00,16.95,17.0,16.0,16.7,588200,ELC
2026-05-12 07:00:00,16.75,17.0,16.0,16.0,623300,ELC
2026-05-13 07:00:00,16.05,16.55,16.0,16.5,836300,ELC
2026-05-14 07:00:00,16.5,17.05,16.05,16.6,778400,ELC
2026-05-15 07:00:00,16.5,16.6,16.25,16.6,157000,ELC
2026-05-04 07:00:00,6.79,6.88,6.69,6.71,424000,EVG
2026-05-05 07:00:00,6.7,6.7,6.51,6.6,337200,EVG
2026-05-06 07:00:00,6.62,6.67,6.56,6.57,358400,EVG
2026-05-07 07:00:00,6.61,6.65,6.5,6.51,372500,EVG
2026-05-08 07:00:00,6.54,6.54,6.3,6.39,435800,EVG
2026-05-11 07:00:00,6.33,6.46,6.31,6.36,435700,EVG
2026-05-12 07:00:00,6.39,6.55,6.36,6.38,341000,EVG
2026-05-13 07:00:00,6.37,6.43,6.37,6.38,311300,EVG
2026-05-14 07:00:00,6.39,6.45,6.32,6.32,300800,EVG
2026-05-15 07:00:00,6.3,6.36,6.23,6.25,519600,EVG
2026-05-04 07:00:00,4.6,4.7,4.5,4.6,73900,EVS
2026-05-05 07:00:00,4.5,4.6,4.5,4.5,32900,EVS
2026-05-06 07:00:00,4.5,4.7,4.5,4.6,131400,EVS
2026-05-07 07:00:00,4.6,4.7,4.6,4.6,104000,EVS
2026-05-08 07:00:00,4.6,4.6,4.5,4.6,190800,EVS
2026-05-11 07:00:00,4.6,4.6,4.5,4.6,66700,EVS
2026-05-12 07:00:00,4.5,4.6,4.5,4.6,75600,EVS
2026-05-13 07:00:00,4.5,4.6,4.5,4.6,105000,EVS
2026-05-14 07:00:00,4.6,4.6,4.5,4.5,16800,EVS
2026-05-15 07:00:00,4.6,4.6,4.5,4.6,22100,EVS
2026-05-04 07:00:00,3.19,3.24,3.15,3.2,34500,FCM
2026-05-05 07:00:00,3.2,3.2,3.12,3.18,52100,FCM
2026-05-06 07:00:00,3.18,3.18,3.13,3.16,13900,FCM
2026-05-07 07:00:00,3.18,3.18,3.14,3.18,23700,FCM
2026-05-08 07:00:00,3.15,3.18,3.14,3.15,17700,FCM
2026-05-11 07:00:00,3.17,3.2,3.14,3.19,14700,FCM
2026-05-12 07:00:00,3.19,3.19,3.15,3.18,8500,FCM
2026-05-13 07:00:00,3.18,3.18,3.14,3.17,6200,FCM
2026-05-14 07:00:00,3.17,3.17,3.13,3.17,31400,FCM
2026-05-15 07:00:00,3.17,3.18,3.15,3.17,3700,FCM
2026-05-04 07:00:00,13.35,13.5,13.15,13.2,552500,FCN
2026-05-05 07:00:00,13.25,13.4,13.0,13.0,413500,FCN
2026-05-06 07:00:00,13.0,13.3,13.0,13.2,489400,FCN
2026-05-07 07:00:00,13.25,13.35,12.85,12.9,728400,FCN
2026-05-08 07:00:00,12.8,13.3,12.55,13.3,1304500,FCN
2026-05-11 07:00:00,13.1,13.2,12.8,13.2,619600,FCN
2026-05-12 07:00:00,13.15,13.15,12.9,13.15,513300,FCN
2026-05-13 07:00:00,13.1,13.2,12.8,13.2,698900,FCN
2026-05-14 07:00:00,13.1,13.15,12.9,12.9,372900,FCN
2026-05-15 07:00:00,12.95,13.05,12.8,13.0,426500,FCN
2026-05-04 07:00:00,18.0,18.0,18.0,18.0,100,FDC
2026-05-05 07:00:00,19.25,19.25,17.6,19.25,3700,FDC
2026-05-06 07:00:00,18.1,20.0,18.1,20.0,1100,FDC
2026-05-07 07:00:00,21.0,21.4,18.6,21.4,60700,FDC
2026-05-08 07:00:00,22.8,22.8,20.1,20.1,5200,FDC
2026-05-11 07:00:00,21.4,21.4,18.9,18.9,300,FDC
2026-05-12 07:00:00,20.2,20.2,20.0,20.2,55500,FDC
2026-05-13 07:00:00,21.6,21.6,18.9,19.2,21000,FDC
2026-05-14 07:00:00,20.5,20.5,20.5,20.5,200,FDC
2026-05-15 07:00:00,20.6,21.9,20.6,21.9,30400,FDC
2026-05-13 07:00:00,4.1,4.1,4.1,4.1,100,FGL
2026-05-04 07:00:00,147.3,148.6,146.7,148.0,155900,FRT
2026-05-05 07:00:00,146.7,148.9,146.1,148.9,148500,FRT
2026-05-06 07:00:00,147.3,148.7,147.3,147.8,226100,FRT
2026-05-07 07:00:00,147.7,149.4,145.6,145.7,316600,FRT
2026-05-08 07:00:00,145.7,147.4,143.7,145.0,374300,FRT
2026-05-11 07:00:00,143.9,145.0,138.0,138.0,674500,FRT
2026-05-12 07:00:00,140.0,141.8,136.9,138.3,393900,FRT
2026-05-13 07:00:00,137.0,139.0,137.0,137.5,187500,FRT
2026-05-14 07:00:00,137.5,140.9,136.0,136.0,424000,FRT
2026-05-15 07:00:00,136.1,138.1,134.0,134.0,368200,FRT
2026-05-08 07:00:00,0.5,0.6,0.5,0.5,212300,FTM
2026-05-15 07:00:00,0.6,0.6,0.4,0.6,94300,FTM
2026-05-08 07:00:00,0.6,0.6,0.5,0.6,10300,G20
2026-05-15 07:00:00,0.6,0.6,0.5,0.6,13500,G20
2026-05-04 07:00:00,14.0,14.1,13.6,13.9,75500,GDA
2026-05-05 07:00:00,14.0,14.0,13.7,13.8,83300,GDA
2026-05-06 07:00:00,13.9,14.1,13.8,14.1,21200,GDA
2026-05-07 07:00:00,14.2,14.2,13.8,13.9,13800,GDA
2026-05-08 07:00:00,13.9,13.9,13.8,13.8,11500,GDA
2026-05-11 07:00:00,13.9,14.0,13.9,13.9,34300,GDA
2026-05-12 07:00:00,14.0,14.0,13.5,13.9,95100,GDA
2026-05-13 07:00:00,13.9,13.9,13.7,13.8,20200,GDA
2026-05-14 07:00:00,13.8,13.8,13.5,13.7,31300,GDA
2026-05-15 07:00:00,13.6,13.8,13.6,13.7,21300,GDA
2026-05-04 07:00:00,100.59,100.87,97.61,99.9,766800,GEE
2026-05-05 07:00:00,104.5,106.8,104.0,106.8,1551700,GEE
2026-05-06 07:00:00,108.0,114.2,108.0,114.2,1893200,GEE
2026-05-07 07:00:00,116.0,122.1,116.0,122.1,3129900,GEE
2026-05-08 07:00:00,123.5,130.6,117.0,128.0,2413100,GEE
2026-05-11 07:00:00,129.0,136.9,126.0,133.0,2655800,GEE
2026-05-12 07:00:00,134.1,134.1,124.2,124.2,1693800,GEE
2026-05-13 07:00:00,124.0,128.0,117.0,126.5,2261000,GEE
2026-05-14 07:00:00,128.0,128.0,120.0,124.0,1109500,GEE
2026-05-15 07:00:00,124.6,127.1,120.5,121.0,1420100,GEE
2026-05-04 07:00:00,27.15,27.15,26.9,26.9,2300,GHC
2026-05-05 07:00:00,26.9,26.9,26.9,26.9,1000,GHC
2026-05-06 07:00:00,26.75,26.9,26.75,26.9,5000,GHC
2026-05-07 07:00:00,27.0,27.0,27.0,27.0,1000,GHC
2026-05-08 07:00:00,26.95,27.2,26.9,26.9,1700,GHC
2026-05-11 07:00:00,27.0,27.0,26.9,27.0,2500,GHC
2026-05-12 07:00:00,26.95,27.0,26.95,27.0,400,GHC
2026-05-13 07:00:00,27.0,27.0,26.8,27.0,15500,GHC
2026-05-14 07:00:00,26.95,27.05,26.95,27.05,15200,GHC
2026-05-15 07:00:00,27.05,27.05,27.0,27.05,3400,GHC
2026-05-05 07:00:00,4.9,4.9,4.8,4.8,1000,GMC
2026-05-06 07:00:00,4.5,4.7,4.5,4.6,800,GMC
2026-05-07 07:00:00,4.8,5.0,4.7,4.7,3400,GMC
2026-05-08 07:00:00,4.5,4.5,4.1,4.1,14200,GMC
2026-05-11 07:00:00,4.1,4.7,4.1,4.7,200,GMC
2026-05-12 07:00:00,4.7,5.0,4.0,4.2,6200,GMC
2026-05-13 07:00:00,5.0,5.0,4.9,4.9,16400,GMC
2026-05-04 07:00:00,7.19,7.19,7.18,7.19,500,GMH
2026-05-05 07:00:00,7.19,7.19,7.19,7.19,200,GMH
2026-05-06 07:00:00,6.83,7.45,6.83,7.45,1100,GMH
2026-05-07 07:00:00,7.45,7.56,7.06,7.12,3200,GMH
2026-05-08 07:00:00,7.16,7.16,7.12,7.12,900,GMH
2026-05-11 07:00:00,7.61,7.61,7.21,7.54,17500,GMH
2026-05-12 07:00:00,7.31,7.54,7.3,7.54,600,GMH
2026-05-15 07:00:00,7.53,7.53,7.53,7.53,100,GMH
2026-05-04 07:00:00,21.5,21.5,21.5,21.5,100,GND
2026-05-05 07:00:00,24.7,24.7,24.7,24.7,100,GND
2026-05-06 07:00:00,28.4,28.4,28.3,28.3,600,GND
2026-05-08 07:00:00,30.0,30.0,30.0,30.0,100,GND
2026-05-11 07:00:00,32.0,32.0,32.0,32.0,100,GND
2026-05-04 07:00:00,2.0,2.1,2.0,2.0,13200,GPC
2026-05-05 07:00:00,2.0,2.0,2.0,2.0,31700,GPC
2026-05-06 07:00:00,2.0,2.0,2.0,2.0,800,GPC
2026-05-07 07:00:00,2.0,2.0,2.0,2.0,41000,GPC
2026-05-08 07:00:00,2.0,2.0,2.0,2.0,10100,GPC
2026-05-11 07:00:00,2.0,2.0,1.8,1.9,125800,GPC
2026-05-12 07:00:00,1.9,2.0,1.9,1.9,5900,GPC
2026-05-13 07:00:00,1.9,2.0,1.9,1.9,79800,GPC
2026-05-14 07:00:00,2.0,2.0,1.9,1.9,700,GPC
2026-05-15 07:00:00,2.0,2.0,1.9,1.9,2000,GPC
2026-05-04 07:00:00,29.8,29.9,29.8,29.9,1800,GSM
2026-05-05 07:00:00,29.7,29.8,29.7,29.7,3700,GSM
2026-05-06 07:00:00,29.7,29.8,29.7,29.8,900,GSM
2026-05-08 07:00:00,29.5,29.7,29.5,29.7,4100,GSM
2026-05-11 07:00:00,29.5,29.8,29.5,29.8,300,GSM
2026-05-13 07:00:00,29.8,29.8,29.8,29.8,400,GSM
2026-05-14 07:00:00,30.0,30.8,30.0,30.7,12600,GSM
2026-05-15 07:00:00,31.0,31.2,30.5,30.5,2200,GSM
2026-05-04 07:00:00,11.1,11.25,11.1,11.2,41900,GSP
2026-05-05 07:00:00,11.2,11.3,11.1,11.3,49600,GSP
2026-05-06 07:00:00,11.3,11.4,11.2,11.35,90400,GSP
2026-05-07 07:00:00,11.35,11.35,11.1,11.2,23800,GSP
2026-05-08 07:00:00,11.05,11.25,11.05,11.15,34700,GSP
2026-05-11 07:00:00,11.2,11.25,11.0,11.2,16000,GSP
2026-05-12 07:00:00,11.05,11.25,11.05,11.2,9800,GSP
2026-05-13 07:00:00,11.2,11.5,11.15,11.3,211500,GSP
2026-05-14 07:00:00,11.35,11.35,11.25,11.35,30700,GSP
2026-05-15 07:00:00,11.35,11.4,11.2,11.4,62200,GSP
2026-05-04 07:00:00,10.0,10.0,10.0,10.0,500,HAC
2026-05-13 07:00:00,9.9,9.9,9.9,9.9,100,HAC
2026-05-15 07:00:00,9.5,9.5,9.5,9.5,100,HAC
2026-05-04 07:00:00,16.35,16.75,16.3,16.35,3328900,HAG
2026-05-05 07:00:00,16.45,16.45,16.15,16.2,1709600,HAG
2026-05-06 07:00:00,16.25,16.55,16.15,16.2,3226000,HAG
2026-05-07 07:00:00,16.4,16.45,16.3,16.4,4558100,HAG
2026-05-08 07:00:00,16.4,16.7,16.3,16.55,4311500,HAG
2026-05-11 07:00:00,16.55,16.55,16.25,16.45,3291900,HAG
2026-05-12 07:00:00,16.45,16.45,16.2,16.3,2966200,HAG
2026-05-13 07:00:00,16.3,16.4,16.2,16.2,3527600,HAG
2026-05-14 07:00:00,16.2,16.35,16.2,16.2,2018400,HAG
2026-05-15 07:00:00,16.25,16.3,16.05,16.1,3646800,HAG
2026-05-05 07:00:00,46.0,46.0,41.0,43.0,2800,HAM
2026-05-06 07:00:00,45.0,45.0,45.0,45.0,1000,HAM
2026-05-07 07:00:00,42.0,44.5,42.0,44.5,1000,HAM
2026-05-08 07:00:00,45.0,45.0,45.0,45.0,500,HAM
2026-05-11 07:00:00,42.0,42.0,42.0,42.0,1000,HAM
2026-05-12 07:00:00,38.0,38.0,38.0,38.0,100,HAM
2026-05-14 07:00:00,42.1,42.1,42.1,42.1,100,HAM
2026-05-04 07:00:00,6.84,6.95,6.77,6.95,8100,HAP
2026-05-05 07:00:00,6.94,6.94,6.94,6.94,3000,HAP
2026-05-06 07:00:00,6.76,6.93,6.58,6.92,22200,HAP
2026-05-07 07:00:00,6.92,6.92,6.65,6.83,8900,HAP
2026-05-08 07:00:00,6.81,7.0,6.5,6.98,33200,HAP
2026-05-11 07:00:00,6.98,6.98,6.98,6.98,400,HAP
2026-05-12 07:00:00,6.7,7.0,6.7,7.0,28400,HAP
2026-05-13 07:00:00,6.76,7.15,6.76,7.15,200,HAP
2026-05-14 07:00:00,7.15,7.15,7.0,7.0,23300,HAP
2026-05-15 07:00:00,7.0,7.14,7.0,7.14,6100,HAP
2026-05-07 07:00:00,7.9,7.9,7.9,7.9,100,HAS
2026-05-12 07:00:00,7.9,7.9,7.9,7.9,100,HAS
2026-05-15 07:00:00,2.9,2.9,2.9,2.9,200,HAV
2026-05-06 07:00:00,5.1,6.0,5.1,6.0,200,HBH
2026-05-08 07:00:00,4.1,4.1,4.0,4.0,15400,HBS
2026-05-15 07:00:00,4.1,4.1,3.9,4.1,40700,HBS
2026-05-04 07:00:00,26.0,26.0,26.0,26.0,1800,HC3
2026-05-06 07:00:00,26.0,26.0,26.0,26.0,1800,HC3
2026-05-07 07:00:00,26.0,26.0,26.0,26.0,400,HC3
2026-05-08 07:00:00,26.0,26.0,26.0,26.0,1800,HC3
2026-05-04 07:00:00,8.0,8.0,7.99,8.0,4700,HCD
2026-05-05 07:00:00,8.0,8.0,7.8,7.85,202500,HCD
2026-05-06 07:00:00,7.9,7.99,7.8,7.99,20800,HCD
2026-05-07 07:00:00,8.01,8.03,7.82,7.98,8200,HCD
2026-05-08 07:00:00,7.97,7.97,7.84,7.95,5000,HCD
2026-05-11 07:00:00,7.95,7.95,7.81,7.95,7200,HCD
2026-05-12 07:00:00,7.96,7.96,7.84,7.95,7000,HCD
2026-05-13 07:00:00,7.95,7.98,7.82,7.88,38500,HCD
2026-05-14 07:00:00,7.87,7.9,7.81,7.9,7000,HCD
2026-05-15 07:00:00,7.8,7.9,7.75,7.9,34100,HCD
2026-05-04 07:00:00,26.6,26.75,26.45,26.5,6985200,HDB
2026-05-05 07:00:00,26.4,26.5,26.0,26.4,10206900,HDB
2026-05-06 07:00:00,26.45,26.75,26.35,26.6,13555700,HDB
2026-05-07 07:00:00,26.65,27.8,26.65,27.5,29836500,HDB
2026-05-08 07:00:00,27.5,27.6,27.25,27.35,10899600,HDB
2026-05-11 07:00:00,27.35,27.5,26.9,26.9,11526600,HDB
2026-05-12 07:00:00,26.9,27.45,26.8,27.35,12280300,HDB
2026-05-13 07:00:00,27.4,27.8,27.25,27.7,16286000,HDB
2026-05-14 07:00:00,27.75,28.1,27.6,27.8,13977800,HDB
2026-05-15 07:00:00,27.85,28.1,27.5,27.55,13065500,HDB
2026-05-04 07:00:00,25.9,26.3,25.85,25.85,1170700,HDG
2026-05-05 07:00:00,25.85,26.0,24.9,25.6,3165400,HDG
2026-05-06 07:00:00,25.6,25.75,25.2,25.6,1659900,HDG
2026-05-07 07:00:00,25.9,26.0,25.35,25.55,1842600,HDG
2026-05-08 07:00:00,25.6,25.6,25.0,25.1,2618500,HDG
2026-05-11 07:00:00,25.1,25.2,24.8,24.85,1168700,HDG
2026-05-12 07:00:00,24.85,25.2,24.85,25.1,719700,HDG
2026-05-13 07:00:00,25.2,25.2,24.8,24.9,1220100,HDG
2026-05-14 07:00:00,24.85,25.0,24.7,24.75,1585000,HDG
2026-05-15 07:00:00,24.75,24.95,24.75,24.75,968400,HDG
2026-05-05 07:00:00,14.9,14.9,13.6,13.6,1600,HEJ
2026-05-06 07:00:00,13.6,13.7,13.6,13.7,800,HEJ
2026-05-07 07:00:00,11.7,12.9,11.7,12.9,200,HEJ
2026-05-08 07:00:00,14.0,14.1,14.0,14.1,1600,HEJ
2026-05-11 07:00:00,14.1,14.1,14.1,14.1,1000,HEJ
2026-05-12 07:00:00,14.1,14.5,14.1,14.5,2500,HEJ
2026-05-13 07:00:00,15.5,15.5,15.5,15.5,300,HEJ
2026-05-04 07:00:00,15.0,15.0,15.0,15.0,200,HEP
2026-05-08 07:00:00,14.9,14.9,14.5,14.5,2300,HEP
2026-05-05 07:00:00,7.0,7.0,7.0,7.0,500,HEV
2026-05-13 07:00:00,6.3,6.3,6.3,6.3,200,HEV
2026-05-14 07:00:00,6.3,6.3,5.9,5.9,200,HEV
2026-05-04 07:00:00,0.9,1.0,0.8,0.9,125600,HHG
2026-05-05 07:00:00,0.9,0.9,0.8,0.9,44000,HHG
2026-05-06 07:00:00,0.8,0.9,0.8,0.9,47700,HHG
2026-05-07 07:00:00,0.8,0.9,0.8,0.9,153500,HHG
2026-05-08 07:00:00,0.9,0.9,0.8,0.9,69600,HHG
2026-05-11 07:00:00,0.9,0.9,0.8,0.8,574800,HHG
2026-05-12 07:00:00,0.8,0.9,0.8,0.9,91800,HHG
2026-05-13 07:00:00,0.8,0.9,0.8,0.9,25100,HHG
2026-05-14 07:00:00,0.9,0.9,0.8,0.9,113000,HHG
2026-05-15 07:00:00,0.9,0.9,0.8,0.9,4800,HHG
2026-05-04 07:00:00,4.55,4.8,4.55,4.59,493100,HID
2026-05-05 07:00:00,4.7,4.7,4.47,4.53,443000,HID
2026-05-06 07:00:00,4.53,4.6,4.43,4.44,473900,HID
2026-05-07 07:00:00,4.41,4.59,4.4,4.43,375900,HID
2026-05-08 07:00:00,4.49,4.5,4.35,4.39,421900,HID
2026-05-11 07:00:00,4.42,4.48,4.22,4.25,428300,HID
2026-05-12 07:00:00,4.3,4.3,4.21,4.29,218100,HID
2026-05-13 07:00:00,4.29,4.39,4.22,4.26,327000,HID
2026-05-14 07:00:00,4.3,4.36,4.23,4.35,179500,HID
2026-05-15 07:00:00,4.36,4.65,4.36,4.65,297200,HID
2026-05-04 07:00:00,7.3,7.8,7.3,7.7,36900,HIO
2026-05-05 07:00:00,7.6,8.0,7.6,7.7,67000,HIO
2026-05-06 07:00:00,7.7,7.7,7.6,7.6,6200,HIO
2026-05-07 07:00:00,7.6,7.6,7.3,7.4,54800,HIO
2026-05-08 07:00:00,7.5,8.5,7.5,8.5,96300,HIO
2026-05-11 07:00:00,9.6,9.6,8.6,8.6,44800,HIO
2026-05-12 07:00:00,8.7,9.0,8.1,9.0,121500,HIO
2026-05-13 07:00:00,10.0,10.0,8.5,9.7,58200,HIO
2026-05-14 07:00:00,10.0,10.0,8.9,9.0,15100,HIO
2026-05-15 07:00:00,9.6,9.6,8.6,8.6,25600,HIO
2026-05-04 07:00:00,22.0,22.0,20.0,22.0,3800,HKT
2026-05-05 07:00:00,22.0,22.0,21.5,21.5,1000,HKT
2026-05-06 07:00:00,21.5,22.9,19.4,22.9,2400,HKT
2026-05-07 07:00:00,24.5,25.0,22.9,23.5,3600,HKT
2026-05-08 07:00:00,22.3,22.3,22.3,22.3,2200,HKT
2026-05-11 07:00:00,22.3,23.5,22.0,22.0,900,HKT
2026-05-12 07:00:00,21.3,22.0,21.0,22.0,4300,HKT
2026-05-13 07:00:00,20.3,22.0,20.0,22.0,4000,HKT
2026-05-14 07:00:00,21.5,21.5,21.5,21.5,200,HKT
2026-05-15 07:00:00,20.7,20.7,20.5,20.5,1300,HKT
2026-05-04 07:00:00,9.7,9.7,9.7,9.7,600,HMR
2026-05-05 07:00:00,9.7,9.7,9.7,9.7,600,HMR
2026-05-07 07:00:00,9.7,9.7,9.7,9.7,200,HMR
2026-05-08 07:00:00,9.7,9.7,9.7,9.7,300,HMR
2026-05-11 07:00:00,9.7,9.7,9.7,9.7,3200,HMR
2026-05-12 07:00:00,9.7,9.7,9.6,9.6,1200,HMR
2026-05-13 07:00:00,9.6,9.6,9.6,9.6,500,HMR
2026-05-14 07:00:00,9.6,9.6,9.4,9.5,3200,HMR
2026-05-15 07:00:00,9.5,9.5,9.5,9.5,1100,HMR
2026-05-04 07:00:00,34.9,35.5,34.5,35.4,3300,HMS
2026-05-05 07:00:00,35.8,35.8,34.5,34.6,1400,HMS
2026-05-06 07:00:00,35.6,35.8,35.0,35.0,4700,HMS
2026-05-07 07:00:00,35.0,35.3,35.0,35.1,900,HMS
2026-05-08 07:00:00,35.1,35.1,34.5,34.5,1600,HMS
2026-05-11 07:00:00,35.0,35.4,34.5,34.5,2900,HMS
2026-05-13 07:00:00,34.0,35.1,34.0,35.1,200,HMS
2026-05-14 07:00:00,34.0,35.3,34.0,35.3,7100,HMS
2026-05-15 07:00:00,34.5,35.0,34.0,34.0,34300,HMS
2026-05-14 07:00:00,22.3,22.3,22.3,22.3,100,HOT
2026-05-04 07:00:00,16.5,16.5,16.5,16.5,2600,HPD
2026-05-06 07:00:00,16.5,16.5,16.5,16.5,100,HPD
2026-05-07 07:00:00,16.5,16.5,16.5,16.5,1100,HPD
2026-05-08 07:00:00,16.5,16.5,16.3,16.3,5500,HPD
2026-05-11 07:00:00,16.2,16.3,16.2,16.2,400,HPD
2026-05-12 07:00:00,16.6,16.6,16.5,16.5,600,HPD
2026-05-13 07:00:00,16.5,16.5,16.3,16.4,3700,HPD
2026-05-14 07:00:00,16.4,16.5,16.3,16.5,4700,HPD
2026-05-15 07:00:00,16.4,16.4,16.3,16.3,5400,HPD
2026-05-06 07:00:00,15.0,15.0,15.0,15.0,500,HPO
2026-05-04 07:00:00,4.88,4.92,4.85,4.89,426700,HPX
2026-05-05 07:00:00,4.9,4.9,4.79,4.8,171900,HPX
2026-05-06 07:00:00,4.8,4.82,4.78,4.8,281200,HPX
2026-05-07 07:00:00,4.8,4.85,4.74,4.75,448900,HPX
2026-05-08 07:00:00,4.75,4.75,4.62,4.62,591900,HPX
2026-05-11 07:00:00,4.65,4.68,4.53,4.59,413400,HPX
2026-05-12 07:00:00,4.6,4.63,4.59,4.62,194300,HPX
2026-05-13 07:00:00,4.59,4.63,4.54,4.55,367300,HPX
2026-05-14 07:00:00,4.61,4.61,4.52,4.52,279600,HPX
2026-05-15 07:00:00,4.52,4.55,4.48,4.51,443100,HPX
2026-05-04 07:00:00,16.6,16.6,16.6,16.6,100,HSP
2026-05-06 07:00:00,15.4,15.8,15.4,15.8,1200,HSP
2026-05-08 07:00:00,15.8,15.8,15.8,15.8,1900,HSP
2026-05-12 07:00:00,16.0,16.0,16.0,16.0,100,HSP
2026-05-13 07:00:00,16.0,16.0,16.0,16.0,1000,HSP
2026-05-14 07:00:00,15.2,15.2,15.0,15.2,3100,HSP
2026-05-15 07:00:00,16.0,16.0,16.0,16.0,2100,HSP
2026-05-04 07:00:00,15.0,15.0,14.65,14.65,210400,HT1
2026-05-05 07:00:00,14.75,14.75,14.5,14.55,412200,HT1
2026-05-06 07:00:00,14.6,15.0,14.6,14.75,308800,HT1
2026-05-07 07:00:00,14.9,15.0,14.7,14.7,330800,HT1
2026-05-08 07:00:00,14.85,14.85,14.35,14.4,657100,HT1
2026-05-11 07:00:00,14.55,14.55,14.2,14.35,242200,HT1
2026-05-12 07:00:00,14.35,14.45,14.2,14.3,136000,HT1
2026-05-13 07:00:00,14.25,14.35,14.25,14.35,143000,HT1
2026-05-14 07:00:00,14.4,14.45,14.1,14.2,412100,HT1
2026-05-15 07:00:00,14.25,14.25,13.8,13.8,545300,HT1
2026-05-04 07:00:00,43.53,43.53,43.53,43.53,100,HTC
2026-05-05 07:00:00,39.87,44.52,39.27,43.53,45100,HTC
2026-05-07 07:00:00,43.43,47.38,39.17,39.17,38800,HTC
2026-05-08 07:00:00,40.56,43.03,36.5,36.8,5200,HTC
2026-05-11 07:00:00,33.8,33.8,33.8,33.8,100,HTC
2026-05-12 07:00:00,31.4,31.4,31.4,31.4,100,HTC
2026-05-13 07:00:00,34.5,34.5,34.5,34.5,100,HTC
2026-05-15 07:00:00,37.9,37.9,31.6,37.9,300,HTC
2026-05-08 07:00:00,1.4,1.6,1.4,1.6,900,HTT
2026-05-15 07:00:00,1.5,1.6,1.5,1.6,300,HTT
2026-05-05 07:00:00,2.9,2.9,2.9,2.9,16500,HU3
2026-05-06 07:00:00,3.0,3.3,3.0,3.3,4000,HU3
2026-05-07 07:00:00,2.9,2.9,2.9,2.9,3000,HU3
2026-05-08 07:00:00,3.0,3.0,2.9,2.9,11800,HU3
2026-05-11 07:00:00,3.0,3.0,2.9,2.9,12100,HU3
2026-05-13 07:00:00,3.0,3.0,2.9,2.9,5600,HU3
2026-05-15 07:00:00,3.0,3.0,3.0,3.0,3200,HU3
2026-05-04 07:00:00,16.89,17.76,16.29,16.63,32400,ICG
2026-05-05 07:00:00,16.72,16.72,16.46,16.46,21200,ICG
2026-05-06 07:00:00,16.46,16.55,16.46,16.55,2800,ICG
2026-05-07 07:00:00,16.55,16.89,16.55,16.72,9700,ICG
2026-05-08 07:00:00,16.72,16.72,16.63,16.72,11600,ICG
2026-05-11 07:00:00,16.72,16.89,16.63,16.81,25500,ICG
2026-05-12 07:00:00,16.81,16.81,16.2,16.2,24800,ICG
2026-05-13 07:00:00,16.2,16.3,16.0,16.2,6400,ICG
2026-05-14 07:00:00,16.1,16.2,16.0,16.2,1300,ICG
2026-05-15 07:00:00,16.0,16.2,16.0,16.2,4800,ICG
2026-05-04 07:00:00,6.41,6.7,6.4,6.5,1068700,IDI
2026-05-05 07:00:00,6.45,6.58,6.4,6.49,555100,IDI
2026-05-06 07:00:00,6.5,6.5,6.4,6.45,570600,IDI
2026-05-07 07:00:00,6.42,6.47,6.4,6.42,433600,IDI
2026-05-08 07:00:00,6.41,6.45,6.27,6.27,817600,IDI
2026-05-11 07:00:00,6.27,6.34,6.25,6.28,248500,IDI
2026-05-12 07:00:00,6.27,6.33,5.92,5.92,533700,IDI
2026-05-13 07:00:00,5.95,6.03,5.9,6.0,1231800,IDI
2026-05-14 07:00:00,6.01,6.16,6.01,6.09,380600,IDI
2026-05-15 07:00:00,6.1,6.12,5.91,5.91,540900,IDI
2026-05-04 07:00:00,23.5,23.5,23.3,23.3,23900,IDV
2026-05-05 07:00:00,23.5,23.5,23.2,23.4,14200,IDV
2026-05-06 07:00:00,23.0,23.5,22.9,23.3,11000,IDV
2026-05-07 07:00:00,23.3,23.3,22.7,23.1,28200,IDV
2026-05-08 07:00:00,22.9,22.9,22.7,22.8,5700,IDV
2026-05-11 07:00:00,22.6,23.2,22.6,23.2,200,IDV
2026-05-12 07:00:00,22.8,23.0,22.7,23.0,4700,IDV
2026-05-13 07:00:00,22.9,23.1,22.9,23.1,1500,IDV
2026-05-14 07:00:00,23.0,23.0,23.0,23.0,300,IDV
2026-05-15 07:00:00,22.9,22.9,22.6,22.9,12700,IDV
2026-05-13 07:00:00,7.8,8.6,7.8,8.6,4200,IHK
2026-05-14 07:00:00,8.7,8.7,8.7,8.7,4000,IHK
2026-05-04 07:00:00,10.15,10.35,10.15,10.25,1536700,IJC
2026-05-05 07:00:00,10.2,10.25,10.1,10.15,823100,IJC
2026-05-06 07:00:00,10.2,10.25,10.05,10.2,1055200,IJC
2026-05-07 07:00:00,10.2,10.25,10.05,10.1,1183200,IJC
2026-05-08 07:00:00,10.15,10.15,10.0,10.05,1428800,IJC
2026-05-11 07:00:00,10.1,10.15,10.0,10.1,1173300,IJC
2026-05-12 07:00:00,10.05,10.1,9.99,10.05,1015600,IJC
2026-05-13 07:00:00,10.05,10.05,9.96,10.0,1444700,IJC
2026-05-14 07:00:00,10.0,10.1,9.98,9.99,1918800,IJC
2026-05-15 07:00:00,9.99,10.05,9.99,9.99,1291700,IJC
2026-05-04 07:00:00,5.5,5.5,5.5,5.5,700,ILA
2026-05-06 07:00:00,5.0,5.0,5.0,5.0,3000,ILA
2026-05-07 07:00:00,5.6,5.6,5.6,5.6,100,ILA
2026-05-08 07:00:00,5.0,5.4,5.0,5.4,3200,ILA
2026-05-11 07:00:00,5.3,5.4,5.2,5.2,7600,ILA
2026-05-13 07:00:00,5.3,5.5,5.3,5.4,10000,ILA
2026-05-14 07:00:00,5.5,5.6,5.4,5.4,10800,ILA
2026-05-15 07:00:00,5.5,5.5,5.5,5.5,8900,ILA
2026-05-04 07:00:00,6.7,6.7,6.7,6.7,100,ILC
2026-05-05 07:00:00,6.0,6.0,6.0,6.0,100,ILC
2026-05-08 07:00:00,6.0,6.8,6.0,6.8,1200,ILC
2026-05-12 07:00:00,6.9,6.9,6.9,6.9,100,ILC
2026-05-13 07:00:00,6.2,7.4,6.2,6.3,400,ILC
2026-05-14 07:00:00,7.6,7.6,7.6,7.6,100,ILC
2026-05-04 07:00:00,50.8,50.8,48.8,49.9,15400,IMP
2026-05-05 07:00:00,48.35,49.9,48.35,49.9,6800,IMP
2026-05-06 07:00:00,49.35,49.35,49.2,49.2,6600,IMP
2026-05-07 07:00:00,49.2,49.2,47.6,47.6,31500,IMP
2026-05-08 07:00:00,47.8,48.45,47.75,48.1,3900,IMP
2026-05-11 07:00:00,47.8,48.0,46.8,46.85,48600,IMP
2026-05-12 07:00:00,46.85,46.85,46.4,46.85,24100,IMP
2026-05-13 07:00:00,47.0,49.85,47.0,47.7,71900,IMP
2026-05-14 07:00:00,47.85,48.8,47.75,47.75,27100,IMP
2026-05-15 07:00:00,47.75,47.75,47.0,47.05,13100,IMP
2026-05-04 07:00:00,16.35,16.35,16.0,16.2,900,ITD
2026-05-05 07:00:00,15.9,16.2,15.9,16.2,16100,ITD
2026-05-06 07:00:00,16.15,16.15,16.0,16.05,86500,ITD
2026-05-07 07:00:00,16.05,16.15,16.0,16.1,18500,ITD
2026-05-08 07:00:00,16.2,16.2,15.9,16.1,800,ITD
2026-05-11 07:00:00,16.1,16.15,16.1,16.15,2100,ITD
2026-05-12 07:00:00,16.15,16.15,15.95,16.15,4900,ITD
2026-05-13 07:00:00,16.0,16.0,15.8,16.0,3600,ITD
2026-05-14 07:00:00,15.7,16.1,15.7,16.0,4500,ITD
2026-05-15 07:00:00,16.0,16.0,15.7,16.0,4700,ITD
2026-05-08 07:00:00,1.4,1.4,1.3,1.4,46800,JOS
2026-05-15 07:00:00,1.6,1.6,1.5,1.6,25100,JOS
2026-05-04 07:00:00,4.18,4.25,4.18,4.22,30700,JVC
2026-05-05 07:00:00,4.25,4.25,3.93,3.99,396200,JVC
2026-05-06 07:00:00,4.01,4.09,3.95,4.03,197800,JVC
2026-05-07 07:00:00,4.06,4.06,4.0,4.04,25300,JVC
2026-05-08 07:00:00,4.04,4.08,3.8,3.8,94100,JVC
2026-05-11 07:00:00,3.9,3.98,3.83,3.83,99100,JVC
2026-05-12 07:00:00,3.9,3.93,3.86,3.92,177600,JVC
2026-05-13 07:00:00,3.94,4.05,3.94,4.0,100000,JVC
2026-05-14 07:00:00,3.88,4.05,3.88,3.9,109600,JVC
2026-05-15 07:00:00,3.99,4.0,3.86,3.9,203300,JVC
2026-05-04 07:00:00,43.9,46.0,43.0,45.95,533200,KDC
2026-05-05 07:00:00,46.1,46.3,43.0,45.5,805100,KDC
2026-05-06 07:00:00,45.5,47.5,44.55,47.5,753600,KDC
2026-05-07 07:00:00,48.15,48.3,46.6,47.9,1386200,KDC
2026-05-08 07:00:00,47.7,47.9,47.0,47.9,989800,KDC
2026-05-11 07:00:00,47.5,47.9,47.45,47.7,1202700,KDC
2026-05-12 07:00:00,47.65,47.9,46.9,47.9,470800,KDC
2026-05-13 07:00:00,47.9,47.9,47.2,47.8,175700,KDC
2026-05-14 07:00:00,47.9,48.9,47.8,48.5,1511300,KDC
2026-05-15 07:00:00,48.7,49.0,48.05,48.6,1313400,KDC
2026-05-04 07:00:00,5.7,5.7,5.5,5.5,19000,KGM
2026-05-05 07:00:00,5.5,5.5,5.4,5.4,45600,KGM
2026-05-06 07:00:00,5.5,5.6,5.5,5.6,1600,KGM
2026-05-07 07:00:00,5.6,5.6,5.5,5.5,4000,KGM
2026-05-08 07:00:00,5.6,5.6,5.6,5.6,500,KGM
2026-05-11 07:00:00,5.5,5.6,5.5,5.6,20200,KGM
2026-05-12 07:00:00,5.6,5.6,5.6,5.6,1000,KGM
2026-05-13 07:00:00,5.7,5.7,5.7,5.7,1200,KGM
2026-05-14 07:00:00,5.7,5.7,5.7,5.7,13600,KGM
2026-05-15 07:00:00,5.8,5.8,5.8,5.8,5400,KGM
2026-05-04 07:00:00,2.75,2.77,2.72,2.74,12000,KMR
2026-05-05 07:00:00,2.73,2.74,2.71,2.73,12700,KMR
2026-05-06 07:00:00,2.72,2.75,2.72,2.75,15500,KMR
2026-05-07 07:00:00,2.74,2.75,2.72,2.72,21400,KMR
2026-05-08 07:00:00,2.73,2.74,2.72,2.72,4600,KMR
2026-05-11 07:00:00,2.73,2.75,2.72,2.72,11800,KMR
2026-05-12 07:00:00,2.73,2.74,2.73,2.74,600,KMR
2026-05-13 07:00:00,2.74,2.77,2.74,2.76,17000,KMR
2026-05-14 07:00:00,2.74,2.78,2.73,2.76,9400,KMR
2026-05-15 07:00:00,2.73,2.76,2.73,2.76,6700,KMR
2026-05-08 07:00:00,1.2,1.2,1.1,1.2,203700,KSQ
2026-05-15 07:00:00,1.1,1.2,1.1,1.1,86700,KSQ
2026-05-05 07:00:00,13.5,13.5,13.5,13.5,2000,KST
2026-05-06 07:00:00,12.2,13.5,12.2,13.5,3100,KST
2026-05-15 07:00:00,13.9,13.9,13.7,13.9,1700,KST
2026-05-04 07:00:00,24.7,25.1,24.3,24.4,101900,L14
2026-05-05 07:00:00,24.4,24.7,23.9,24.4,32300,L14
2026-05-06 07:00:00,24.4,24.5,24.1,24.5,32500,L14
2026-05-07 07:00:00,24.5,24.6,24.0,24.1,67800,L14
2026-05-08 07:00:00,24.0,24.2,23.6,23.6,49000,L14
2026-05-11 07:00:00,23.6,23.6,23.0,23.1,67100,L14
2026-05-12 07:00:00,23.1,23.8,23.1,23.4,44000,L14
2026-05-13 07:00:00,23.4,23.4,23.1,23.2,40400,L14
2026-05-14 07:00:00,23.2,23.9,23.2,23.8,22800,L14
2026-05-15 07:00:00,23.8,23.8,23.3,23.5,18100,L14
2026-05-08 07:00:00,1.2,1.2,1.2,1.2,200,L61
2026-05-08 07:00:00,2.6,2.7,2.6,2.7,300,L62
2026-05-15 07:00:00,2.8,2.8,2.8,2.8,100,L62
2026-05-12 07:00:00,9.5,9.5,9.5,9.5,300,L63
2026-05-04 07:00:00,11.4,11.6,11.4,11.6,17500,LAI
2026-05-05 07:00:00,11.3,11.4,11.3,11.3,5700,LAI
2026-05-06 07:00:00,11.3,11.6,11.2,11.3,8500,LAI
2026-05-07 07:00:00,11.4,12.0,11.4,11.5,7400,LAI
2026-05-08 07:00:00,11.7,11.9,11.5,11.9,2100,LAI
2026-05-11 07:00:00,11.5,11.5,11.3,11.4,9100,LAI
2026-05-12 07:00:00,12.0,12.0,11.5,12.0,1600,LAI
2026-05-13 07:00:00,11.9,11.9,11.9,11.9,100,LAI
2026-05-14 07:00:00,12.2,12.2,12.1,12.1,300,LAI
2026-05-15 07:00:00,12.2,12.2,11.5,11.6,8400,LAI
2026-05-04 07:00:00,29.2,29.4,29.0,29.15,28900,LBM
2026-05-05 07:00:00,29.15,29.2,28.9,29.15,21100,LBM
2026-05-06 07:00:00,29.15,29.15,28.8,29.15,20800,LBM
2026-05-07 07:00:00,29.15,29.15,28.5,29.05,16400,LBM
2026-05-08 07:00:00,29.0,29.05,27.8,27.8,10300,LBM
2026-05-11 07:00:00,28.0,29.7,28.0,28.05,29600,LBM
2026-05-12 07:00:00,28.1,28.7,28.05,28.05,17900,LBM
2026-05-13 07:00:00,27.8,29.05,27.8,28.8,23900,LBM
2026-05-14 07:00:00,28.8,29.1,28.2,28.8,7500,LBM
2026-05-15 07:00:00,28.8,28.9,28.5,28.9,5000,LBM
2026-05-04 07:00:00,8.0,8.0,7.8,7.9,11400,LDP
2026-05-05 07:00:00,7.8,7.9,7.7,7.9,8000,LDP
2026-05-06 07:00:00,7.9,7.9,7.8,7.9,75200,LDP
2026-05-07 07:00:00,7.8,7.9,7.7,7.9,41700,LDP
2026-05-08 07:00:00,7.2,7.9,7.2,7.9,49100,LDP
2026-05-11 07:00:00,7.7,7.9,7.7,7.9,22600,LDP
2026-05-12 07:00:00,7.9,7.9,7.7,7.9,5700,LDP
2026-05-13 07:00:00,7.9,7.9,7.7,7.8,56200,LDP
2026-05-14 07:00:00,7.7,7.9,7.7,7.9,23200,LDP
2026-05-15 07:00:00,7.9,7.9,7.6,7.8,24600,LDP
2026-05-04 07:00:00,4.5,4.5,4.5,4.5,300,LG9
2026-05-05 07:00:00,5.1,5.1,5.1,5.1,100,LG9
2026-05-07 07:00:00,4.5,4.5,4.5,4.5,100,LG9
2026-05-11 07:00:00,4.0,4.0,4.0,4.0,100,LG9
2026-05-12 07:00:00,4.6,4.6,4.6,4.6,100,LG9
2026-05-14 07:00:00,5.0,5.0,5.0,5.0,100,LG9
2026-05-04 07:00:00,95.0,95.0,94.0,94.0,2900,LHC
2026-05-05 07:00:00,92.0,94.0,92.0,94.0,3300,LHC
2026-05-06 07:00:00,93.0,93.0,92.5,93.0,2500,LHC
2026-05-07 07:00:00,96.0,96.0,95.0,95.9,600,LHC
2026-05-08 07:00:00,98.9,98.9,95.0,96.7,1100,LHC
2026-05-11 07:00:00,96.7,96.7,96.7,96.7,1000,LHC
2026-05-12 07:00:00,97.8,97.8,92.0,96.0,1500,LHC
2026-05-13 07:00:00,95.0,95.0,95.0,95.0,100,LHC
2026-05-14 07:00:00,97.0,97.0,96.7,96.7,600,LHC
2026-05-15 07:00:00,96.7,96.7,96.7,96.7,100,LHC
2026-05-08 07:00:00,1.9,1.9,1.7,1.9,800,LM3
2026-05-08 07:00:00,1.3,1.4,1.3,1.3,39200,LMH
2026-05-15 07:00:00,1.3,1.4,1.3,1.4,94600,LMH
2026-05-04 07:00:00,33.9,34.8,33.9,34.8,3000,LSG
2026-05-05 07:00:00,34.0,35.7,33.9,35.0,16300,LSG
2026-05-06 07:00:00,34.5,35.8,34.0,35.0,27300,LSG
2026-05-07 07:00:00,34.9,35.6,34.0,34.9,17800,LSG
2026-05-08 07:00:00,34.9,35.4,34.1,34.9,14800,LSG
2026-05-11 07:00:00,34.2,34.9,33.7,34.9,19300,LSG
2026-05-12 07:00:00,33.9,35.0,33.5,35.0,29200,LSG
2026-05-13 07:00:00,34.0,35.0,33.8,35.0,18200,LSG
2026-05-14 07:00:00,34.5,35.2,34.1,34.3,35200,LSG
2026-05-15 07:00:00,34.0,35.4,33.5,34.8,42200,LSG
2026-05-08 07:00:00,1.7,1.7,1.7,1.7,100,LTC
2026-05-15 07:00:00,1.5,1.5,1.5,1.5,1300,LTC
2026-05-04 07:00:00,36.51,36.51,36.51,36.51,200,MA1
2026-05-05 07:00:00,37.64,37.64,36.51,36.51,200,MA1
2026-05-06 07:00:00,31.52,32.84,31.52,32.75,3000,MA1
2026-05-07 07:00:00,36.23,36.23,31.52,31.52,400,MA1
2026-05-08 07:00:00,37.55,37.55,36.7,36.7,200,MA1
2026-05-11 07:00:00,42.16,42.16,35.48,35.57,400,MA1
2026-05-12 07:00:00,31.9,31.9,31.9,31.9,1400,MA1
2026-05-13 07:00:00,31.9,31.9,31.9,31.9,100,MA1
2026-05-14 07:00:00,31.0,31.0,31.0,31.0,700,MA1
2026-05-15 07:00:00,33.5,33.5,30.4,30.4,900,MA1
2026-05-04 07:00:00,13.34,13.98,13.34,13.62,400,MAC
2026-05-05 07:00:00,13.62,13.62,13.62,13.62,400,MAC
2026-05-06 07:00:00,13.34,13.34,13.34,13.34,900,MAC
2026-05-07 07:00:00,13.34,13.34,13.34,13.34,1800,MAC
2026-05-08 07:00:00,13.25,13.25,12.8,12.8,5100,MAC
2026-05-11 07:00:00,13.9,13.9,13.5,13.5,200,MAC
2026-05-12 07:00:00,13.5,13.5,13.5,13.5,300,MAC
2026-05-13 07:00:00,13.0,13.2,12.9,12.9,500,MAC
2026-05-14 07:00:00,12.8,12.8,11.7,12.5,7500,MAC
2026-05-15 07:00:00,12.3,12.3,12.2,12.2,600,MAC
2026-05-04 07:00:00,26.15,26.4,26.05,26.1,10177100,MBB
2026-05-05 07:00:00,26.0,26.1,25.75,25.95,12314500,MBB
2026-05-06 07:00:00,26.0,26.15,25.85,26.05,16164500,MBB
2026-05-07 07:00:00,26.15,26.3,26.0,26.1,16786200,MBB
2026-05-08 07:00:00,26.1,26.55,26.05,26.15,22204000,MBB
2026-05-11 07:00:00,26.2,26.35,25.95,26.0,16618800,MBB
2026-05-12 07:00:00,26.0,26.1,25.9,25.9,11264200,MBB
2026-05-13 07:00:00,25.9,26.0,25.75,25.8,12652300,MBB
2026-05-14 07:00:00,25.85,26.1,25.8,25.85,13084300,MBB
2026-05-15 07:00:00,26.05,26.05,25.6,25.65,22577500,MBB
2026-05-04 07:00:00,10.0,10.0,10.0,10.0,100,MBT
2026-05-11 07:00:00,8.6,8.6,8.6,8.6,5500,MBT
2026-05-12 07:00:00,9.7,9.7,9.7,9.7,100,MBT
2026-05-13 07:00:00,10.7,10.7,10.7,10.7,100,MBT
2026-05-15 07:00:00,9.2,9.2,9.1,9.1,1500,MBT
2026-05-04 07:00:00,7.3,7.48,7.3,7.48,3600,MCF
2026-05-05 07:00:00,7.48,7.48,7.3,7.39,7700,MCF
2026-05-06 07:00:00,7.39,7.48,7.3,7.39,2500,MCF
2026-05-07 07:00:00,7.39,7.48,7.39,7.39,1600,MCF
2026-05-11 07:00:00,7.3,7.39,7.3,7.39,6700,MCF
2026-05-12 07:00:00,7.3,7.3,7.3,7.3,8800,MCF
2026-05-13 07:00:00,7.3,7.3,7.3,7.3,21700,MCF
2026-05-14 07:00:00,7.3,7.4,7.3,7.4,8600,MCF
2026-05-15 07:00:00,7.4,7.4,7.3,7.3,12400,MCF
2026-05-04 07:00:00,2.7,2.7,2.6,2.6,53800,MCG
2026-05-05 07:00:00,2.6,2.7,2.6,2.7,42300,MCG
2026-05-06 07:00:00,2.7,2.7,2.5,2.6,23600,MCG
2026-05-07 07:00:00,2.6,2.7,2.6,2.7,28800,MCG
2026-05-08 07:00:00,2.6,2.6,2.5,2.5,40300,MCG
2026-05-11 07:00:00,2.6,2.6,2.5,2.5,14800,MCG
2026-05-12 07:00:00,2.6,2.6,2.5,2.6,34800,MCG
2026-05-13 07:00:00,2.6,2.7,2.6,2.6,21700,MCG
2026-05-14 07:00:00,2.6,2.6,2.5,2.6,7000,MCG
2026-05-15 07:00:00,2.6,2.7,2.5,2.6,18200,MCG
2026-05-04 07:00:00,28.2,28.8,28.2,28.5,71300,MCM
2026-05-05 07:00:00,28.5,28.5,28.05,28.05,37500,MCM
2026-05-06 07:00:00,28.05,28.1,27.95,28.0,27300,MCM
2026-05-07 07:00:00,28.05,28.05,27.7,27.75,34800,MCM
2026-05-08 07:00:00,27.6,27.95,27.55,27.95,28200,MCM
2026-05-11 07:00:00,27.95,28.7,27.95,28.5,96400,MCM
2026-05-12 07:00:00,28.45,28.9,28.1,28.75,76500,MCM
2026-05-13 07:00:00,28.8,28.95,28.65,28.75,33400,MCM
2026-05-14 07:00:00,28.5,28.8,28.5,28.65,23900,MCM
2026-05-15 07:00:00,28.65,28.65,28.3,28.5,21600,MCM
2026-05-04 07:00:00,5.3,5.3,5.3,5.3,600,MCO
2026-05-05 07:00:00,5.3,5.3,5.3,5.3,1100,MCO
2026-05-06 07:00:00,5.3,5.3,5.2,5.2,900,MCO
2026-05-07 07:00:00,5.2,5.2,5.2,5.2,200,MCO
2026-05-08 07:00:00,5.2,5.2,5.2,5.2,200,MCO
2026-05-11 07:00:00,5.3,5.3,5.3,5.3,100,MCO
2026-05-12 07:00:00,5.3,5.3,5.2,5.2,200,MCO
2026-05-13 07:00:00,5.2,5.2,5.2,5.2,900,MCO
2026-05-14 07:00:00,5.2,5.2,5.2,5.2,900,MCO
2026-05-04 07:00:00,8.0,8.0,8.0,8.0,100,MEL
2026-05-05 07:00:00,7.5,7.5,7.5,7.5,200,MEL
2026-05-06 07:00:00,7.5,7.6,7.5,7.6,1400,MEL
2026-05-07 07:00:00,7.6,7.6,7.3,7.6,1000,MEL
2026-05-08 07:00:00,7.6,7.6,7.6,7.6,600,MEL
2026-05-11 07:00:00,7.6,7.7,7.6,7.7,1700,MEL
2026-05-12 07:00:00,7.7,7.7,7.7,7.7,100,MEL
2026-05-15 07:00:00,7.7,7.7,7.7,7.7,500,MEL
2026-05-05 07:00:00,26.9,26.9,26.6,26.6,1400,MH3
2026-05-06 07:00:00,26.9,26.9,26.9,26.9,100,MH3
2026-05-07 07:00:00,26.6,30.0,26.6,30.0,700,MH3
2026-05-08 07:00:00,28.1,28.1,28.1,28.1,200,MH3
2026-05-11 07:00:00,26.6,26.6,26.6,26.6,400,MH3
2026-05-13 07:00:00,27.0,27.0,26.7,26.7,1700,MH3
2026-05-14 07:00:00,26.7,29.8,26.7,29.8,900,MH3
2026-05-15 07:00:00,28.8,28.8,28.8,28.8,200,MH3
2026-05-04 07:00:00,11.7,11.8,11.7,11.8,600,MIC
2026-05-05 07:00:00,11.8,11.8,11.1,11.7,11200,MIC
2026-05-06 07:00:00,11.7,11.9,11.7,11.8,500,MIC
2026-05-07 07:00:00,11.3,11.8,11.3,11.8,8900,MIC
2026-05-08 07:00:00,12.2,12.2,11.3,11.7,4000,MIC
2026-05-11 07:00:00,11.4,11.4,11.4,11.4,200,MIC
2026-05-12 07:00:00,11.4,11.8,11.2,11.8,7200,MIC
2026-05-13 07:00:00,11.7,11.7,10.9,11.2,18900,MIC
2026-05-14 07:00:00,11.3,11.7,11.0,11.0,1400,MIC
2026-05-15 07:00:00,11.0,11.6,11.0,11.4,5900,MIC
2026-05-04 07:00:00,17.5,17.7,17.45,17.6,89500,MIG
2026-05-05 07:00:00,17.6,17.65,17.5,17.5,64500,MIG
2026-05-06 07:00:00,17.5,17.8,17.5,17.6,111400,MIG
2026-05-07 07:00:00,17.8,17.8,17.55,17.7,173300,MIG
2026-05-08 07:00:00,17.7,17.85,17.65,17.65,127400,MIG
2026-05-11 07:00:00,17.65,17.65,17.3,17.35,138900,MIG
2026-05-12 07:00:00,17.4,17.5,17.2,17.45,103600,MIG
2026-05-13 07:00:00,17.4,17.6,17.35,17.6,79300,MIG
2026-05-14 07:00:00,17.7,17.7,17.4,17.5,77500,MIG
2026-05-15 07:00:00,17.45,17.45,17.05,17.3,117600,MIG
2026-05-04 07:00:00,31.6,31.6,31.1,31.3,21700,MML
2026-05-05 07:00:00,31.3,31.6,31.3,31.5,31900,MML
2026-05-06 07:00:00,31.1,32.5,31.1,32.4,70300,MML
2026-05-07 07:00:00,32.4,33.6,32.0,32.3,100300,MML
2026-05-08 07:00:00,32.8,32.8,31.8,32.3,47100,MML
2026-05-11 07:00:00,32.2,32.3,31.8,31.9,55800,MML
2026-05-12 07:00:00,32.1,32.1,31.6,31.8,33500,MML
2026-05-13 07:00:00,31.7,31.8,31.6,31.7,26000,MML
2026-05-14 07:00:00,31.8,31.8,31.7,31.8,14500,MML
2026-05-15 07:00:00,31.8,31.8,31.5,31.6,23000,MML
2026-05-04 07:00:00,15.9,16.2,15.7,15.9,105300,MPC
2026-05-05 07:00:00,15.9,16.0,15.7,16.0,38800,MPC
2026-05-06 07:00:00,16.0,16.0,15.7,15.9,10700,MPC
2026-05-07 07:00:00,16.0,16.0,15.7,16.0,36100,MPC
2026-05-08 07:00:00,15.8,16.0,15.8,15.9,17000,MPC
2026-05-11 07:00:00,16.0,16.2,15.8,16.2,374600,MPC
2026-05-12 07:00:00,16.2,16.6,16.2,16.4,79800,MPC
2026-05-13 07:00:00,16.4,16.6,16.1,16.1,23800,MPC
2026-05-14 07:00:00,16.4,16.4,16.1,16.2,16000,MPC
2026-05-15 07:00:00,16.1,16.1,15.8,16.1,32800,MPC
2026-05-08 07:00:00,0.7,0.7,0.7,0.7,210000,MPT
2026-05-15 07:00:00,0.7,0.8,0.7,0.7,59000,MPT
2026-05-04 07:00:00,12.55,12.65,12.5,12.55,4245100,MSB
2026-05-05 07:00:00,12.6,12.9,12.55,12.7,9907700,MSB
2026-05-06 07:00:00,12.75,12.8,12.65,12.75,4496900,MSB
2026-05-07 07:00:00,12.8,13.2,12.65,13.0,21728900,MSB
2026-05-08 07:00:00,13.0,13.7,12.95,13.5,35803500,MSB
2026-05-11 07:00:00,13.6,13.9,13.4,13.5,18547600,MSB
2026-05-12 07:00:00,13.5,13.55,13.25,13.4,8968900,MSB
2026-05-13 07:00:00,13.5,13.65,13.4,13.6,17675800,MSB
2026-05-14 07:00:00,13.8,13.9,13.6,13.85,18235600,MSB
2026-05-15 07:00:00,13.9,13.9,13.75,13.9,15716100,MSB
2026-05-04 07:00:00,77.2,77.5,76.2,76.8,3381400,MSN
2026-05-05 07:00:00,76.9,78.4,76.6,76.6,4691700,MSN
2026-05-06 07:00:00,77.3,78.5,76.9,78.4,5808400,MSN
2026-05-07 07:00:00,79.7,82.3,79.2,81.0,15769900,MSN
2026-05-08 07:00:00,81.0,82.4,80.0,80.2,8819100,MSN
2026-05-11 07:00:00,80.8,80.8,77.5,77.5,8192600,MSN
2026-05-12 07:00:00,77.7,78.0,76.6,77.7,6062900,MSN
2026-05-13 07:00:00,77.7,79.3,77.5,78.9,6479900,MSN
2026-05-14 07:00:00,79.3,79.5,78.6,79.1,4324500,MSN
2026-05-15 07:00:00,79.1,79.1,77.1,77.5,4808600,MSN
2026-05-05 07:00:00,13.46,13.46,13.37,13.37,500,MTP
2026-05-06 07:00:00,13.0,13.0,13.0,13.0,6500,MTP
2026-05-07 07:00:00,14.0,14.1,13.1,13.1,5300,MTP
2026-05-13 07:00:00,14.0,14.0,14.0,14.0,100,MTP
2026-05-15 07:00:00,14.0,14.0,14.0,14.0,3500,MTP
2026-05-04 07:00:00,11.86,12.02,11.82,11.94,2071300,NAB
2026-05-05 07:00:00,11.98,11.98,11.69,11.86,1554500,NAB
2026-05-06 07:00:00,11.86,12.02,11.82,11.98,2036700,NAB
2026-05-07 07:00:00,12.02,12.23,11.98,12.11,2464100,NAB
2026-05-08 07:00:00,12.07,12.44,11.98,12.4,3412300,NAB
2026-05-11 07:00:00,12.45,12.6,12.4,12.5,2119900,NAB
2026-05-12 07:00:00,12.5,12.6,12.4,12.5,1521500,NAB
2026-05-13 07:00:00,12.55,12.6,12.35,12.4,1289600,NAB
2026-05-14 07:00:00,12.55,12.55,12.35,12.45,1232900,NAB
2026-05-15 07:00:00,12.45,12.5,12.3,12.35,1139100,NAB
2026-05-04 07:00:00,49.5,49.7,48.85,49.45,715800,NAF
2026-05-05 07:00:00,49.5,49.85,48.95,49.65,598500,NAF
2026-05-06 07:00:00,49.7,49.85,49.0,49.45,620300,NAF
2026-05-07 07:00:00,49.5,49.65,49.0,49.55,416300,NAF
2026-05-08 07:00:00,49.45,50.1,49.25,49.95,578800,NAF
2026-05-11 07:00:00,50.0,50.2,49.45,50.1,576600,NAF
2026-05-12 07:00:00,50.2,50.3,49.45,49.75,570800,NAF
2026-05-13 07:00:00,49.8,49.9,48.9,49.6,774600,NAF
2026-05-14 07:00:00,49.7,49.8,48.95,49.55,498900,NAF
2026-05-15 07:00:00,49.65,50.0,49.3,49.9,548500,NAF
2026-05-04 07:00:00,8.8,9.0,8.7,8.9,132900,NAG
2026-05-05 07:00:00,9.0,9.0,8.7,8.9,94200,NAG
2026-05-06 07:00:00,8.9,9.0,8.6,8.8,110100,NAG
2026-05-07 07:00:00,8.8,8.8,8.5,8.7,203700,NAG
2026-05-08 07:00:00,8.7,8.7,8.4,8.7,143700,NAG
2026-05-11 07:00:00,8.6,8.7,8.4,8.4,70900,NAG
2026-05-12 07:00:00,8.4,8.6,8.3,8.6,98900,NAG
2026-05-13 07:00:00,8.5,8.6,8.4,8.4,27000,NAG
2026-05-14 07:00:00,8.4,8.5,8.3,8.5,63700,NAG
2026-05-15 07:00:00,8.4,8.5,8.3,8.3,86300,NAG
2026-05-07 07:00:00,32.0,32.0,31.1,31.1,700,NAS
2026-05-12 07:00:00,36.4,36.4,32.0,32.0,400,NAS
2026-05-13 07:00:00,31.9,31.9,31.7,31.7,800,NAS
2026-05-04 07:00:00,35.6,35.6,35.4,35.4,4200,ND2
2026-05-05 07:00:00,36.0,36.0,35.2,35.2,3400,ND2
2026-05-06 07:00:00,35.9,35.9,35.9,35.9,100,ND2
2026-05-07 07:00:00,36.0,36.0,36.0,36.0,1100,ND2
2026-05-13 07:00:00,36.0,36.0,36.0,36.0,100,ND2
2026-05-14 07:00:00,36.0,36.0,36.0,36.0,200,ND2
2026-05-11 07:00:00,22.5,22.5,22.5,22.5,15800,NDP
2026-05-14 07:00:00,22.5,22.5,22.5,22.5,6000,NDP
2026-05-04 07:00:00,5.0,5.0,4.9,4.9,4100,NDT
2026-05-05 07:00:00,4.9,4.9,4.9,4.9,1200,NDT
2026-05-06 07:00:00,4.8,4.8,4.6,4.8,10000,NDT
2026-05-07 07:00:00,4.7,4.8,4.7,4.8,1500,NDT
2026-05-08 07:00:00,5.5,5.5,4.7,4.7,18600,NDT
2026-05-11 07:00:00,4.7,4.7,4.7,4.7,2100,NDT
2026-05-12 07:00:00,4.7,4.7,4.5,4.5,6300,NDT
2026-05-13 07:00:00,4.9,4.9,4.6,4.6,500,NDT
2026-05-14 07:00:00,4.6,5.1,4.5,5.1,1300,NDT
2026-05-15 07:00:00,4.5,4.9,4.5,4.7,3200,NDT
2026-05-04 07:00:00,6.6,6.6,6.6,6.6,11100,NDX
2026-05-05 07:00:00,6.6,6.6,6.6,6.6,5100,NDX
2026-05-06 07:00:00,6.7,6.7,6.7,6.7,19100,NDX
2026-05-08 07:00:00,6.7,6.7,6.7,6.7,3100,NDX
2026-05-11 07:00:00,6.8,6.8,6.7,6.7,15600,NDX
2026-05-12 07:00:00,6.7,6.7,6.6,6.7,15400,NDX
2026-05-13 07:00:00,6.7,6.7,6.7,6.7,5000,NDX
2026-05-14 07:00:00,6.7,6.7,6.7,6.7,300,NDX
2026-05-15 07:00:00,6.7,6.7,6.7,6.7,13800,NDX
2026-05-04 07:00:00,60.22,63.0,60.04,63.0,10500,NFC
2026-05-05 07:00:00,63.0,65.32,63.0,63.0,800,NFC
2026-05-06 07:00:00,63.0,63.0,63.0,63.0,7700,NFC
2026-05-07 07:00:00,62.0,63.1,58.3,58.3,500,NFC
2026-05-08 07:00:00,59.0,59.0,59.0,59.0,200,NFC
2026-05-11 07:00:00,58.0,58.0,58.0,58.0,100,NFC
2026-05-13 07:00:00,54.0,54.5,54.0,54.5,1300,NFC
2026-05-04 07:00:00,13.0,13.45,13.0,13.1,146500,NHA
2026-05-05 07:00:00,13.0,13.05,12.9,12.95,99000,NHA
2026-05-06 07:00:00,13.15,13.15,12.9,13.05,101400,NHA
2026-05-07 07:00:00,13.1,13.1,12.85,12.9,120800,NHA
2026-05-08 07:00:00,12.9,12.9,12.6,12.6,108200,NHA
2026-05-11 07:00:00,12.7,12.95,12.55,12.6,140600,NHA
2026-05-12 07:00:00,12.6,12.9,12.6,12.65,52900,NHA
2026-05-13 07:00:00,12.8,12.8,12.55,12.7,86400,NHA
2026-05-14 07:00:00,12.7,12.9,12.6,12.65,71800,NHA
2026-05-15 07:00:00,12.6,12.7,12.5,12.5,127200,NHA
2026-05-04 07:00:00,10.45,10.85,10.45,10.65,60700,NHH
2026-05-05 07:00:00,10.55,10.65,10.4,10.5,46700,NHH
2026-05-06 07:00:00,10.35,10.6,10.35,10.6,23300,NHH
2026-05-07 07:00:00,10.5,10.6,10.45,10.6,56500,NHH
2026-05-08 07:00:00,10.55,10.65,10.55,10.6,19400,NHH
2026-05-11 07:00:00,10.5,10.6,10.3,10.45,36300,NHH
2026-05-12 07:00:00,10.45,10.5,10.3,10.4,21200,NHH
2026-05-13 07:00:00,10.4,10.45,10.35,10.45,12400,NHH
2026-05-14 07:00:00,10.45,10.45,10.35,10.35,30200,NHH
2026-05-15 07:00:00,10.45,10.45,10.35,10.45,37000,NHH
2026-05-04 07:00:00,15.35,15.35,15.0,15.0,11500,NHT
2026-05-05 07:00:00,14.95,15.05,14.95,15.0,26600,NHT
2026-05-06 07:00:00,15.0,15.0,14.9,15.0,17600,NHT
2026-05-07 07:00:00,15.55,15.7,15.25,15.5,71300,NHT
2026-05-08 07:00:00,15.5,15.5,15.2,15.5,60900,NHT
2026-05-11 07:00:00,15.6,16.0,15.5,15.65,48800,NHT
2026-05-12 07:00:00,15.7,15.7,15.3,15.45,77700,NHT
2026-05-13 07:00:00,15.45,15.45,14.75,15.2,29900,NHT
2026-05-14 07:00:00,14.5,15.15,14.5,15.1,31600,NHT
2026-05-15 07:00:00,15.1,15.2,14.95,15.0,49100,NHT
2026-05-06 07:00:00,13.2,13.2,13.2,13.2,100,NJC
2026-05-13 07:00:00,12.8,12.8,12.8,12.8,100,NJC
2026-05-04 07:00:00,28.25,28.4,27.8,27.8,1109900,NLG
2026-05-05 07:00:00,27.85,28.25,27.0,27.0,3578700,NLG
2026-05-06 07:00:00,27.25,27.5,26.85,27.25,2316500,NLG
2026-05-07 07:00:00,27.75,27.85,26.8,27.0,3875300,NLG
2026-05-08 07:00:00,27.15,27.15,26.3,26.5,3100700,NLG
2026-05-11 07:00:00,26.6,27.0,26.2,26.4,1732800,NLG
2026-05-12 07:00:00,26.4,26.95,26.4,26.8,2199800,NLG
2026-05-13 07:00:00,26.8,26.85,26.1,26.3,2239000,NLG
2026-05-14 07:00:00,26.4,27.0,26.3,26.95,1752600,NLG
2026-05-15 07:00:00,27.0,27.0,26.4,26.5,1799500,NLG
2026-05-05 07:00:00,59.0,59.0,59.0,59.0,200,NNT
2026-05-14 07:00:00,60.0,60.0,60.0,60.0,100,NNT
2026-05-04 07:00:00,76.4,76.5,76.0,76.5,2500,NSC
2026-05-05 07:00:00,76.5,77.0,76.5,77.0,1500,NSC
2026-05-06 07:00:00,77.0,77.0,77.0,77.0,1100,NSC
2026-05-14 07:00:00,76.4,76.4,74.5,74.5,200,NSC
2026-05-15 07:00:00,76.0,76.0,75.0,75.0,700,NSC
2026-05-05 07:00:00,12.0,12.0,12.0,12.0,200,NTF
2026-05-06 07:00:00,12.0,12.0,12.0,12.0,100,NTF
2026-05-12 07:00:00,12.0,12.2,12.0,12.2,300,NTF
2026-05-15 07:00:00,12.1,12.1,12.1,12.1,100,NTF
2026-05-07 07:00:00,56.99,56.99,56.99,56.99,100,NTH
2026-05-11 07:00:00,56.99,56.99,56.99,56.99,200,NTH
2026-05-12 07:00:00,56.5,56.5,56.5,56.5,300,NTH
2026-05-13 07:00:00,57.0,57.0,57.0,57.0,600,NTH
2026-05-14 07:00:00,56.5,57.0,56.5,57.0,400,NTH
2026-05-15 07:00:00,57.0,57.0,57.0,57.0,300,NTH
2026-05-06 07:00:00,10.3,10.3,10.3,10.3,100,NUE
2026-05-11 07:00:00,10.2,10.2,10.2,10.2,1000,NUE
2026-05-12 07:00:00,10.3,10.3,10.3,10.3,2000,NUE
2026-05-13 07:00:00,10.4,10.4,10.4,10.4,2700,NUE
2026-05-04 07:00:00,20.65,20.7,19.1,19.1,35233300,NVL
2026-05-05 07:00:00,17.8,18.25,17.8,17.8,33347800,NVL
2026-05-06 07:00:00,16.6,17.6,16.6,17.15,75340000,NVL
2026-05-07 07:00:00,17.3,17.55,16.1,16.55,46770500,NVL
2026-05-08 07:00:00,16.55,17.4,16.0,17.2,41026000,NVL
2026-05-11 07:00:00,17.1,17.25,16.6,16.8,25105300,NVL
2026-05-12 07:00:00,16.8,17.25,16.2,16.3,26976000,NVL
2026-05-13 07:00:00,16.35,16.8,16.25,16.7,21481900,NVL
2026-05-14 07:00:00,16.8,16.8,16.45,16.65,9676400,NVL
2026-05-15 07:00:00,16.7,17.3,16.5,17.3,31424800,NVL
2026-05-04 07:00:00,14.0,14.9,14.0,14.5,3721500,OIL
2026-05-05 07:00:00,14.6,14.9,14.2,14.8,3740700,OIL
2026-05-06 07:00:00,14.8,14.9,14.5,14.6,2208900,OIL
2026-05-07 07:00:00,14.6,14.6,14.1,14.3,2723200,OIL
2026-05-08 07:00:00,14.3,14.5,14.0,14.2,2196900,OIL
2026-05-11 07:00:00,14.2,14.5,13.8,14.2,2794100,OIL
2026-05-12 07:00:00,14.1,14.4,14.0,14.4,2162700,OIL
2026-05-13 07:00:00,14.4,15.9,14.1,15.3,11367000,OIL
2026-05-14 07:00:00,15.3,15.8,15.1,15.2,2311100,OIL
2026-05-15 07:00:00,15.2,16.0,15.0,15.8,6551500,OIL
2026-05-04 07:00:00,11.1,11.5,10.9,11.5,3300,ONE
2026-05-05 07:00:00,11.6,11.6,11.5,11.5,1100,ONE
2026-05-06 07:00:00,11.7,11.8,11.7,11.8,200,ONE
2026-05-07 07:00:00,12.0,12.0,11.9,11.9,300,ONE
2026-05-08 07:00:00,12.0,12.0,12.0,12.0,100,ONE
2026-05-11 07:00:00,12.0,12.0,11.2,11.5,1800,ONE
2026-05-13 07:00:00,12.0,12.0,12.0,12.0,100,ONE
2026-05-14 07:00:00,12.0,12.0,11.3,11.3,900,ONE
2026-05-15 07:00:00,11.6,11.6,11.3,11.3,300,ONE
2026-05-04 07:00:00,26.1,26.1,26.1,26.1,100,PAP
2026-05-05 07:00:00,25.0,25.0,25.0,25.0,100,PAP
2026-05-07 07:00:00,25.2,25.2,25.2,25.2,100,PAP
2026-05-08 07:00:00,26.1,26.1,26.1,26.1,100,PAP
2026-05-11 07:00:00,26.0,26.0,26.0,26.0,300,PAP
2026-05-14 07:00:00,25.9,25.9,25.9,25.9,200,PAP
2026-05-04 07:00:00,5.9,5.9,5.8,5.8,25700,PBC
2026-05-05 07:00:00,5.8,5.8,5.7,5.7,7600,PBC
2026-05-06 07:00:00,5.8,5.9,5.6,5.9,52200,PBC
2026-05-07 07:00:00,5.8,5.9,5.8,5.9,29500,PBC
2026-05-08 07:00:00,5.9,5.9,5.8,5.9,13100,PBC
2026-05-11 07:00:00,5.7,5.8,5.7,5.8,8400,PBC
2026-05-13 07:00:00,5.8,5.8,5.8,5.8,3100,PBC
2026-05-14 07:00:00,5.8,5.9,5.8,5.9,14800,PBC
2026-05-15 07:00:00,5.9,5.9,5.9,5.9,3000,PBC
2026-05-04 07:00:00,19.75,20.9,19.75,19.8,11502300,PC1
2026-05-05 07:00:00,20.15,20.55,18.45,19.15,14570700,PC1
2026-05-06 07:00:00,19.45,19.85,19.1,19.8,9548300,PC1
2026-05-07 07:00:00,20.0,20.0,19.0,19.05,10344700,PC1
2026-05-08 07:00:00,19.15,19.15,17.75,18.1,18810200,PC1
2026-05-11 07:00:00,18.1,18.8,17.6,18.65,9180300,PC1
2026-05-12 07:00:00,18.4,18.55,18.05,18.1,7606600,PC1
2026-05-13 07:00:00,18.0,18.3,17.8,18.15,8445100,PC1
2026-05-14 07:00:00,18.1,18.4,18.0,18.05,4894900,PC1
2026-05-15 07:00:00,18.1,18.2,17.8,17.85,5691600,PC1
2026-05-12 07:00:00,40.3,40.3,35.1,35.1,300,PCC
2026-05-04 07:00:00,22.1,22.2,22.0,22.0,75400,PCH
2026-05-05 07:00:00,22.0,22.0,21.9,22.0,86400,PCH
2026-05-06 07:00:00,22.0,22.2,21.9,22.2,113600,PCH
2026-05-07 07:00:00,22.2,22.3,22.0,22.0,96300,PCH
2026-05-08 07:00:00,22.0,22.2,22.0,22.1,106500,PCH
2026-05-11 07:00:00,22.1,22.2,21.9,22.0,91200,PCH
2026-05-12 07:00:00,22.0,22.2,22.0,22.2,107500,PCH
2026-05-13 07:00:00,22.2,22.2,21.9,22.2,87400,PCH
2026-05-14 07:00:00,22.2,22.3,22.0,22.0,103900,PCH
2026-05-15 07:00:00,22.0,22.7,22.0,22.5,173900,PCH
2026-05-07 07:00:00,15.1,15.1,15.1,15.1,100,PCM
2026-05-11 07:00:00,13.0,13.0,13.0,13.0,100,PCM
2026-05-12 07:00:00,12.5,12.5,12.5,12.5,2900,PCM
2026-05-13 07:00:00,14.0,14.0,14.0,14.0,200,PCM
2026-05-14 07:00:00,15.9,15.9,15.9,15.9,100,PCM
2026-05-15 07:00:00,17.5,17.5,17.5,17.5,100,PCM
2026-05-04 07:00:00,10.5,10.5,10.5,10.5,200,PCT
2026-05-06 07:00:00,9.5,10.5,9.5,10.4,300,PCT
2026-05-07 07:00:00,9.9,10.3,9.9,10.3,6800,PCT
2026-05-08 07:00:00,10.3,10.3,10.3,10.3,200,PCT
2026-05-12 07:00:00,10.1,10.5,10.1,10.5,1300,PCT
2026-05-04 07:00:00,3.5,3.7,3.5,3.5,2300,PEG
2026-05-05 07:00:00,3.4,4.1,3.4,4.1,1200,PEG
2026-05-06 07:00:00,3.9,3.9,3.7,3.7,300,PEG
2026-05-07 07:00:00,4.2,4.2,4.2,4.2,100,PEG
2026-05-15 07:00:00,3.6,3.9,3.6,3.9,1300,PEG
2026-05-04 07:00:00,11.7,11.7,11.5,11.7,26200,PGB
2026-05-05 07:00:00,11.6,11.6,11.5,11.6,15300,PGB
2026-05-06 07:00:00,11.7,11.7,11.4,11.7,79100,PGB
2026-05-07 07:00:00,11.6,11.6,11.4,11.5,96400,PGB
2026-05-08 07:00:00,11.5,11.5,11.4,11.5,69800,PGB
2026-05-11 07:00:00,11.5,11.6,10.9,11.4,129900,PGB
2026-05-12 07:00:00,11.4,11.4,11.4,11.4,14300,PGB
2026-05-13 07:00:00,11.4,11.4,11.1,11.2,9800,PGB
2026-05-14 07:00:00,11.3,11.3,11.0,11.3,17600,PGB
2026-05-15 07:00:00,11.3,11.3,11.0,11.2,46400,PGB
2026-05-04 07:00:00,23.8,24.25,23.4,23.6,4200,PGD
2026-05-05 07:00:00,24.1,24.1,24.0,24.1,1600,PGD
2026-05-06 07:00:00,23.4,24.3,23.3,23.35,17400,PGD
2026-05-07 07:00:00,23.4,23.95,23.35,23.95,3900,PGD
2026-05-08 07:00:00,22.95,23.75,22.95,23.3,78500,PGD
2026-05-11 07:00:00,22.4,23.7,22.4,22.5,11200,PGD
2026-05-12 07:00:00,22.55,23.9,22.55,23.7,4400,PGD
2026-05-13 07:00:00,23.2,23.65,22.6,22.7,3500,PGD
2026-05-14 07:00:00,23.6,23.6,22.6,22.7,5700,PGD
2026-05-15 07:00:00,22.8,23.25,22.8,23.15,900,PGD
2026-05-04 07:00:00,6.3,6.5,6.3,6.4,2000,PGT
2026-05-05 07:00:00,6.1,6.1,5.9,5.9,1200,PGT
2026-05-06 07:00:00,6.4,6.4,6.0,6.3,700,PGT
2026-05-07 07:00:00,6.3,6.9,6.3,6.9,400,PGT
2026-05-13 07:00:00,6.6,6.6,6.5,6.5,1500,PGT
2026-05-14 07:00:00,5.9,6.5,5.9,6.5,2700,PGT
2026-05-15 07:00:00,5.9,6.3,5.9,6.3,1000,PGT
2026-05-04 07:00:00,24.45,24.5,23.65,23.95,18700,PGV
2026-05-05 07:00:00,23.95,24.1,23.85,23.9,11700,PGV
2026-05-06 07:00:00,23.6,23.95,23.6,23.9,15600,PGV
2026-05-07 07:00:00,24.3,24.4,23.8,23.8,9300,PGV
2026-05-08 07:00:00,24.35,24.35,23.7,23.9,3200,PGV
2026-05-11 07:00:00,24.0,24.0,23.55,23.55,16400,PGV
2026-05-12 07:00:00,23.5,23.85,23.45,23.6,15600,PGV
2026-05-13 07:00:00,23.1,23.9,23.1,23.4,10600,PGV
2026-05-14 07:00:00,22.7,23.6,22.7,23.4,5800,PGV
2026-05-15 07:00:00,23.25,23.8,23.1,23.55,14200,PGV
2026-05-04 07:00:00,4.92,5.04,4.92,5.02,22000,PHC
2026-05-05 07:00:00,4.94,5.01,4.94,5.0,18600,PHC
2026-05-06 07:00:00,5.0,5.09,4.8,4.96,25400,PHC
2026-05-07 07:00:00,4.96,5.01,4.87,4.96,31000,PHC
2026-05-08 07:00:00,4.96,4.96,4.82,4.96,5200,PHC
2026-05-11 07:00:00,4.98,4.98,4.86,4.96,15000,PHC
2026-05-12 07:00:00,4.96,5.0,4.9,4.97,27700,PHC
2026-05-13 07:00:00,5.07,5.07,4.9,4.96,7800,PHC
2026-05-14 07:00:00,4.96,4.98,4.86,4.96,6100,PHC
2026-05-15 07:00:00,4.96,5.06,4.9,4.95,6700,PHC
2026-05-04 07:00:00,16.2,16.7,15.3,16.7,6300,PIC
2026-05-05 07:00:00,16.7,16.7,15.4,15.4,2500,PIC
2026-05-06 07:00:00,15.6,15.6,14.8,15.6,1200,PIC
2026-05-07 07:00:00,14.3,15.6,14.3,15.6,2400,PIC
2026-05-08 07:00:00,15.4,15.4,15.4,15.4,300,PIC
2026-05-11 07:00:00,15.3,16.4,15.3,16.4,500,PIC
2026-05-12 07:00:00,15.7,15.7,15.7,15.7,700,PIC
2026-05-13 07:00:00,15.5,15.7,15.5,15.7,1100,PIC
2026-05-14 07:00:00,15.0,15.5,14.9,14.9,5500,PIC
2026-05-15 07:00:00,15.0,15.4,15.0,15.4,500,PIC
2026-05-14 07:00:00,10.0,10.0,10.0,10.0,200,PIS
2026-05-05 07:00:00,30.0,30.0,24.9,24.9,1300,PJC
2026-05-06 07:00:00,27.3,27.3,27.3,27.3,100,PJC
2026-05-07 07:00:00,29.8,29.8,29.8,29.8,100,PJC
2026-05-13 07:00:00,29.7,29.8,29.7,29.8,200,PJC
2026-05-14 07:00:00,29.8,29.8,26.9,26.9,200,PJC
2026-05-15 07:00:00,29.5,29.5,24.3,29.5,1700,PJC
2026-05-04 07:00:00,4.59,4.64,4.53,4.58,65200,PLP
2026-05-05 07:00:00,4.58,4.6,4.26,4.4,209200,PLP
2026-05-06 07:00:00,4.4,4.52,4.4,4.5,60400,PLP
2026-05-07 07:00:00,4.5,4.56,4.19,4.4,229800,PLP
2026-05-08 07:00:00,4.4,4.57,4.26,4.4,31700,PLP
2026-05-11 07:00:00,4.4,4.47,4.28,4.3,152200,PLP
2026-05-12 07:00:00,4.26,4.35,4.26,4.3,31100,PLP
2026-05-13 07:00:00,4.2,4.32,4.19,4.31,57500,PLP
2026-05-14 07:00:00,4.22,4.31,4.22,4.3,40600,PLP
2026-05-15 07:00:00,4.35,4.35,4.3,4.3,15600,PLP
2026-05-04 07:00:00,28.45,28.45,28.45,28.45,100,PNC
2026-05-11 07:00:00,29.0,29.0,29.0,29.0,100,PNC
2026-05-15 07:00:00,29.8,29.8,29.8,29.8,100,PNC
2026-05-04 07:00:00,5.5,5.5,5.5,5.5,900,PND
2026-05-05 07:00:00,5.5,5.5,5.5,5.5,400,PND
2026-05-06 07:00:00,6.3,6.3,6.3,6.3,400,PND
2026-05-07 07:00:00,6.3,6.3,6.3,6.3,100,PND
2026-05-08 07:00:00,6.5,6.5,6.5,6.5,100,PND
2026-05-13 07:00:00,5.7,6.5,5.6,6.5,800,PND
2026-05-05 07:00:00,20.0,20.0,20.0,20.0,200,PNP
2026-05-06 07:00:00,19.1,19.9,19.1,19.5,600,PNP
2026-05-08 07:00:00,19.8,19.8,19.5,19.5,1000,PNP
2026-05-13 07:00:00,19.7,19.7,19.7,19.7,300,PNP
2026-05-14 07:00:00,19.8,20.0,19.8,20.0,2100,PNP
2026-05-15 07:00:00,20.0,20.0,20.0,20.0,300,PNP
2026-05-04 07:00:00,15.3,15.3,15.0,15.0,38200,POS
2026-05-05 07:00:00,14.8,15.0,14.8,15.0,14800,POS
2026-05-06 07:00:00,15.0,15.2,14.9,15.2,25900,POS
2026-05-07 07:00:00,15.1,15.1,15.0,15.0,12600,POS
2026-05-08 07:00:00,15.1,15.1,15.0,15.0,6600,POS
2026-05-11 07:00:00,15.0,15.1,14.7,15.1,15400,POS
2026-05-12 07:00:00,14.6,15.1,14.6,15.0,15400,POS
2026-05-13 07:00:00,15.0,15.4,14.9,15.3,83500,POS
2026-05-14 07:00:00,15.5,15.5,15.3,15.3,1000,POS
2026-05-15 07:00:00,15.5,15.5,15.1,15.1,85500,POS
2026-05-04 07:00:00,7.9,8.0,7.8,7.9,2500,POV
2026-05-05 07:00:00,7.6,8.0,7.2,8.0,35800,POV
2026-05-06 07:00:00,7.6,8.1,7.6,8.0,9900,POV
2026-05-07 07:00:00,7.8,7.9,7.8,7.8,13700,POV
2026-05-08 07:00:00,7.7,7.8,7.6,7.7,14500,POV
2026-05-11 07:00:00,7.5,7.5,7.2,7.4,12900,POV
2026-05-12 07:00:00,7.4,7.5,7.4,7.5,6800,POV
2026-05-13 07:00:00,7.6,7.8,7.6,7.7,800,POV
2026-05-14 07:00:00,7.6,7.7,7.6,7.7,600,POV
2026-05-15 07:00:00,7.6,7.7,7.4,7.6,6300,POV
2026-05-04 07:00:00,12.9,13.3,12.85,13.3,19912100,POW
2026-05-05 07:00:00,13.35,13.65,13.15,13.65,28262300,POW
2026-05-06 07:00:00,13.75,14.35,13.55,14.35,38449000,POW
2026-05-07 07:00:00,14.35,14.45,14.1,14.35,23409200,POW
2026-05-08 07:00:00,14.3,14.45,13.85,14.0,22764900,POW
2026-05-11 07:00:00,14.0,14.25,13.9,13.95,10484700,POW
2026-05-12 07:00:00,14.0,14.3,13.95,14.05,10575500,POW
2026-05-13 07:00:00,14.05,14.4,14.0,14.2,13043000,POW
2026-05-14 07:00:00,14.25,14.4,13.9,14.0,14677800,POW
2026-05-15 07:00:00,14.1,14.1,13.85,14.1,8428800,POW
2026-05-04 07:00:00,28.0,28.3,28.0,28.0,10000,PPH
2026-05-05 07:00:00,28.0,28.0,27.9,28.0,9500,PPH
2026-05-06 07:00:00,28.0,28.0,27.8,27.8,14900,PPH
2026-05-07 07:00:00,27.9,28.0,27.6,27.6,19600,PPH
2026-05-08 07:00:00,27.8,27.8,27.5,27.6,19300,PPH
2026-05-11 07:00:00,27.6,27.6,27.3,27.4,28200,PPH
2026-05-12 07:00:00,27.6,27.7,27.2,27.4,66400,PPH
2026-05-13 07:00:00,27.5,27.6,27.3,27.6,133600,PPH
2026-05-14 07:00:00,27.6,27.7,27.4,27.6,83500,PPH
2026-05-15 07:00:00,27.6,27.7,27.5,27.6,1500,PPH
2026-05-04 07:00:00,18.9,18.9,18.8,18.8,200,PPP
2026-05-06 07:00:00,18.7,18.9,18.7,18.9,300,PPP
2026-05-07 07:00:00,18.9,18.9,18.7,18.7,200,PPP
2026-05-12 07:00:00,18.7,18.7,18.7,18.7,400,PPP
2026-05-15 07:00:00,18.7,18.7,18.7,18.7,300,PPP
2026-05-04 07:00:00,24.4,24.8,24.4,24.6,9400,PRE
2026-05-05 07:00:00,24.6,24.7,24.5,24.5,21400,PRE
2026-05-06 07:00:00,24.5,24.7,24.5,24.7,21400,PRE
2026-05-07 07:00:00,24.6,24.7,24.6,24.7,12000,PRE
2026-05-08 07:00:00,24.8,25.0,24.7,24.9,13600,PRE
2026-05-11 07:00:00,25.1,25.5,25.0,25.0,9800,PRE
2026-05-12 07:00:00,24.9,25.4,24.9,25.4,13800,PRE
2026-05-13 07:00:00,25.8,25.8,25.5,25.8,5600,PRE
2026-05-14 07:00:00,25.9,26.0,25.8,26.0,6500,PRE
2026-05-15 07:00:00,26.0,26.1,26.0,26.1,13300,PRE
2026-05-08 07:00:00,11.9,11.9,11.9,11.9,500,PRO
2026-05-04 07:00:00,5.6,5.6,5.4,5.5,12500,PSB
2026-05-05 07:00:00,5.4,5.6,5.4,5.5,14900,PSB
2026-05-06 07:00:00,5.5,5.5,5.3,5.4,18200,PSB
2026-05-07 07:00:00,5.6,5.6,5.4,5.5,22300,PSB
2026-05-08 07:00:00,5.5,5.5,5.2,5.4,38600,PSB
2026-05-11 07:00:00,5.2,5.5,5.0,5.4,62100,PSB
2026-05-12 07:00:00,5.5,5.5,5.1,5.4,33600,PSB
2026-05-13 07:00:00,5.4,5.6,5.2,5.5,43700,PSB
2026-05-14 07:00:00,5.5,5.6,5.2,5.4,37200,PSB
2026-05-15 07:00:00,5.5,5.5,5.2,5.5,47400,PSB
2026-05-04 07:00:00,27.3,29.8,27.3,29.8,700,PTI
2026-05-05 07:00:00,27.4,29.5,27.1,29.5,2900,PTI
2026-05-06 07:00:00,29.3,29.3,29.3,29.3,300,PTI
2026-05-07 07:00:00,28.0,28.0,28.0,28.0,300,PTI
2026-05-11 07:00:00,25.8,27.2,25.6,27.2,3600,PTI
2026-05-12 07:00:00,28.0,28.0,28.0,28.0,2300,PTI
2026-05-13 07:00:00,28.0,28.0,27.0,27.0,1000,PTI
2026-05-14 07:00:00,27.0,27.5,27.0,27.5,1500,PTI
2026-05-15 07:00:00,27.2,27.2,27.2,27.2,100,PTI
2026-05-04 07:00:00,2.82,2.89,2.69,2.76,54000,PTL
2026-05-05 07:00:00,2.65,2.78,2.57,2.76,35500,PTL
2026-05-06 07:00:00,2.8,2.8,2.67,2.67,45300,PTL
2026-05-07 07:00:00,2.67,2.74,2.65,2.67,44200,PTL
2026-05-08 07:00:00,2.53,2.69,2.53,2.66,43900,PTL
2026-05-11 07:00:00,2.66,2.78,2.63,2.65,81400,PTL
2026-05-12 07:00:00,2.52,2.65,2.52,2.62,28900,PTL
2026-05-13 07:00:00,2.64,2.76,2.62,2.69,9100,PTL
2026-05-14 07:00:00,2.75,2.75,2.66,2.67,2400,PTL
2026-05-15 07:00:00,2.67,2.72,2.58,2.59,9000,PTL
2026-05-04 07:00:00,11.5,11.5,11.5,11.5,500,PTM
2026-05-06 07:00:00,12.2,12.2,12.2,12.2,100,PTM
2026-05-14 07:00:00,12.0,12.0,12.0,12.0,100,PTM
2026-05-15 07:00:00,12.0,12.0,12.0,12.0,100,PTM
2026-05-04 07:00:00,9.3,9.3,9.3,9.3,7500,PTS
2026-05-05 07:00:00,9.3,9.3,9.3,9.3,1200,PTS
2026-05-06 07:00:00,9.2,9.3,9.2,9.3,5100,PTS
2026-05-07 07:00:00,9.4,9.4,9.4,9.4,100,PTS
2026-05-08 07:00:00,9.2,9.3,9.2,9.3,1700,PTS
2026-05-11 07:00:00,9.3,9.4,9.3,9.4,4000,PTS
2026-05-12 07:00:00,9.4,9.4,9.3,9.3,600,PTS
2026-05-13 07:00:00,9.4,9.4,9.3,9.3,5100,PTS
2026-05-14 07:00:00,9.4,9.5,9.4,9.4,3900,PTS
2026-05-15 07:00:00,9.4,9.4,9.4,9.4,300,PTS
2026-05-04 07:00:00,2.2,2.2,2.1,2.1,200400,PV2
2026-05-05 07:00:00,2.1,2.2,2.1,2.2,21600,PV2
2026-05-06 07:00:00,2.2,2.2,2.1,2.2,6200,PV2
2026-05-07 07:00:00,2.2,2.2,2.1,2.2,27700,PV2
2026-05-08 07:00:00,2.2,2.2,2.1,2.1,72100,PV2
2026-05-11 07:00:00,2.1,2.2,2.1,2.1,29100,PV2
2026-05-12 07:00:00,2.1,2.2,2.0,2.2,17000,PV2
2026-05-13 07:00:00,2.2,2.2,2.0,2.1,80400,PV2
2026-05-14 07:00:00,2.1,2.2,2.0,2.1,86300,PV2
2026-05-15 07:00:00,2.2,2.2,2.0,2.0,284400,PV2
2026-05-15 07:00:00,0.7,0.7,0.7,0.7,43600,PVH
2026-05-08 07:00:00,2.8,2.9,2.6,2.6,253100,PVL
2026-05-15 07:00:00,2.7,2.8,2.3,2.4,321000,PVL
2026-05-04 07:00:00,6.7,6.9,6.7,6.8,22500,PVO
2026-05-05 07:00:00,6.8,6.9,6.6,6.9,44000,PVO
2026-05-06 07:00:00,6.8,6.9,6.6,6.7,21600,PVO
2026-05-07 07:00:00,6.7,6.7,6.5,6.6,35000,PVO
2026-05-08 07:00:00,6.6,6.7,6.5,6.5,18900,PVO
2026-05-11 07:00:00,6.6,6.6,5.7,6.4,42400,PVO
2026-05-12 07:00:00,6.5,6.5,6.3,6.5,23900,PVO
2026-05-13 07:00:00,6.5,6.9,6.3,6.8,67200,PVO
2026-05-14 07:00:00,6.8,7.0,6.7,6.7,45400,PVO
2026-05-15 07:00:00,6.8,6.9,6.6,6.8,23800,PVO
2026-05-08 07:00:00,1.1,1.1,1.1,1.1,11500,PVR
2026-05-15 07:00:00,1.2,1.2,1.1,1.1,96400,PVR
2026-05-04 07:00:00,22.4,23.05,22.25,22.25,3551800,PVT
2026-05-05 07:00:00,22.45,23.8,22.15,23.75,12490000,PVT
2026-05-06 07:00:00,23.45,23.9,23.25,23.5,5762600,PVT
2026-05-07 07:00:00,23.3,23.3,22.35,22.35,8812200,PVT
2026-05-08 07:00:00,22.6,22.7,21.85,22.1,3949600,PVT
2026-05-11 07:00:00,22.35,22.8,22.1,22.7,4251900,PVT
2026-05-12 07:00:00,22.7,23.0,22.4,22.6,4783200,PVT
2026-05-13 07:00:00,22.8,24.15,22.7,23.6,15303200,PVT
2026-05-14 07:00:00,23.65,23.95,23.15,23.45,5466100,PVT
2026-05-15 07:00:00,23.45,24.6,23.25,24.05,9905000,PVT
2026-05-08 07:00:00,1.6,1.7,1.6,1.6,101500,PVV
2026-05-15 07:00:00,1.4,1.7,1.4,1.7,236600,PVV
2026-05-08 07:00:00,1.8,2.1,1.8,2.1,24900,PVY
2026-05-15 07:00:00,1.9,2.1,1.7,2.1,7200,PVY
2026-05-08 07:00:00,0.9,0.9,0.8,0.8,62600,PXA
2026-05-15 07:00:00,0.8,0.8,0.8,0.8,25500,PXA
2026-05-08 07:00:00,1.0,1.0,0.8,0.8,66000,PXI
2026-05-15 07:00:00,0.8,0.9,0.8,0.8,23400,PXI
2026-05-08 07:00:00,0.5,0.6,0.5,0.6,12000,PXM
2026-05-15 07:00:00,0.4,0.6,0.4,0.6,166300,PXM
2026-05-08 07:00:00,2.9,2.9,2.7,2.8,68800,PXS
2026-05-15 07:00:00,2.8,2.9,2.6,2.8,136600,PXS
2026-05-07 07:00:00,54.0,54.0,54.0,54.0,2900,QHD
2026-05-04 07:00:00,5.6,5.6,5.6,5.6,100,QNC
2026-05-05 07:00:00,5.6,5.6,5.6,5.6,100,QNC
2026-05-06 07:00:00,5.4,5.4,5.4,5.4,200,QNC
2026-05-07 07:00:00,5.6,5.6,5.1,5.1,300,QNC
2026-05-08 07:00:00,5.6,5.6,5.3,5.6,5700,QNC
2026-05-11 07:00:00,5.5,5.6,5.5,5.5,300,QNC
2026-05-12 07:00:00,5.3,5.3,5.3,5.3,7200,QNC
2026-05-13 07:00:00,5.5,5.5,5.3,5.3,1200,QNC
2026-05-14 07:00:00,5.5,5.5,5.2,5.2,1100,QNC
2026-05-15 07:00:00,5.5,5.5,5.5,5.5,100,QNC
2026-05-04 07:00:00,17.5,17.5,17.5,17.5,1500,QNW
2026-05-06 07:00:00,17.6,18.0,17.6,18.0,200,QNW
2026-05-07 07:00:00,20.0,20.0,20.0,20.0,100,QNW
2026-05-08 07:00:00,18.0,18.0,17.0,17.0,1400,QNW
2026-05-11 07:00:00,15.5,15.5,15.5,15.5,100,QNW
2026-05-14 07:00:00,16.1,16.5,16.1,16.1,500,QNW
2026-05-15 07:00:00,17.5,17.5,17.5,17.5,100,QNW
2026-05-04 07:00:00,34.5,34.5,34.5,34.5,700,QPH
2026-05-05 07:00:00,35.0,35.0,35.0,35.0,500,QPH
2026-05-06 07:00:00,34.9,34.9,34.9,34.9,100,QPH
2026-05-11 07:00:00,34.7,34.7,34.7,34.7,100,QPH
2026-05-12 07:00:00,34.4,34.4,34.4,34.4,200,QPH
2026-05-14 07:00:00,34.4,34.4,34.4,34.4,100,QPH
2026-05-15 07:00:00,34.4,34.4,34.4,34.4,600,QPH
2026-05-12 07:00:00,36.7,40.6,36.7,36.7,400,QST
2026-05-13 07:00:00,33.1,33.1,33.1,33.1,100,QST
2026-05-14 07:00:00,29.8,29.8,29.8,29.8,200,QST
2026-05-15 07:00:00,26.9,26.9,26.9,26.9,300,QST
2026-05-04 07:00:00,35.0,35.0,35.0,35.0,400,QTC
2026-05-14 07:00:00,31.5,31.5,31.5,31.5,100,QTC
2026-05-04 07:00:00,8.3,9.7,8.3,9.1,1700,RIC
2026-05-05 07:00:00,9.0,9.0,9.0,9.0,1700,RIC
2026-05-06 07:00:00,9.9,9.9,9.7,9.7,300,RIC
2026-05-07 07:00:00,8.8,8.8,8.8,8.8,1000,RIC
2026-05-08 07:00:00,8.9,9.0,8.8,9.0,600,RIC
2026-05-11 07:00:00,9.0,9.0,9.0,9.0,100,RIC
2026-05-12 07:00:00,9.1,9.1,9.1,9.1,400,RIC
2026-05-14 07:00:00,8.7,8.7,8.7,8.7,100,RIC
2026-05-04 07:00:00,10.5,10.6,10.5,10.55,50700,RYG
2026-05-05 07:00:00,10.5,10.65,10.4,10.55,94600,RYG
2026-05-06 07:00:00,10.55,10.6,10.3,10.4,90100,RYG
2026-05-07 07:00:00,10.4,10.5,10.4,10.45,57600,RYG
2026-05-08 07:00:00,10.45,10.5,10.2,10.4,62200,RYG
2026-05-11 07:00:00,10.4,10.45,10.0,10.05,61600,RYG
2026-05-12 07:00:00,10.05,10.5,9.55,10.45,97400,RYG
2026-05-13 07:00:00,10.4,10.6,10.1,10.45,64000,RYG
2026-05-14 07:00:00,10.3,10.55,10.3,10.55,53100,RYG
2026-05-15 07:00:00,10.55,10.55,10.45,10.55,33100,RYG
2026-05-04 07:00:00,8.9,9.2,8.9,9.0,49900,S99
2026-05-05 07:00:00,8.9,9.6,8.9,9.5,157000,S99
2026-05-06 07:00:00,9.5,9.6,9.4,9.5,77800,S99
2026-05-07 07:00:00,9.5,9.6,9.3,9.6,150900,S99
2026-05-08 07:00:00,9.6,9.6,9.3,9.3,176400,S99
2026-05-11 07:00:00,9.3,10.2,9.3,10.0,750000,S99
2026-05-12 07:00:00,10.0,10.1,9.8,9.9,82900,S99
2026-05-13 07:00:00,9.9,9.9,9.5,9.7,103000,S99
2026-05-14 07:00:00,9.7,9.8,9.5,9.7,63900,S99
2026-05-15 07:00:00,9.6,9.7,9.5,9.5,129400,S99
2026-05-04 07:00:00,12.1,12.5,12.1,12.5,1800,SAC
2026-05-05 07:00:00,12.2,12.2,12.1,12.1,700,SAC
2026-05-06 07:00:00,12.1,12.1,12.1,12.1,200,SAC
2026-05-08 07:00:00,12.1,12.1,12.1,12.1,100,SAC
2026-05-11 07:00:00,12.1,12.8,12.1,12.8,600,SAC
2026-05-12 07:00:00,12.3,12.8,12.3,12.3,700,SAC
2026-05-04 07:00:00,6.76,6.85,6.74,6.76,40700,SAM
2026-05-05 07:00:00,6.72,6.76,6.7,6.71,72700,SAM
2026-05-06 07:00:00,6.71,6.72,6.63,6.71,126600,SAM
2026-05-07 07:00:00,6.64,6.71,6.64,6.68,63900,SAM
2026-05-08 07:00:00,6.68,6.68,6.64,6.65,48000,SAM
2026-05-11 07:00:00,6.65,6.66,6.55,6.55,103900,SAM
2026-05-12 07:00:00,6.55,6.7,6.55,6.64,22100,SAM
2026-05-13 07:00:00,6.46,6.76,6.46,6.65,42800,SAM
2026-05-14 07:00:00,6.68,6.68,6.6,6.62,50200,SAM
2026-05-15 07:00:00,6.5,6.7,6.5,6.62,44900,SAM
2026-05-04 07:00:00,36.2,36.9,36.2,36.5,21000,SAS
2026-05-05 07:00:00,36.5,36.5,36.0,36.4,28300,SAS
2026-05-06 07:00:00,36.2,36.7,36.0,36.6,3200,SAS
2026-05-07 07:00:00,36.3,37.0,36.0,36.0,9700,SAS
2026-05-08 07:00:00,36.4,36.4,36.0,36.3,5800,SAS
2026-05-11 07:00:00,36.9,36.9,35.7,35.8,26400,SAS
2026-05-12 07:00:00,35.6,35.8,35.0,35.6,25400,SAS
2026-05-13 07:00:00,35.5,35.7,33.5,33.9,44700,SAS
2026-05-14 07:00:00,34.8,35.0,34.0,34.6,15000,SAS
2026-05-15 07:00:00,34.7,34.9,34.5,34.6,17200,SAS
2026-05-04 07:00:00,14.95,16.2,14.95,14.95,4800,SAV
2026-05-05 07:00:00,14.05,15.55,14.05,15.55,1600,SAV
2026-05-06 07:00:00,14.8,15.55,14.8,15.55,7400,SAV
2026-05-07 07:00:00,15.0,15.25,14.85,15.0,5300,SAV
2026-05-08 07:00:00,15.0,15.3,15.0,15.3,4900,SAV
2026-05-12 07:00:00,14.45,15.0,14.3,15.0,2000,SAV
2026-05-13 07:00:00,14.8,14.95,14.5,14.95,800,SAV
2026-05-15 07:00:00,14.1,14.95,14.1,14.95,1700,SAV
2026-05-04 07:00:00,28.0,28.25,27.0,28.25,19600,SBA
2026-05-05 07:00:00,28.2,28.2,27.5,28.2,3300,SBA
2026-05-06 07:00:00,28.2,28.2,27.9,28.2,10100,SBA
2026-05-07 07:00:00,28.2,28.3,28.2,28.2,4600,SBA
2026-05-08 07:00:00,27.4,28.4,27.4,28.3,4100,SBA
2026-05-11 07:00:00,28.3,28.4,28.0,28.4,7000,SBA
2026-05-12 07:00:00,28.3,28.35,28.2,28.2,5500,SBA
2026-05-13 07:00:00,28.4,28.4,28.3,28.35,4300,SBA
2026-05-14 07:00:00,28.35,28.35,28.3,28.3,2000,SBA
2026-05-15 07:00:00,28.3,28.3,28.3,28.3,1000,SBA
2026-05-04 07:00:00,16.0,16.7,16.0,16.7,106900,SBB
2026-05-05 07:00:00,16.2,16.2,16.2,16.2,5300,SBB
2026-05-06 07:00:00,16.2,16.5,16.2,16.5,15500,SBB
2026-05-07 07:00:00,16.5,17.6,16.5,17.6,161700,SBB
2026-05-08 07:00:00,17.6,18.9,17.6,18.9,206200,SBB
2026-05-11 07:00:00,18.4,18.5,17.0,18.5,184100,SBB
2026-05-12 07:00:00,18.4,18.5,18.4,18.5,51100,SBB
2026-05-13 07:00:00,18.5,19.6,18.5,19.6,96400,SBB
2026-05-14 07:00:00,19.2,19.6,18.9,18.9,51400,SBB
2026-05-15 07:00:00,18.5,18.5,18.5,18.5,100,SBB
2026-05-04 07:00:00,6.7,6.89,6.7,6.85,800,SBV
2026-05-05 07:00:00,6.99,6.99,6.99,6.99,100,SBV
2026-05-08 07:00:00,6.51,6.51,6.51,6.51,9400,SBV
2026-05-11 07:00:00,6.89,6.89,6.51,6.85,10800,SBV
2026-05-14 07:00:00,6.42,6.7,6.4,6.7,3400,SBV
2026-05-15 07:00:00,6.89,6.89,6.89,6.89,100,SBV
2026-05-11 07:00:00,15.95,15.95,15.95,15.95,1900,SC5
2026-05-12 07:00:00,16.0,16.0,16.0,16.0,300,SC5
2026-05-13 07:00:00,15.3,17.05,15.3,15.35,4300,SC5
2026-05-14 07:00:00,14.9,14.9,14.9,14.9,200,SC5
2026-05-15 07:00:00,15.85,15.85,15.85,15.85,500,SC5
2026-05-04 07:00:00,66.8,66.8,66.3,66.5,21200,SCG
2026-05-05 07:00:00,66.4,67.0,66.4,66.9,20300,SCG
2026-05-06 07:00:00,66.9,67.1,66.8,67.1,25600,SCG
2026-05-07 07:00:00,67.1,67.6,67.1,67.5,23700,SCG
2026-05-08 07:00:00,67.6,67.8,67.6,67.7,19500,SCG
2026-05-11 07:00:00,68.0,68.8,68.0,68.8,25300,SCG
2026-05-12 07:00:00,68.8,69.2,68.8,69.2,20800,SCG
2026-05-13 07:00:00,69.3,69.9,69.3,69.6,26600,SCG
2026-05-14 07:00:00,69.7,69.9,69.1,69.1,25000,SCG
2026-05-15 07:00:00,69.1,69.4,68.5,68.6,21600,SCG
2026-05-04 07:00:00,21.9,22.2,21.0,21.5,32400,SCL
2026-05-05 07:00:00,21.1,21.7,21.0,21.5,78500,SCL
2026-05-06 07:00:00,21.5,22.0,21.4,22.0,68200,SCL
2026-05-07 07:00:00,22.0,22.4,22.0,22.2,61600,SCL
2026-05-08 07:00:00,22.2,22.2,21.9,22.0,38100,SCL
2026-05-11 07:00:00,21.7,21.9,21.7,21.8,15100,SCL
2026-05-12 07:00:00,21.9,22.0,21.7,21.9,64800,SCL
2026-05-13 07:00:00,21.8,21.8,20.7,20.7,108100,SCL
2026-05-14 07:00:00,21.5,21.5,20.6,21.0,14600,SCL
2026-05-15 07:00:00,21.2,21.2,20.5,20.9,70100,SCL
2026-05-07 07:00:00,5.3,6.0,5.2,6.0,1200,SD2
2026-05-08 07:00:00,6.0,6.0,6.0,6.0,100,SD2
2026-05-11 07:00:00,6.1,6.1,5.1,6.1,92900,SD2
2026-05-12 07:00:00,5.2,6.0,5.2,6.0,400,SD2
2026-05-13 07:00:00,5.9,5.9,5.4,5.5,1600,SD2
2026-05-14 07:00:00,6.0,6.0,6.0,6.0,6100,SD2
2026-05-15 07:00:00,5.1,6.0,5.1,6.0,600,SD2
2026-05-04 07:00:00,8.0,8.3,8.0,8.3,16300,SD3
2026-05-05 07:00:00,8.3,8.5,7.7,8.3,22200,SD3
2026-05-06 07:00:00,8.6,8.6,8.3,8.5,3500,SD3
2026-05-07 07:00:00,8.4,8.4,8.4,8.4,2100,SD3
2026-05-08 07:00:00,7.9,8.4,7.9,8.4,7900,SD3
2026-05-11 07:00:00,8.5,8.5,8.5,8.5,100,SD3
2026-05-13 07:00:00,8.4,8.4,8.4,8.4,2000,SD3
2026-05-14 07:00:00,8.4,8.4,8.4,8.4,4200,SD3
2026-05-15 07:00:00,8.4,8.4,8.4,8.4,3100,SD3
2026-05-15 07:00:00,2.0,2.0,1.8,2.0,1300,SD4
2026-05-08 07:00:00,2.1,2.1,1.9,2.0,15000,SD6
2026-05-15 07:00:00,2.0,2.0,1.9,2.0,12600,SD6
2026-05-05 07:00:00,8.3,8.3,8.3,8.3,100,SDU
2026-05-04 07:00:00,27.5,27.5,27.5,27.5,15000,SFI
2026-05-05 07:00:00,26.2,28.0,26.2,28.0,2000,SFI
2026-05-06 07:00:00,26.2,28.0,26.2,28.0,600,SFI
2026-05-07 07:00:00,28.0,28.0,27.0,28.0,3000,SFI
2026-05-08 07:00:00,28.0,28.0,28.0,28.0,100,SFI
2026-05-12 07:00:00,28.0,28.0,28.0,28.0,1900,SFI
2026-05-13 07:00:00,28.5,28.5,28.5,28.5,500,SFI
2026-05-15 07:00:00,27.7,28.0,27.7,28.0,1700,SFI
2026-05-05 07:00:00,24.2,24.2,24.2,24.2,100,SGH
2026-05-12 07:00:00,24.2,24.2,24.2,24.2,2000,SGH
2026-05-14 07:00:00,26.5,26.5,26.5,26.5,100,SGH
2026-05-04 07:00:00,10.9,10.9,10.9,10.9,100,SGI
2026-05-07 07:00:00,10.5,10.5,10.5,10.5,100,SGI
2026-05-12 07:00:00,10.5,10.5,10.5,10.5,500,SGI
2026-05-15 07:00:00,10.3,10.3,10.3,10.3,400,SGI
2026-05-08 07:00:00,12.8,13.2,12.8,13.2,4200,SGS
2026-05-15 07:00:00,13.1,13.2,13.0,13.0,9600,SGS
2026-05-04 07:00:00,3.7,3.8,3.6,3.8,6400,SHN
2026-05-05 07:00:00,3.8,3.8,3.6,3.7,24800,SHN
2026-05-06 07:00:00,3.7,3.7,3.6,3.7,12800,SHN
2026-05-07 07:00:00,3.6,3.6,3.6,3.6,22600,SHN
2026-05-08 07:00:00,3.6,3.7,3.6,3.7,9100,SHN
2026-05-11 07:00:00,3.7,3.8,3.6,3.7,27700,SHN
2026-05-12 07:00:00,3.6,3.7,3.6,3.7,13500,SHN
2026-05-13 07:00:00,3.6,3.7,3.5,3.7,8700,SHN
2026-05-14 07:00:00,3.6,3.7,3.6,3.7,8900,SHN
2026-05-15 07:00:00,3.6,3.6,3.5,3.5,15900,SHN
2026-05-04 07:00:00,17.1,17.3,16.9,16.9,7359200,SHS
2026-05-05 07:00:00,16.9,17.1,16.7,16.7,5458100,SHS
2026-05-06 07:00:00,16.7,17.7,16.6,17.5,15998400,SHS
2026-05-07 07:00:00,17.4,17.8,17.2,17.2,7977300,SHS
2026-05-08 07:00:00,17.3,17.6,17.0,17.4,9142500,SHS
2026-05-11 07:00:00,17.4,18.1,17.3,17.7,21225600,SHS
2026-05-12 07:00:00,17.8,17.9,17.6,17.8,5939200,SHS
2026-05-13 07:00:00,17.8,18.2,17.5,17.7,16742700,SHS
2026-05-14 07:00:00,17.7,17.9,17.5,17.7,6632100,SHS
2026-05-15 07:00:00,17.7,18.0,17.6,17.7,6131400,SHS
2026-05-04 07:00:00,14.3,14.4,14.3,14.4,300,SID
2026-05-05 07:00:00,14.8,14.8,14.8,14.8,100,SID
2026-05-06 07:00:00,14.5,14.5,14.5,14.5,100,SID
2026-05-07 07:00:00,14.7,15.2,14.7,15.2,600,SID
2026-05-08 07:00:00,15.3,15.3,15.3,15.3,300,SID
2026-05-11 07:00:00,14.6,15.0,14.6,15.0,300,SID
2026-05-12 07:00:00,14.8,14.8,14.8,14.8,100,SID
2026-05-13 07:00:00,14.7,14.7,14.7,14.7,100,SID
2026-05-15 07:00:00,14.7,14.7,14.7,14.7,100,SID
2026-05-05 07:00:00,6.8,6.8,6.8,6.8,100,SJM
2026-05-11 07:00:00,8.85,8.85,8.85,8.85,300,SMA
2026-05-12 07:00:00,9.37,9.37,9.37,9.37,300,SMA
2026-05-04 07:00:00,9.7,10.0,9.6,10.0,17900,SMT
2026-05-05 07:00:00,10.3,10.3,10.3,10.3,500,SMT
2026-05-07 07:00:00,9.3,10.0,9.3,9.8,5200,SMT
2026-05-08 07:00:00,9.0,9.8,8.9,9.8,6500,SMT
2026-05-12 07:00:00,9.1,9.6,9.0,9.6,1700,SMT
2026-05-15 07:00:00,9.3,9.3,9.3,9.3,100,SMT
2026-05-04 07:00:00,7.2,7.53,7.2,7.4,1500,SRF
2026-05-05 07:00:00,6.91,7.35,6.89,6.9,14500,SRF
2026-05-06 07:00:00,7.17,7.17,6.74,7.15,500,SRF
2026-05-07 07:00:00,7.14,7.3,6.84,6.84,10400,SRF
2026-05-08 07:00:00,6.98,7.1,6.65,7.05,29000,SRF
2026-05-11 07:00:00,7.09,7.1,7.03,7.08,10600,SRF
2026-05-12 07:00:00,7.08,7.3,6.8,7.3,37500,SRF
2026-05-13 07:00:00,7.5,7.5,7.5,7.5,100,SRF
2026-05-14 07:00:00,7.7,8.01,7.11,7.14,11500,SRF
2026-05-15 07:00:00,7.15,7.6,6.83,7.59,89800,SRF
2026-05-04 07:00:00,16.7,16.75,16.6,16.75,1989700,SSB
2026-05-05 07:00:00,16.75,16.75,16.55,16.75,1924000,SSB
2026-05-06 07:00:00,16.6,16.8,16.6,16.8,1900300,SSB
2026-05-07 07:00:00,16.8,16.9,16.75,16.8,1894600,SSB
2026-05-08 07:00:00,16.8,16.85,16.65,16.8,1841300,SSB
2026-05-11 07:00:00,16.75,16.8,16.6,16.7,2099200,SSB
2026-05-12 07:00:00,16.7,16.7,16.55,16.55,1957200,SSB
2026-05-13 07:00:00,16.65,16.65,16.5,16.65,1918100,SSB
2026-05-14 07:00:00,16.65,16.7,16.6,16.7,1833000,SSB
2026-05-15 07:00:00,16.7,16.7,16.5,16.5,2008400,SSB
2026-05-15 07:00:00,64.7,64.7,64.7,64.7,800,SSH
2026-05-04 07:00:00,67.6,68.1,66.2,66.2,4121200,STB
2026-05-05 07:00:00,66.2,67.0,65.8,66.6,3623900,STB
2026-05-06 07:00:00,66.6,69.8,66.6,68.9,7606000,STB
2026-05-07 07:00:00,69.0,73.7,68.4,73.7,18877100,STB
2026-05-08 07:00:00,74.0,74.8,72.3,73.5,4750300,STB
2026-05-11 07:00:00,73.0,73.3,71.9,72.2,3266700,STB
2026-05-12 07:00:00,72.3,76.8,71.9,76.8,6934600,STB
2026-05-13 07:00:00,76.0,76.6,73.5,73.5,10029200,STB
2026-05-14 07:00:00,73.0,75.1,72.8,73.6,4387600,STB
2026-05-15 07:00:00,73.9,74.4,72.8,72.9,3743400,STB
2026-05-04 07:00:00,14.4,14.4,14.4,14.4,100,STC
2026-05-06 07:00:00,14.0,14.0,14.0,14.0,100,STC
2026-05-11 07:00:00,14.4,14.4,14.4,14.4,100,STC
2026-05-14 07:00:00,13.2,14.4,13.0,14.4,2300,STC
2026-05-15 07:00:00,13.3,13.3,13.2,13.2,1900,STC
2026-05-04 07:00:00,36.1,36.1,36.1,36.1,1000,STG
2026-05-05 07:00:00,38.55,38.55,38.55,38.55,100,STG
2026-05-06 07:00:00,39.85,39.85,35.9,35.9,1000,STG
2026-05-07 07:00:00,33.4,38.25,33.4,38.25,2300,STG
2026-05-08 07:00:00,38.0,39.4,35.6,35.6,400,STG
2026-05-11 07:00:00,38.05,38.05,38.0,38.0,200,STG
2026-05-12 07:00:00,35.35,35.35,35.35,35.35,500,STG
2026-05-13 07:00:00,33.1,33.2,33.1,33.2,700,STG
2026-05-14 07:00:00,33.1,33.2,33.1,33.2,300,STG
2026-05-15 07:00:00,33.2,33.2,33.2,33.2,300,STG
2026-05-04 07:00:00,17.1,17.35,17.05,17.35,2900,SVC
2026-05-05 07:00:00,17.0,17.45,16.85,17.45,2400,SVC
2026-05-06 07:00:00,16.75,17.0,16.75,17.0,200,SVC
2026-05-07 07:00:00,17.0,17.0,16.95,17.0,4900,SVC
2026-05-08 07:00:00,16.95,17.0,16.95,17.0,1300,SVC
2026-05-11 07:00:00,17.45,17.45,16.7,16.7,1900,SVC
2026-05-12 07:00:00,16.8,16.8,16.8,16.8,900,SVC
2026-05-13 07:00:00,17.3,17.95,17.3,17.95,14000,SVC
2026-05-14 07:00:00,19.0,19.0,18.5,18.85,8100,SVC
2026-05-15 07:00:00,18.8,18.8,17.55,17.7,5400,SVC
2026-05-07 07:00:00,5.2,5.2,5.2,5.2,100,SVG
2026-05-11 07:00:00,5.9,5.9,5.2,5.2,200,SVG
2026-05-04 07:00:00,23.9,25.3,23.9,24.8,9000,SWC
2026-05-05 07:00:00,25.0,25.5,25.0,25.0,9000,SWC
2026-05-06 07:00:00,24.5,25.8,24.5,25.8,200,SWC
2026-05-07 07:00:00,25.0,25.3,25.0,25.2,1000,SWC
2026-05-08 07:00:00,25.9,25.9,25.2,25.2,500,SWC
2026-05-11 07:00:00,25.4,25.4,25.4,25.4,100,SWC
2026-05-12 07:00:00,24.5,24.7,24.5,24.5,13100,SWC
2026-05-13 07:00:00,24.5,24.5,24.5,24.5,500,SWC
2026-05-14 07:00:00,24.6,24.6,24.4,24.4,1200,SWC
2026-05-15 07:00:00,24.5,24.5,24.3,24.3,10800,SWC
2026-05-11 07:00:00,41.9,41.9,41.9,41.9,100,SZG
2026-05-12 07:00:00,35.7,39.9,35.7,39.9,200,SZG
2026-05-13 07:00:00,35.7,38.4,35.7,38.4,300,SZG
2026-05-15 07:00:00,43.0,43.0,43.0,43.0,100,SZG
2026-05-05 07:00:00,43.0,43.5,43.0,43.5,6400,TAN
2026-05-08 07:00:00,44.0,44.0,44.0,44.0,100,TAN
2026-05-11 07:00:00,44.0,44.0,44.0,44.0,3700,TAN
2026-05-08 07:00:00,3.2,3.5,3.2,3.4,108000,TAR
2026-05-15 07:00:00,3.4,3.5,3.0,3.2,288200,TAR
2026-05-04 07:00:00,33.05,33.3,33.05,33.3,300,TBC
2026-05-05 07:00:00,33.75,33.75,33.1,33.1,1100,TBC
2026-05-06 07:00:00,33.7,33.7,33.6,33.6,1500,TBC
2026-05-07 07:00:00,33.05,33.05,33.05,33.05,100,TBC
2026-05-08 07:00:00,33.1,33.45,31.1,33.45,1700,TBC
2026-05-12 07:00:00,33.4,33.6,32.7,32.7,3800,TBC
2026-05-13 07:00:00,32.7,33.0,32.6,33.0,2200,TBC
2026-05-14 07:00:00,32.95,33.2,32.95,33.2,1300,TBC
2026-05-15 07:00:00,32.9,32.9,32.0,32.0,3800,TBC
2026-05-06 07:00:00,6.3,6.3,6.3,6.3,100,TBR
2026-05-08 07:00:00,7.2,7.2,7.2,7.2,100,TBR
2026-05-15 07:00:00,6.3,6.3,6.3,6.3,100,TBR
2026-05-04 07:00:00,10.4,10.6,10.4,10.6,101200,TCI
2026-05-05 07:00:00,10.9,10.9,10.45,10.6,159300,TCI
2026-05-06 07:00:00,10.6,11.05,10.6,11.05,474100,TCI
2026-05-07 07:00:00,11.05,11.15,10.9,11.15,279000,TCI
2026-05-08 07:00:00,11.35,11.35,11.05,11.1,163600,TCI
2026-05-11 07:00:00,11.1,11.2,11.0,11.1,139200,TCI
2026-05-12 07:00:00,11.1,11.45,11.1,11.15,191100,TCI
2026-05-13 07:00:00,11.15,11.35,11.1,11.25,211100,TCI
2026-05-14 07:00:00,11.3,11.55,11.25,11.5,555200,TCI
2026-05-15 07:00:00,11.5,11.55,11.4,11.55,136400,TCI
2026-05-04 07:00:00,31.7,32.1,31.6,32.1,11200,TCW
2026-05-05 07:00:00,32.0,32.8,32.0,32.5,10600,TCW
2026-05-06 07:00:00,32.7,32.7,32.0,32.3,4100,TCW
2026-05-07 07:00:00,32.7,32.7,32.2,32.2,3200,TCW
2026-05-08 07:00:00,32.0,32.0,31.9,31.9,2600,TCW
2026-05-11 07:00:00,32.4,32.4,32.2,32.2,2900,TCW
2026-05-12 07:00:00,32.4,32.4,32.0,32.0,400,TCW
2026-05-13 07:00:00,32.4,32.4,32.0,32.1,1100,TCW
2026-05-14 07:00:00,32.2,32.2,31.6,31.6,3800,TCW
2026-05-15 07:00:00,31.8,31.8,31.7,31.8,1500,TCW
2026-05-04 07:00:00,7.0,7.1,7.0,7.1,34200,TD6
2026-05-05 07:00:00,7.1,7.1,7.0,7.1,28100,TD6
2026-05-06 07:00:00,7.0,7.3,7.0,7.2,95400,TD6
2026-05-07 07:00:00,7.2,7.2,7.1,7.1,21900,TD6
2026-05-08 07:00:00,7.0,7.2,6.9,7.1,44000,TD6
2026-05-11 07:00:00,7.1,7.2,7.0,7.0,28800,TD6
2026-05-12 07:00:00,7.0,7.1,6.8,7.0,59500,TD6
2026-05-13 07:00:00,7.0,7.0,6.9,7.0,93400,TD6
2026-05-14 07:00:00,7.0,7.1,6.9,7.0,37300,TD6
2026-05-15 07:00:00,7.0,7.1,6.9,7.0,53400,TD6
2026-05-04 07:00:00,10.95,11.0,10.9,11.0,19900,TDC
2026-05-05 07:00:00,10.95,11.05,10.85,11.0,91100,TDC
2026-05-06 07:00:00,11.0,11.05,10.9,11.05,117900,TDC
2026-05-07 07:00:00,11.05,11.05,10.9,10.9,481300,TDC
2026-05-08 07:00:00,11.0,11.0,10.8,11.0,64000,TDC
2026-05-11 07:00:00,11.0,11.0,10.9,11.0,82900,TDC
2026-05-12 07:00:00,10.9,11.0,10.8,11.0,36600,TDC
2026-05-13 07:00:00,10.85,11.0,10.85,10.95,50500,TDC
2026-05-14 07:00:00,10.9,10.95,10.85,10.95,67900,TDC
2026-05-15 07:00:00,10.95,10.95,10.8,10.95,153100,TDC
2026-05-05 07:00:00,9.0,9.0,9.0,9.0,2000,TDF
2026-05-11 07:00:00,9.1,9.1,9.1,9.1,200,TDF
2026-05-12 07:00:00,9.1,9.2,8.2,9.0,11500,TDF
2026-05-14 07:00:00,9.1,9.1,7.9,8.0,20600,TDF
2026-05-15 07:00:00,9.0,9.0,9.0,9.0,500,TDF
2026-05-04 07:00:00,8.7,8.7,8.7,8.7,100,TDS
2026-05-05 07:00:00,8.0,8.5,8.0,8.5,1100,TDS
2026-05-06 07:00:00,8.1,8.2,8.1,8.2,500,TDS
2026-05-07 07:00:00,8.2,8.3,8.2,8.2,300,TDS
2026-05-08 07:00:00,8.2,8.2,8.2,8.2,500,TDS
2026-05-11 07:00:00,8.2,8.2,8.2,8.2,100,TDS
2026-05-13 07:00:00,8.2,8.2,8.2,8.2,500,TDS
2026-05-14 07:00:00,8.3,8.3,8.3,8.3,200,TDS
2026-05-15 07:00:00,8.3,8.3,8.3,8.3,100,TDS
2026-05-04 07:00:00,7.8,7.9,7.7,7.9,26300,TDT
2026-05-05 07:00:00,7.7,7.9,7.6,7.9,80600,TDT
2026-05-06 07:00:00,7.8,7.8,7.6,7.8,165000,TDT
2026-05-07 07:00:00,7.8,7.8,7.7,7.8,16100,TDT
2026-05-08 07:00:00,7.7,7.7,7.6,7.6,65100,TDT
2026-05-11 07:00:00,7.5,7.6,7.3,7.6,61000,TDT
2026-05-12 07:00:00,7.5,7.6,7.5,7.6,65500,TDT
2026-05-13 07:00:00,7.4,7.6,7.4,7.6,14200,TDT
2026-05-14 07:00:00,7.4,7.6,7.4,7.6,16100,TDT
2026-05-15 07:00:00,7.6,7.6,7.4,7.6,48700,TDT
2026-05-04 07:00:00,48.0,50.5,48.0,50.5,600,TDW
2026-05-05 07:00:00,48.6,48.6,48.1,48.5,300,TDW
2026-05-06 07:00:00,48.0,48.0,47.9,48.0,1000,TDW
2026-05-08 07:00:00,49.0,49.0,49.0,49.0,600,TDW
2026-05-11 07:00:00,49.0,49.0,49.0,49.0,100,TDW
2026-05-12 07:00:00,49.0,49.0,49.0,49.0,600,TDW
2026-05-13 07:00:00,49.0,49.0,49.0,49.0,200,TDW
2026-05-14 07:00:00,49.0,49.0,49.0,49.0,500,TDW
2026-05-12 07:00:00,32.0,32.0,32.0,32.0,200,TET
2026-05-13 07:00:00,35.0,35.0,35.0,35.0,500,TET
2026-05-14 07:00:00,38.5,38.5,38.5,38.5,300,TET
2026-05-15 07:00:00,42.0,42.3,42.0,42.0,1100,TET
2026-05-04 07:00:00,49.5,49.5,49.5,49.5,10200,TFC
2026-05-05 07:00:00,49.5,49.5,49.5,49.5,900,TFC
2026-05-06 07:00:00,49.5,49.5,49.2,49.2,25800,TFC
2026-05-07 07:00:00,49.2,49.2,49.0,49.2,15600,TFC
2026-05-08 07:00:00,48.0,49.1,48.0,49.1,12000,TFC
2026-05-11 07:00:00,48.0,50.0,47.8,50.0,15100,TFC
2026-05-12 07:00:00,47.8,47.8,47.7,47.7,11300,TFC
2026-05-14 07:00:00,49.0,49.9,49.0,49.9,200,TFC
2026-05-04 07:00:00,7.3,7.3,7.0,7.3,31900,TH1
2026-05-05 07:00:00,7.9,8.3,7.7,8.3,20300,TH1
2026-05-06 07:00:00,8.3,9.2,7.8,7.8,22900,TH1
2026-05-07 07:00:00,8.3,8.3,7.4,7.4,4400,TH1
2026-05-08 07:00:00,6.4,6.4,6.3,6.3,31600,TH1
2026-05-11 07:00:00,5.7,6.7,5.4,6.6,21100,TH1
2026-05-12 07:00:00,5.7,6.5,5.7,6.5,17800,TH1
2026-05-13 07:00:00,6.1,6.1,5.8,6.0,8000,TH1
2026-05-14 07:00:00,6.0,6.1,5.2,6.1,5600,TH1
2026-05-15 07:00:00,6.2,6.3,5.8,5.8,19000,TH1
2026-05-04 07:00:00,44.1,44.35,43.8,43.8,37500,THG
2026-05-05 07:00:00,43.45,44.4,43.45,44.0,40900,THG
2026-05-06 07:00:00,44.6,44.6,44.1,44.25,3700,THG
2026-05-07 07:00:00,44.3,44.7,44.2,44.3,31600,THG
2026-05-08 07:00:00,44.3,44.5,44.05,44.1,15300,THG
2026-05-11 07:00:00,44.4,44.4,43.5,43.65,22100,THG
2026-05-12 07:00:00,43.65,43.65,43.5,43.55,13300,THG
2026-05-13 07:00:00,43.55,43.55,43.0,43.25,11500,THG
2026-05-14 07:00:00,43.25,43.3,43.05,43.05,5500,THG
2026-05-15 07:00:00,43.0,43.3,42.9,43.3,11000,THG
2026-05-08 07:00:00,9.0,9.0,9.0,9.0,100,THP
2026-05-11 07:00:00,9.0,9.0,9.0,9.0,5000,THP
2026-05-13 07:00:00,9.0,9.0,9.0,9.0,2100,THP
2026-05-04 07:00:00,8.8,8.8,8.7,8.8,17900,THT
2026-05-05 07:00:00,8.8,8.9,8.8,8.9,44300,THT
2026-05-06 07:00:00,8.9,9.1,8.9,9.1,5100,THT
2026-05-07 07:00:00,8.9,8.9,8.2,8.7,26300,THT
2026-05-08 07:00:00,8.9,9.0,8.7,8.8,18200,THT
2026-05-11 07:00:00,8.8,8.9,8.6,8.8,63000,THT
2026-05-12 07:00:00,8.8,8.8,8.7,8.7,47400,THT
2026-05-13 07:00:00,8.8,8.9,8.7,8.8,27200,THT
2026-05-14 07:00:00,8.8,9.0,8.6,8.9,11700,THT
2026-05-15 07:00:00,8.8,8.9,8.7,8.8,37400,THT
2026-05-04 07:00:00,17.5,17.5,17.0,17.0,300,THW
2026-05-06 07:00:00,17.0,17.0,17.0,17.0,100,THW
2026-05-11 07:00:00,17.0,17.0,17.0,17.0,100,THW
2026-05-04 07:00:00,16.2,16.2,14.6,14.6,21600,TJC
2026-05-05 07:00:00,13.3,13.3,13.2,13.2,25900,TJC
2026-05-06 07:00:00,12.0,14.4,12.0,13.7,28500,TJC
2026-05-07 07:00:00,14.4,14.4,12.9,13.3,4600,TJC
2026-05-08 07:00:00,13.2,13.2,12.3,12.3,17100,TJC
2026-05-11 07:00:00,12.6,12.6,12.1,12.4,13300,TJC
2026-05-12 07:00:00,12.4,12.5,11.8,11.8,5800,TJC
2026-05-13 07:00:00,11.8,12.3,11.8,11.8,5600,TJC
2026-05-14 07:00:00,11.4,11.8,11.4,11.7,1700,TJC
2026-05-15 07:00:00,11.8,12.5,11.6,11.6,9900,TJC
2026-05-06 07:00:00,6.7,6.7,6.3,6.3,3900,TLP
2026-05-07 07:00:00,6.8,6.8,6.8,6.8,100,TLP
2026-05-08 07:00:00,6.8,6.8,6.8,6.8,5000,TLP
2026-05-11 07:00:00,6.7,6.8,6.7,6.8,400,TLP
2026-05-12 07:00:00,6.8,6.8,6.8,6.8,100,TLP
2026-05-13 07:00:00,6.6,6.6,6.5,6.5,3000,TLP
2026-05-14 07:00:00,6.8,7.1,6.5,6.5,1800,TLP
2026-05-15 07:00:00,6.9,7.0,6.9,7.0,900,TLP
2026-05-04 07:00:00,56.9,56.9,56.5,56.7,1700,TMB
2026-05-05 07:00:00,56.0,56.0,56.0,56.0,200,TMB
2026-05-06 07:00:00,56.0,56.0,55.2,55.2,6600,TMB
2026-05-07 07:00:00,55.2,55.2,55.0,55.0,2300,TMB
2026-05-08 07:00:00,55.0,56.0,54.0,54.2,4000,TMB
2026-05-11 07:00:00,54.2,54.2,54.2,54.2,200,TMB
2026-05-12 07:00:00,55.0,55.0,55.0,55.0,300,TMB
2026-05-13 07:00:00,55.9,55.9,55.5,55.5,1200,TMB
2026-05-14 07:00:00,56.0,56.0,56.0,56.0,100,TMB
2026-05-15 07:00:00,55.5,55.5,55.5,55.5,100,TMB
2026-05-04 07:00:00,13.1,13.1,12.5,12.5,26900,TMT
2026-05-05 07:00:00,12.5,12.5,12.0,12.15,37900,TMT
2026-05-06 07:00:00,12.15,12.6,12.15,12.3,29000,TMT
2026-05-07 07:00:00,12.2,12.6,12.05,12.3,11400,TMT
2026-05-08 07:00:00,12.15,12.3,12.0,12.0,36300,TMT
2026-05-11 07:00:00,12.0,12.0,11.6,11.65,118900,TMT
2026-05-12 07:00:00,11.5,12.4,11.5,11.95,18100,TMT
2026-05-13 07:00:00,12.2,12.2,11.8,12.05,7400,TMT
2026-05-14 07:00:00,12.05,12.4,11.8,12.3,10600,TMT
2026-05-15 07:00:00,12.1,12.1,11.8,11.9,15500,TMT
2026-05-15 07:00:00,10.0,10.2,10.0,10.2,300,TNB
2026-05-06 07:00:00,31.0,31.0,31.0,31.0,100,TNC
2026-05-11 07:00:00,32.95,32.95,29.0,32.0,300,TNC
2026-05-14 07:00:00,29.8,29.8,29.8,29.8,500,TNC
2026-05-15 07:00:00,31.0,31.0,31.0,31.0,100,TNC
2026-05-15 07:00:00,22.1,22.1,22.1,22.1,100,TNP
2026-05-08 07:00:00,3.5,3.5,3.5,3.5,5000,TNS
2026-05-15 07:00:00,3.6,3.6,3.0,3.1,18500,TNS
2026-05-04 07:00:00,10.25,10.4,9.97,10.35,27200,TNT
2026-05-05 07:00:00,10.2,10.25,9.7,10.25,11500,TNT
2026-05-06 07:00:00,10.25,10.35,9.92,10.3,347600,TNT
2026-05-07 07:00:00,10.55,10.55,10.2,10.35,46300,TNT
2026-05-08 07:00:00,10.5,10.5,10.0,10.45,8200,TNT
2026-05-11 07:00:00,10.45,10.45,9.9,10.05,17700,TNT
2026-05-12 07:00:00,10.35,10.35,10.25,10.35,6900,TNT
2026-05-13 07:00:00,10.3,10.4,9.85,10.4,16100,TNT
2026-05-14 07:00:00,10.55,10.55,10.05,10.4,9200,TNT
2026-05-15 07:00:00,10.05,10.4,10.0,10.4,14000,TNT
2026-05-04 07:00:00,16.9,16.9,16.0,16.0,4100,TNV
2026-05-05 07:00:00,16.4,16.4,15.9,16.1,3000,TNV
2026-05-06 07:00:00,16.0,17.0,16.0,17.0,1600,TNV
2026-05-07 07:00:00,16.9,18.0,16.2,16.2,1400,TNV
2026-05-08 07:00:00,16.0,16.0,16.0,16.0,2500,TNV
2026-05-11 07:00:00,16.0,16.0,15.5,15.5,1900,TNV
2026-05-12 07:00:00,17.5,17.5,16.8,17.1,2100,TNV
2026-05-13 07:00:00,16.5,16.5,16.5,16.5,500,TNV
2026-05-14 07:00:00,16.0,16.0,16.0,16.0,1000,TNV
2026-05-15 07:00:00,16.8,16.8,15.7,15.7,1400,TNV
2026-05-04 07:00:00,12.7,12.7,12.7,12.7,1500,TNW
2026-05-06 07:00:00,12.7,12.7,12.7,12.7,2600,TNW
2026-05-11 07:00:00,12.7,12.7,12.7,12.7,3400,TNW
2026-05-12 07:00:00,12.8,12.8,12.8,12.8,2000,TNW
2026-05-13 07:00:00,12.7,12.8,12.7,12.7,2400,TNW
2026-05-14 07:00:00,12.8,12.8,12.8,12.8,3900,TNW
2026-05-15 07:00:00,12.8,12.8,12.8,12.8,600,TNW
2026-05-04 07:00:00,16.25,16.45,16.25,16.3,6862500,TPB
2026-05-05 07:00:00,16.25,16.3,15.95,16.25,11225300,TPB
2026-05-06 07:00:00,16.2,16.3,16.0,16.25,7676800,TPB
2026-05-07 07:00:00,16.25,16.35,16.05,16.05,10346200,TPB
2026-05-08 07:00:00,16.05,16.2,15.95,16.0,12442900,TPB
2026-05-11 07:00:00,16.1,16.1,15.75,15.75,12446900,TPB
2026-05-12 07:00:00,15.8,15.85,15.5,15.8,11282100,TPB
2026-05-13 07:00:00,15.8,15.85,15.55,15.6,7045100,TPB
2026-05-14 07:00:00,15.7,16.0,15.6,15.85,11037200,TPB
2026-05-15 07:00:00,15.9,15.95,15.7,15.7,2817200,TPB
2026-05-12 07:00:00,10.1,10.1,10.1,10.1,600,TPP
2026-05-04 07:00:00,74.0,75.8,73.8,75.8,49100,TRC
2026-05-05 07:00:00,75.5,76.0,73.2,74.5,32600,TRC
2026-05-06 07:00:00,74.1,75.0,74.0,74.5,21700,TRC
2026-05-07 07:00:00,75.0,75.0,74.0,74.5,34300,TRC
2026-05-08 07:00:00,73.9,74.9,73.9,74.3,14200,TRC
2026-05-11 07:00:00,74.1,74.3,73.4,73.4,12600,TRC
2026-05-12 07:00:00,73.4,74.4,73.4,74.1,10400,TRC
2026-05-13 07:00:00,75.4,76.0,75.0,75.0,24800,TRC
2026-05-14 07:00:00,75.2,76.0,75.2,75.5,32900,TRC
2026-05-15 07:00:00,75.7,77.5,75.6,77.1,76300,TRC
2026-05-04 07:00:00,31.0,31.0,31.0,31.0,300,TRS
2026-05-05 07:00:00,32.0,32.0,28.1,28.1,400,TRS
2026-05-06 07:00:00,35.5,35.5,35.5,35.5,100,TRS
2026-05-11 07:00:00,40.7,40.7,40.7,40.7,100,TRS
2026-05-12 07:00:00,42.9,42.9,42.9,42.9,100,TRS
2026-05-13 07:00:00,36.5,36.5,36.5,36.5,1900,TRS
2026-05-14 07:00:00,31.1,37.0,31.1,37.0,600,TRS
2026-05-04 07:00:00,13.1,13.6,13.0,13.2,5100,TRV
2026-05-05 07:00:00,13.2,13.4,13.2,13.2,3900,TRV
2026-05-06 07:00:00,13.4,13.4,12.9,13.0,8400,TRV
2026-05-07 07:00:00,13.0,13.3,13.0,13.2,4400,TRV
2026-05-08 07:00:00,13.0,13.0,13.0,13.0,4500,TRV
2026-05-11 07:00:00,13.0,13.0,12.9,13.0,6000,TRV
2026-05-12 07:00:00,13.0,13.0,12.9,12.9,4800,TRV
2026-05-13 07:00:00,12.9,12.9,12.8,12.9,3100,TRV
2026-05-14 07:00:00,13.0,13.0,12.9,12.9,26500,TRV
2026-05-15 07:00:00,12.9,12.9,12.6,12.8,5400,TRV
2026-05-04 07:00:00,5.8,5.8,5.8,5.8,4700,TS3
2026-05-05 07:00:00,5.8,5.8,5.8,5.8,5900,TS3
2026-05-06 07:00:00,5.4,5.8,5.4,5.8,7000,TS3
2026-05-07 07:00:00,6.0,6.3,6.0,6.2,10200,TS3
2026-05-08 07:00:00,5.3,6.1,5.3,6.1,30200,TS3
2026-05-11 07:00:00,6.1,6.1,5.8,5.8,1600,TS3
2026-05-13 07:00:00,5.7,5.7,5.7,5.7,400,TS3
2026-05-14 07:00:00,5.8,5.8,5.8,5.8,4700,TS3
2026-05-15 07:00:00,5.7,5.7,5.7,5.7,700,TS3
2026-05-15 07:00:00,9.0,9.1,9.0,9.1,11200,TST
2026-05-04 07:00:00,5.3,5.6,5.2,5.5,26600,TT6
2026-05-05 07:00:00,5.4,5.9,5.4,5.6,7000,TT6
2026-05-06 07:00:00,5.5,6.2,5.5,5.9,50000,TT6
2026-05-07 07:00:00,5.9,6.0,5.9,5.9,5700,TT6
2026-05-08 07:00:00,5.9,6.0,5.9,6.0,15500,TT6
2026-05-11 07:00:00,5.9,6.0,5.9,6.0,44300,TT6
2026-05-12 07:00:00,6.0,6.0,6.0,6.0,1400,TT6
2026-05-13 07:00:00,6.1,6.9,6.0,6.9,69400,TT6
2026-05-14 07:00:00,6.9,6.9,6.8,6.8,49400,TT6
2026-05-15 07:00:00,6.8,6.9,6.4,6.7,24400,TT6
2026-05-04 07:00:00,9.45,9.45,9.45,9.45,100,TTC
2026-05-05 07:00:00,9.0,9.0,9.0,9.0,8300,TTC
2026-05-06 07:00:00,9.09,9.09,9.0,9.0,2000,TTC
2026-05-07 07:00:00,9.0,9.0,8.9,9.0,2600,TTC
2026-05-08 07:00:00,9.0,9.0,9.0,9.0,200,TTC
2026-05-12 07:00:00,9.0,9.0,9.0,9.0,100,TTC
2026-05-14 07:00:00,8.1,9.3,8.1,9.3,1700,TTC
2026-05-15 07:00:00,9.0,9.0,8.5,9.0,2100,TTC
2026-05-04 07:00:00,2.65,2.68,2.64,2.65,286800,TTF
2026-05-05 07:00:00,2.65,2.65,2.6,2.61,406300,TTF
2026-05-06 07:00:00,2.61,2.63,2.59,2.59,475800,TTF
2026-05-07 07:00:00,2.59,2.62,2.57,2.6,530100,TTF
2026-05-08 07:00:00,2.6,2.6,2.57,2.58,430900,TTF
2026-05-11 07:00:00,2.62,2.62,2.54,2.54,655300,TTF
2026-05-12 07:00:00,2.54,2.57,2.49,2.49,1063900,TTF
2026-05-13 07:00:00,2.56,2.56,2.35,2.45,1750000,TTF
2026-05-14 07:00:00,2.46,2.49,2.43,2.43,311500,TTF
2026-05-15 07:00:00,2.46,2.49,2.43,2.46,445300,TTF
2026-05-04 07:00:00,15.4,15.4,15.1,15.1,28900,TTN
2026-05-05 07:00:00,15.2,15.2,14.8,15.2,16000,TTN
2026-05-06 07:00:00,14.9,15.4,14.9,15.1,26500,TTN
2026-05-07 07:00:00,15.0,15.3,14.9,15.0,56500,TTN
2026-05-08 07:00:00,15.0,15.1,14.7,14.9,19800,TTN
2026-05-11 07:00:00,15.0,15.0,14.8,14.8,14100,TTN
2026-05-12 07:00:00,15.2,15.2,14.8,14.8,22800,TTN
2026-05-13 07:00:00,14.9,15.2,14.8,15.2,10400,TTN
2026-05-14 07:00:00,15.0,15.2,15.0,15.1,5600,TTN
2026-05-15 07:00:00,15.1,15.1,14.8,15.0,10000,TTN
2026-05-04 07:00:00,27.3,27.9,26.9,27.1,62200,TV1
2026-05-05 07:00:00,27.0,27.2,25.6,26.2,99600,TV1
2026-05-06 07:00:00,26.2,26.6,25.9,26.3,30700,TV1
2026-05-07 07:00:00,26.3,26.3,25.4,25.4,81500,TV1
2026-05-08 07:00:00,25.1,25.3,23.5,24.3,168400,TV1
2026-05-11 07:00:00,24.3,24.3,22.6,23.1,172300,TV1
2026-05-12 07:00:00,23.5,23.5,22.7,22.7,40100,TV1
2026-05-13 07:00:00,22.7,24.2,22.7,23.8,122400,TV1
2026-05-14 07:00:00,23.7,23.7,23.3,23.6,48200,TV1
2026-05-15 07:00:00,23.9,23.9,23.1,23.5,70900,TV1
2026-05-11 07:00:00,85.0,85.0,80.0,80.0,200,TVH
2026-05-12 07:00:00,82.5,82.5,82.5,82.5,100,TVH
2026-05-13 07:00:00,82.5,82.5,82.5,82.5,100,TVH
2026-05-14 07:00:00,85.0,85.0,85.0,85.0,100,TVH
2026-05-15 07:00:00,85.0,87.0,85.0,87.0,200,TVH
2026-05-04 07:00:00,8.5,8.6,8.4,8.6,389400,TVN
2026-05-05 07:00:00,8.5,8.8,8.4,8.8,861900,TVN
2026-05-06 07:00:00,8.8,8.9,8.7,8.9,543000,TVN
2026-05-07 07:00:00,8.9,9.1,8.7,8.9,1142700,TVN
2026-05-08 07:00:00,9.0,9.2,8.9,9.2,831300,TVN
2026-05-11 07:00:00,9.1,9.7,9.1,9.3,1221000,TVN
2026-05-12 07:00:00,9.2,9.4,9.0,9.2,470000,TVN
2026-05-13 07:00:00,9.4,9.4,9.0,9.1,402200,TVN
2026-05-14 07:00:00,9.2,9.2,9.1,9.1,271900,TVN
2026-05-15 07:00:00,9.1,9.5,8.9,9.4,1032200,TVN
2026-05-04 07:00:00,4.3,4.4,4.3,4.4,1100,TXM
2026-05-05 07:00:00,4.4,4.4,4.2,4.4,18400,TXM
2026-05-06 07:00:00,4.4,4.4,4.4,4.4,1000,TXM
2026-05-07 07:00:00,4.2,4.4,4.2,4.4,4600,TXM
2026-05-08 07:00:00,4.4,4.5,4.3,4.5,14900,TXM
2026-05-11 07:00:00,4.4,4.5,4.4,4.4,1800,TXM
2026-05-12 07:00:00,4.4,4.5,4.4,4.5,1000,TXM
2026-05-14 07:00:00,4.4,4.7,4.4,4.6,4000,TXM
2026-05-15 07:00:00,4.3,4.7,4.3,4.3,1600,TXM
2026-05-04 07:00:00,3.3,3.4,3.1,3.1,43100,UDC
2026-05-05 07:00:00,3.2,3.2,3.0,3.0,17200,UDC
2026-05-06 07:00:00,3.2,3.2,3.1,3.2,3400,UDC
2026-05-07 07:00:00,3.2,3.2,3.2,3.2,900,UDC
2026-05-08 07:00:00,3.2,3.2,3.0,3.0,40200,UDC
2026-05-11 07:00:00,3.0,3.1,3.0,3.1,2000,UDC
2026-05-12 07:00:00,3.1,3.1,3.1,3.1,700,UDC
2026-05-13 07:00:00,3.1,3.1,3.0,3.1,7200,UDC
2026-05-14 07:00:00,3.0,3.1,3.0,3.1,18400,UDC
2026-05-15 07:00:00,3.2,3.2,3.1,3.2,1700,UDC
2026-05-04 07:00:00,65.0,65.0,65.0,65.0,100,UIC
2026-05-05 07:00:00,64.0,65.0,64.0,65.0,200,UIC
2026-05-06 07:00:00,65.0,65.0,65.0,65.0,700,UIC
2026-05-07 07:00:00,65.0,65.0,65.0,65.0,4900,UIC
2026-05-11 07:00:00,66.3,66.3,66.3,66.3,200,UIC
2026-05-13 07:00:00,66.3,66.3,66.3,66.3,200,UIC
2026-05-08 07:00:00,7.2,7.5,7.2,7.5,400,UNI
2026-05-12 07:00:00,8.0,8.0,8.0,8.0,100,UNI
2026-05-04 07:00:00,4.7,4.7,4.7,4.7,100,UPH
2026-05-06 07:00:00,5.4,5.4,5.4,5.4,200,UPH
2026-05-07 07:00:00,4.7,6.2,4.7,6.2,200,UPH
2026-05-11 07:00:00,4.8,6.3,4.8,6.3,300,UPH
2026-05-12 07:00:00,5.3,6.6,5.3,6.6,500,UPH
2026-05-13 07:00:00,5.7,7.2,5.7,7.2,700,UPH
2026-05-14 07:00:00,6.3,8.0,6.3,8.0,2000,UPH
2026-05-15 07:00:00,6.8,6.8,6.8,6.8,100,UPH
2026-05-04 07:00:00,13.4,14.2,13.4,13.7,316000,VBB
2026-05-05 07:00:00,13.9,14.0,13.6,13.7,130400,VBB
2026-05-06 07:00:00,13.8,13.9,13.5,13.7,156200,VBB
2026-05-07 07:00:00,13.7,13.7,13.2,13.6,61800,VBB
2026-05-08 07:00:00,13.6,13.6,13.2,13.4,119800,VBB
2026-05-11 07:00:00,13.4,13.4,13.1,13.4,22100,VBB
2026-05-12 07:00:00,13.4,13.4,12.7,13.1,47700,VBB
2026-05-13 07:00:00,13.0,13.0,12.5,13.0,176900,VBB
2026-05-14 07:00:00,12.9,12.9,12.7,12.9,18500,VBB
2026-05-15 07:00:00,12.8,12.8,12.5,12.8,31200,VBB
2026-05-04 07:00:00,14.0,14.0,14.0,14.0,58100,VBT
2026-05-05 07:00:00,16.1,16.1,14.5,16.1,11300,VBT
2026-05-06 07:00:00,18.4,18.4,13.6,13.6,8800,VBT
2026-05-07 07:00:00,12.1,12.1,12.1,12.1,4000,VBT
2026-05-08 07:00:00,10.3,10.3,10.3,10.3,4600,VBT
2026-05-11 07:00:00,8.8,8.8,8.8,8.8,3800,VBT
2026-05-12 07:00:00,7.5,8.8,7.5,8.5,18800,VBT
2026-05-13 07:00:00,8.7,8.7,8.7,8.7,24000,VBT
2026-05-14 07:00:00,8.7,9.9,7.4,7.7,15000,VBT
2026-05-15 07:00:00,6.5,7.4,6.5,6.5,3400,VBT
2026-05-04 07:00:00,23.0,23.0,23.0,23.0,100,VC6
2026-05-05 07:00:00,22.5,22.5,22.5,22.5,100,VC6
2026-05-06 07:00:00,22.0,22.3,22.0,22.0,3500,VC6
2026-05-07 07:00:00,24.1,24.1,24.1,24.1,100,VC6
2026-05-08 07:00:00,22.3,22.9,22.0,22.9,7000,VC6
2026-05-11 07:00:00,25.1,25.1,20.8,22.4,2300,VC6
2026-05-12 07:00:00,21.0,22.4,21.0,22.4,3700,VC6
2026-05-13 07:00:00,20.6,20.6,20.6,20.6,100,VC6
2026-05-14 07:00:00,19.4,19.4,19.4,19.4,100,VC6
2026-05-04 07:00:00,6.8,6.8,6.8,6.8,300,VCA
2026-05-06 07:00:00,6.6,6.68,6.6,6.68,2800,VCA
2026-05-07 07:00:00,7.0,7.0,7.0,7.0,1500,VCA
2026-05-13 07:00:00,6.55,7.0,6.55,7.0,400,VCA
2026-05-14 07:00:00,7.0,7.03,6.68,7.03,1200,VCA
2026-05-04 07:00:00,10.3,10.3,10.3,10.3,700,VCC
2026-05-05 07:00:00,10.2,10.2,10.2,10.2,3600,VCC
2026-05-06 07:00:00,10.2,10.2,10.2,10.2,400,VCC
2026-05-07 07:00:00,10.2,10.3,10.2,10.2,5300,VCC
2026-05-08 07:00:00,10.2,10.2,10.2,10.2,9700,VCC
2026-05-11 07:00:00,10.1,10.2,9.8,10.2,23400,VCC
2026-05-13 07:00:00,10.0,10.0,9.9,9.9,2300,VCC
2026-05-14 07:00:00,9.9,10.2,9.9,10.2,4900,VCC
2026-05-04 07:00:00,22.35,23.25,22.25,22.8,13003100,VCG
2026-05-05 07:00:00,22.9,23.45,22.55,22.85,11590200,VCG
2026-05-06 07:00:00,22.9,23.25,22.7,23.2,9470100,VCG
2026-05-07 07:00:00,23.5,23.7,22.35,22.35,21942200,VCG
2026-05-08 07:00:00,22.3,22.5,21.75,22.05,14313200,VCG
2026-05-11 07:00:00,22.15,22.2,21.75,21.8,10144600,VCG
2026-05-12 07:00:00,21.9,22.05,21.85,22.0,3404200,VCG
2026-05-13 07:00:00,22.15,22.15,21.6,21.75,5848700,VCG
2026-05-14 07:00:00,21.75,21.9,21.75,21.75,3702900,VCG
2026-05-15 07:00:00,21.8,21.95,21.55,21.6,5397200,VCG
2026-05-04 07:00:00,26.3,26.7,26.15,26.15,6414400,VCI
2026-05-05 07:00:00,26.1,26.2,25.6,25.6,8345900,VCI
2026-05-06 07:00:00,25.8,26.7,25.6,26.5,13158800,VCI
2026-05-07 07:00:00,26.55,26.75,25.9,25.9,10042500,VCI
2026-05-08 07:00:00,25.9,26.3,25.8,25.95,6295800,VCI
2026-05-11 07:00:00,26.0,26.45,25.7,25.7,10693500,VCI
2026-05-12 07:00:00,25.7,25.9,25.4,25.5,6732300,VCI
2026-05-13 07:00:00,25.65,26.1,25.35,25.7,8199800,VCI
2026-05-14 07:00:00,25.95,26.1,25.65,25.95,3877800,VCI
2026-05-15 07:00:00,26.05,26.2,25.6,25.6,6144600,VCI
2026-05-04 07:00:00,34.55,34.8,34.15,34.15,1939500,VCK
2026-05-05 07:00:00,34.0,34.4,33.75,34.0,2326700,VCK
2026-05-06 07:00:00,34.2,35.0,33.85,34.8,4024100,VCK
2026-05-07 07:00:00,34.85,35.3,34.6,34.7,2511100,VCK
2026-05-08 07:00:00,34.3,34.8,34.3,34.7,2320800,VCK
2026-05-11 07:00:00,34.7,35.2,34.3,34.3,2776700,VCK
2026-05-12 07:00:00,34.3,34.5,34.0,34.15,2133500,VCK
2026-05-13 07:00:00,34.1,34.4,33.8,34.0,2293100,VCK
2026-05-14 07:00:00,33.8,34.4,33.2,33.2,3760900,VCK
2026-05-15 07:00:00,32.9,33.45,32.2,33.45,7015100,VCK
2026-05-11 07:00:00,7.2,8.1,7.2,8.1,5200,VCM
2026-05-14 07:00:00,8.1,8.1,8.1,8.1,200,VCM
2026-05-04 07:00:00,23.4,24.1,23.4,24.0,8500,VCP
2026-05-05 07:00:00,24.1,24.4,23.6,23.7,2600,VCP
2026-05-06 07:00:00,24.2,24.2,23.6,23.9,2700,VCP
2026-05-07 07:00:00,24.0,24.1,23.9,24.1,36900,VCP
2026-05-08 07:00:00,24.1,24.4,24.0,24.0,29600,VCP
2026-05-11 07:00:00,24.1,24.3,23.8,23.9,15600,VCP
2026-05-12 07:00:00,23.8,24.0,23.7,24.0,13600,VCP
2026-05-13 07:00:00,24.0,24.1,24.0,24.0,3900,VCP
2026-05-14 07:00:00,23.9,23.9,23.5,23.9,30800,VCP
2026-05-15 07:00:00,23.6,24.6,23.6,23.9,10200,VCP
2026-05-04 07:00:00,14.45,14.6,14.15,14.4,419500,VDS
2026-05-05 07:00:00,14.15,14.35,13.85,14.35,1201100,VDS
2026-05-06 07:00:00,14.25,14.6,13.9,14.5,2250600,VDS
2026-05-07 07:00:00,14.7,14.7,14.1,14.1,615600,VDS
2026-05-08 07:00:00,14.3,14.3,13.85,13.9,1023600,VDS
2026-05-11 07:00:00,14.0,14.05,13.7,13.7,1301800,VDS
2026-05-12 07:00:00,13.75,13.85,13.45,13.65,578600,VDS
2026-05-13 07:00:00,13.7,13.75,13.55,13.65,474000,VDS
2026-05-14 07:00:00,13.65,13.8,13.65,13.7,312200,VDS
2026-05-15 07:00:00,13.7,13.8,13.6,13.6,277800,VDS
2026-05-08 07:00:00,1.6,1.6,1.5,1.5,1900,VE8
2026-05-04 07:00:00,4.0,4.0,4.0,4.0,700,VE9
2026-05-07 07:00:00,3.5,3.5,3.5,3.5,300,VE9
2026-05-08 07:00:00,3.8,4.0,3.5,3.5,3100,VE9
2026-05-11 07:00:00,3.5,3.5,3.5,3.5,300,VE9
2026-05-12 07:00:00,3.5,3.5,3.5,3.5,3000,VE9
2026-05-13 07:00:00,3.9,3.9,3.1,3.1,3500,VE9
2026-05-14 07:00:00,3.2,3.7,3.2,3.5,700,VE9
2026-05-15 07:00:00,3.0,3.1,3.0,3.1,5000,VE9
2026-05-04 07:00:00,98.0,98.0,96.0,96.2,8700,VEF
2026-05-05 07:00:00,97.1,97.1,96.1,96.3,9900,VEF
2026-05-06 07:00:00,96.0,96.2,95.0,95.5,20200,VEF
2026-05-07 07:00:00,94.5,97.5,94.5,96.2,10900,VEF
2026-05-08 07:00:00,96.3,96.5,94.9,95.1,6300,VEF
2026-05-11 07:00:00,95.1,95.3,93.5,93.5,9400,VEF
2026-05-12 07:00:00,94.2,94.4,93.5,93.5,9200,VEF
2026-05-13 07:00:00,93.4,93.8,93.0,93.1,9400,VEF
2026-05-14 07:00:00,93.1,94.3,93.1,94.1,3800,VEF
2026-05-15 07:00:00,94.0,95.5,94.0,94.9,4700,VEF
2026-05-08 07:00:00,29.0,29.0,29.0,29.0,100,VES
2026-05-11 07:00:00,24.7,24.7,24.7,24.7,100,VES
2026-05-04 07:00:00,15.6,15.6,15.6,15.6,100,VET
2026-05-05 07:00:00,15.3,15.3,15.3,15.3,100,VET
2026-05-06 07:00:00,15.5,15.5,15.0,15.0,1700,VET
2026-05-07 07:00:00,15.0,15.0,15.0,15.0,200,VET
2026-05-08 07:00:00,15.0,15.0,15.0,15.0,1100,VET
2026-05-11 07:00:00,15.0,15.0,15.0,15.0,100,VET
2026-05-15 07:00:00,14.3,14.8,13.6,14.7,7700,VET
2026-05-06 07:00:00,90.5,90.5,90.5,90.5,400,VFC
2026-05-07 07:00:00,104.0,104.0,104.0,104.0,100,VFC
2026-05-04 07:00:00,50.5,51.0,50.0,50.2,8900,VFG
2026-05-05 07:00:00,50.2,50.2,50.2,50.2,2700,VFG
2026-05-06 07:00:00,50.2,50.4,50.0,50.2,15700,VFG
2026-05-07 07:00:00,50.0,50.4,50.0,50.2,6300,VFG
2026-05-08 07:00:00,50.1,50.2,50.0,50.0,19200,VFG
2026-05-11 07:00:00,50.0,50.2,50.0,50.2,2600,VFG
2026-05-12 07:00:00,50.0,50.0,48.7,48.7,9000,VFG
2026-05-13 07:00:00,49.5,49.9,49.5,49.9,900,VFG
2026-05-14 07:00:00,50.0,50.2,50.0,50.2,12500,VFG
2026-05-15 07:00:00,50.9,50.9,49.1,49.1,4200,VFG
2026-05-04 07:00:00,52.0,52.0,42.5,42.5,900,VGV
2026-05-05 07:00:00,51.6,51.6,51.6,51.6,100,VGV
2026-05-07 07:00:00,43.9,59.3,43.9,54.0,6000,VGV
2026-05-08 07:00:00,58.1,58.1,58.1,58.1,100,VGV
2026-05-12 07:00:00,49.4,49.4,49.4,49.4,100,VGV
2026-05-04 07:00:00,61.2,62.8,61.2,61.7,1678300,VHC
2026-05-05 07:00:00,62.3,62.4,60.7,62.4,1536000,VHC
2026-05-06 07:00:00,62.4,62.7,61.1,61.4,2243200,VHC
2026-05-07 07:00:00,61.7,62.5,60.5,60.5,1436000,VHC
2026-05-08 07:00:00,60.9,62.4,60.0,60.5,1348400,VHC
2026-05-11 07:00:00,61.2,62.3,60.5,61.0,1238900,VHC
2026-05-12 07:00:00,61.0,61.5,60.5,61.3,760800,VHC
2026-05-13 07:00:00,61.2,61.9,60.6,61.2,685700,VHC
2026-05-14 07:00:00,61.1,61.8,60.9,61.2,865600,VHC
2026-05-15 07:00:00,61.2,61.3,60.0,60.0,1026300,VHC
2026-05-04 07:00:00,10.5,10.5,10.5,10.5,100,VHL
2026-05-04 07:00:00,148.5,149.0,141.7,142.0,5533800,VHM
2026-05-05 07:00:00,142.0,151.9,141.8,151.2,6715300,VHM
2026-05-06 07:00:00,153.0,155.0,147.2,151.0,5595200,VHM
2026-05-07 07:00:00,152.6,161.5,151.1,161.5,8652100,VHM
2026-05-08 07:00:00,162.0,164.0,156.6,164.0,7042400,VHM
2026-05-11 07:00:00,166.0,173.3,161.0,161.0,8375800,VHM
2026-05-12 07:00:00,159.0,163.0,156.6,160.2,6467100,VHM
2026-05-13 07:00:00,162.1,162.5,149.0,152.5,11413400,VHM
2026-05-14 07:00:00,152.9,157.0,148.7,157.0,5542500,VHM
2026-05-15 07:00:00,157.0,158.8,153.7,158.0,4836400,VHM
2026-05-05 07:00:00,6.5,6.5,6.5,6.5,200,VIE
2026-05-13 07:00:00,6.5,6.5,6.5,6.5,800,VIE
2026-05-15 07:00:00,6.5,6.5,6.5,6.5,2000,VIE
2026-05-04 07:00:00,15.7,15.8,15.7,15.8,12200,VIF
2026-05-05 07:00:00,15.7,15.8,15.7,15.7,12500,VIF
2026-05-06 07:00:00,15.7,15.9,15.7,15.9,1700,VIF
2026-05-07 07:00:00,15.8,15.8,15.7,15.8,9800,VIF
2026-05-08 07:00:00,15.7,15.7,15.7,15.7,8800,VIF
2026-05-11 07:00:00,15.7,15.7,15.7,15.7,1500,VIF
2026-05-12 07:00:00,15.7,15.9,15.7,15.9,11800,VIF
2026-05-13 07:00:00,15.9,15.9,15.9,15.9,1800,VIF
2026-05-14 07:00:00,15.6,15.6,15.5,15.6,10800,VIF
2026-05-15 07:00:00,15.7,15.7,15.4,15.4,600,VIF
2026-05-04 07:00:00,4.6,4.6,4.4,4.6,55100,VIG
2026-05-05 07:00:00,4.5,4.6,4.5,4.5,39100,VIG
2026-05-06 07:00:00,4.5,4.6,4.4,4.5,63200,VIG
2026-05-07 07:00:00,4.6,4.6,4.5,4.5,44300,VIG
2026-05-08 07:00:00,4.5,4.6,4.5,4.5,37500,VIG
2026-05-11 07:00:00,4.5,4.6,4.4,4.6,37300,VIG
2026-05-12 07:00:00,4.6,4.6,4.5,4.6,17000,VIG
2026-05-13 07:00:00,4.6,4.6,4.5,4.6,39600,VIG
2026-05-14 07:00:00,4.6,4.6,4.4,4.6,39400,VIG
2026-05-15 07:00:00,4.5,4.6,4.4,4.5,48100,VIG
2026-05-07 07:00:00,15.3,15.3,15.3,15.3,100,VIN
2026-05-15 07:00:00,15.4,15.4,15.4,15.4,100,VIN
2026-05-04 07:00:00,178.5,180.0,176.2,179.9,1174600,VJC
2026-05-05 07:00:00,179.0,182.0,177.2,181.0,1482700,VJC
2026-05-06 07:00:00,181.1,190.0,179.0,181.5,2074100,VJC
2026-05-07 07:00:00,181.5,184.5,180.2,182.0,1264500,VJC
2026-05-08 07:00:00,181.9,182.0,176.2,176.2,1363900,VJC
2026-05-11 07:00:00,176.2,176.2,170.5,170.5,1526200,VJC
2026-05-12 07:00:00,170.0,175.0,169.4,175.0,1271400,VJC
2026-05-13 07:00:00,175.0,181.5,172.8,173.1,1105600,VJC
2026-05-14 07:00:00,173.5,175.5,171.4,173.1,1197100,VJC
2026-05-15 07:00:00,173.3,173.4,171.3,171.3,1138200,VJC
2026-05-08 07:00:00,1.0,1.0,0.9,1.0,67500,VKC
2026-05-15 07:00:00,1.0,1.1,1.0,1.0,41400,VKC
2026-05-04 07:00:00,46.0,46.0,45.9,46.0,1800,VLB
2026-05-05 07:00:00,45.8,46.1,45.6,45.6,13900,VLB
2026-05-06 07:00:00,45.9,46.2,45.9,46.2,5600,VLB
2026-05-07 07:00:00,46.0,46.0,45.8,45.9,31400,VLB
2026-05-08 07:00:00,46.1,46.1,45.8,46.1,26800,VLB
2026-05-11 07:00:00,46.0,46.0,45.8,46.0,14200,VLB
2026-05-12 07:00:00,46.0,46.0,44.0,45.8,13500,VLB
2026-05-13 07:00:00,45.7,45.9,45.6,45.7,19700,VLB
2026-05-14 07:00:00,45.7,45.9,45.7,45.8,37700,VLB
2026-05-15 07:00:00,45.8,46.9,45.7,46.2,7000,VLB
2026-05-04 07:00:00,13.5,13.7,13.4,13.4,72000,VLC
2026-05-05 07:00:00,13.4,13.4,13.2,13.3,43100,VLC
2026-05-06 07:00:00,13.3,13.4,13.2,13.4,52400,VLC
2026-05-07 07:00:00,13.4,13.4,13.3,13.4,99800,VLC
2026-05-08 07:00:00,13.3,13.4,13.3,13.4,88300,VLC
2026-05-11 07:00:00,13.5,13.5,13.2,13.3,102000,VLC
2026-05-12 07:00:00,13.3,13.4,13.3,13.3,41500,VLC
2026-05-13 07:00:00,13.3,13.4,13.2,13.3,64100,VLC
2026-05-14 07:00:00,13.4,13.4,13.3,13.3,48600,VLC
2026-05-15 07:00:00,13.3,13.4,13.3,13.3,39200,VLC
2026-05-04 07:00:00,17.0,17.0,15.9,15.9,5800,VLS
2026-05-05 07:00:00,15.9,16.1,15.7,15.7,6000,VLS
2026-05-06 07:00:00,15.8,15.9,15.8,15.8,300,VLS
2026-05-07 07:00:00,15.8,16.2,15.8,16.2,6800,VLS
2026-05-08 07:00:00,15.7,15.8,14.0,14.0,8200,VLS
2026-05-11 07:00:00,15.6,15.6,15.6,15.6,6500,VLS
2026-05-12 07:00:00,15.5,15.6,15.5,15.6,6300,VLS
2026-05-13 07:00:00,15.5,15.6,15.5,15.6,6500,VLS
2026-05-14 07:00:00,15.5,15.6,15.5,15.6,6600,VLS
2026-05-15 07:00:00,15.6,15.7,15.6,15.6,7400,VLS
2026-05-04 07:00:00,14.95,14.95,14.95,14.95,400,VMD
2026-05-06 07:00:00,14.95,15.0,14.5,14.5,7300,VMD
2026-05-07 07:00:00,14.4,14.4,14.4,14.4,13400,VMD
2026-05-08 07:00:00,14.4,14.4,14.4,14.4,300,VMD
2026-05-11 07:00:00,14.4,14.4,14.3,14.4,4800,VMD
2026-05-12 07:00:00,14.35,15.05,14.35,15.05,5100,VMD
2026-05-13 07:00:00,14.35,14.35,14.35,14.35,300,VMD
2026-05-14 07:00:00,14.0,15.25,14.0,14.35,3300,VMD
2026-05-15 07:00:00,13.4,14.0,13.4,14.0,2100,VMD
2026-05-08 07:00:00,2.4,2.4,2.4,2.4,1600,VMG
2026-05-15 07:00:00,2.4,2.7,2.4,2.7,43600,VMG
2026-05-04 07:00:00,6.66,6.8,6.65,6.8,2500,VNG
2026-05-05 07:00:00,6.8,6.8,6.8,6.8,1000,VNG
2026-05-06 07:00:00,6.44,6.44,6.44,6.44,200,VNG
2026-05-07 07:00:00,6.6,6.78,6.6,6.78,200,VNG
2026-05-11 07:00:00,6.78,6.8,6.77,6.8,900,VNG
2026-05-13 07:00:00,6.6,6.87,6.4,6.5,11200,VNG
2026-05-14 07:00:00,6.56,6.56,6.5,6.5,400,VNG
2026-05-08 07:00:00,1.1,1.1,1.1,1.1,92000,VNH
2026-05-15 07:00:00,1.0,1.1,1.0,1.1,419800,VNH
2026-05-04 07:00:00,7.0,7.0,6.3,6.3,2200,VNI
2026-05-05 07:00:00,6.4,6.4,6.3,6.3,800,VNI
2026-05-06 07:00:00,6.3,6.3,6.3,6.3,300,VNI
2026-05-07 07:00:00,6.3,6.3,6.3,6.3,900,VNI
2026-05-11 07:00:00,6.3,6.5,6.3,6.5,600,VNI
2026-05-12 07:00:00,7.0,7.0,7.0,7.0,1300,VNI
2026-05-15 07:00:00,6.0,6.0,6.0,6.0,100,VNI
2026-05-04 07:00:00,19.05,19.05,18.2,19.05,9300,VNL
2026-05-05 07:00:00,19.0,19.05,18.75,19.05,2300,VNL
2026-05-06 07:00:00,19.0,19.0,18.8,19.0,5200,VNL
2026-05-07 07:00:00,19.0,19.0,18.6,19.0,4900,VNL
2026-05-08 07:00:00,19.0,19.0,19.0,19.0,100,VNL
2026-05-11 07:00:00,18.95,18.95,18.95,18.95,200,VNL
2026-05-12 07:00:00,18.95,18.95,18.5,18.8,11200,VNL
2026-05-13 07:00:00,18.85,18.85,18.85,18.85,200,VNL
2026-05-14 07:00:00,18.95,18.95,18.8,18.9,1200,VNL
2026-05-15 07:00:00,18.85,18.95,18.85,18.95,2200,VNL
2026-05-04 07:00:00,19.2,19.2,18.8,18.9,63500,VNP
2026-05-05 07:00:00,20.2,20.2,18.8,18.8,94400,VNP
2026-05-06 07:00:00,19.0,19.3,19.0,19.2,11900,VNP
2026-05-07 07:00:00,20.0,20.0,18.7,18.7,34800,VNP
2026-05-08 07:00:00,18.8,18.8,18.4,18.4,33300,VNP
2026-05-11 07:00:00,18.6,18.6,18.2,18.4,30700,VNP
2026-05-12 07:00:00,21.0,21.0,18.5,18.5,32000,VNP
2026-05-13 07:00:00,19.6,19.6,18.6,18.6,18900,VNP
2026-05-14 07:00:00,18.8,19.3,18.5,18.5,28600,VNP
2026-05-15 07:00:00,18.4,18.7,18.4,18.6,19900,VNP
2026-05-04 07:00:00,20.6,20.8,20.6,20.8,16000,VNR
2026-05-05 07:00:00,20.7,20.8,20.6,20.8,38700,VNR
2026-05-06 07:00:00,20.8,21.0,20.8,20.8,12600,VNR
2026-05-07 07:00:00,20.8,20.8,20.7,20.8,9000,VNR
2026-05-08 07:00:00,20.6,20.8,20.6,20.7,14000,VNR
2026-05-11 07:00:00,20.7,20.8,20.5,20.7,9200,VNR
2026-05-12 07:00:00,20.6,20.7,20.5,20.5,17100,VNR
2026-05-13 07:00:00,20.6,20.6,20.5,20.6,7300,VNR
2026-05-14 07:00:00,20.5,20.5,20.2,20.5,27400,VNR
2026-05-15 07:00:00,20.5,20.6,20.5,20.5,4500,VNR
2026-05-04 07:00:00,12.6,12.7,12.5,12.55,598800,VOS
2026-05-05 07:00:00,12.55,12.65,12.4,12.45,744300,VOS
2026-05-06 07:00:00,12.55,12.7,12.55,12.7,719300,VOS
2026-05-07 07:00:00,12.75,12.9,12.55,12.55,1045700,VOS
2026-05-08 07:00:00,12.6,12.65,12.4,12.45,818800,VOS
2026-05-11 07:00:00,12.45,12.5,12.3,12.35,911000,VOS
2026-05-12 07:00:00,12.35,12.5,12.3,12.4,758900,VOS
2026-05-13 07:00:00,12.4,12.75,12.4,12.65,793500,VOS
2026-05-14 07:00:00,12.7,12.75,12.55,12.7,537900,VOS
2026-05-15 07:00:00,12.7,12.95,12.6,12.8,1303900,VOS
2026-05-08 07:00:00,2.1,2.1,2.1,2.1,1300,VPA
2026-05-15 07:00:00,2.4,2.4,2.4,2.4,100,VPA
2026-05-04 07:00:00,3.51,3.54,3.47,3.48,209900,VPG
2026-05-05 07:00:00,3.48,3.5,3.47,3.5,338000,VPG
2026-05-06 07:00:00,3.5,3.5,3.48,3.49,162600,VPG
2026-05-07 07:00:00,3.49,3.67,3.49,3.56,217900,VPG
2026-05-08 07:00:00,3.56,3.58,3.49,3.5,181700,VPG
2026-05-11 07:00:00,3.48,3.56,3.48,3.54,193200,VPG
2026-05-12 07:00:00,3.54,3.6,3.47,3.6,186800,VPG
2026-05-13 07:00:00,3.6,3.85,3.49,3.85,728900,VPG
2026-05-14 07:00:00,3.83,4.04,3.61,3.86,408400,VPG
2026-05-15 07:00:00,3.84,3.85,3.59,3.6,882700,VPG
2026-05-04 07:00:00,3.53,3.53,3.43,3.47,84300,VPH
2026-05-05 07:00:00,3.47,3.5,3.43,3.44,63300,VPH
2026-05-06 07:00:00,3.43,3.54,3.43,3.53,126500,VPH
2026-05-07 07:00:00,3.53,3.78,3.53,3.65,136700,VPH
2026-05-08 07:00:00,3.67,3.78,3.61,3.61,99700,VPH
2026-05-11 07:00:00,3.61,3.68,3.61,3.65,121800,VPH
2026-05-12 07:00:00,3.68,3.7,3.61,3.68,150600,VPH
2026-05-13 07:00:00,3.68,3.69,3.64,3.67,70000,VPH
2026-05-14 07:00:00,3.68,3.79,3.67,3.73,39500,VPH
2026-05-15 07:00:00,3.72,3.73,3.53,3.63,37600,VPH
2026-05-04 07:00:00,27.7,27.7,27.2,27.3,927800,VPX
2026-05-05 07:00:00,27.45,27.45,27.15,27.2,365500,VPX
2026-05-06 07:00:00,27.3,28.25,27.25,28.0,1706800,VPX
2026-05-07 07:00:00,28.0,28.15,27.8,27.8,815900,VPX
2026-05-08 07:00:00,27.8,27.95,27.5,27.5,689500,VPX
2026-05-11 07:00:00,27.5,28.1,27.5,27.65,1094500,VPX
2026-05-12 07:00:00,27.75,28.55,27.75,28.2,1067200,VPX
2026-05-13 07:00:00,28.2,28.2,27.6,27.7,886700,VPX
2026-05-14 07:00:00,27.7,28.1,27.7,27.85,638500,VPX
2026-05-15 07:00:00,27.9,28.1,27.7,27.8,811200,VPX
2026-05-05 07:00:00,15.68,15.68,14.76,15.22,600,VQC
2026-05-06 07:00:00,15.68,15.68,15.68,15.68,200,VQC
2026-05-08 07:00:00,16.6,16.6,16.6,16.6,200,VQC
2026-05-15 07:00:00,14.2,14.2,14.2,14.2,200,VQC
2026-05-04 07:00:00,32.7,33.8,32.55,33.7,10352200,VRE
2026-05-05 07:00:00,33.05,35.6,32.65,35.2,15997900,VRE
2026-05-06 07:00:00,35.6,36.6,34.5,36.6,10445000,VRE
2026-05-07 07:00:00,36.9,37.5,35.2,36.5,12839000,VRE
2026-05-08 07:00:00,36.3,36.5,35.35,35.9,8119600,VRE
2026-05-11 07:00:00,35.95,37.2,33.6,33.6,11671900,VRE
2026-05-12 07:00:00,33.3,35.6,33.2,35.45,12470600,VRE
2026-05-13 07:00:00,35.9,35.9,33.0,33.0,14370000,VRE
2026-05-14 07:00:00,33.3,34.6,32.95,34.15,7067600,VRE
2026-05-15 07:00:00,34.2,34.5,33.1,34.0,5675800,VRE
2026-05-04 07:00:00,17.1,17.1,16.9,17.1,3500,VRG
2026-05-05 07:00:00,17.1,17.1,17.0,17.0,3100,VRG
2026-05-06 07:00:00,17.2,17.2,17.0,17.0,2900,VRG
2026-05-07 07:00:00,17.1,17.1,17.0,17.0,2600,VRG
2026-05-08 07:00:00,17.1,17.1,16.8,16.9,5900,VRG
2026-05-11 07:00:00,16.9,17.0,16.6,17.0,13900,VRG
2026-05-12 07:00:00,17.0,17.0,16.8,16.9,7700,VRG
2026-05-13 07:00:00,16.8,16.8,16.7,16.7,20300,VRG
2026-05-14 07:00:00,16.8,16.8,16.5,16.7,11300,VRG
2026-05-15 07:00:00,16.5,16.9,16.4,16.4,12000,VRG
2026-05-04 07:00:00,26.0,26.2,26.0,26.0,14500,VSF
2026-05-05 07:00:00,26.0,26.2,26.0,26.1,16600,VSF
2026-05-06 07:00:00,26.1,27.0,26.1,26.9,15800,VSF
2026-05-07 07:00:00,26.3,26.6,26.3,26.4,16400,VSF
2026-05-08 07:00:00,26.5,26.5,24.5,24.5,14200,VSF
2026-05-11 07:00:00,26.0,26.3,25.0,26.3,23500,VSF
2026-05-12 07:00:00,26.1,26.1,25.8,26.0,14000,VSF
2026-05-13 07:00:00,25.9,26.1,25.5,26.0,15000,VSF
2026-05-14 07:00:00,26.0,26.3,25.9,26.0,17900,VSF
2026-05-15 07:00:00,26.1,26.2,26.0,26.1,12500,VSF
2026-05-04 07:00:00,42.5,42.95,42.5,42.95,1100,VSH
2026-05-05 07:00:00,43.0,43.0,42.5,42.9,1200,VSH
2026-05-06 07:00:00,42.9,43.0,42.9,43.0,1000,VSH
2026-05-07 07:00:00,42.95,42.95,42.9,42.95,2100,VSH
2026-05-08 07:00:00,42.9,42.95,42.5,42.95,2300,VSH
2026-05-11 07:00:00,42.95,42.95,42.6,42.95,3000,VSH
2026-05-12 07:00:00,42.7,42.9,42.5,42.9,5000,VSH
2026-05-13 07:00:00,42.9,42.9,42.9,42.9,2500,VSH
2026-05-14 07:00:00,42.85,42.9,42.85,42.9,1400,VSH
2026-05-15 07:00:00,42.55,42.9,42.5,42.9,25000,VSH
2026-05-04 07:00:00,27.3,27.3,27.3,27.3,500,VSI
2026-05-08 07:00:00,26.5,26.5,26.0,26.5,6300,VSI
2026-05-12 07:00:00,26.0,26.0,26.0,26.0,500,VSI
2026-05-13 07:00:00,26.0,26.0,24.5,24.5,3100,VSI
2026-05-14 07:00:00,23.0,23.0,23.0,23.0,5200,VSI
2026-05-15 07:00:00,22.65,23.0,22.6,23.0,2900,VSI
2026-05-08 07:00:00,3.2,3.2,3.0,3.0,20500,VST
2026-05-15 07:00:00,3.1,3.1,3.0,3.1,37800,VST
2026-05-08 07:00:00,1.3,1.6,1.3,1.6,43300,VTA
2026-05-15 07:00:00,1.7,1.8,1.7,1.8,6800,VTA
2026-05-04 07:00:00,6.0,6.2,5.9,6.1,166100,VTD
2026-05-05 07:00:00,6.0,6.1,5.8,6.0,168800,VTD
2026-05-06 07:00:00,6.0,6.1,5.9,6.0,246100,VTD
2026-05-07 07:00:00,6.1,6.1,5.9,6.1,116300,VTD
2026-05-08 07:00:00,6.1,6.1,5.7,5.9,293400,VTD
2026-05-11 07:00:00,5.9,6.0,5.4,5.6,240200,VTD
2026-05-12 07:00:00,5.8,5.8,5.5,5.7,186500,VTD
2026-05-13 07:00:00,5.6,5.8,5.4,5.7,343900,VTD
2026-05-14 07:00:00,5.7,5.9,5.6,5.8,277900,VTD
2026-05-15 07:00:00,5.8,5.8,5.3,5.6,326700,VTD
2026-05-06 07:00:00,7.9,8.7,7.9,8.7,2200,VTH
2026-05-08 07:00:00,8.0,8.6,8.0,8.6,300,VTH
2026-05-12 07:00:00,8.4,8.4,8.4,8.4,100,VTH
2026-05-13 07:00:00,8.4,8.4,8.4,8.4,100,VTH
2026-05-14 07:00:00,8.4,8.4,8.4,8.4,100,VTH
2026-05-04 07:00:00,112.4,116.4,110.9,114.8,76400,VVS
2026-05-05 07:00:00,114.8,119.5,114.8,115.2,64100,VVS
2026-05-06 07:00:00,115.2,117.9,109.5,112.9,86500,VVS
2026-05-07 07:00:00,113.2,117.5,113.2,116.2,81300,VVS
2026-05-08 07:00:00,116.2,116.2,114.0,114.1,58400,VVS
2026-05-11 07:00:00,114.0,116.4,111.1,111.4,93800,VVS
2026-05-12 07:00:00,110.7,112.2,110.7,111.9,39600,VVS
2026-05-13 07:00:00,112.1,115.3,110.6,111.0,96600,VVS
2026-05-14 07:00:00,111.0,111.8,109.7,110.4,34400,VVS
2026-05-15 07:00:00,111.0,112.0,102.7,105.0,208800,VVS
2026-05-04 07:00:00,11.8,11.8,11.8,11.8,5000,X20
2026-05-06 07:00:00,11.8,11.8,11.8,11.8,600,X20
2026-05-07 07:00:00,11.9,12.1,11.9,12.1,1000,X20
2026-05-12 07:00:00,12.1,12.1,12.1,12.1,500,X20
2026-05-13 07:00:00,11.9,11.9,11.9,11.9,100,X20
2026-05-14 07:00:00,12.0,12.3,12.0,12.0,2000,X20
2026-05-06 07:00:00,9.0,9.0,9.0,9.0,2500,XMC
2026-05-11 07:00:00,9.0,9.0,9.0,9.0,8700,XMC
2026-05-12 07:00:00,9.0,9.0,9.0,9.0,4500,XMC
2026-05-13 07:00:00,9.0,9.1,9.0,9.0,20900,XMC
2026-05-14 07:00:00,9.0,9.1,9.0,9.1,2100,XMC
2026-05-15 07:00:00,9.0,9.0,9.0,9.0,28100,XMC
2026-05-06 07:00:00,16.1,16.1,16.1,16.1,100,XPH
2026-05-07 07:00:00,16.5,16.5,15.7,15.7,200,XPH
2026-05-08 07:00:00,16.5,16.5,14.1,15.5,4500,XPH
2026-05-11 07:00:00,15.5,15.5,14.2,15.0,1100,XPH
2026-05-12 07:00:00,15.8,15.8,14.2,14.2,3200,XPH
2026-05-13 07:00:00,15.0,15.0,14.1,14.5,4200,XPH
2026-05-14 07:00:00,15.1,15.1,15.1,15.1,100,XPH
2026-05-15 07:00:00,14.7,14.8,14.7,14.8,200,XPH
