model_name,trading_date,encode_sector,sector,buy_count,hold_count,sell_count,total_symbols,created_at
model3,2024-10-18,0,Industrial Goods & Services,0,34,0,34,2026-06-03 08:51:01
model3,2024-10-18,1,Food & Beverage,0,34,0,34,2026-06-03 08:51:01
model3,2024-10-18,2,Banks,0,12,0,12,2026-06-03 08:51:01
model3,2024-10-18,3,Construction & Materials,0,69,1,70,2026-06-03 08:51:01
model3,2024-10-18,4,Basic Resources,0,18,0,18,2026-06-03 08:51:01
model3,2024-10-18,5,Media,0,4,0,4,2026-06-03 08:51:01
model3,2024-10-18,6,Retail,0,8,0,8,2026-06-03 08:51:01
model3,2024-10-18,7,Personal & Household Goods,0,8,0,8,2026-06-03 08:51:01
model3,2024-10-18,8,Real Estate,0,29,0,29,2026-06-03 08:51:01
model3,2024-10-18,9,Health Care,0,13,1,14,2026-06-03 08:51:01
model3,2024-10-18,10,Financial Services,0,11,0,11,2026-06-03 08:51:01
model3,2024-10-18,11,Chemicals,1,15,0,16,2026-06-03 08:51:01
model3,2024-10-18,12,Travel & Leisure,1,7,0,8,2026-06-03 08:51:01
model3,2024-10-18,13,Utilities,0,21,0,21,2026-06-03 08:51:01
model3,2024-10-18,14,Insurance,0,5,0,5,2026-06-03 08:51:01
model3,2024-10-18,15,Automobiles & Parts,0,4,0,4,2026-06-03 08:51:01
model3,2024-10-18,16,Technology,0,5,0,5,2026-06-03 08:51:01
model3,2024-10-18,17,Oil & Gas,0,2,0,2,2026-06-03 08:51:01
model3,2024-10-18,18,Telecommunications,0,1,0,1,2026-06-03 08:51:01
model3,2024-10-21,0,Industrial Goods & Services,0,33,1,34,2026-06-03 08:51:01
model3,2024-10-21,1,Food & Beverage,0,28,0,28,2026-06-03 08:51:01
model3,2024-10-21,2,Banks,0,12,0,12,2026-06-03 08:51:01
model3,2024-10-21,3,Construction & Materials,0,63,1,64,2026-06-03 08:51:01
model3,2024-10-21,4,Basic Resources,0,17,0,17,2026-06-03 08:51:01
model3,2024-10-21,5,Media,0,4,0,4,2026-06-03 08:51:01
model3,2024-10-21,6,Retail,0,7,0,7,2026-06-03 08:51:01
model3,2024-10-21,7,Personal & Household Goods,0,5,0,5,2026-06-03 08:51:01
model3,2024-10-21,8,Real Estate,0,23,0,23,2026-06-03 08:51:01
model3,2024-10-21,9,Health Care,0,13,1,14,2026-06-03 08:51:01
model3,2024-10-21,10,Financial Services,0,11,0,11,2026-06-03 08:51:01
model3,2024-10-21,11,Chemicals,0,18,0,18,2026-06-03 08:51:01
model3,2024-10-21,12,Travel & Leisure,0,7,0,7,2026-06-03 08:51:01
model3,2024-10-21,13,Utilities,0,22,2,24,2026-06-03 08:51:01
model3,2024-10-21,14,Insurance,0,5,0,5,2026-06-03 08:51:01
model3,2024-10-21,15,Automobiles & Parts,0,2,0,2,2026-06-03 08:51:01
model3,2024-10-21,16,Technology,0,6,0,6,2026-06-03 08:51:01
model3,2024-10-21,17,Oil & Gas,0,2,0,2,2026-06-03 08:51:01
model3,2024-10-21,18,Telecommunications,0,1,0,1,2026-06-03 08:51:01
model3,2024-10-22,0,Industrial Goods & Services,0,35,1,36,2026-06-03 08:51:01
model3,2024-10-22,1,Food & Beverage,0,29,0,29,2026-06-03 08:51:01
model3,2024-10-22,2,Banks,0,12,0,12,2026-06-03 08:51:01
model3,2024-10-22,3,Construction & Materials,1,60,2,63,2026-06-03 08:51:01
model3,2024-10-22,4,Basic Resources,0,15,0,15,2026-06-03 08:51:01
model3,2024-10-22,5,Media,1,2,0,3,2026-06-03 08:51:01
model3,2024-10-22,6,Retail,0,6,0,6,2026-06-03 08:51:01
model3,2024-10-22,7,Personal & Household Goods,0,9,0,9,2026-06-03 08:51:01
model3,2024-10-22,8,Real Estate,0,24,1,25,2026-06-03 08:51:01
model3,2024-10-22,9,Health Care,0,16,0,16,2026-06-03 08:51:01
model3,2024-10-22,10,Financial Services,0,11,0,11,2026-06-03 08:51:01
model3,2024-10-22,11,Chemicals,0,18,1,19,2026-06-03 08:51:01
model3,2024-10-22,12,Travel & Leisure,0,7,0,7,2026-06-03 08:51:01
model3,2024-10-22,13,Utilities,0,23,0,23,2026-06-03 08:51:01
model3,2024-10-22,14,Insurance,0,4,0,4,2026-06-03 08:51:01
model3,2024-10-22,15,Automobiles & Parts,0,3,0,3,2026-06-03 08:51:01
model3,2024-10-22,16,Technology,0,6,0,6,2026-06-03 08:51:01
model3,2024-10-22,17,Oil & Gas,0,2,0,2,2026-06-03 08:51:01
model3,2024-10-22,18,Telecommunications,0,1,0,1,2026-06-03 08:51:01
model3,2024-10-23,0,Industrial Goods & Services,0,31,1,32,2026-06-03 08:51:01
model3,2024-10-23,1,Food & Beverage,0,30,0,30,2026-06-03 08:51:01
model3,2024-10-23,2,Banks,0,12,0,12,2026-06-03 08:51:01
model3,2024-10-23,3,Construction & Materials,0,61,2,63,2026-06-03 08:51:01
model3,2024-10-23,4,Basic Resources,0,19,0,19,2026-06-03 08:51:01
model3,2024-10-23,5,Media,0,5,0,5,2026-06-03 08:51:01
model3,2024-10-23,6,Retail,0,6,1,7,2026-06-03 08:51:01
model3,2024-10-23,7,Personal & Household Goods,0,8,0,8,2026-06-03 08:51:01
model3,2024-10-23,8,Real Estate,0,27,0,27,2026-06-03 08:51:01
model3,2024-10-23,9,Health Care,0,15,0,15,2026-06-03 08:51:01
model3,2024-10-23,10,Financial Services,0,10,1,11,2026-06-03 08:51:01
model3,2024-10-23,11,Chemicals,1,18,0,19,2026-06-03 08:51:01
model3,2024-10-23,12,Travel & Leisure,0,8,0,8,2026-06-03 08:51:01
model3,2024-10-23,13,Utilities,0,23,1,24,2026-06-03 08:51:01
model3,2024-10-23,14,Insurance,0,5,0,5,2026-06-03 08:51:01
model3,2024-10-23,15,Automobiles & Parts,0,4,0,4,2026-06-03 08:51:01
model3,2024-10-23,16,Technology,0,5,0,5,2026-06-03 08:51:01
model3,2024-10-23,17,Oil & Gas,0,2,0,2,2026-06-03 08:51:01
model3,2024-10-23,18,Telecommunications,0,1,0,1,2026-06-03 08:51:01
model3,2024-10-24,0,Industrial Goods & Services,0,26,2,28,2026-06-03 08:51:01
model3,2024-10-24,1,Food & Beverage,0,27,0,27,2026-06-03 08:51:01
model3,2024-10-24,2,Banks,0,12,0,12,2026-06-03 08:51:01
model3,2024-10-24,3,Construction & Materials,0,64,1,65,2026-06-03 08:51:01
model3,2024-10-24,4,Basic Resources,0,18,0,18,2026-06-03 08:51:01
model3,2024-10-24,5,Media,0,3,0,3,2026-06-03 08:51:01
model3,2024-10-24,6,Retail,0,6,0,6,2026-06-03 08:51:01
model3,2024-10-24,7,Personal & Household Goods,0,5,0,5,2026-06-03 08:51:01
model3,2024-10-24,8,Real Estate,1,22,0,23,2026-06-03 08:51:01
model3,2024-10-24,9,Health Care,0,13,0,13,2026-06-03 08:51:01
model3,2024-10-24,10,Financial Services,0,11,0,11,2026-06-03 08:51:01
model3,2024-10-24,11,Chemicals,0,19,0,19,2026-06-03 08:51:01
model3,2024-10-24,12,Travel & Leisure,0,8,0,8,2026-06-03 08:51:01
model3,2024-10-24,13,Utilities,0,22,2,24,2026-06-03 08:51:01
model3,2024-10-24,14,Insurance,0,5,0,5,2026-06-03 08:51:01
model3,2024-10-24,15,Automobiles & Parts,0,3,0,3,2026-06-03 08:51:01
model3,2024-10-24,16,Technology,0,6,0,6,2026-06-03 08:51:01
model3,2024-10-24,17,Oil & Gas,0,2,0,2,2026-06-03 08:51:01
model3,2024-10-24,18,Telecommunications,0,1,0,1,2026-06-03 08:51:01
model3,2024-10-25,0,Industrial Goods & Services,1,34,0,35,2026-06-03 08:51:01
model3,2024-10-25,1,Food & Beverage,0,33,0,33,2026-06-03 08:51:01
model3,2024-10-25,2,Banks,0,12,0,12,2026-06-03 08:51:01
model3,2024-10-25,3,Construction & Materials,0,67,1,68,2026-06-03 08:51:01
model3,2024-10-25,4,Basic Resources,0,16,0,16,2026-06-03 08:51:01
model3,2024-10-25,5,Media,0,2,0,2,2026-06-03 08:51:01
model3,2024-10-25,6,Retail,0,9,0,9,2026-06-03 08:51:01
model3,2024-10-25,7,Personal & Household Goods,0,9,2,11,2026-06-03 08:51:01
model3,2024-10-25,8,Real Estate,0,28,2,30,2026-06-03 08:51:01
model3,2024-10-25,9,Health Care,0,12,1,13,2026-06-03 08:51:01
model3,2024-10-25,10,Financial Services,0,11,1,12,2026-06-03 08:51:01
model3,2024-10-25,11,Chemicals,0,16,0,16,2026-06-03 08:51:01
model3,2024-10-25,12,Travel & Leisure,0,8,1,9,2026-06-03 08:51:01
model3,2024-10-25,13,Utilities,0,24,0,24,2026-06-03 08:51:01
model3,2024-10-25,14,Insurance,0,4,0,4,2026-06-03 08:51:01
model3,2024-10-25,15,Automobiles & Parts,0,4,0,4,2026-06-03 08:51:01
model3,2024-10-25,16,Technology,0,7,0,7,2026-06-03 08:51:01
model3,2024-10-25,17,Oil & Gas,0,1,0,1,2026-06-03 08:51:01
model3,2024-10-25,18,Telecommunications,0,1,0,1,2026-06-03 08:51:01
model3,2024-10-28,0,Industrial Goods & Services,1,26,0,27,2026-06-03 08:51:01
model3,2024-10-28,1,Food & Beverage,0,27,0,27,2026-06-03 08:51:01
model3,2024-10-28,2,Banks,0,12,0,12,2026-06-03 08:51:01
model3,2024-10-28,3,Construction & Materials,0,60,2,62,2026-06-03 08:51:01
model3,2024-10-28,4,Basic Resources,0,17,0,17,2026-06-03 08:51:01
model3,2024-10-28,5,Media,0,4,0,4,2026-06-03 08:51:01
model3,2024-10-28,6,Retail,0,7,0,7,2026-06-03 08:51:01
model3,2024-10-28,7,Personal & Household Goods,0,8,0,8,2026-06-03 08:51:01
model3,2024-10-28,8,Real Estate,0,24,0,24,2026-06-03 08:51:01
model3,2024-10-28,9,Health Care,0,15,0,15,2026-06-03 08:51:01
model3,2024-10-28,10,Financial Services,0,12,0,12,2026-06-03 08:51:01
model3,2024-10-28,11,Chemicals,0,18,0,18,2026-06-03 08:51:01
model3,2024-10-28,12,Travel & Leisure,0,6,1,7,2026-06-03 08:51:01
model3,2024-10-28,13,Utilities,1,22,0,23,2026-06-03 08:51:01
model3,2024-10-28,14,Insurance,0,5,0,5,2026-06-03 08:51:01
model3,2024-10-28,15,Automobiles & Parts,0,3,0,3,2026-06-03 08:51:01
model3,2024-10-28,16,Technology,0,6,0,6,2026-06-03 08:51:01
model3,2024-10-28,17,Oil & Gas,0,1,0,1,2026-06-03 08:51:01
model3,2024-10-28,18,Telecommunications,0,1,0,1,2026-06-03 08:51:01
model3,2024-10-29,0,Industrial Goods & Services,0,29,0,29,2026-06-03 08:51:01
model3,2024-10-29,1,Food & Beverage,0,28,0,28,2026-06-03 08:51:01
model3,2024-10-29,2,Banks,0,12,0,12,2026-06-03 08:51:01
model3,2024-10-29,3,Construction & Materials,0,64,1,65,2026-06-03 08:51:01
model3,2024-10-29,4,Basic Resources,0,17,0,17,2026-06-03 08:51:01
model3,2024-10-29,5,Media,0,3,0,3,2026-06-03 08:51:01
model3,2024-10-29,6,Retail,0,6,0,6,2026-06-03 08:51:01
model3,2024-10-29,7,Personal & Household Goods,0,11,0,11,2026-06-03 08:51:01
model3,2024-10-29,8,Real Estate,0,27,0,27,2026-06-03 08:51:01
model3,2024-10-29,9,Health Care,0,14,0,14,2026-06-03 08:51:01
model3,2024-10-29,10,Financial Services,0,12,0,12,2026-06-03 08:51:01
model3,2024-10-29,11,Chemicals,0,17,0,17,2026-06-03 08:51:01
model3,2024-10-29,12,Travel & Leisure,0,6,0,6,2026-06-03 08:51:01
model3,2024-10-29,13,Utilities,0,24,2,26,2026-06-03 08:51:01
model3,2024-10-29,14,Insurance,0,4,0,4,2026-06-03 08:51:01
model3,2024-10-29,15,Automobiles & Parts,0,3,1,4,2026-06-03 08:51:01
model3,2024-10-29,16,Technology,0,6,0,6,2026-06-03 08:51:01
model3,2024-10-29,17,Oil & Gas,0,2,0,2,2026-06-03 08:51:01
model3,2024-10-29,18,Telecommunications,0,1,0,1,2026-06-03 08:51:01
model3,2024-10-30,0,Industrial Goods & Services,0,28,0,28,2026-06-03 08:51:01
model3,2024-10-30,1,Food & Beverage,1,30,0,31,2026-06-03 08:51:01
model3,2024-10-30,2,Banks,0,12,0,12,2026-06-03 08:51:01
model3,2024-10-30,3,Construction & Materials,0,62,4,66,2026-06-03 08:51:01
model3,2024-10-30,4,Basic Resources,0,16,0,16,2026-06-03 08:51:01
model3,2024-10-30,5,Media,0,4,0,4,2026-06-03 08:51:01
model3,2024-10-30,6,Retail,0,7,0,7,2026-06-03 08:51:01
model3,2024-10-30,7,Personal & Household Goods,1,7,0,8,2026-06-03 08:51:01
model3,2024-10-30,8,Real Estate,0,25,1,26,2026-06-03 08:51:01
model3,2024-10-30,9,Health Care,0,14,0,14,2026-06-03 08:51:01
model3,2024-10-30,10,Financial Services,0,12,0,12,2026-06-03 08:51:01
model3,2024-10-30,11,Chemicals,0,17,0,17,2026-06-03 08:51:01
model3,2024-10-30,12,Travel & Leisure,0,7,0,7,2026-06-03 08:51:01
model3,2024-10-30,13,Utilities,1,19,2,22,2026-06-03 08:51:01
model3,2024-10-30,14,Insurance,0,4,0,4,2026-06-03 08:51:01
model3,2024-10-30,15,Automobiles & Parts,0,4,0,4,2026-06-03 08:51:01
model3,2024-10-30,16,Technology,0,6,0,6,2026-06-03 08:51:01
model3,2024-10-30,17,Oil & Gas,0,2,0,2,2026-06-03 08:51:01
model3,2024-10-30,18,Telecommunications,0,1,0,1,2026-06-03 08:51:01
model3,2024-10-31,0,Industrial Goods & Services,1,30,0,31,2026-06-03 08:51:01
model3,2024-10-31,1,Food & Beverage,0,31,2,33,2026-06-03 08:51:01
model3,2024-10-31,2,Banks,0,12,0,12,2026-06-03 08:51:01
model3,2024-10-31,3,Construction & Materials,0,61,2,63,2026-06-03 08:51:01
model3,2024-10-31,4,Basic Resources,0,15,0,15,2026-06-03 08:51:01
model3,2024-10-31,5,Media,0,4,0,4,2026-06-03 08:51:01
model3,2024-10-31,6,Retail,0,7,0,7,2026-06-03 08:51:01
model3,2024-10-31,7,Personal & Household Goods,0,6,0,6,2026-06-03 08:51:01
model3,2024-10-31,8,Real Estate,0,24,0,24,2026-06-03 08:51:01
model3,2024-10-31,9,Health Care,1,14,0,15,2026-06-03 08:51:01
model3,2024-10-31,10,Financial Services,0,12,0,12,2026-06-03 08:51:01
model3,2024-10-31,11,Chemicals,0,18,1,19,2026-06-03 08:51:01
model3,2024-10-31,12,Travel & Leisure,0,7,0,7,2026-06-03 08:51:01
model3,2024-10-31,13,Utilities,1,22,0,23,2026-06-03 08:51:01
model3,2024-10-31,14,Insurance,0,3,0,3,2026-06-03 08:51:01
model3,2024-10-31,15,Automobiles & Parts,0,4,0,4,2026-06-03 08:51:01
model3,2024-10-31,16,Technology,0,6,0,6,2026-06-03 08:51:01
model3,2024-10-31,17,Oil & Gas,0,2,0,2,2026-06-03 08:51:01
model3,2024-10-31,18,Telecommunications,0,1,0,1,2026-06-03 08:51:01
model3,2024-11-01,0,Industrial Goods & Services,0,32,0,32,2026-06-03 08:51:01
model3,2024-11-01,1,Food & Beverage,0,34,2,36,2026-06-03 08:51:01
model3,2024-11-01,2,Banks,0,11,0,11,2026-06-03 08:51:01
model3,2024-11-01,3,Construction & Materials,2,70,1,73,2026-06-03 08:51:01
model3,2024-11-01,4,Basic Resources,0,19,0,19,2026-06-03 08:51:01
model3,2024-11-01,5,Media,0,4,0,4,2026-06-03 08:51:01
model3,2024-11-01,6,Retail,0,8,0,8,2026-06-03 08:51:01
model3,2024-11-01,7,Personal & Household Goods,0,9,0,9,2026-06-03 08:51:01
model3,2024-11-01,8,Real Estate,0,27,0,27,2026-06-03 08:51:01
model3,2024-11-01,9,Health Care,0,15,0,15,2026-06-03 08:51:01
model3,2024-11-01,10,Financial Services,0,12,0,12,2026-06-03 08:51:01
model3,2024-11-01,11,Chemicals,0,17,1,18,2026-06-03 08:51:01
model3,2024-11-01,12,Travel & Leisure,0,9,1,10,2026-06-03 08:51:01
model3,2024-11-01,13,Utilities,1,18,0,19,2026-06-03 08:51:01
model3,2024-11-01,14,Insurance,0,5,0,5,2026-06-03 08:51:01
model3,2024-11-01,15,Automobiles & Parts,0,5,0,5,2026-06-03 08:51:01
model3,2024-11-01,16,Technology,0,6,0,6,2026-06-03 08:51:01
model3,2024-11-01,17,Oil & Gas,0,2,0,2,2026-06-03 08:51:01
model3,2024-11-04,0,Industrial Goods & Services,0,31,0,31,2026-06-03 08:51:01
model3,2024-11-04,1,Food & Beverage,0,31,0,31,2026-06-03 08:51:01
model3,2024-11-04,2,Banks,0,12,0,12,2026-06-03 08:51:01
model3,2024-11-04,3,Construction & Materials,4,58,1,63,2026-06-03 08:51:01
model3,2024-11-04,4,Basic Resources,0,19,0,19,2026-06-03 08:51:01
model3,2024-11-04,5,Media,0,4,0,4,2026-06-03 08:51:01
model3,2024-11-04,6,Retail,0,7,0,7,2026-06-03 08:51:01
model3,2024-11-04,7,Personal & Household Goods,1,8,0,9,2026-06-03 08:51:01
model3,2024-11-04,8,Real Estate,0,25,1,26,2026-06-03 08:51:01
model3,2024-11-04,9,Health Care,0,13,0,13,2026-06-03 08:51:01
model3,2024-11-04,10,Financial Services,0,12,0,12,2026-06-03 08:51:01
model3,2024-11-04,11,Chemicals,0,17,0,17,2026-06-03 08:51:01
model3,2024-11-04,12,Travel & Leisure,0,7,0,7,2026-06-03 08:51:01
model3,2024-11-04,13,Utilities,1,25,0,26,2026-06-03 08:51:01
model3,2024-11-04,14,Insurance,0,5,0,5,2026-06-03 08:51:01
model3,2024-11-04,15,Automobiles & Parts,0,3,0,3,2026-06-03 08:51:01
model3,2024-11-04,16,Technology,0,7,0,7,2026-06-03 08:51:01
model3,2024-11-04,17,Oil & Gas,0,2,0,2,2026-06-03 08:51:01
model3,2024-11-05,0,Industrial Goods & Services,1,26,0,27,2026-06-03 08:51:01
model3,2024-11-05,1,Food & Beverage,0,31,0,31,2026-06-03 08:51:01
model3,2024-11-05,2,Banks,0,12,0,12,2026-06-03 08:51:01
model3,2024-11-05,3,Construction & Materials,1,56,1,58,2026-06-03 08:51:01
model3,2024-11-05,4,Basic Resources,0,18,0,18,2026-06-03 08:51:01
model3,2024-11-05,5,Media,1,2,0,3,2026-06-03 08:51:01
model3,2024-11-05,6,Retail,0,7,0,7,2026-06-03 08:51:01
model3,2024-11-05,7,Personal & Household Goods,0,10,0,10,2026-06-03 08:51:01
model3,2024-11-05,8,Real Estate,0,25,0,25,2026-06-03 08:51:01
model3,2024-11-05,9,Health Care,0,13,0,13,2026-06-03 08:51:01
model3,2024-11-05,10,Financial Services,0,12,0,12,2026-06-03 08:51:01
model3,2024-11-05,11,Chemicals,0,17,1,18,2026-06-03 08:51:01
model3,2024-11-05,12,Travel & Leisure,0,8,0,8,2026-06-03 08:51:01
model3,2024-11-05,13,Utilities,0,24,0,24,2026-06-03 08:51:01
model3,2024-11-05,14,Insurance,0,5,0,5,2026-06-03 08:51:01
model3,2024-11-05,15,Automobiles & Parts,0,3,0,3,2026-06-03 08:51:01
model3,2024-11-05,16,Technology,0,7,0,7,2026-06-03 08:51:01
model3,2024-11-05,17,Oil & Gas,0,2,0,2,2026-06-03 08:51:01
model3,2024-11-05,18,Telecommunications,0,1,0,1,2026-06-03 08:51:01
model3,2024-11-06,0,Industrial Goods & Services,0,26,1,27,2026-06-03 08:51:01
model3,2024-11-06,1,Food & Beverage,0,29,1,30,2026-06-03 08:51:01
model3,2024-11-06,2,Banks,0,12,0,12,2026-06-03 08:51:01
model3,2024-11-06,3,Construction & Materials,0,65,1,66,2026-06-03 08:51:01
model3,2024-11-06,4,Basic Resources,0,17,0,17,2026-06-03 08:51:01
model3,2024-11-06,5,Media,0,5,0,5,2026-06-03 08:51:01
model3,2024-11-06,6,Retail,0,5,0,5,2026-06-03 08:51:01
model3,2024-11-06,7,Personal & Household Goods,0,10,0,10,2026-06-03 08:51:01
model3,2024-11-06,8,Real Estate,0,24,0,24,2026-06-03 08:51:01
model3,2024-11-06,9,Health Care,0,14,1,15,2026-06-03 08:51:01
model3,2024-11-06,10,Financial Services,0,12,0,12,2026-06-03 08:51:01
model3,2024-11-06,11,Chemicals,0,17,1,18,2026-06-03 08:51:01
model3,2024-11-06,12,Travel & Leisure,0,8,0,8,2026-06-03 08:51:01
model3,2024-11-06,13,Utilities,0,21,0,21,2026-06-03 08:51:01
model3,2024-11-06,14,Insurance,0,5,0,5,2026-06-03 08:51:01
model3,2024-11-06,15,Automobiles & Parts,0,3,0,3,2026-06-03 08:51:01
model3,2024-11-06,16,Technology,0,7,0,7,2026-06-03 08:51:01
model3,2024-11-06,17,Oil & Gas,0,2,0,2,2026-06-03 08:51:01
model3,2024-11-07,0,Industrial Goods & Services,0,30,1,31,2026-06-03 08:51:01
model3,2024-11-07,1,Food & Beverage,0,32,0,32,2026-06-03 08:51:01
model3,2024-11-07,2,Banks,0,12,0,12,2026-06-03 08:51:01
model3,2024-11-07,3,Construction & Materials,0,67,2,69,2026-06-03 08:51:01
model3,2024-11-07,4,Basic Resources,0,19,0,19,2026-06-03 08:51:01
model3,2024-11-07,5,Media,0,5,0,5,2026-06-03 08:51:01
model3,2024-11-07,6,Retail,0,6,1,7,2026-06-03 08:51:01
model3,2024-11-07,7,Personal & Household Goods,1,7,0,8,2026-06-03 08:51:01
model3,2024-11-07,8,Real Estate,0,26,0,26,2026-06-03 08:51:01
model3,2024-11-07,9,Health Care,0,14,0,14,2026-06-03 08:51:01
model3,2024-11-07,10,Financial Services,0,12,0,12,2026-06-03 08:51:01
model3,2024-11-07,11,Chemicals,0,17,0,17,2026-06-03 08:51:01
model3,2024-11-07,12,Travel & Leisure,0,6,1,7,2026-06-03 08:51:01
model3,2024-11-07,13,Utilities,2,23,1,26,2026-06-03 08:51:01
model3,2024-11-07,14,Insurance,0,5,0,5,2026-06-03 08:51:01
model3,2024-11-07,15,Automobiles & Parts,0,4,0,4,2026-06-03 08:51:01
model3,2024-11-07,16,Technology,0,6,0,6,2026-06-03 08:51:01
model3,2024-11-07,17,Oil & Gas,0,2,0,2,2026-06-03 08:51:01
model3,2024-11-07,18,Telecommunications,0,1,0,1,2026-06-03 08:51:01
model3,2024-11-08,0,Industrial Goods & Services,1,33,2,36,2026-06-03 08:51:01
model3,2024-11-08,1,Food & Beverage,0,36,0,36,2026-06-03 08:51:01
model3,2024-11-08,2,Banks,0,11,0,11,2026-06-03 08:51:01
model3,2024-11-08,3,Construction & Materials,1,68,3,72,2026-06-03 08:51:01
model3,2024-11-08,4,Basic Resources,0,17,0,17,2026-06-03 08:51:01
model3,2024-11-08,5,Media,0,5,0,5,2026-06-03 08:51:01
model3,2024-11-08,6,Retail,0,10,0,10,2026-06-03 08:51:01
model3,2024-11-08,7,Personal & Household Goods,0,12,0,12,2026-06-03 08:51:01
model3,2024-11-08,8,Real Estate,1,29,0,30,2026-06-03 08:51:01
model3,2024-11-08,9,Health Care,1,13,0,14,2026-06-03 08:51:01
model3,2024-11-08,10,Financial Services,0,11,0,11,2026-06-03 08:51:01
model3,2024-11-08,11,Chemicals,0,16,0,16,2026-06-03 08:51:01
model3,2024-11-08,12,Travel & Leisure,0,8,1,9,2026-06-03 08:51:01
model3,2024-11-08,13,Utilities,0,25,2,27,2026-06-03 08:51:01
model3,2024-11-08,14,Insurance,0,5,0,5,2026-06-03 08:51:01
model3,2024-11-08,15,Automobiles & Parts,0,4,0,4,2026-06-03 08:51:01
model3,2024-11-08,16,Technology,1,7,0,8,2026-06-03 08:51:01
model3,2024-11-08,17,Oil & Gas,0,2,0,2,2026-06-03 08:51:01
model3,2024-11-08,18,Telecommunications,0,1,0,1,2026-06-03 08:51:01
model3,2024-11-11,0,Industrial Goods & Services,0,28,2,30,2026-06-03 08:51:01
model3,2024-11-11,1,Food & Beverage,0,33,0,33,2026-06-03 08:51:01
model3,2024-11-11,2,Banks,0,12,0,12,2026-06-03 08:51:01
model3,2024-11-11,3,Construction & Materials,1,68,0,69,2026-06-03 08:51:01
model3,2024-11-11,4,Basic Resources,0,15,0,15,2026-06-03 08:51:01
model3,2024-11-11,5,Media,0,6,0,6,2026-06-03 08:51:01
model3,2024-11-11,6,Retail,0,6,0,6,2026-06-03 08:51:01
model3,2024-11-11,7,Personal & Household Goods,0,10,0,10,2026-06-03 08:51:01
model3,2024-11-11,8,Real Estate,0,23,0,23,2026-06-03 08:51:01
model3,2024-11-11,9,Health Care,1,11,0,12,2026-06-03 08:51:01
model3,2024-11-11,10,Financial Services,1,11,0,12,2026-06-03 08:51:01
model3,2024-11-11,11,Chemicals,0,14,0,14,2026-06-03 08:51:01
model3,2024-11-11,12,Travel & Leisure,0,8,0,8,2026-06-03 08:51:01
model3,2024-11-11,13,Utilities,0,23,1,24,2026-06-03 08:51:01
model3,2024-11-11,14,Insurance,0,4,0,4,2026-06-03 08:51:01
model3,2024-11-11,15,Automobiles & Parts,0,3,0,3,2026-06-03 08:51:01
model3,2024-11-11,16,Technology,0,6,0,6,2026-06-03 08:51:01
model3,2024-11-11,17,Oil & Gas,0,2,0,2,2026-06-03 08:51:01
model3,2024-11-11,18,Telecommunications,0,1,0,1,2026-06-03 08:51:01
model3,2024-11-12,0,Industrial Goods & Services,0,29,1,30,2026-06-03 08:51:01
model3,2024-11-12,1,Food & Beverage,0,31,0,31,2026-06-03 08:51:01
model3,2024-11-12,2,Banks,0,12,0,12,2026-06-03 08:51:01
model3,2024-11-12,3,Construction & Materials,1,67,2,70,2026-06-03 08:51:01
model3,2024-11-12,4,Basic Resources,0,17,0,17,2026-06-03 08:51:01
model3,2024-11-12,5,Media,0,6,0,6,2026-06-03 08:51:01
model3,2024-11-12,6,Retail,0,7,0,7,2026-06-03 08:51:01
model3,2024-11-12,7,Personal & Household Goods,0,10,0,10,2026-06-03 08:51:01
model3,2024-11-12,8,Real Estate,1,23,0,24,2026-06-03 08:51:01
model3,2024-11-12,9,Health Care,0,15,0,15,2026-06-03 08:51:01
model3,2024-11-12,10,Financial Services,0,12,0,12,2026-06-03 08:51:01
model3,2024-11-12,11,Chemicals,0,16,1,17,2026-06-03 08:51:01
model3,2024-11-12,12,Travel & Leisure,0,9,0,9,2026-06-03 08:51:01
model3,2024-11-12,13,Utilities,1,22,1,24,2026-06-03 08:51:01
model3,2024-11-12,14,Insurance,0,3,0,3,2026-06-03 08:51:01
model3,2024-11-12,15,Automobiles & Parts,0,3,0,3,2026-06-03 08:51:01
model3,2024-11-12,16,Technology,0,6,0,6,2026-06-03 08:51:01
model3,2024-11-12,17,Oil & Gas,0,2,0,2,2026-06-03 08:51:01
model3,2024-11-12,18,Telecommunications,0,1,0,1,2026-06-03 08:51:01
model3,2024-11-13,0,Industrial Goods & Services,0,26,1,27,2026-06-03 08:51:01
model3,2024-11-13,1,Food & Beverage,0,32,0,32,2026-06-03 08:51:01
model3,2024-11-13,2,Banks,0,11,0,11,2026-06-03 08:51:01
model3,2024-11-13,3,Construction & Materials,1,62,2,65,2026-06-03 08:51:01
model3,2024-11-13,4,Basic Resources,0,17,2,19,2026-06-03 08:51:01
model3,2024-11-13,5,Media,0,2,0,2,2026-06-03 08:51:01
model3,2024-11-13,6,Retail,0,7,0,7,2026-06-03 08:51:01
model3,2024-11-13,7,Personal & Household Goods,0,9,0,9,2026-06-03 08:51:01
model3,2024-11-13,8,Real Estate,0,25,0,25,2026-06-03 08:51:01
model3,2024-11-13,9,Health Care,0,13,0,13,2026-06-03 08:51:01
model3,2024-11-13,10,Financial Services,0,12,0,12,2026-06-03 08:51:01
model3,2024-11-13,11,Chemicals,0,19,0,19,2026-06-03 08:51:01
model3,2024-11-13,12,Travel & Leisure,0,9,0,9,2026-06-03 08:51:01
model3,2024-11-13,13,Utilities,1,22,0,23,2026-06-03 08:51:01
model3,2024-11-13,14,Insurance,0,5,0,5,2026-06-03 08:51:01
model3,2024-11-13,15,Automobiles & Parts,0,4,0,4,2026-06-03 08:51:01
model3,2024-11-13,16,Technology,0,6,0,6,2026-06-03 08:51:01
model3,2024-11-13,17,Oil & Gas,0,2,0,2,2026-06-03 08:51:01
model3,2024-11-13,18,Telecommunications,0,1,0,1,2026-06-03 08:51:01
model3,2024-11-14,0,Industrial Goods & Services,1,31,1,33,2026-06-03 08:51:01
model3,2024-11-14,1,Food & Beverage,0,27,0,27,2026-06-03 08:51:01
model3,2024-11-14,2,Banks,0,12,0,12,2026-06-03 08:51:01
model3,2024-11-14,3,Construction & Materials,0,65,0,65,2026-06-03 08:51:01
model3,2024-11-14,4,Basic Resources,0,16,0,16,2026-06-03 08:51:01
model3,2024-11-14,5,Media,0,2,0,2,2026-06-03 08:51:01
model3,2024-11-14,6,Retail,0,6,0,6,2026-06-03 08:51:01
model3,2024-11-14,7,Personal & Household Goods,0,7,0,7,2026-06-03 08:51:01
model3,2024-11-14,8,Real Estate,0,24,0,24,2026-06-03 08:51:01
model3,2024-11-14,9,Health Care,0,13,0,13,2026-06-03 08:51:01
model3,2024-11-14,10,Financial Services,0,12,0,12,2026-06-03 08:51:01
model3,2024-11-14,11,Chemicals,0,17,0,17,2026-06-03 08:51:01
model3,2024-11-14,12,Travel & Leisure,0,8,0,8,2026-06-03 08:51:01
model3,2024-11-14,13,Utilities,0,23,0,23,2026-06-03 08:51:01
model3,2024-11-14,14,Insurance,0,5,0,5,2026-06-03 08:51:01
model3,2024-11-14,15,Automobiles & Parts,0,3,0,3,2026-06-03 08:51:01
model3,2024-11-14,16,Technology,0,6,0,6,2026-06-03 08:51:01
model3,2024-11-14,17,Oil & Gas,0,2,0,2,2026-06-03 08:51:01
model3,2024-11-14,18,Telecommunications,0,1,0,1,2026-06-03 08:51:01
model3,2024-11-15,0,Industrial Goods & Services,0,32,3,35,2026-06-03 08:51:01
model3,2024-11-15,1,Food & Beverage,0,32,0,32,2026-06-03 08:51:01
model3,2024-11-15,2,Banks,0,12,0,12,2026-06-03 08:51:01
model3,2024-11-15,3,Construction & Materials,0,72,2,74,2026-06-03 08:51:01
model3,2024-11-15,4,Basic Resources,1,17,0,18,2026-06-03 08:51:01
model3,2024-11-15,5,Media,0,4,0,4,2026-06-03 08:51:01
model3,2024-11-15,6,Retail,0,8,0,8,2026-06-03 08:51:01
model3,2024-11-15,7,Personal & Household Goods,1,11,0,12,2026-06-03 08:51:01
model3,2024-11-15,8,Real Estate,0,29,0,29,2026-06-03 08:51:01
model3,2024-11-15,9,Health Care,0,13,1,14,2026-06-03 08:51:01
model3,2024-11-15,10,Financial Services,0,12,0,12,2026-06-03 08:51:01
model3,2024-11-15,11,Chemicals,1,16,0,17,2026-06-03 08:51:01
model3,2024-11-15,12,Travel & Leisure,0,11,0,11,2026-06-03 08:51:01
model3,2024-11-15,13,Utilities,2,27,0,29,2026-06-03 08:51:01
model3,2024-11-15,14,Insurance,0,5,0,5,2026-06-03 08:51:01
model3,2024-11-15,15,Automobiles & Parts,0,4,0,4,2026-06-03 08:51:01
model3,2024-11-15,16,Technology,0,8,0,8,2026-06-03 08:51:01
model3,2024-11-15,17,Oil & Gas,0,2,0,2,2026-06-03 08:51:01
model3,2024-11-15,18,Telecommunications,0,1,0,1,2026-06-03 08:51:01
model3,2024-11-18,0,Industrial Goods & Services,0,29,1,30,2026-06-03 08:51:01
model3,2024-11-18,1,Food & Beverage,0,31,0,31,2026-06-03 08:51:01
model3,2024-11-18,2,Banks,0,12,0,12,2026-06-03 08:51:01
model3,2024-11-18,3,Construction & Materials,2,57,2,61,2026-06-03 08:51:01
model3,2024-11-18,4,Basic Resources,0,17,0,17,2026-06-03 08:51:01
model3,2024-11-18,5,Media,0,3,0,3,2026-06-03 08:51:01
model3,2024-11-18,6,Retail,0,6,0,6,2026-06-03 08:51:01
model3,2024-11-18,7,Personal & Household Goods,0,9,0,9,2026-06-03 08:51:01
model3,2024-11-18,8,Real Estate,0,22,1,23,2026-06-03 08:51:01
model3,2024-11-18,9,Health Care,0,13,1,14,2026-06-03 08:51:01
model3,2024-11-18,10,Financial Services,0,12,0,12,2026-06-03 08:51:01
model3,2024-11-18,11,Chemicals,1,16,0,17,2026-06-03 08:51:01
model3,2024-11-18,12,Travel & Leisure,0,8,0,8,2026-06-03 08:51:01
model3,2024-11-18,13,Utilities,0,29,2,31,2026-06-03 08:51:01
model3,2024-11-18,14,Insurance,0,4,0,4,2026-06-03 08:51:01
model3,2024-11-18,15,Automobiles & Parts,0,4,0,4,2026-06-03 08:51:01
model3,2024-11-18,16,Technology,0,5,0,5,2026-06-03 08:51:01
model3,2024-11-18,17,Oil & Gas,0,2,0,2,2026-06-03 08:51:01
model3,2024-11-18,18,Telecommunications,0,1,0,1,2026-06-03 08:51:01
model3,2024-11-19,0,Industrial Goods & Services,0,31,0,31,2026-06-03 08:51:01
model3,2024-11-19,1,Food & Beverage,0,30,0,30,2026-06-03 08:51:01
model3,2024-11-19,2,Banks,0,12,0,12,2026-06-03 08:51:01
model3,2024-11-19,3,Construction & Materials,1,60,1,62,2026-06-03 08:51:01
model3,2024-11-19,4,Basic Resources,0,18,0,18,2026-06-03 08:51:01
model3,2024-11-19,5,Media,0,3,0,3,2026-06-03 08:51:01
model3,2024-11-19,6,Retail,0,5,0,5,2026-06-03 08:51:01
model3,2024-11-19,7,Personal & Household Goods,0,6,0,6,2026-06-03 08:51:01
model3,2024-11-19,8,Real Estate,1,22,1,24,2026-06-03 08:51:01
model3,2024-11-19,9,Health Care,0,13,0,13,2026-06-03 08:51:01
model3,2024-11-19,10,Financial Services,0,12,0,12,2026-06-03 08:51:01
model3,2024-11-19,11,Chemicals,0,16,0,16,2026-06-03 08:51:01
model3,2024-11-19,12,Travel & Leisure,0,8,0,8,2026-06-03 08:51:01
model3,2024-11-19,13,Utilities,1,25,0,26,2026-06-03 08:51:01
model3,2024-11-19,14,Insurance,0,5,0,5,2026-06-03 08:51:01
model3,2024-11-19,15,Automobiles & Parts,0,3,0,3,2026-06-03 08:51:01
model3,2024-11-19,16,Technology,0,6,0,6,2026-06-03 08:51:01
model3,2024-11-19,17,Oil & Gas,0,2,0,2,2026-06-03 08:51:01
model3,2024-11-19,18,Telecommunications,0,1,0,1,2026-06-03 08:51:01
model3,2024-11-20,0,Industrial Goods & Services,0,29,0,29,2026-06-03 08:51:01
model3,2024-11-20,1,Food & Beverage,0,31,1,32,2026-06-03 08:51:01
model3,2024-11-20,2,Banks,0,12,0,12,2026-06-03 08:51:01
model3,2024-11-20,3,Construction & Materials,1,60,2,63,2026-06-03 08:51:01
model3,2024-11-20,4,Basic Resources,0,16,0,16,2026-06-03 08:51:01
model3,2024-11-20,5,Media,0,3,0,3,2026-06-03 08:51:01
model3,2024-11-20,6,Retail,0,7,0,7,2026-06-03 08:51:01
model3,2024-11-20,7,Personal & Household Goods,0,8,0,8,2026-06-03 08:51:01
model3,2024-11-20,8,Real Estate,0,25,1,26,2026-06-03 08:51:01
model3,2024-11-20,9,Health Care,0,14,0,14,2026-06-03 08:51:01
model3,2024-11-20,10,Financial Services,0,12,0,12,2026-06-03 08:51:01
model3,2024-11-20,11,Chemicals,0,16,0,16,2026-06-03 08:51:01
model3,2024-11-20,12,Travel & Leisure,0,9,0,9,2026-06-03 08:51:01
model3,2024-11-20,13,Utilities,0,24,1,25,2026-06-03 08:51:01
model3,2024-11-20,14,Insurance,0,4,0,4,2026-06-03 08:51:01
model3,2024-11-20,15,Automobiles & Parts,0,3,0,3,2026-06-03 08:51:01
model3,2024-11-20,16,Technology,0,6,0,6,2026-06-03 08:51:01
model3,2024-11-20,17,Oil & Gas,0,1,1,2,2026-06-03 08:51:01
model3,2024-11-20,18,Telecommunications,0,1,0,1,2026-06-03 08:51:01
model3,2024-11-21,0,Industrial Goods & Services,2,29,1,32,2026-06-03 08:51:01
model3,2024-11-21,1,Food & Beverage,1,30,0,31,2026-06-03 08:51:01
model3,2024-11-21,2,Banks,0,12,0,12,2026-06-03 08:51:01
model3,2024-11-21,3,Construction & Materials,0,56,1,57,2026-06-03 08:51:01
model3,2024-11-21,4,Basic Resources,1,16,1,18,2026-06-03 08:51:01
model3,2024-11-21,5,Media,0,3,0,3,2026-06-03 08:51:01
model3,2024-11-21,6,Retail,0,7,0,7,2026-06-03 08:51:01
model3,2024-11-21,7,Personal & Household Goods,0,10,0,10,2026-06-03 08:51:01
model3,2024-11-21,8,Real Estate,0,25,0,25,2026-06-03 08:51:01
model3,2024-11-21,9,Health Care,0,16,1,17,2026-06-03 08:51:01
model3,2024-11-21,10,Financial Services,0,11,0,11,2026-06-03 08:51:01
model3,2024-11-21,11,Chemicals,1,18,0,19,2026-06-03 08:51:01
model3,2024-11-21,12,Travel & Leisure,0,9,0,9,2026-06-03 08:51:01
model3,2024-11-21,13,Utilities,1,22,1,24,2026-06-03 08:51:01
model3,2024-11-21,14,Insurance,0,4,0,4,2026-06-03 08:51:01
model3,2024-11-21,15,Automobiles & Parts,0,3,0,3,2026-06-03 08:51:01
model3,2024-11-21,16,Technology,0,6,0,6,2026-06-03 08:51:01
model3,2024-11-21,17,Oil & Gas,0,2,0,2,2026-06-03 08:51:01
model3,2024-11-21,18,Telecommunications,0,1,0,1,2026-06-03 08:51:01
model3,2024-11-22,0,Industrial Goods & Services,1,34,1,36,2026-06-03 08:51:01
model3,2024-11-22,1,Food & Beverage,0,28,1,29,2026-06-03 08:51:01
model3,2024-11-22,2,Banks,0,12,0,12,2026-06-03 08:51:01
model3,2024-11-22,3,Construction & Materials,1,73,0,74,2026-06-03 08:51:01
model3,2024-11-22,4,Basic Resources,0,18,0,18,2026-06-03 08:51:01
model3,2024-11-22,5,Media,0,4,0,4,2026-06-03 08:51:01
model3,2024-11-22,6,Retail,0,5,0,5,2026-06-03 08:51:01
model3,2024-11-22,7,Personal & Household Goods,0,11,0,11,2026-06-03 08:51:01
model3,2024-11-22,8,Real Estate,0,30,0,30,2026-06-03 08:51:01
model3,2024-11-22,9,Health Care,0,15,0,15,2026-06-03 08:51:01
model3,2024-11-22,10,Financial Services,0,11,0,11,2026-06-03 08:51:01
model3,2024-11-22,11,Chemicals,0,19,1,20,2026-06-03 08:51:01
model3,2024-11-22,12,Travel & Leisure,1,8,0,9,2026-06-03 08:51:01
model3,2024-11-22,13,Utilities,1,21,2,24,2026-06-03 08:51:01
model3,2024-11-22,14,Insurance,0,5,0,5,2026-06-03 08:51:01
model3,2024-11-22,15,Automobiles & Parts,0,4,0,4,2026-06-03 08:51:01
model3,2024-11-22,16,Technology,0,7,0,7,2026-06-03 08:51:01
model3,2024-11-22,17,Oil & Gas,0,2,0,2,2026-06-03 08:51:01
model3,2024-11-22,18,Telecommunications,0,1,0,1,2026-06-03 08:51:01
model3,2024-11-25,0,Industrial Goods & Services,0,31,0,31,2026-06-03 08:51:01
model3,2024-11-25,1,Food & Beverage,1,32,0,33,2026-06-03 08:51:01
model3,2024-11-25,2,Banks,0,12,0,12,2026-06-03 08:51:01
model3,2024-11-25,3,Construction & Materials,0,67,0,67,2026-06-03 08:51:01
model3,2024-11-25,4,Basic Resources,0,15,0,15,2026-06-03 08:51:01
model3,2024-11-25,5,Media,0,5,0,5,2026-06-03 08:51:01
model3,2024-11-25,6,Retail,0,6,0,6,2026-06-03 08:51:01
model3,2024-11-25,7,Personal & Household Goods,0,8,1,9,2026-06-03 08:51:01
model3,2024-11-25,8,Real Estate,0,25,0,25,2026-06-03 08:51:01
model3,2024-11-25,9,Health Care,0,15,0,15,2026-06-03 08:51:01
model3,2024-11-25,10,Financial Services,0,12,0,12,2026-06-03 08:51:01
model3,2024-11-25,11,Chemicals,0,19,0,19,2026-06-03 08:51:01
model3,2024-11-25,12,Travel & Leisure,0,8,1,9,2026-06-03 08:51:01
model3,2024-11-25,13,Utilities,0,23,0,23,2026-06-03 08:51:01
model3,2024-11-25,14,Insurance,0,5,0,5,2026-06-03 08:51:01
model3,2024-11-25,15,Automobiles & Parts,0,3,0,3,2026-06-03 08:51:01
model3,2024-11-25,16,Technology,0,6,0,6,2026-06-03 08:51:01
model3,2024-11-25,17,Oil & Gas,0,2,0,2,2026-06-03 08:51:01
model3,2024-11-25,18,Telecommunications,0,1,0,1,2026-06-03 08:51:01
model3,2024-11-26,0,Industrial Goods & Services,0,31,3,34,2026-06-03 08:51:01
model3,2024-11-26,1,Food & Beverage,0,34,0,34,2026-06-03 08:51:01
model3,2024-11-26,2,Banks,0,12,0,12,2026-06-03 08:51:01
model3,2024-11-26,3,Construction & Materials,0,67,1,68,2026-06-03 08:51:01
model3,2024-11-26,4,Basic Resources,1,16,0,17,2026-06-03 08:51:01
model3,2024-11-26,5,Media,0,3,0,3,2026-06-03 08:51:01
model3,2024-11-26,6,Retail,0,6,1,7,2026-06-03 08:51:01
model3,2024-11-26,7,Personal & Household Goods,1,6,0,7,2026-06-03 08:51:01
model3,2024-11-26,8,Real Estate,0,25,0,25,2026-06-03 08:51:01
model3,2024-11-26,9,Health Care,0,13,1,14,2026-06-03 08:51:01
model3,2024-11-26,10,Financial Services,0,12,0,12,2026-06-03 08:51:01
model3,2024-11-26,11,Chemicals,0,17,1,18,2026-06-03 08:51:01
model3,2024-11-26,12,Travel & Leisure,0,10,0,10,2026-06-03 08:51:01
model3,2024-11-26,13,Utilities,0,25,1,26,2026-06-03 08:51:01
model3,2024-11-26,14,Insurance,0,5,0,5,2026-06-03 08:51:01
model3,2024-11-26,15,Automobiles & Parts,0,4,0,4,2026-06-03 08:51:01
model3,2024-11-26,16,Technology,0,7,0,7,2026-06-03 08:51:01
model3,2024-11-26,17,Oil & Gas,0,2,0,2,2026-06-03 08:51:01
model3,2024-11-26,18,Telecommunications,0,1,0,1,2026-06-03 08:51:01
model3,2024-11-27,0,Industrial Goods & Services,1,28,0,29,2026-06-03 08:51:01
model3,2024-11-27,1,Food & Beverage,0,31,0,31,2026-06-03 08:51:01
model3,2024-11-27,2,Banks,0,12,0,12,2026-06-03 08:51:01
model3,2024-11-27,3,Construction & Materials,0,62,0,62,2026-06-03 08:51:01
model3,2024-11-27,4,Basic Resources,0,17,0,17,2026-06-03 08:51:01
model3,2024-11-27,5,Media,0,3,0,3,2026-06-03 08:51:01
model3,2024-11-27,6,Retail,0,6,0,6,2026-06-03 08:51:01
model3,2024-11-27,7,Personal & Household Goods,0,9,1,10,2026-06-03 08:51:01
model3,2024-11-27,8,Real Estate,0,25,0,25,2026-06-03 08:51:01
model3,2024-11-27,9,Health Care,0,15,0,15,2026-06-03 08:51:01
model3,2024-11-27,10,Financial Services,0,12,0,12,2026-06-03 08:51:01
model3,2024-11-27,11,Chemicals,0,18,0,18,2026-06-03 08:51:01
model3,2024-11-27,12,Travel & Leisure,0,10,0,10,2026-06-03 08:51:01
model3,2024-11-27,13,Utilities,2,23,2,27,2026-06-03 08:51:01
model3,2024-11-27,14,Insurance,0,5,0,5,2026-06-03 08:51:01
model3,2024-11-27,15,Automobiles & Parts,0,3,0,3,2026-06-03 08:51:01
model3,2024-11-27,16,Technology,0,6,0,6,2026-06-03 08:51:01
model3,2024-11-27,17,Oil & Gas,0,2,0,2,2026-06-03 08:51:01
model3,2024-11-27,18,Telecommunications,0,1,0,1,2026-06-03 08:51:01
model3,2024-11-28,0,Industrial Goods & Services,0,34,0,34,2026-06-03 08:51:01
model3,2024-11-28,1,Food & Beverage,2,28,0,30,2026-06-03 08:51:01
model3,2024-11-28,2,Banks,0,12,0,12,2026-06-03 08:51:01
model3,2024-11-28,3,Construction & Materials,0,64,1,65,2026-06-03 08:51:01
model3,2024-11-28,4,Basic Resources,0,15,1,16,2026-06-03 08:51:01
model3,2024-11-28,5,Media,0,3,0,3,2026-06-03 08:51:01
model3,2024-11-28,6,Retail,0,6,0,6,2026-06-03 08:51:01
model3,2024-11-28,7,Personal & Household Goods,0,7,0,7,2026-06-03 08:51:01
model3,2024-11-28,8,Real Estate,0,26,0,26,2026-06-03 08:51:01
model3,2024-11-28,9,Health Care,1,14,0,15,2026-06-03 08:51:01
model3,2024-11-28,10,Financial Services,0,12,0,12,2026-06-03 08:51:01
model3,2024-11-28,11,Chemicals,0,16,0,16,2026-06-03 08:51:01
model3,2024-11-28,12,Travel & Leisure,0,9,0,9,2026-06-03 08:51:01
model3,2024-11-28,13,Utilities,0,23,2,25,2026-06-03 08:51:01
model3,2024-11-28,14,Insurance,0,4,0,4,2026-06-03 08:51:01
model3,2024-11-28,15,Automobiles & Parts,0,2,0,2,2026-06-03 08:51:01
model3,2024-11-28,16,Technology,0,5,0,5,2026-06-03 08:51:01
model3,2024-11-28,17,Oil & Gas,0,2,0,2,2026-06-03 08:51:01
model3,2024-11-28,18,Telecommunications,0,1,0,1,2026-06-03 08:51:01
model3,2024-11-29,0,Industrial Goods & Services,0,36,1,37,2026-06-03 08:51:01
model3,2024-11-29,1,Food & Beverage,0,36,0,36,2026-06-03 08:51:01
model3,2024-11-29,2,Banks,0,12,0,12,2026-06-03 08:51:01
model3,2024-11-29,3,Construction & Materials,0,75,0,75,2026-06-03 08:51:01
model3,2024-11-29,4,Basic Resources,0,17,0,17,2026-06-03 08:51:01
model3,2024-11-29,5,Media,0,4,0,4,2026-06-03 08:51:01
model3,2024-11-29,6,Retail,0,9,0,9,2026-06-03 08:51:01
model3,2024-11-29,7,Personal & Household Goods,0,11,0,11,2026-06-03 08:51:01
model3,2024-11-29,8,Real Estate,0,26,0,26,2026-06-03 08:51:01
model3,2024-11-29,9,Health Care,0,14,1,15,2026-06-03 08:51:01
model3,2024-11-29,10,Financial Services,0,12,0,12,2026-06-03 08:51:01
model3,2024-11-29,11,Chemicals,0,18,1,19,2026-06-03 08:51:01
model3,2024-11-29,12,Travel & Leisure,1,9,0,10,2026-06-03 08:51:01
model3,2024-11-29,13,Utilities,0,23,1,24,2026-06-03 08:51:01
model3,2024-11-29,14,Insurance,0,5,0,5,2026-06-03 08:51:01
model3,2024-11-29,15,Automobiles & Parts,0,4,0,4,2026-06-03 08:51:01
model3,2024-11-29,16,Technology,0,8,0,8,2026-06-03 08:51:01
model3,2024-11-29,17,Oil & Gas,0,2,0,2,2026-06-03 08:51:01
model3,2024-11-29,18,Telecommunications,0,1,0,1,2026-06-03 08:51:01
model3,2024-12-02,0,Industrial Goods & Services,0,32,1,33,2026-06-03 08:51:01
model3,2024-12-02,1,Food & Beverage,2,33,0,35,2026-06-03 08:51:01
model3,2024-12-02,2,Banks,0,12,0,12,2026-06-03 08:51:01
model3,2024-12-02,3,Construction & Materials,1,59,1,61,2026-06-03 08:51:01
model3,2024-12-02,4,Basic Resources,0,16,0,16,2026-06-03 08:51:01
model3,2024-12-02,5,Media,0,5,0,5,2026-06-03 08:51:01
model3,2024-12-02,6,Retail,0,6,0,6,2026-06-03 08:51:01
model3,2024-12-02,7,Personal & Household Goods,0,11,0,11,2026-06-03 08:51:01
model3,2024-12-02,8,Real Estate,0,23,2,25,2026-06-03 08:51:01
model3,2024-12-02,9,Health Care,0,17,0,17,2026-06-03 08:51:01
model3,2024-12-02,10,Financial Services,0,12,0,12,2026-06-03 08:51:01
model3,2024-12-02,11,Chemicals,0,18,0,18,2026-06-03 08:51:01
model3,2024-12-02,12,Travel & Leisure,0,9,0,9,2026-06-03 08:51:01
model3,2024-12-02,13,Utilities,0,20,5,25,2026-06-03 08:51:01
model3,2024-12-02,14,Insurance,0,5,0,5,2026-06-03 08:51:01
model3,2024-12-02,15,Automobiles & Parts,0,2,0,2,2026-06-03 08:51:01
model3,2024-12-02,16,Technology,0,6,0,6,2026-06-03 08:51:01
model3,2024-12-02,17,Oil & Gas,0,2,0,2,2026-06-03 08:51:01
model3,2024-12-02,18,Telecommunications,0,1,0,1,2026-06-03 08:51:01
model3,2024-12-03,0,Industrial Goods & Services,0,30,2,32,2026-06-03 08:51:01
model3,2024-12-03,1,Food & Beverage,0,32,0,32,2026-06-03 08:51:01
model3,2024-12-03,2,Banks,0,12,0,12,2026-06-03 08:51:01
model3,2024-12-03,3,Construction & Materials,0,63,1,64,2026-06-03 08:51:01
model3,2024-12-03,4,Basic Resources,1,15,0,16,2026-06-03 08:51:01
model3,2024-12-03,5,Media,0,1,2,3,2026-06-03 08:51:01
model3,2024-12-03,6,Retail,0,6,0,6,2026-06-03 08:51:01
model3,2024-12-03,7,Personal & Household Goods,0,9,0,9,2026-06-03 08:51:01
model3,2024-12-03,8,Real Estate,2,25,0,27,2026-06-03 08:51:01
model3,2024-12-03,9,Health Care,0,16,0,16,2026-06-03 08:51:01
model3,2024-12-03,10,Financial Services,0,12,0,12,2026-06-03 08:51:01
model3,2024-12-03,11,Chemicals,0,19,0,19,2026-06-03 08:51:01
model3,2024-12-03,12,Travel & Leisure,0,8,0,8,2026-06-03 08:51:01
model3,2024-12-03,13,Utilities,0,25,1,26,2026-06-03 08:51:01
model3,2024-12-03,14,Insurance,0,5,0,5,2026-06-03 08:51:01
model3,2024-12-03,15,Automobiles & Parts,0,4,0,4,2026-06-03 08:51:01
model3,2024-12-03,16,Technology,0,5,0,5,2026-06-03 08:51:01
model3,2024-12-03,17,Oil & Gas,0,1,0,1,2026-06-03 08:51:01
model3,2024-12-03,18,Telecommunications,0,1,0,1,2026-06-03 08:51:01
model3,2024-12-04,0,Industrial Goods & Services,0,29,0,29,2026-06-03 08:51:01
model3,2024-12-04,1,Food & Beverage,0,33,0,33,2026-06-03 08:51:01
model3,2024-12-04,2,Banks,0,12,0,12,2026-06-03 08:51:01
model3,2024-12-04,3,Construction & Materials,3,57,1,61,2026-06-03 08:51:01
model3,2024-12-04,4,Basic Resources,0,14,1,15,2026-06-03 08:51:01
model3,2024-12-04,5,Media,0,3,0,3,2026-06-03 08:51:01
model3,2024-12-04,6,Retail,0,6,0,6,2026-06-03 08:51:01
model3,2024-12-04,7,Personal & Household Goods,0,7,1,8,2026-06-03 08:51:01
model3,2024-12-04,8,Real Estate,0,23,1,24,2026-06-03 08:51:01
model3,2024-12-04,9,Health Care,0,15,0,15,2026-06-03 08:51:01
model3,2024-12-04,10,Financial Services,0,11,0,11,2026-06-03 08:51:01
model3,2024-12-04,11,Chemicals,0,18,0,18,2026-06-03 08:51:01
model3,2024-12-04,12,Travel & Leisure,0,8,0,8,2026-06-03 08:51:01
model3,2024-12-04,13,Utilities,0,26,1,27,2026-06-03 08:51:01
model3,2024-12-04,14,Insurance,0,3,0,3,2026-06-03 08:51:01
model3,2024-12-04,15,Automobiles & Parts,1,3,0,4,2026-06-03 08:51:01
model3,2024-12-04,16,Technology,0,5,0,5,2026-06-03 08:51:01
model3,2024-12-04,17,Oil & Gas,0,2,0,2,2026-06-03 08:51:01
model3,2024-12-04,18,Telecommunications,0,1,0,1,2026-06-03 08:51:01
model3,2024-12-05,0,Industrial Goods & Services,2,29,1,32,2026-06-03 08:51:01
model3,2024-12-05,1,Food & Beverage,0,34,0,34,2026-06-03 08:51:01
model3,2024-12-05,2,Banks,0,12,0,12,2026-06-03 08:51:01
model3,2024-12-05,3,Construction & Materials,0,63,3,66,2026-06-03 08:51:01
model3,2024-12-05,4,Basic Resources,0,16,0,16,2026-06-03 08:51:01
model3,2024-12-05,5,Media,0,3,0,3,2026-06-03 08:51:01
model3,2024-12-05,6,Retail,0,6,0,6,2026-06-03 08:51:01
model3,2024-12-05,7,Personal & Household Goods,0,9,0,9,2026-06-03 08:51:01
model3,2024-12-05,8,Real Estate,0,27,0,27,2026-06-03 08:51:01
model3,2024-12-05,9,Health Care,0,13,0,13,2026-06-03 08:51:01
model3,2024-12-05,10,Financial Services,0,12,0,12,2026-06-03 08:51:01
model3,2024-12-05,11,Chemicals,0,16,1,17,2026-06-03 08:51:01
model3,2024-12-05,12,Travel & Leisure,0,8,0,8,2026-06-03 08:51:01
model3,2024-12-05,13,Utilities,0,27,1,28,2026-06-03 08:51:01
model3,2024-12-05,14,Insurance,0,5,0,5,2026-06-03 08:51:01
model3,2024-12-05,15,Automobiles & Parts,0,4,0,4,2026-06-03 08:51:01
model3,2024-12-05,16,Technology,0,5,0,5,2026-06-03 08:51:01
model3,2024-12-05,17,Oil & Gas,0,2,0,2,2026-06-03 08:51:01
model3,2024-12-05,18,Telecommunications,0,1,0,1,2026-06-03 08:51:01
model3,2024-12-06,0,Industrial Goods & Services,0,35,0,35,2026-06-03 08:51:01
model3,2024-12-06,1,Food & Beverage,0,36,0,36,2026-06-03 08:51:01
model3,2024-12-06,2,Banks,0,12,0,12,2026-06-03 08:51:01
model3,2024-12-06,3,Construction & Materials,1,74,2,77,2026-06-03 08:51:01
model3,2024-12-06,4,Basic Resources,0,16,1,17,2026-06-03 08:51:01
model3,2024-12-06,5,Media,0,4,0,4,2026-06-03 08:51:01
model3,2024-12-06,6,Retail,0,10,0,10,2026-06-03 08:51:01
model3,2024-12-06,7,Personal & Household Goods,1,12,1,14,2026-06-03 08:51:01
model3,2024-12-06,8,Real Estate,0,29,1,30,2026-06-03 08:51:01
model3,2024-12-06,9,Health Care,0,14,0,14,2026-06-03 08:51:01
model3,2024-12-06,10,Financial Services,0,12,0,12,2026-06-03 08:51:01
model3,2024-12-06,11,Chemicals,0,15,0,15,2026-06-03 08:51:01
model3,2024-12-06,12,Travel & Leisure,1,8,2,11,2026-06-03 08:51:01
model3,2024-12-06,13,Utilities,0,26,1,27,2026-06-03 08:51:01
model3,2024-12-06,14,Insurance,0,5,0,5,2026-06-03 08:51:01
model3,2024-12-06,15,Automobiles & Parts,0,4,0,4,2026-06-03 08:51:01
model3,2024-12-06,16,Technology,0,7,1,8,2026-06-03 08:51:01
model3,2024-12-06,17,Oil & Gas,0,1,0,1,2026-06-03 08:51:01
model3,2024-12-06,18,Telecommunications,0,1,0,1,2026-06-03 08:51:01
model3,2024-12-09,0,Industrial Goods & Services,0,34,0,34,2026-06-03 08:51:01
model3,2024-12-09,1,Food & Beverage,0,32,0,32,2026-06-03 08:51:01
model3,2024-12-09,2,Banks,0,12,0,12,2026-06-03 08:51:01
model3,2024-12-09,3,Construction & Materials,0,61,3,64,2026-06-03 08:51:01
model3,2024-12-09,4,Basic Resources,0,17,1,18,2026-06-03 08:51:01
model3,2024-12-09,5,Media,0,4,0,4,2026-06-03 08:51:01
model3,2024-12-09,6,Retail,0,6,0,6,2026-06-03 08:51:01
model3,2024-12-09,7,Personal & Household Goods,0,10,0,10,2026-06-03 08:51:01
model3,2024-12-09,8,Real Estate,0,27,1,28,2026-06-03 08:51:01
model3,2024-12-09,9,Health Care,0,15,0,15,2026-06-03 08:51:01
model3,2024-12-09,10,Financial Services,0,12,0,12,2026-06-03 08:51:01
model3,2024-12-09,11,Chemicals,0,16,0,16,2026-06-03 08:51:01
model3,2024-12-09,12,Travel & Leisure,0,7,2,9,2026-06-03 08:51:01
model3,2024-12-09,13,Utilities,0,25,1,26,2026-06-03 08:51:01
model3,2024-12-09,14,Insurance,0,5,0,5,2026-06-03 08:51:01
model3,2024-12-09,15,Automobiles & Parts,0,4,0,4,2026-06-03 08:51:01
model3,2024-12-09,16,Technology,0,6,1,7,2026-06-03 08:51:01
model3,2024-12-09,17,Oil & Gas,0,2,0,2,2026-06-03 08:51:01
model3,2024-12-09,18,Telecommunications,0,1,0,1,2026-06-03 08:51:01
model3,2024-12-10,0,Industrial Goods & Services,1,30,0,31,2026-06-03 08:51:01
model3,2024-12-10,1,Food & Beverage,0,35,1,36,2026-06-03 08:51:01
model3,2024-12-10,2,Banks,0,12,0,12,2026-06-03 08:51:01
model3,2024-12-10,3,Construction & Materials,0,64,1,65,2026-06-03 08:51:01
model3,2024-12-10,4,Basic Resources,0,19,0,19,2026-06-03 08:51:01
model3,2024-12-10,5,Media,0,3,0,3,2026-06-03 08:51:01
model3,2024-12-10,6,Retail,0,6,0,6,2026-06-03 08:51:01
model3,2024-12-10,7,Personal & Household Goods,0,9,0,9,2026-06-03 08:51:01
model3,2024-12-10,8,Real Estate,0,28,0,28,2026-06-03 08:51:01
model3,2024-12-10,9,Health Care,1,14,0,15,2026-06-03 08:51:01
model3,2024-12-10,10,Financial Services,0,12,0,12,2026-06-03 08:51:01
model3,2024-12-10,11,Chemicals,0,18,0,18,2026-06-03 08:51:01
model3,2024-12-10,12,Travel & Leisure,0,9,0,9,2026-06-03 08:51:01
model3,2024-12-10,13,Utilities,0,22,1,23,2026-06-03 08:51:01
model3,2024-12-10,14,Insurance,0,5,0,5,2026-06-03 08:51:01
model3,2024-12-10,15,Automobiles & Parts,0,4,0,4,2026-06-03 08:51:01
model3,2024-12-10,16,Technology,0,8,0,8,2026-06-03 08:51:01
model3,2024-12-10,17,Oil & Gas,0,2,0,2,2026-06-03 08:51:01
model3,2024-12-10,18,Telecommunications,0,1,0,1,2026-06-03 08:51:01
model3,2024-12-11,0,Industrial Goods & Services,0,29,0,29,2026-06-03 08:51:01
model3,2024-12-11,1,Food & Beverage,0,33,0,33,2026-06-03 08:51:01
model3,2024-12-11,2,Banks,0,10,0,10,2026-06-03 08:51:01
model3,2024-12-11,3,Construction & Materials,0,61,1,62,2026-06-03 08:51:01
model3,2024-12-11,4,Basic Resources,0,20,0,20,2026-06-03 08:51:01
model3,2024-12-11,5,Media,0,3,0,3,2026-06-03 08:51:01
model3,2024-12-11,6,Retail,0,6,0,6,2026-06-03 08:51:01
model3,2024-12-11,7,Personal & Household Goods,0,10,0,10,2026-06-03 08:51:01
model3,2024-12-11,8,Real Estate,0,24,0,24,2026-06-03 08:51:01
model3,2024-12-11,9,Health Care,0,14,0,14,2026-06-03 08:51:01
model3,2024-12-11,10,Financial Services,0,12,0,12,2026-06-03 08:51:01
model3,2024-12-11,11,Chemicals,0,18,0,18,2026-06-03 08:51:01
model3,2024-12-11,12,Travel & Leisure,0,8,0,8,2026-06-03 08:51:01
model3,2024-12-11,13,Utilities,0,27,1,28,2026-06-03 08:51:01
model3,2024-12-11,14,Insurance,0,5,0,5,2026-06-03 08:51:01
model3,2024-12-11,15,Automobiles & Parts,0,3,0,3,2026-06-03 08:51:01
model3,2024-12-11,16,Technology,0,5,1,6,2026-06-03 08:51:01
model3,2024-12-11,17,Oil & Gas,0,2,0,2,2026-06-03 08:51:01
model3,2024-12-11,18,Telecommunications,0,1,0,1,2026-06-03 08:51:01
model3,2024-12-12,0,Industrial Goods & Services,0,29,2,31,2026-06-03 08:51:01
model3,2024-12-12,1,Food & Beverage,1,30,0,31,2026-06-03 08:51:01
model3,2024-12-12,2,Banks,0,12,0,12,2026-06-03 08:51:01
model3,2024-12-12,3,Construction & Materials,0,63,0,63,2026-06-03 08:51:01
model3,2024-12-12,4,Basic Resources,0,18,0,18,2026-06-03 08:51:01
model3,2024-12-12,5,Media,0,3,0,3,2026-06-03 08:51:01
model3,2024-12-12,6,Retail,0,6,0,6,2026-06-03 08:51:01
model3,2024-12-12,7,Personal & Household Goods,0,9,0,9,2026-06-03 08:51:01
model3,2024-12-12,8,Real Estate,0,27,0,27,2026-06-03 08:51:01
model3,2024-12-12,9,Health Care,0,16,0,16,2026-06-03 08:51:01
model3,2024-12-12,10,Financial Services,0,12,0,12,2026-06-03 08:51:01
model3,2024-12-12,11,Chemicals,0,16,0,16,2026-06-03 08:51:01
model3,2024-12-12,12,Travel & Leisure,0,8,1,9,2026-06-03 08:51:01
model3,2024-12-12,13,Utilities,0,23,1,24,2026-06-03 08:51:01
model3,2024-12-12,14,Insurance,0,5,0,5,2026-06-03 08:51:01
model3,2024-12-12,15,Automobiles & Parts,0,3,0,3,2026-06-03 08:51:01
model3,2024-12-12,16,Technology,0,6,0,6,2026-06-03 08:51:01
model3,2024-12-12,17,Oil & Gas,0,2,0,2,2026-06-03 08:51:01
model3,2024-12-12,18,Telecommunications,0,1,0,1,2026-06-03 08:51:01
model3,2024-12-13,0,Industrial Goods & Services,0,38,1,39,2026-06-03 08:51:01
model3,2024-12-13,1,Food & Beverage,0,37,0,37,2026-06-03 08:51:01
model3,2024-12-13,2,Banks,0,12,0,12,2026-06-03 08:51:01
model3,2024-12-13,3,Construction & Materials,0,70,1,71,2026-06-03 08:51:01
model3,2024-12-13,4,Basic Resources,0,17,2,19,2026-06-03 08:51:01
model3,2024-12-13,5,Media,0,3,0,3,2026-06-03 08:51:01
model3,2024-12-13,6,Retail,1,6,1,8,2026-06-03 08:51:01
model3,2024-12-13,7,Personal & Household Goods,0,10,0,10,2026-06-03 08:51:01
model3,2024-12-13,8,Real Estate,0,28,1,29,2026-06-03 08:51:01
model3,2024-12-13,9,Health Care,1,14,1,16,2026-06-03 08:51:01
model3,2024-12-13,10,Financial Services,0,11,0,11,2026-06-03 08:51:01
model3,2024-12-13,11,Chemicals,0,18,0,18,2026-06-03 08:51:01
model3,2024-12-13,12,Travel & Leisure,0,10,0,10,2026-06-03 08:51:01
model3,2024-12-13,13,Utilities,0,28,0,28,2026-06-03 08:51:01
model3,2024-12-13,14,Insurance,0,5,0,5,2026-06-03 08:51:01
model3,2024-12-13,15,Automobiles & Parts,0,4,0,4,2026-06-03 08:51:01
model3,2024-12-13,16,Technology,0,6,0,6,2026-06-03 08:51:01
model3,2024-12-13,17,Oil & Gas,0,2,0,2,2026-06-03 08:51:01
model3,2024-12-16,0,Industrial Goods & Services,0,32,1,33,2026-06-03 08:51:01
model3,2024-12-16,1,Food & Beverage,1,31,1,33,2026-06-03 08:51:01
model3,2024-12-16,2,Banks,0,11,0,11,2026-06-03 08:51:01
model3,2024-12-16,3,Construction & Materials,0,64,0,64,2026-06-03 08:51:01
model3,2024-12-16,4,Basic Resources,0,19,1,20,2026-06-03 08:51:01
model3,2024-12-16,5,Media,0,5,0,5,2026-06-03 08:51:01
model3,2024-12-16,6,Retail,0,4,0,4,2026-06-03 08:51:01
model3,2024-12-16,7,Personal & Household Goods,0,8,0,8,2026-06-03 08:51:01
model3,2024-12-16,8,Real Estate,0,23,1,24,2026-06-03 08:51:01
model3,2024-12-16,9,Health Care,0,16,0,16,2026-06-03 08:51:01
model3,2024-12-16,10,Financial Services,0,12,0,12,2026-06-03 08:51:01
model3,2024-12-16,11,Chemicals,0,16,0,16,2026-06-03 08:51:01
model3,2024-12-16,12,Travel & Leisure,0,8,0,8,2026-06-03 08:51:01
model3,2024-12-16,13,Utilities,0,27,2,29,2026-06-03 08:51:01
model3,2024-12-16,14,Insurance,0,5,0,5,2026-06-03 08:51:01
model3,2024-12-16,15,Automobiles & Parts,0,3,0,3,2026-06-03 08:51:01
model3,2024-12-16,16,Technology,0,5,0,5,2026-06-03 08:51:01
model3,2024-12-16,17,Oil & Gas,0,2,0,2,2026-06-03 08:51:01
model3,2024-12-16,18,Telecommunications,0,1,0,1,2026-06-03 08:51:01
model3,2024-12-17,0,Industrial Goods & Services,0,30,0,30,2026-06-03 08:51:01
model3,2024-12-17,1,Food & Beverage,0,32,0,32,2026-06-03 08:51:01
model3,2024-12-17,2,Banks,0,12,0,12,2026-06-03 08:51:01
model3,2024-12-17,3,Construction & Materials,1,61,2,64,2026-06-03 08:51:01
model3,2024-12-17,4,Basic Resources,0,18,1,19,2026-06-03 08:51:01
model3,2024-12-17,5,Media,0,3,0,3,2026-06-03 08:51:01
model3,2024-12-17,6,Retail,0,7,0,7,2026-06-03 08:51:01
model3,2024-12-17,7,Personal & Household Goods,0,9,1,10,2026-06-03 08:51:01
model3,2024-12-17,8,Real Estate,0,24,1,25,2026-06-03 08:51:01
model3,2024-12-17,9,Health Care,1,16,0,17,2026-06-03 08:51:01
model3,2024-12-17,10,Financial Services,0,12,0,12,2026-06-03 08:51:01
model3,2024-12-17,11,Chemicals,0,17,0,17,2026-06-03 08:51:01
model3,2024-12-17,12,Travel & Leisure,0,8,0,8,2026-06-03 08:51:01
model3,2024-12-17,13,Utilities,0,21,1,22,2026-06-03 08:51:01
model3,2024-12-17,14,Insurance,0,5,0,5,2026-06-03 08:51:01
model3,2024-12-17,15,Automobiles & Parts,0,3,0,3,2026-06-03 08:51:01
model3,2024-12-17,16,Technology,0,6,0,6,2026-06-03 08:51:01
model3,2024-12-17,17,Oil & Gas,0,2,0,2,2026-06-03 08:51:01
model3,2024-12-17,18,Telecommunications,0,1,0,1,2026-06-03 08:51:01
model3,2024-12-18,0,Industrial Goods & Services,0,29,0,29,2026-06-03 08:51:01
model3,2024-12-18,1,Food & Beverage,0,31,0,31,2026-06-03 08:51:01
model3,2024-12-18,2,Banks,0,12,0,12,2026-06-03 08:51:01
model3,2024-12-18,3,Construction & Materials,0,64,1,65,2026-06-03 08:51:01
model3,2024-12-18,4,Basic Resources,0,17,1,18,2026-06-03 08:51:01
model3,2024-12-18,5,Media,0,4,0,4,2026-06-03 08:51:01
model3,2024-12-18,6,Retail,0,7,0,7,2026-06-03 08:51:01
model3,2024-12-18,7,Personal & Household Goods,0,9,0,9,2026-06-03 08:51:01
model3,2024-12-18,8,Real Estate,0,27,1,28,2026-06-03 08:51:01
model3,2024-12-18,9,Health Care,0,15,0,15,2026-06-03 08:51:01
model3,2024-12-18,10,Financial Services,0,12,0,12,2026-06-03 08:51:01
model3,2024-12-18,11,Chemicals,0,14,0,14,2026-06-03 08:51:01
model3,2024-12-18,12,Travel & Leisure,0,8,0,8,2026-06-03 08:51:01
model3,2024-12-18,13,Utilities,0,25,2,27,2026-06-03 08:51:01
model3,2024-12-18,14,Insurance,0,5,0,5,2026-06-03 08:51:01
model3,2024-12-18,15,Automobiles & Parts,0,3,0,3,2026-06-03 08:51:01
model3,2024-12-18,16,Technology,0,6,0,6,2026-06-03 08:51:01
model3,2024-12-18,17,Oil & Gas,0,2,0,2,2026-06-03 08:51:01
model3,2024-12-18,18,Telecommunications,0,1,0,1,2026-06-03 08:51:01
model3,2024-12-19,0,Industrial Goods & Services,1,31,0,32,2026-06-03 08:51:01
model3,2024-12-19,1,Food & Beverage,0,31,0,31,2026-06-03 08:51:01
model3,2024-12-19,2,Banks,0,12,0,12,2026-06-03 08:51:01
model3,2024-12-19,3,Construction & Materials,1,65,2,68,2026-06-03 08:51:01
model3,2024-12-19,4,Basic Resources,0,17,1,18,2026-06-03 08:51:01
model3,2024-12-19,5,Media,0,2,0,2,2026-06-03 08:51:01
model3,2024-12-19,6,Retail,0,6,0,6,2026-06-03 08:51:01
model3,2024-12-19,7,Personal & Household Goods,0,8,1,9,2026-06-03 08:51:01
model3,2024-12-19,8,Real Estate,0,25,1,26,2026-06-03 08:51:01
model3,2024-12-19,9,Health Care,0,14,0,14,2026-06-03 08:51:01
model3,2024-12-19,10,Financial Services,0,11,0,11,2026-06-03 08:51:01
model3,2024-12-19,11,Chemicals,0,17,0,17,2026-06-03 08:51:01
model3,2024-12-19,12,Travel & Leisure,0,8,1,9,2026-06-03 08:51:01
model3,2024-12-19,13,Utilities,0,20,0,20,2026-06-03 08:51:01
model3,2024-12-19,14,Insurance,0,5,0,5,2026-06-03 08:51:01
model3,2024-12-19,15,Automobiles & Parts,0,5,1,6,2026-06-03 08:51:01
model3,2024-12-19,16,Technology,0,6,0,6,2026-06-03 08:51:01
model3,2024-12-19,17,Oil & Gas,0,2,0,2,2026-06-03 08:51:01
model3,2024-12-19,18,Telecommunications,0,1,0,1,2026-06-03 08:51:01
model3,2024-12-20,0,Industrial Goods & Services,0,30,1,31,2026-06-03 08:51:01
model3,2024-12-20,1,Food & Beverage,0,35,0,35,2026-06-03 08:51:01
model3,2024-12-20,2,Banks,0,11,0,11,2026-06-03 08:51:01
model3,2024-12-20,3,Construction & Materials,0,73,0,73,2026-06-03 08:51:01
model3,2024-12-20,4,Basic Resources,0,20,1,21,2026-06-03 08:51:01
model3,2024-12-20,5,Media,0,3,0,3,2026-06-03 08:51:01
model3,2024-12-20,6,Retail,0,8,0,8,2026-06-03 08:51:01
model3,2024-12-20,7,Personal & Household Goods,0,9,0,9,2026-06-03 08:51:01
model3,2024-12-20,8,Real Estate,0,29,1,30,2026-06-03 08:51:01
model3,2024-12-20,9,Health Care,0,16,0,16,2026-06-03 08:51:01
model3,2024-12-20,10,Financial Services,0,11,0,11,2026-06-03 08:51:01
model3,2024-12-20,11,Chemicals,0,17,0,17,2026-06-03 08:51:01
model3,2024-12-20,12,Travel & Leisure,0,9,0,9,2026-06-03 08:51:01
model3,2024-12-20,13,Utilities,0,26,0,26,2026-06-03 08:51:01
model3,2024-12-20,14,Insurance,0,5,0,5,2026-06-03 08:51:01
model3,2024-12-20,15,Automobiles & Parts,0,3,0,3,2026-06-03 08:51:01
model3,2024-12-20,16,Technology,0,8,1,9,2026-06-03 08:51:01
model3,2024-12-20,17,Oil & Gas,0,2,0,2,2026-06-03 08:51:01
model3,2024-12-20,18,Telecommunications,0,1,0,1,2026-06-03 08:51:01
model3,2024-12-23,0,Industrial Goods & Services,0,28,0,28,2026-06-03 08:51:01
model3,2024-12-23,1,Food & Beverage,0,29,1,30,2026-06-03 08:51:01
model3,2024-12-23,2,Banks,0,12,0,12,2026-06-03 08:51:01
model3,2024-12-23,3,Construction & Materials,1,65,1,67,2026-06-03 08:51:01
model3,2024-12-23,4,Basic Resources,0,17,1,18,2026-06-03 08:51:01
model3,2024-12-23,5,Media,0,3,0,3,2026-06-03 08:51:01
model3,2024-12-23,6,Retail,0,6,0,6,2026-06-03 08:51:01
model3,2024-12-23,7,Personal & Household Goods,0,8,0,8,2026-06-03 08:51:01
model3,2024-12-23,8,Real Estate,0,27,1,28,2026-06-03 08:51:01
model3,2024-12-23,9,Health Care,0,14,0,14,2026-06-03 08:51:01
model3,2024-12-23,10,Financial Services,0,12,0,12,2026-06-03 08:51:01
model3,2024-12-23,11,Chemicals,0,18,0,18,2026-06-03 08:51:01
model3,2024-12-23,12,Travel & Leisure,0,8,0,8,2026-06-03 08:51:01
model3,2024-12-23,13,Utilities,0,30,1,31,2026-06-03 08:51:01
model3,2024-12-23,14,Insurance,0,5,0,5,2026-06-03 08:51:01
model3,2024-12-23,15,Automobiles & Parts,0,2,0,2,2026-06-03 08:51:01
model3,2024-12-23,16,Technology,0,7,0,7,2026-06-03 08:51:01
model3,2024-12-23,17,Oil & Gas,0,2,0,2,2026-06-03 08:51:01
model3,2024-12-23,18,Telecommunications,0,1,0,1,2026-06-03 08:51:01
model3,2024-12-24,0,Industrial Goods & Services,0,32,1,33,2026-06-03 08:51:01
model3,2024-12-24,1,Food & Beverage,0,32,0,32,2026-06-03 08:51:01
model3,2024-12-24,2,Banks,0,12,0,12,2026-06-03 08:51:01
model3,2024-12-24,3,Construction & Materials,1,62,3,66,2026-06-03 08:51:01
model3,2024-12-24,4,Basic Resources,0,17,0,17,2026-06-03 08:51:01
model3,2024-12-24,5,Media,0,5,0,5,2026-06-03 08:51:01
model3,2024-12-24,6,Retail,0,6,0,6,2026-06-03 08:51:01
model3,2024-12-24,7,Personal & Household Goods,0,7,1,8,2026-06-03 08:51:01
model3,2024-12-24,8,Real Estate,0,27,0,27,2026-06-03 08:51:01
model3,2024-12-24,9,Health Care,0,16,0,16,2026-06-03 08:51:01
model3,2024-12-24,10,Financial Services,0,12,0,12,2026-06-03 08:51:01
model3,2024-12-24,11,Chemicals,0,17,0,17,2026-06-03 08:51:01
model3,2024-12-24,12,Travel & Leisure,0,8,0,8,2026-06-03 08:51:01
model3,2024-12-24,13,Utilities,1,24,1,26,2026-06-03 08:51:01
model3,2024-12-24,14,Insurance,0,4,1,5,2026-06-03 08:51:01
model3,2024-12-24,15,Automobiles & Parts,0,2,0,2,2026-06-03 08:51:01
model3,2024-12-24,16,Technology,0,7,0,7,2026-06-03 08:51:01
model3,2024-12-24,17,Oil & Gas,0,1,0,1,2026-06-03 08:51:01
model3,2024-12-24,18,Telecommunications,0,1,0,1,2026-06-03 08:51:01
model3,2024-12-25,0,Industrial Goods & Services,0,30,3,33,2026-06-03 08:51:01
model3,2024-12-25,1,Food & Beverage,0,30,0,30,2026-06-03 08:51:01
model3,2024-12-25,2,Banks,0,12,0,12,2026-06-03 08:51:01
model3,2024-12-25,3,Construction & Materials,2,65,2,69,2026-06-03 08:51:01
model3,2024-12-25,4,Basic Resources,0,18,2,20,2026-06-03 08:51:01
model3,2024-12-25,5,Media,0,4,0,4,2026-06-03 08:51:01
model3,2024-12-25,6,Retail,0,6,0,6,2026-06-03 08:51:01
model3,2024-12-25,7,Personal & Household Goods,0,9,0,9,2026-06-03 08:51:01
model3,2024-12-25,8,Real Estate,0,28,0,28,2026-06-03 08:51:01
model3,2024-12-25,9,Health Care,0,19,0,19,2026-06-03 08:51:01
model3,2024-12-25,10,Financial Services,0,12,0,12,2026-06-03 08:51:01
model3,2024-12-25,11,Chemicals,0,17,0,17,2026-06-03 08:51:01
model3,2024-12-25,12,Travel & Leisure,0,7,0,7,2026-06-03 08:51:01
model3,2024-12-25,13,Utilities,0,30,1,31,2026-06-03 08:51:01
model3,2024-12-25,14,Insurance,0,5,0,5,2026-06-03 08:51:01
model3,2024-12-25,15,Automobiles & Parts,0,3,1,4,2026-06-03 08:51:01
model3,2024-12-25,16,Technology,0,6,0,6,2026-06-03 08:51:01
model3,2024-12-25,17,Oil & Gas,0,2,0,2,2026-06-03 08:51:01
model3,2024-12-25,18,Telecommunications,0,1,0,1,2026-06-03 08:51:01
model3,2024-12-26,0,Industrial Goods & Services,0,34,3,37,2026-06-03 08:51:01
model3,2024-12-26,1,Food & Beverage,0,34,0,34,2026-06-03 08:51:01
model3,2024-12-26,2,Banks,0,12,0,12,2026-06-03 08:51:01
model3,2024-12-26,3,Construction & Materials,1,67,0,68,2026-06-03 08:51:01
model3,2024-12-26,4,Basic Resources,0,16,1,17,2026-06-03 08:51:01
model3,2024-12-26,5,Media,0,4,0,4,2026-06-03 08:51:01
model3,2024-12-26,6,Retail,0,6,0,6,2026-06-03 08:51:01
model3,2024-12-26,7,Personal & Household Goods,0,8,1,9,2026-06-03 08:51:01
model3,2024-12-26,8,Real Estate,0,24,1,25,2026-06-03 08:51:01
model3,2024-12-26,9,Health Care,0,16,1,17,2026-06-03 08:51:01
model3,2024-12-26,10,Financial Services,0,10,0,10,2026-06-03 08:51:01
model3,2024-12-26,11,Chemicals,0,19,0,19,2026-06-03 08:51:01
model3,2024-12-26,12,Travel & Leisure,0,9,0,9,2026-06-03 08:51:01
model3,2024-12-26,13,Utilities,0,27,1,28,2026-06-03 08:51:01
model3,2024-12-26,14,Insurance,0,5,0,5,2026-06-03 08:51:01
model3,2024-12-26,15,Automobiles & Parts,0,3,1,4,2026-06-03 08:51:01
model3,2024-12-26,16,Technology,0,7,0,7,2026-06-03 08:51:01
model3,2024-12-26,17,Oil & Gas,0,2,0,2,2026-06-03 08:51:01
model3,2024-12-26,18,Telecommunications,0,1,0,1,2026-06-03 08:51:01
model3,2024-12-27,0,Industrial Goods & Services,0,34,0,34,2026-06-03 08:51:01
model3,2024-12-27,1,Food & Beverage,0,34,0,34,2026-06-03 08:51:01
model3,2024-12-27,2,Banks,0,12,0,12,2026-06-03 08:51:01
model3,2024-12-27,3,Construction & Materials,0,77,1,78,2026-06-03 08:51:01
model3,2024-12-27,4,Basic Resources,0,20,2,22,2026-06-03 08:51:01
model3,2024-12-27,5,Media,0,4,0,4,2026-06-03 08:51:01
model3,2024-12-27,6,Retail,0,9,0,9,2026-06-03 08:51:01
model3,2024-12-27,7,Personal & Household Goods,0,11,0,11,2026-06-03 08:51:01
model3,2024-12-27,8,Real Estate,0,27,1,28,2026-06-03 08:51:01
model3,2024-12-27,9,Health Care,0,16,0,16,2026-06-03 08:51:01
model3,2024-12-27,10,Financial Services,0,11,0,11,2026-06-03 08:51:01
model3,2024-12-27,11,Chemicals,1,18,1,20,2026-06-03 08:51:01
model3,2024-12-27,12,Travel & Leisure,0,10,1,11,2026-06-03 08:51:01
model3,2024-12-27,13,Utilities,0,24,0,24,2026-06-03 08:51:01
model3,2024-12-27,14,Insurance,0,5,0,5,2026-06-03 08:51:01
model3,2024-12-27,15,Automobiles & Parts,0,3,0,3,2026-06-03 08:51:01
model3,2024-12-27,16,Technology,0,7,0,7,2026-06-03 08:51:01
model3,2024-12-27,17,Oil & Gas,0,2,0,2,2026-06-03 08:51:01
model3,2024-12-27,18,Telecommunications,0,1,0,1,2026-06-03 08:51:01
model3,2024-12-30,0,Industrial Goods & Services,0,32,2,34,2026-06-03 08:51:01
model3,2024-12-30,1,Food & Beverage,0,33,1,34,2026-06-03 08:51:01
model3,2024-12-30,2,Banks,0,12,0,12,2026-06-03 08:51:01
model3,2024-12-30,3,Construction & Materials,0,58,3,61,2026-06-03 08:51:01
model3,2024-12-30,4,Basic Resources,0,15,1,16,2026-06-03 08:51:01
model3,2024-12-30,5,Media,0,4,0,4,2026-06-03 08:51:01
model3,2024-12-30,6,Retail,0,6,0,6,2026-06-03 08:51:01
model3,2024-12-30,7,Personal & Household Goods,0,7,0,7,2026-06-03 08:51:01
model3,2024-12-30,8,Real Estate,0,26,0,26,2026-06-03 08:51:01
model3,2024-12-30,9,Health Care,0,15,0,15,2026-06-03 08:51:01
model3,2024-12-30,10,Financial Services,0,12,0,12,2026-06-03 08:51:01
model3,2024-12-30,11,Chemicals,0,19,0,19,2026-06-03 08:51:01
model3,2024-12-30,12,Travel & Leisure,0,7,1,8,2026-06-03 08:51:01
model3,2024-12-30,13,Utilities,0,26,0,26,2026-06-03 08:51:01
model3,2024-12-30,14,Insurance,0,4,0,4,2026-06-03 08:51:01
model3,2024-12-30,15,Automobiles & Parts,0,2,0,2,2026-06-03 08:51:01
model3,2024-12-30,16,Technology,0,6,0,6,2026-06-03 08:51:01
model3,2024-12-30,17,Oil & Gas,0,2,0,2,2026-06-03 08:51:01
model3,2024-12-30,18,Telecommunications,0,1,0,1,2026-06-03 08:51:01
model3,2024-12-31,0,Industrial Goods & Services,0,31,1,32,2026-06-03 08:51:01
model3,2024-12-31,1,Food & Beverage,0,31,0,31,2026-06-03 08:51:01
model3,2024-12-31,2,Banks,0,12,0,12,2026-06-03 08:51:01
model3,2024-12-31,3,Construction & Materials,0,60,3,63,2026-06-03 08:51:01
model3,2024-12-31,4,Basic Resources,0,17,2,19,2026-06-03 08:51:01
model3,2024-12-31,5,Media,0,4,0,4,2026-06-03 08:51:01
model3,2024-12-31,6,Retail,0,7,0,7,2026-06-03 08:51:01
model3,2024-12-31,7,Personal & Household Goods,0,7,2,9,2026-06-03 08:51:01
model3,2024-12-31,8,Real Estate,0,25,1,26,2026-06-03 08:51:01
model3,2024-12-31,9,Health Care,0,15,0,15,2026-06-03 08:51:01
model3,2024-12-31,10,Financial Services,0,12,0,12,2026-06-03 08:51:01
model3,2024-12-31,11,Chemicals,0,17,1,18,2026-06-03 08:51:01
model3,2024-12-31,12,Travel & Leisure,0,6,0,6,2026-06-03 08:51:01
model3,2024-12-31,13,Utilities,0,25,1,26,2026-06-03 08:51:01
model3,2024-12-31,14,Insurance,0,4,0,4,2026-06-03 08:51:01
model3,2024-12-31,15,Automobiles & Parts,0,3,0,3,2026-06-03 08:51:01
model3,2024-12-31,16,Technology,0,7,0,7,2026-06-03 08:51:01
model3,2024-12-31,17,Oil & Gas,0,2,0,2,2026-06-03 08:51:01
model3,2024-12-31,18,Telecommunications,0,1,0,1,2026-06-03 08:51:01
model3,2025-01-02,0,Industrial Goods & Services,0,32,1,33,2026-06-03 08:51:01
model3,2025-01-02,1,Food & Beverage,0,32,2,34,2026-06-03 08:51:01
model3,2025-01-02,2,Banks,0,12,0,12,2026-06-03 08:51:01
model3,2025-01-02,3,Construction & Materials,0,61,2,63,2026-06-03 08:51:01
model3,2025-01-02,4,Basic Resources,1,18,1,20,2026-06-03 08:51:01
model3,2025-01-02,5,Media,0,5,0,5,2026-06-03 08:51:01
model3,2025-01-02,6,Retail,0,7,0,7,2026-06-03 08:51:01
model3,2025-01-02,7,Personal & Household Goods,0,8,0,8,2026-06-03 08:51:01
model3,2025-01-02,8,Real Estate,0,24,0,24,2026-06-03 08:51:01
model3,2025-01-02,9,Health Care,0,13,0,13,2026-06-03 08:51:01
model3,2025-01-02,10,Financial Services,0,12,0,12,2026-06-03 08:51:01
model3,2025-01-02,11,Chemicals,0,19,0,19,2026-06-03 08:51:01
model3,2025-01-02,12,Travel & Leisure,0,7,0,7,2026-06-03 08:51:01
model3,2025-01-02,13,Utilities,0,22,1,23,2026-06-03 08:51:01
model3,2025-01-02,14,Insurance,0,5,0,5,2026-06-03 08:51:01
model3,2025-01-02,15,Automobiles & Parts,0,3,0,3,2026-06-03 08:51:01
model3,2025-01-02,16,Technology,0,7,0,7,2026-06-03 08:51:01
model3,2025-01-02,17,Oil & Gas,0,2,0,2,2026-06-03 08:51:01
model3,2025-01-02,18,Telecommunications,0,1,0,1,2026-06-03 08:51:01
model3,2025-01-03,0,Industrial Goods & Services,0,31,4,35,2026-06-03 08:51:01
model3,2025-01-03,1,Food & Beverage,0,31,1,32,2026-06-03 08:51:01
model3,2025-01-03,2,Banks,0,12,0,12,2026-06-03 08:51:01
model3,2025-01-03,3,Construction & Materials,2,65,1,68,2026-06-03 08:51:01
model3,2025-01-03,4,Basic Resources,0,23,0,23,2026-06-03 08:51:01
model3,2025-01-03,5,Media,0,4,0,4,2026-06-03 08:51:01
model3,2025-01-03,6,Retail,0,9,0,9,2026-06-03 08:51:01
model3,2025-01-03,7,Personal & Household Goods,0,9,0,9,2026-06-03 08:51:01
model3,2025-01-03,8,Real Estate,0,26,0,26,2026-06-03 08:51:01
model3,2025-01-03,9,Health Care,1,14,0,15,2026-06-03 08:51:01
model3,2025-01-03,10,Financial Services,0,12,0,12,2026-06-03 08:51:01
model3,2025-01-03,11,Chemicals,0,17,1,18,2026-06-03 08:51:01
model3,2025-01-03,12,Travel & Leisure,0,9,0,9,2026-06-03 08:51:01
model3,2025-01-03,13,Utilities,0,20,2,22,2026-06-03 08:51:01
model3,2025-01-03,14,Insurance,0,5,0,5,2026-06-03 08:51:01
model3,2025-01-03,15,Automobiles & Parts,1,3,0,4,2026-06-03 08:51:01
model3,2025-01-03,16,Technology,0,7,1,8,2026-06-03 08:51:01
model3,2025-01-03,17,Oil & Gas,0,2,0,2,2026-06-03 08:51:01
model3,2025-01-03,18,Telecommunications,0,1,0,1,2026-06-03 08:51:01
model3,2025-01-06,0,Industrial Goods & Services,0,29,0,29,2026-06-03 08:51:01
model3,2025-01-06,1,Food & Beverage,0,30,1,31,2026-06-03 08:51:01
model3,2025-01-06,2,Banks,0,12,0,12,2026-06-03 08:51:01
model3,2025-01-06,3,Construction & Materials,0,60,1,61,2026-06-03 08:51:01
model3,2025-01-06,4,Basic Resources,0,19,0,19,2026-06-03 08:51:01
model3,2025-01-06,5,Media,0,4,0,4,2026-06-03 08:51:01
model3,2025-01-06,6,Retail,0,7,0,7,2026-06-03 08:51:01
model3,2025-01-06,7,Personal & Household Goods,0,7,2,9,2026-06-03 08:51:01
model3,2025-01-06,8,Real Estate,0,26,0,26,2026-06-03 08:51:01
model3,2025-01-06,9,Health Care,0,13,0,13,2026-06-03 08:51:01
model3,2025-01-06,10,Financial Services,0,12,0,12,2026-06-03 08:51:01
model3,2025-01-06,11,Chemicals,0,17,0,17,2026-06-03 08:51:01
model3,2025-01-06,12,Travel & Leisure,0,9,0,9,2026-06-03 08:51:01
model3,2025-01-06,13,Utilities,0,24,1,25,2026-06-03 08:51:01
model3,2025-01-06,14,Insurance,0,4,0,4,2026-06-03 08:51:01
model3,2025-01-06,15,Automobiles & Parts,0,3,0,3,2026-06-03 08:51:01
model3,2025-01-06,16,Technology,0,6,0,6,2026-06-03 08:51:01
model3,2025-01-06,17,Oil & Gas,0,2,0,2,2026-06-03 08:51:01
model3,2025-01-06,18,Telecommunications,0,1,0,1,2026-06-03 08:51:01
model3,2025-01-07,0,Industrial Goods & Services,1,33,0,34,2026-06-03 08:51:01
model3,2025-01-07,1,Food & Beverage,0,31,1,32,2026-06-03 08:51:01
model3,2025-01-07,2,Banks,1,11,0,12,2026-06-03 08:51:01
model3,2025-01-07,3,Construction & Materials,1,52,3,56,2026-06-03 08:51:01
model3,2025-01-07,4,Basic Resources,0,18,0,18,2026-06-03 08:51:01
model3,2025-01-07,5,Media,0,4,0,4,2026-06-03 08:51:01
model3,2025-01-07,6,Retail,0,7,0,7,2026-06-03 08:51:01
model3,2025-01-07,7,Personal & Household Goods,0,8,0,8,2026-06-03 08:51:01
model3,2025-01-07,8,Real Estate,0,24,0,24,2026-06-03 08:51:01
model3,2025-01-07,9,Health Care,0,14,0,14,2026-06-03 08:51:01
model3,2025-01-07,10,Financial Services,0,12,0,12,2026-06-03 08:51:01
model3,2025-01-07,11,Chemicals,0,17,0,17,2026-06-03 08:51:01
model3,2025-01-07,12,Travel & Leisure,0,7,0,7,2026-06-03 08:51:01
model3,2025-01-07,13,Utilities,0,23,1,24,2026-06-03 08:51:01
model3,2025-01-07,14,Insurance,0,5,0,5,2026-06-03 08:51:01
model3,2025-01-07,15,Automobiles & Parts,0,2,1,3,2026-06-03 08:51:01
model3,2025-01-07,16,Technology,0,7,0,7,2026-06-03 08:51:01
model3,2025-01-07,17,Oil & Gas,0,1,0,1,2026-06-03 08:51:01
model3,2025-01-07,18,Telecommunications,0,1,0,1,2026-06-03 08:51:01
model3,2025-01-08,0,Industrial Goods & Services,0,33,2,35,2026-06-03 08:51:01
model3,2025-01-08,1,Food & Beverage,0,31,2,33,2026-06-03 08:51:01
model3,2025-01-08,2,Banks,0,12,0,12,2026-06-03 08:51:01
model3,2025-01-08,3,Construction & Materials,1,65,4,70,2026-06-03 08:51:01
model3,2025-01-08,4,Basic Resources,1,17,0,18,2026-06-03 08:51:01
model3,2025-01-08,5,Media,0,3,0,3,2026-06-03 08:51:01
model3,2025-01-08,6,Retail,0,7,0,7,2026-06-03 08:51:01
model3,2025-01-08,7,Personal & Household Goods,0,5,0,5,2026-06-03 08:51:01
model3,2025-01-08,8,Real Estate,0,28,0,28,2026-06-03 08:51:01
model3,2025-01-08,9,Health Care,0,13,1,14,2026-06-03 08:51:01
model3,2025-01-08,10,Financial Services,0,12,0,12,2026-06-03 08:51:01
model3,2025-01-08,11,Chemicals,0,18,0,18,2026-06-03 08:51:01
model3,2025-01-08,12,Travel & Leisure,0,8,0,8,2026-06-03 08:51:01
model3,2025-01-08,13,Utilities,1,22,0,23,2026-06-03 08:51:01
model3,2025-01-08,14,Insurance,0,5,0,5,2026-06-03 08:51:01
model3,2025-01-08,15,Automobiles & Parts,0,3,0,3,2026-06-03 08:51:01
model3,2025-01-08,16,Technology,0,5,0,5,2026-06-03 08:51:01
model3,2025-01-08,17,Oil & Gas,0,2,0,2,2026-06-03 08:51:01
model3,2025-01-08,18,Telecommunications,0,1,0,1,2026-06-03 08:51:01
model3,2025-01-09,0,Industrial Goods & Services,0,30,1,31,2026-06-03 08:51:01
model3,2025-01-09,1,Food & Beverage,0,30,2,32,2026-06-03 08:51:01
model3,2025-01-09,2,Banks,0,12,0,12,2026-06-03 08:51:01
model3,2025-01-09,3,Construction & Materials,0,59,3,62,2026-06-03 08:51:01
model3,2025-01-09,4,Basic Resources,0,19,0,19,2026-06-03 08:51:01
model3,2025-01-09,5,Media,0,3,0,3,2026-06-03 08:51:01
model3,2025-01-09,6,Retail,0,6,0,6,2026-06-03 08:51:01
model3,2025-01-09,7,Personal & Household Goods,0,8,0,8,2026-06-03 08:51:01
model3,2025-01-09,8,Real Estate,0,25,0,25,2026-06-03 08:51:01
model3,2025-01-09,9,Health Care,0,12,1,13,2026-06-03 08:51:01
model3,2025-01-09,10,Financial Services,0,12,0,12,2026-06-03 08:51:01
model3,2025-01-09,11,Chemicals,0,17,0,17,2026-06-03 08:51:01
model3,2025-01-09,12,Travel & Leisure,0,8,0,8,2026-06-03 08:51:01
model3,2025-01-09,13,Utilities,1,17,0,18,2026-06-03 08:51:01
model3,2025-01-09,14,Insurance,0,5,0,5,2026-06-03 08:51:01
model3,2025-01-09,15,Automobiles & Parts,0,4,0,4,2026-06-03 08:51:01
model3,2025-01-09,16,Technology,0,6,0,6,2026-06-03 08:51:01
model3,2025-01-09,17,Oil & Gas,0,2,0,2,2026-06-03 08:51:01
model3,2025-01-09,18,Telecommunications,0,1,0,1,2026-06-03 08:51:01
model3,2025-01-10,0,Industrial Goods & Services,0,30,0,30,2026-06-03 08:51:01
model3,2025-01-10,1,Food & Beverage,0,31,1,32,2026-06-03 08:51:01
model3,2025-01-10,2,Banks,0,12,0,12,2026-06-03 08:51:01
model3,2025-01-10,3,Construction & Materials,2,61,6,69,2026-06-03 08:51:01
model3,2025-01-10,4,Basic Resources,1,18,0,19,2026-06-03 08:51:01
model3,2025-01-10,5,Media,0,3,0,3,2026-06-03 08:51:01
model3,2025-01-10,6,Retail,0,8,0,8,2026-06-03 08:51:01
model3,2025-01-10,7,Personal & Household Goods,0,11,0,11,2026-06-03 08:51:01
model3,2025-01-10,8,Real Estate,0,27,0,27,2026-06-03 08:51:01
model3,2025-01-10,9,Health Care,0,15,0,15,2026-06-03 08:51:01
model3,2025-01-10,10,Financial Services,0,11,0,11,2026-06-03 08:51:01
model3,2025-01-10,11,Chemicals,0,18,0,18,2026-06-03 08:51:01
model3,2025-01-10,12,Travel & Leisure,0,8,0,8,2026-06-03 08:51:01
model3,2025-01-10,13,Utilities,0,19,1,20,2026-06-03 08:51:01
model3,2025-01-10,14,Insurance,0,5,0,5,2026-06-03 08:51:01
model3,2025-01-10,15,Automobiles & Parts,0,4,0,4,2026-06-03 08:51:01
model3,2025-01-10,16,Technology,0,9,0,9,2026-06-03 08:51:01
model3,2025-01-10,17,Oil & Gas,0,2,0,2,2026-06-03 08:51:01
model3,2025-01-10,18,Telecommunications,0,1,0,1,2026-06-03 08:51:01
model3,2025-01-13,0,Industrial Goods & Services,0,29,0,29,2026-06-03 08:51:01
model3,2025-01-13,1,Food & Beverage,0,32,1,33,2026-06-03 08:51:01
model3,2025-01-13,2,Banks,0,12,0,12,2026-06-03 08:51:01
model3,2025-01-13,3,Construction & Materials,1,58,0,59,2026-06-03 08:51:01
model3,2025-01-13,4,Basic Resources,0,20,0,20,2026-06-03 08:51:01
model3,2025-01-13,5,Media,0,4,0,4,2026-06-03 08:51:01
model3,2025-01-13,6,Retail,0,6,0,6,2026-06-03 08:51:01
model3,2025-01-13,7,Personal & Household Goods,1,8,0,9,2026-06-03 08:51:01
model3,2025-01-13,8,Real Estate,0,23,0,23,2026-06-03 08:51:01
model3,2025-01-13,9,Health Care,0,16,0,16,2026-06-03 08:51:01
model3,2025-01-13,10,Financial Services,0,12,0,12,2026-06-03 08:51:01
model3,2025-01-13,11,Chemicals,0,18,0,18,2026-06-03 08:51:01
model3,2025-01-13,12,Travel & Leisure,0,8,0,8,2026-06-03 08:51:01
model3,2025-01-13,13,Utilities,1,23,0,24,2026-06-03 08:51:01
model3,2025-01-13,14,Insurance,0,5,0,5,2026-06-03 08:51:01
model3,2025-01-13,15,Automobiles & Parts,0,3,0,3,2026-06-03 08:51:01
model3,2025-01-13,16,Technology,0,7,0,7,2026-06-03 08:51:01
model3,2025-01-13,17,Oil & Gas,0,2,0,2,2026-06-03 08:51:01
model3,2025-01-13,18,Telecommunications,0,1,0,1,2026-06-03 08:51:01
model3,2025-01-14,0,Industrial Goods & Services,0,27,1,28,2026-06-03 08:51:01
model3,2025-01-14,1,Food & Beverage,0,31,1,32,2026-06-03 08:51:01
model3,2025-01-14,2,Banks,0,12,0,12,2026-06-03 08:51:01
model3,2025-01-14,3,Construction & Materials,0,63,1,64,2026-06-03 08:51:01
model3,2025-01-14,4,Basic Resources,0,19,0,19,2026-06-03 08:51:01
model3,2025-01-14,5,Media,0,3,0,3,2026-06-03 08:51:01
model3,2025-01-14,6,Retail,0,7,0,7,2026-06-03 08:51:01
model3,2025-01-14,7,Personal & Household Goods,0,9,0,9,2026-06-03 08:51:01
model3,2025-01-14,8,Real Estate,0,28,0,28,2026-06-03 08:51:01
model3,2025-01-14,9,Health Care,0,14,1,15,2026-06-03 08:51:01
model3,2025-01-14,10,Financial Services,0,12,0,12,2026-06-03 08:51:01
model3,2025-01-14,11,Chemicals,0,15,0,15,2026-06-03 08:51:01
model3,2025-01-14,12,Travel & Leisure,0,9,0,9,2026-06-03 08:51:01
model3,2025-01-14,13,Utilities,0,22,1,23,2026-06-03 08:51:01
model3,2025-01-14,14,Insurance,0,5,0,5,2026-06-03 08:51:01
model3,2025-01-14,15,Automobiles & Parts,0,2,1,3,2026-06-03 08:51:01
model3,2025-01-14,16,Technology,0,6,0,6,2026-06-03 08:51:01
model3,2025-01-14,17,Oil & Gas,0,1,1,2,2026-06-03 08:51:01
model3,2025-01-14,18,Telecommunications,0,1,0,1,2026-06-03 08:51:01
model3,2025-01-15,0,Industrial Goods & Services,0,26,2,28,2026-06-03 08:51:01
model3,2025-01-15,1,Food & Beverage,0,28,0,28,2026-06-03 08:51:01
model3,2025-01-15,2,Banks,0,12,0,12,2026-06-03 08:51:01
model3,2025-01-15,3,Construction & Materials,1,59,0,60,2026-06-03 08:51:01
model3,2025-01-15,4,Basic Resources,0,20,0,20,2026-06-03 08:51:01
model3,2025-01-15,5,Media,0,3,0,3,2026-06-03 08:51:01
model3,2025-01-15,6,Retail,0,5,0,5,2026-06-03 08:51:01
model3,2025-01-15,7,Personal & Household Goods,0,7,1,8,2026-06-03 08:51:01
model3,2025-01-15,8,Real Estate,0,24,1,25,2026-06-03 08:51:01
model3,2025-01-15,9,Health Care,0,14,0,14,2026-06-03 08:51:01
model3,2025-01-15,10,Financial Services,0,11,1,12,2026-06-03 08:51:01
model3,2025-01-15,11,Chemicals,0,17,0,17,2026-06-03 08:51:01
model3,2025-01-15,12,Travel & Leisure,0,6,0,6,2026-06-03 08:51:01
model3,2025-01-15,13,Utilities,0,22,0,22,2026-06-03 08:51:01
model3,2025-01-15,14,Insurance,0,5,0,5,2026-06-03 08:51:01
model3,2025-01-15,15,Automobiles & Parts,0,4,0,4,2026-06-03 08:51:01
model3,2025-01-15,16,Technology,0,5,0,5,2026-06-03 08:51:01
model3,2025-01-15,17,Oil & Gas,0,2,0,2,2026-06-03 08:51:01
model3,2025-01-15,18,Telecommunications,0,1,0,1,2026-06-03 08:51:01
model3,2025-01-16,0,Industrial Goods & Services,1,28,0,29,2026-06-03 08:51:01
model3,2025-01-16,1,Food & Beverage,0,28,1,29,2026-06-03 08:51:01
model3,2025-01-16,2,Banks,0,12,0,12,2026-06-03 08:51:01
model3,2025-01-16,3,Construction & Materials,0,56,1,57,2026-06-03 08:51:01
model3,2025-01-16,4,Basic Resources,0,19,0,19,2026-06-03 08:51:01
model3,2025-01-16,5,Media,0,1,0,1,2026-06-03 08:51:01
model3,2025-01-16,6,Retail,0,6,0,6,2026-06-03 08:51:01
model3,2025-01-16,7,Personal & Household Goods,0,9,0,9,2026-06-03 08:51:01
model3,2025-01-16,8,Real Estate,1,23,1,25,2026-06-03 08:51:01
model3,2025-01-16,9,Health Care,0,14,0,14,2026-06-03 08:51:01
model3,2025-01-16,10,Financial Services,0,12,0,12,2026-06-03 08:51:01
model3,2025-01-16,11,Chemicals,0,17,0,17,2026-06-03 08:51:01
model3,2025-01-16,12,Travel & Leisure,0,9,0,9,2026-06-03 08:51:01
model3,2025-01-16,13,Utilities,0,19,0,19,2026-06-03 08:51:01
model3,2025-01-16,14,Insurance,0,5,0,5,2026-06-03 08:51:01
model3,2025-01-16,15,Automobiles & Parts,0,4,0,4,2026-06-03 08:51:01
model3,2025-01-16,16,Technology,0,6,0,6,2026-06-03 08:51:01
model3,2025-01-16,17,Oil & Gas,0,1,0,1,2026-06-03 08:51:01
model3,2025-01-16,18,Telecommunications,0,1,0,1,2026-06-03 08:51:01
model3,2025-01-17,0,Industrial Goods & Services,0,33,1,34,2026-06-03 08:51:01
model3,2025-01-17,1,Food & Beverage,0,34,1,35,2026-06-03 08:51:01
model3,2025-01-17,2,Banks,0,12,0,12,2026-06-03 08:51:01
model3,2025-01-17,3,Construction & Materials,2,60,1,63,2026-06-03 08:51:01
model3,2025-01-17,4,Basic Resources,0,20,0,20,2026-06-03 08:51:01
model3,2025-01-17,5,Media,0,2,0,2,2026-06-03 08:51:01
model3,2025-01-17,6,Retail,0,9,0,9,2026-06-03 08:51:01
model3,2025-01-17,7,Personal & Household Goods,0,9,0,9,2026-06-03 08:51:01
model3,2025-01-17,8,Real Estate,0,27,1,28,2026-06-03 08:51:01
model3,2025-01-17,9,Health Care,0,15,1,16,2026-06-03 08:51:01
model3,2025-01-17,10,Financial Services,0,11,0,11,2026-06-03 08:51:01
model3,2025-01-17,11,Chemicals,0,18,0,18,2026-06-03 08:51:01
model3,2025-01-17,12,Travel & Leisure,0,10,0,10,2026-06-03 08:51:01
model3,2025-01-17,13,Utilities,0,25,1,26,2026-06-03 08:51:01
model3,2025-01-17,14,Insurance,0,5,0,5,2026-06-03 08:51:01
model3,2025-01-17,15,Automobiles & Parts,0,4,0,4,2026-06-03 08:51:01
model3,2025-01-17,16,Technology,0,6,1,7,2026-06-03 08:51:01
model3,2025-01-17,17,Oil & Gas,0,1,0,1,2026-06-03 08:51:01
model3,2025-01-17,18,Telecommunications,0,1,0,1,2026-06-03 08:51:01
model3,2025-01-20,0,Industrial Goods & Services,0,34,0,34,2026-06-03 08:51:01
model3,2025-01-20,1,Food & Beverage,0,30,1,31,2026-06-03 08:51:01
model3,2025-01-20,2,Banks,0,12,0,12,2026-06-03 08:51:01
model3,2025-01-20,3,Construction & Materials,1,60,1,62,2026-06-03 08:51:01
model3,2025-01-20,4,Basic Resources,1,15,1,17,2026-06-03 08:51:01
model3,2025-01-20,5,Media,0,3,0,3,2026-06-03 08:51:01
model3,2025-01-20,6,Retail,0,6,0,6,2026-06-03 08:51:01
model3,2025-01-20,7,Personal & Household Goods,0,8,0,8,2026-06-03 08:51:01
model3,2025-01-20,8,Real Estate,0,24,1,25,2026-06-03 08:51:01
model3,2025-01-20,9,Health Care,0,16,0,16,2026-06-03 08:51:01
model3,2025-01-20,10,Financial Services,0,12,0,12,2026-06-03 08:51:01
model3,2025-01-20,11,Chemicals,0,17,0,17,2026-06-03 08:51:01
model3,2025-01-20,12,Travel & Leisure,0,9,0,9,2026-06-03 08:51:01
model3,2025-01-20,13,Utilities,0,28,0,28,2026-06-03 08:51:01
model3,2025-01-20,14,Insurance,0,4,0,4,2026-06-03 08:51:01
model3,2025-01-20,15,Automobiles & Parts,0,4,0,4,2026-06-03 08:51:01
model3,2025-01-20,16,Technology,0,6,0,6,2026-06-03 08:51:01
model3,2025-01-20,17,Oil & Gas,0,2,0,2,2026-06-03 08:51:01
model3,2025-01-20,18,Telecommunications,0,1,0,1,2026-06-03 08:51:01
model3,2025-01-21,0,Industrial Goods & Services,1,30,1,32,2026-06-03 08:51:01
model3,2025-01-21,1,Food & Beverage,0,33,0,33,2026-06-03 08:51:01
model3,2025-01-21,2,Banks,0,11,0,11,2026-06-03 08:51:01
model3,2025-01-21,3,Construction & Materials,2,56,0,58,2026-06-03 08:51:01
model3,2025-01-21,4,Basic Resources,0,18,0,18,2026-06-03 08:51:01
model3,2025-01-21,5,Media,0,2,0,2,2026-06-03 08:51:01
model3,2025-01-21,6,Retail,0,6,0,6,2026-06-03 08:51:01
model3,2025-01-21,7,Personal & Household Goods,0,7,0,7,2026-06-03 08:51:01
model3,2025-01-21,8,Real Estate,0,25,0,25,2026-06-03 08:51:01
model3,2025-01-21,9,Health Care,0,13,0,13,2026-06-03 08:51:01
model3,2025-01-21,10,Financial Services,0,12,0,12,2026-06-03 08:51:01
model3,2025-01-21,11,Chemicals,0,17,0,17,2026-06-03 08:51:01
model3,2025-01-21,12,Travel & Leisure,1,8,0,9,2026-06-03 08:51:01
model3,2025-01-21,13,Utilities,0,21,0,21,2026-06-03 08:51:01
model3,2025-01-21,14,Insurance,0,5,0,5,2026-06-03 08:51:01
model3,2025-01-21,15,Automobiles & Parts,0,4,0,4,2026-06-03 08:51:01
model3,2025-01-21,16,Technology,0,7,0,7,2026-06-03 08:51:01
model3,2025-01-21,17,Oil & Gas,0,1,0,1,2026-06-03 08:51:01
model3,2025-01-21,18,Telecommunications,0,1,0,1,2026-06-03 08:51:01
model3,2025-01-22,0,Industrial Goods & Services,0,29,0,29,2026-06-03 08:51:01
model3,2025-01-22,1,Food & Beverage,1,30,0,31,2026-06-03 08:51:01
model3,2025-01-22,2,Banks,0,12,0,12,2026-06-03 08:51:01
model3,2025-01-22,3,Construction & Materials,1,60,0,61,2026-06-03 08:51:01
model3,2025-01-22,4,Basic Resources,0,18,2,20,2026-06-03 08:51:01
model3,2025-01-22,5,Media,0,3,0,3,2026-06-03 08:51:01
model3,2025-01-22,6,Retail,0,6,0,6,2026-06-03 08:51:01
model3,2025-01-22,7,Personal & Household Goods,0,7,1,8,2026-06-03 08:51:01
model3,2025-01-22,8,Real Estate,0,23,0,23,2026-06-03 08:51:01
model3,2025-01-22,9,Health Care,0,14,0,14,2026-06-03 08:51:01
model3,2025-01-22,10,Financial Services,0,12,0,12,2026-06-03 08:51:01
model3,2025-01-22,11,Chemicals,0,18,0,18,2026-06-03 08:51:01
model3,2025-01-22,12,Travel & Leisure,0,9,0,9,2026-06-03 08:51:01
model3,2025-01-22,13,Utilities,0,22,0,22,2026-06-03 08:51:01
model3,2025-01-22,14,Insurance,0,4,0,4,2026-06-03 08:51:01
model3,2025-01-22,15,Automobiles & Parts,0,3,0,3,2026-06-03 08:51:01
model3,2025-01-22,16,Technology,0,6,0,6,2026-06-03 08:51:01
model3,2025-01-22,17,Oil & Gas,0,2,0,2,2026-06-03 08:51:01
model3,2025-01-22,18,Telecommunications,0,1,0,1,2026-06-03 08:51:01
model3,2025-01-23,0,Industrial Goods & Services,0,30,1,31,2026-06-03 08:51:01
model3,2025-01-23,1,Food & Beverage,0,30,0,30,2026-06-03 08:51:01
model3,2025-01-23,2,Banks,0,12,0,12,2026-06-03 08:51:01
model3,2025-01-23,3,Construction & Materials,0,55,2,57,2026-06-03 08:51:01
model3,2025-01-23,4,Basic Resources,0,18,2,20,2026-06-03 08:51:01
model3,2025-01-23,5,Media,0,2,0,2,2026-06-03 08:51:01
model3,2025-01-23,6,Retail,0,7,0,7,2026-06-03 08:51:01
model3,2025-01-23,7,Personal & Household Goods,0,9,0,9,2026-06-03 08:51:01
model3,2025-01-23,8,Real Estate,0,24,1,25,2026-06-03 08:51:01
model3,2025-01-23,9,Health Care,0,14,1,15,2026-06-03 08:51:01
model3,2025-01-23,10,Financial Services,0,11,0,11,2026-06-03 08:51:01
model3,2025-01-23,11,Chemicals,0,16,1,17,2026-06-03 08:51:01
model3,2025-01-23,12,Travel & Leisure,0,9,0,9,2026-06-03 08:51:01
model3,2025-01-23,13,Utilities,0,24,0,24,2026-06-03 08:51:01
model3,2025-01-23,14,Insurance,0,5,0,5,2026-06-03 08:51:01
model3,2025-01-23,15,Automobiles & Parts,0,4,0,4,2026-06-03 08:51:01
model3,2025-01-23,16,Technology,0,6,0,6,2026-06-03 08:51:01
model3,2025-01-23,17,Oil & Gas,0,2,0,2,2026-06-03 08:51:01
model3,2025-01-23,18,Telecommunications,0,1,0,1,2026-06-03 08:51:01
model3,2025-01-24,0,Industrial Goods & Services,0,31,2,33,2026-06-03 08:51:01
model3,2025-01-24,1,Food & Beverage,0,33,0,33,2026-06-03 08:51:01
model3,2025-01-24,2,Banks,0,12,0,12,2026-06-03 08:51:01
model3,2025-01-24,3,Construction & Materials,0,62,2,64,2026-06-03 08:51:01
model3,2025-01-24,4,Basic Resources,0,17,1,18,2026-06-03 08:51:01
model3,2025-01-24,5,Media,0,2,0,2,2026-06-03 08:51:01
model3,2025-01-24,6,Retail,0,8,0,8,2026-06-03 08:51:01
model3,2025-01-24,7,Personal & Household Goods,0,10,1,11,2026-06-03 08:51:01
model3,2025-01-24,8,Real Estate,0,27,2,29,2026-06-03 08:51:01
model3,2025-01-24,9,Health Care,0,15,0,15,2026-06-03 08:51:01
model3,2025-01-24,10,Financial Services,0,11,0,11,2026-06-03 08:51:01
model3,2025-01-24,11,Chemicals,0,16,0,16,2026-06-03 08:51:01
model3,2025-01-24,12,Travel & Leisure,0,10,0,10,2026-06-03 08:51:01
model3,2025-01-24,13,Utilities,0,23,0,23,2026-06-03 08:51:01
model3,2025-01-24,14,Insurance,0,4,0,4,2026-06-03 08:51:01
model3,2025-01-24,15,Automobiles & Parts,0,5,0,5,2026-06-03 08:51:01
model3,2025-01-24,16,Technology,0,5,2,7,2026-06-03 08:51:01
model3,2025-01-24,17,Oil & Gas,0,2,0,2,2026-06-03 08:51:01
model3,2025-01-24,18,Telecommunications,0,1,0,1,2026-06-03 08:51:01
model3,2025-02-03,0,Industrial Goods & Services,0,35,2,37,2026-06-03 08:51:01
model3,2025-02-03,1,Food & Beverage,0,30,0,30,2026-06-03 08:51:01
model3,2025-02-03,2,Banks,0,12,0,12,2026-06-03 08:51:01
model3,2025-02-03,3,Construction & Materials,0,58,2,60,2026-06-03 08:51:01
model3,2025-02-03,4,Basic Resources,0,17,0,17,2026-06-03 08:51:01
model3,2025-02-03,5,Media,0,3,0,3,2026-06-03 08:51:01
model3,2025-02-03,6,Retail,0,6,0,6,2026-06-03 08:51:01
model3,2025-02-03,7,Personal & Household Goods,0,5,1,6,2026-06-03 08:51:01
model3,2025-02-03,8,Real Estate,0,27,1,28,2026-06-03 08:51:01
model3,2025-02-03,9,Health Care,0,14,0,14,2026-06-03 08:51:01
model3,2025-02-03,10,Financial Services,0,10,0,10,2026-06-03 08:51:01
model3,2025-02-03,11,Chemicals,0,18,0,18,2026-06-03 08:51:01
model3,2025-02-03,12,Travel & Leisure,0,6,0,6,2026-06-03 08:51:01
model3,2025-02-03,13,Utilities,1,23,2,26,2026-06-03 08:51:01
model3,2025-02-03,14,Insurance,0,5,0,5,2026-06-03 08:51:01
model3,2025-02-03,15,Automobiles & Parts,0,3,0,3,2026-06-03 08:51:01
model3,2025-02-03,16,Technology,0,7,0,7,2026-06-03 08:51:01
model3,2025-02-03,17,Oil & Gas,0,2,0,2,2026-06-03 08:51:01
model3,2025-02-03,18,Telecommunications,0,1,0,1,2026-06-03 08:51:01
model3,2025-02-04,0,Industrial Goods & Services,0,27,4,31,2026-06-03 08:51:01
model3,2025-02-04,1,Food & Beverage,0,33,0,33,2026-06-03 08:51:01
model3,2025-02-04,2,Banks,0,12,0,12,2026-06-03 08:51:01
model3,2025-02-04,3,Construction & Materials,0,58,2,60,2026-06-03 08:51:01
model3,2025-02-04,4,Basic Resources,0,18,0,18,2026-06-03 08:51:01
model3,2025-02-04,5,Media,0,5,0,5,2026-06-03 08:51:01
model3,2025-02-04,6,Retail,0,7,0,7,2026-06-03 08:51:01
model3,2025-02-04,7,Personal & Household Goods,0,7,1,8,2026-06-03 08:51:01
model3,2025-02-04,8,Real Estate,0,25,0,25,2026-06-03 08:51:01
model3,2025-02-04,9,Health Care,0,16,0,16,2026-06-03 08:51:01
model3,2025-02-04,10,Financial Services,0,12,0,12,2026-06-03 08:51:01
model3,2025-02-04,11,Chemicals,0,18,0,18,2026-06-03 08:51:01
model3,2025-02-04,12,Travel & Leisure,0,9,0,9,2026-06-03 08:51:01
model3,2025-02-04,13,Utilities,0,23,0,23,2026-06-03 08:51:01
model3,2025-02-04,14,Insurance,0,4,0,4,2026-06-03 08:51:01
model3,2025-02-04,15,Automobiles & Parts,0,3,0,3,2026-06-03 08:51:01
model3,2025-02-04,16,Technology,0,5,0,5,2026-06-03 08:51:01
model3,2025-02-04,17,Oil & Gas,0,2,0,2,2026-06-03 08:51:01
model3,2025-02-04,18,Telecommunications,0,1,0,1,2026-06-03 08:51:01
model3,2025-02-05,0,Industrial Goods & Services,1,29,1,31,2026-06-03 08:51:01
model3,2025-02-05,1,Food & Beverage,0,31,0,31,2026-06-03 08:51:01
model3,2025-02-05,2,Banks,0,12,0,12,2026-06-03 08:51:01
model3,2025-02-05,3,Construction & Materials,2,58,1,61,2026-06-03 08:51:01
model3,2025-02-05,4,Basic Resources,0,18,1,19,2026-06-03 08:51:01
model3,2025-02-05,5,Media,0,4,0,4,2026-06-03 08:51:01
model3,2025-02-05,6,Retail,0,7,0,7,2026-06-03 08:51:01
model3,2025-02-05,7,Personal & Household Goods,0,6,0,6,2026-06-03 08:51:01
model3,2025-02-05,8,Real Estate,0,26,0,26,2026-06-03 08:51:01
model3,2025-02-05,9,Health Care,1,15,0,16,2026-06-03 08:51:01
model3,2025-02-05,10,Financial Services,0,11,0,11,2026-06-03 08:51:01
model3,2025-02-05,11,Chemicals,0,18,0,18,2026-06-03 08:51:01
model3,2025-02-05,12,Travel & Leisure,0,8,0,8,2026-06-03 08:51:01
model3,2025-02-05,13,Utilities,0,22,0,22,2026-06-03 08:51:01
model3,2025-02-05,14,Insurance,0,5,0,5,2026-06-03 08:51:01
model3,2025-02-05,15,Automobiles & Parts,0,3,0,3,2026-06-03 08:51:01
model3,2025-02-05,16,Technology,0,7,0,7,2026-06-03 08:51:01
model3,2025-02-05,17,Oil & Gas,0,2,0,2,2026-06-03 08:51:01
model3,2025-02-05,18,Telecommunications,0,1,0,1,2026-06-03 08:51:01
model3,2025-02-06,0,Industrial Goods & Services,0,28,1,29,2026-06-03 08:51:01
model3,2025-02-06,1,Food & Beverage,0,33,0,33,2026-06-03 08:51:01
model3,2025-02-06,2,Banks,0,12,0,12,2026-06-03 08:51:01
model3,2025-02-06,3,Construction & Materials,0,58,3,61,2026-06-03 08:51:01
model3,2025-02-06,4,Basic Resources,0,18,1,19,2026-06-03 08:51:01
model3,2025-02-06,5,Media,0,5,0,5,2026-06-03 08:51:01
model3,2025-02-06,6,Retail,0,6,0,6,2026-06-03 08:51:01
model3,2025-02-06,7,Personal & Household Goods,0,8,0,8,2026-06-03 08:51:01
model3,2025-02-06,8,Real Estate,0,25,0,25,2026-06-03 08:51:01
model3,2025-02-06,9,Health Care,0,15,0,15,2026-06-03 08:51:01
model3,2025-02-06,10,Financial Services,0,11,0,11,2026-06-03 08:51:01
model3,2025-02-06,11,Chemicals,0,18,0,18,2026-06-03 08:51:01
model3,2025-02-06,12,Travel & Leisure,0,8,0,8,2026-06-03 08:51:01
model3,2025-02-06,13,Utilities,0,24,1,25,2026-06-03 08:51:01
model3,2025-02-06,14,Insurance,0,5,0,5,2026-06-03 08:51:01
model3,2025-02-06,15,Automobiles & Parts,0,4,0,4,2026-06-03 08:51:01
model3,2025-02-06,16,Technology,0,6,0,6,2026-06-03 08:51:01
model3,2025-02-06,17,Oil & Gas,0,2,0,2,2026-06-03 08:51:01
model3,2025-02-06,18,Telecommunications,0,1,0,1,2026-06-03 08:51:01
model3,2025-02-07,0,Industrial Goods & Services,1,38,3,42,2026-06-03 08:51:01
model3,2025-02-07,1,Food & Beverage,0,38,0,38,2026-06-03 08:51:01
model3,2025-02-07,2,Banks,0,12,0,12,2026-06-03 08:51:01
model3,2025-02-07,3,Construction & Materials,0,66,4,70,2026-06-03 08:51:01
model3,2025-02-07,4,Basic Resources,0,19,0,19,2026-06-03 08:51:01
model3,2025-02-07,5,Media,0,4,0,4,2026-06-03 08:51:01
model3,2025-02-07,6,Retail,0,9,0,9,2026-06-03 08:51:01
model3,2025-02-07,7,Personal & Household Goods,0,11,0,11,2026-06-03 08:51:01
model3,2025-02-07,8,Real Estate,0,27,0,27,2026-06-03 08:51:01
model3,2025-02-07,9,Health Care,0,13,1,14,2026-06-03 08:51:01
model3,2025-02-07,10,Financial Services,0,12,0,12,2026-06-03 08:51:01
model3,2025-02-07,11,Chemicals,1,18,0,19,2026-06-03 08:51:01
model3,2025-02-07,12,Travel & Leisure,0,11,0,11,2026-06-03 08:51:01
model3,2025-02-07,13,Utilities,0,28,0,28,2026-06-03 08:51:01
model3,2025-02-07,14,Insurance,0,5,0,5,2026-06-03 08:51:01
model3,2025-02-07,15,Automobiles & Parts,0,5,0,5,2026-06-03 08:51:01
model3,2025-02-07,16,Technology,0,7,0,7,2026-06-03 08:51:01
model3,2025-02-07,17,Oil & Gas,0,2,0,2,2026-06-03 08:51:01
model3,2025-02-07,18,Telecommunications,0,1,0,1,2026-06-03 08:51:01
model3,2025-02-10,0,Industrial Goods & Services,1,36,1,38,2026-06-03 08:51:01
model3,2025-02-10,1,Food & Beverage,1,34,1,36,2026-06-03 08:51:01
model3,2025-02-10,2,Banks,0,12,0,12,2026-06-03 08:51:01
model3,2025-02-10,3,Construction & Materials,1,61,4,66,2026-06-03 08:51:01
model3,2025-02-10,4,Basic Resources,0,19,0,19,2026-06-03 08:51:01
model3,2025-02-10,5,Media,0,5,0,5,2026-06-03 08:51:01
model3,2025-02-10,6,Retail,0,6,0,6,2026-06-03 08:51:01
model3,2025-02-10,7,Personal & Household Goods,0,9,0,9,2026-06-03 08:51:01
model3,2025-02-10,8,Real Estate,0,27,0,27,2026-06-03 08:51:01
model3,2025-02-10,9,Health Care,0,18,0,18,2026-06-03 08:51:01
model3,2025-02-10,10,Financial Services,0,11,0,11,2026-06-03 08:51:01
model3,2025-02-10,11,Chemicals,0,19,1,20,2026-06-03 08:51:01
model3,2025-02-10,12,Travel & Leisure,0,8,0,8,2026-06-03 08:51:01
model3,2025-02-10,13,Utilities,0,25,1,26,2026-06-03 08:51:01
model3,2025-02-10,14,Insurance,0,5,0,5,2026-06-03 08:51:01
model3,2025-02-10,15,Automobiles & Parts,0,4,0,4,2026-06-03 08:51:01
model3,2025-02-10,16,Technology,0,6,0,6,2026-06-03 08:51:01
model3,2025-02-10,17,Oil & Gas,0,2,0,2,2026-06-03 08:51:01
model3,2025-02-10,18,Telecommunications,0,1,0,1,2026-06-03 08:51:01
model3,2025-02-11,0,Industrial Goods & Services,0,35,1,36,2026-06-03 08:51:01
model3,2025-02-11,1,Food & Beverage,0,34,1,35,2026-06-03 08:51:01
model3,2025-02-11,2,Banks,0,12,0,12,2026-06-03 08:51:01
model3,2025-02-11,3,Construction & Materials,1,60,3,64,2026-06-03 08:51:01
model3,2025-02-11,4,Basic Resources,0,17,1,18,2026-06-03 08:51:01
model3,2025-02-11,5,Media,0,5,0,5,2026-06-03 08:51:01
model3,2025-02-11,6,Retail,0,6,1,7,2026-06-03 08:51:01
model3,2025-02-11,7,Personal & Household Goods,0,8,0,8,2026-06-03 08:51:01
model3,2025-02-11,8,Real Estate,0,26,1,27,2026-06-03 08:51:01
model3,2025-02-11,9,Health Care,0,16,1,17,2026-06-03 08:51:01
model3,2025-02-11,10,Financial Services,0,11,0,11,2026-06-03 08:51:01
model3,2025-02-11,11,Chemicals,0,17,0,17,2026-06-03 08:51:01
model3,2025-02-11,12,Travel & Leisure,0,8,0,8,2026-06-03 08:51:01
model3,2025-02-11,13,Utilities,0,24,3,27,2026-06-03 08:51:01
model3,2025-02-11,14,Insurance,0,4,0,4,2026-06-03 08:51:01
model3,2025-02-11,15,Automobiles & Parts,0,3,0,3,2026-06-03 08:51:01
model3,2025-02-11,16,Technology,0,6,0,6,2026-06-03 08:51:01
model3,2025-02-11,17,Oil & Gas,0,2,0,2,2026-06-03 08:51:01
model3,2025-02-11,18,Telecommunications,0,1,0,1,2026-06-03 08:51:01
model3,2025-02-12,0,Industrial Goods & Services,0,28,2,30,2026-06-03 08:51:01
model3,2025-02-12,1,Food & Beverage,0,32,0,32,2026-06-03 08:51:01
model3,2025-02-12,2,Banks,0,12,0,12,2026-06-03 08:51:01
model3,2025-02-12,3,Construction & Materials,0,60,2,62,2026-06-03 08:51:01
model3,2025-02-12,4,Basic Resources,0,17,1,18,2026-06-03 08:51:01
model3,2025-02-12,5,Media,0,5,0,5,2026-06-03 08:51:01
model3,2025-02-12,6,Retail,0,7,0,7,2026-06-03 08:51:01
model3,2025-02-12,7,Personal & Household Goods,0,6,0,6,2026-06-03 08:51:01
model3,2025-02-12,8,Real Estate,0,25,0,25,2026-06-03 08:51:01
model3,2025-02-12,9,Health Care,0,15,0,15,2026-06-03 08:51:01
model3,2025-02-12,10,Financial Services,0,12,0,12,2026-06-03 08:51:01
model3,2025-02-12,11,Chemicals,0,16,2,18,2026-06-03 08:51:01
model3,2025-02-12,12,Travel & Leisure,0,8,0,8,2026-06-03 08:51:01
model3,2025-02-12,13,Utilities,0,23,0,23,2026-06-03 08:51:01
model3,2025-02-12,14,Insurance,0,5,0,5,2026-06-03 08:51:01
model3,2025-02-12,15,Automobiles & Parts,0,4,0,4,2026-06-03 08:51:01
model3,2025-02-12,16,Technology,0,6,0,6,2026-06-03 08:51:01
model3,2025-02-12,17,Oil & Gas,0,2,0,2,2026-06-03 08:51:01
model3,2025-02-12,18,Telecommunications,0,1,0,1,2026-06-03 08:51:01
model3,2025-02-13,0,Industrial Goods & Services,0,30,1,31,2026-06-03 08:51:01
model3,2025-02-13,1,Food & Beverage,0,32,0,32,2026-06-03 08:51:01
model3,2025-02-13,2,Banks,0,12,0,12,2026-06-03 08:51:01
model3,2025-02-13,3,Construction & Materials,1,58,0,59,2026-06-03 08:51:01
model3,2025-02-13,4,Basic Resources,0,16,0,16,2026-06-03 08:51:01
model3,2025-02-13,5,Media,0,5,1,6,2026-06-03 08:51:01
model3,2025-02-13,6,Retail,0,7,0,7,2026-06-03 08:51:01
model3,2025-02-13,7,Personal & Household Goods,0,9,0,9,2026-06-03 08:51:01
model3,2025-02-13,8,Real Estate,1,25,0,26,2026-06-03 08:51:01
model3,2025-02-13,9,Health Care,0,14,2,16,2026-06-03 08:51:01
model3,2025-02-13,10,Financial Services,0,11,0,11,2026-06-03 08:51:01
model3,2025-02-13,11,Chemicals,0,18,0,18,2026-06-03 08:51:01
model3,2025-02-13,12,Travel & Leisure,0,6,0,6,2026-06-03 08:51:01
model3,2025-02-13,13,Utilities,0,22,0,22,2026-06-03 08:51:01
model3,2025-02-13,14,Insurance,0,5,0,5,2026-06-03 08:51:01
model3,2025-02-13,15,Automobiles & Parts,0,3,0,3,2026-06-03 08:51:01
model3,2025-02-13,16,Technology,0,6,0,6,2026-06-03 08:51:01
model3,2025-02-13,17,Oil & Gas,0,2,0,2,2026-06-03 08:51:01
model3,2025-02-13,18,Telecommunications,0,1,0,1,2026-06-03 08:51:01
model3,2025-02-14,0,Industrial Goods & Services,0,32,0,32,2026-06-03 08:51:01
model3,2025-02-14,1,Food & Beverage,1,35,1,37,2026-06-03 08:51:01
model3,2025-02-14,2,Banks,0,12,0,12,2026-06-03 08:51:01
model3,2025-02-14,3,Construction & Materials,0,66,2,68,2026-06-03 08:51:01
model3,2025-02-14,4,Basic Resources,0,21,0,21,2026-06-03 08:51:01
model3,2025-02-14,5,Media,0,5,0,5,2026-06-03 08:51:01
model3,2025-02-14,6,Retail,0,8,1,9,2026-06-03 08:51:01
model3,2025-02-14,7,Personal & Household Goods,0,10,0,10,2026-06-03 08:51:01
model3,2025-02-14,8,Real Estate,1,30,0,31,2026-06-03 08:51:01
model3,2025-02-14,9,Health Care,0,14,0,14,2026-06-03 08:51:01
model3,2025-02-14,10,Financial Services,0,12,0,12,2026-06-03 08:51:01
model3,2025-02-14,11,Chemicals,0,19,0,19,2026-06-03 08:51:01
model3,2025-02-14,12,Travel & Leisure,1,6,1,8,2026-06-03 08:51:01
model3,2025-02-14,13,Utilities,0,24,0,24,2026-06-03 08:51:01
model3,2025-02-14,14,Insurance,0,5,0,5,2026-06-03 08:51:01
model3,2025-02-14,15,Automobiles & Parts,0,4,0,4,2026-06-03 08:51:01
model3,2025-02-14,16,Technology,0,7,0,7,2026-06-03 08:51:01
model3,2025-02-14,17,Oil & Gas,0,2,0,2,2026-06-03 08:51:01
model3,2025-02-14,18,Telecommunications,0,1,0,1,2026-06-03 08:51:01
model3,2025-02-17,0,Industrial Goods & Services,0,35,0,35,2026-06-03 08:51:01
model3,2025-02-17,1,Food & Beverage,0,33,0,33,2026-06-03 08:51:01
model3,2025-02-17,2,Banks,0,12,0,12,2026-06-03 08:51:01
model3,2025-02-17,3,Construction & Materials,1,61,3,65,2026-06-03 08:51:01
model3,2025-02-17,4,Basic Resources,0,19,0,19,2026-06-03 08:51:01
model3,2025-02-17,5,Media,0,4,0,4,2026-06-03 08:51:01
model3,2025-02-17,6,Retail,0,7,0,7,2026-06-03 08:51:01
model3,2025-02-17,7,Personal & Household Goods,0,8,0,8,2026-06-03 08:51:01
model3,2025-02-17,8,Real Estate,0,24,0,24,2026-06-03 08:51:01
model3,2025-02-17,9,Health Care,0,13,0,13,2026-06-03 08:51:01
model3,2025-02-17,10,Financial Services,0,12,0,12,2026-06-03 08:51:01
model3,2025-02-17,11,Chemicals,0,18,0,18,2026-06-03 08:51:01
model3,2025-02-17,12,Travel & Leisure,0,9,0,9,2026-06-03 08:51:01
model3,2025-02-17,13,Utilities,0,27,1,28,2026-06-03 08:51:01
model3,2025-02-17,14,Insurance,0,5,0,5,2026-06-03 08:51:01
model3,2025-02-17,15,Automobiles & Parts,0,4,0,4,2026-06-03 08:51:01
model3,2025-02-17,16,Technology,0,6,0,6,2026-06-03 08:51:01
model3,2025-02-17,17,Oil & Gas,0,2,0,2,2026-06-03 08:51:01
model3,2025-02-17,18,Telecommunications,0,1,0,1,2026-06-03 08:51:01
model3,2025-02-18,0,Industrial Goods & Services,0,37,0,37,2026-06-03 08:51:01
model3,2025-02-18,1,Food & Beverage,0,35,0,35,2026-06-03 08:51:01
model3,2025-02-18,2,Banks,0,12,0,12,2026-06-03 08:51:01
model3,2025-02-18,3,Construction & Materials,1,63,2,66,2026-06-03 08:51:01
model3,2025-02-18,4,Basic Resources,0,17,0,17,2026-06-03 08:51:01
model3,2025-02-18,5,Media,0,3,0,3,2026-06-03 08:51:01
model3,2025-02-18,6,Retail,0,7,0,7,2026-06-03 08:51:01
model3,2025-02-18,7,Personal & Household Goods,0,9,0,9,2026-06-03 08:51:01
model3,2025-02-18,8,Real Estate,0,26,0,26,2026-06-03 08:51:01
model3,2025-02-18,9,Health Care,0,17,0,17,2026-06-03 08:51:01
model3,2025-02-18,10,Financial Services,0,12,0,12,2026-06-03 08:51:01
model3,2025-02-18,11,Chemicals,0,18,0,18,2026-06-03 08:51:01
model3,2025-02-18,12,Travel & Leisure,0,7,0,7,2026-06-03 08:51:01
model3,2025-02-18,13,Utilities,0,27,1,28,2026-06-03 08:51:01
model3,2025-02-18,14,Insurance,0,5,0,5,2026-06-03 08:51:01
model3,2025-02-18,15,Automobiles & Parts,0,3,0,3,2026-06-03 08:51:01
model3,2025-02-18,16,Technology,0,7,1,8,2026-06-03 08:51:01
model3,2025-02-18,17,Oil & Gas,0,2,0,2,2026-06-03 08:51:01
model3,2025-02-18,18,Telecommunications,0,1,0,1,2026-06-03 08:51:01
model3,2025-02-19,0,Industrial Goods & Services,1,32,4,37,2026-06-03 08:51:01
model3,2025-02-19,1,Food & Beverage,0,33,2,35,2026-06-03 08:51:01
model3,2025-02-19,2,Banks,0,12,0,12,2026-06-03 08:51:01
model3,2025-02-19,3,Construction & Materials,0,67,0,67,2026-06-03 08:51:01
model3,2025-02-19,4,Basic Resources,0,17,1,18,2026-06-03 08:51:01
model3,2025-02-19,5,Media,0,4,1,5,2026-06-03 08:51:01
model3,2025-02-19,6,Retail,0,7,0,7,2026-06-03 08:51:01
model3,2025-02-19,7,Personal & Household Goods,0,9,1,10,2026-06-03 08:51:01
model3,2025-02-19,8,Real Estate,0,28,1,29,2026-06-03 08:51:01
model3,2025-02-19,9,Health Care,1,14,0,15,2026-06-03 08:51:01
model3,2025-02-19,10,Financial Services,0,12,0,12,2026-06-03 08:51:01
model3,2025-02-19,11,Chemicals,0,18,0,18,2026-06-03 08:51:01
model3,2025-02-19,12,Travel & Leisure,0,8,0,8,2026-06-03 08:51:01
model3,2025-02-19,13,Utilities,0,32,0,32,2026-06-03 08:51:01
model3,2025-02-19,14,Insurance,0,5,0,5,2026-06-03 08:51:01
model3,2025-02-19,15,Automobiles & Parts,0,3,0,3,2026-06-03 08:51:01
model3,2025-02-19,16,Technology,0,6,0,6,2026-06-03 08:51:01
model3,2025-02-19,17,Oil & Gas,0,2,0,2,2026-06-03 08:51:01
model3,2025-02-19,18,Telecommunications,0,1,0,1,2026-06-03 08:51:01
model3,2025-02-20,0,Industrial Goods & Services,0,27,5,32,2026-06-03 08:51:01
model3,2025-02-20,1,Food & Beverage,0,36,0,36,2026-06-03 08:51:01
model3,2025-02-20,2,Banks,0,12,0,12,2026-06-03 08:51:01
model3,2025-02-20,3,Construction & Materials,0,62,1,63,2026-06-03 08:51:01
model3,2025-02-20,4,Basic Resources,0,15,1,16,2026-06-03 08:51:01
model3,2025-02-20,5,Media,0,4,1,5,2026-06-03 08:51:01
model3,2025-02-20,6,Retail,0,7,0,7,2026-06-03 08:51:01
model3,2025-02-20,7,Personal & Household Goods,0,9,0,9,2026-06-03 08:51:01
model3,2025-02-20,8,Real Estate,0,24,0,24,2026-06-03 08:51:01
model3,2025-02-20,9,Health Care,1,15,0,16,2026-06-03 08:51:01
model3,2025-02-20,10,Financial Services,0,12,0,12,2026-06-03 08:51:01
model3,2025-02-20,11,Chemicals,0,19,0,19,2026-06-03 08:51:01
model3,2025-02-20,12,Travel & Leisure,0,8,0,8,2026-06-03 08:51:01
model3,2025-02-20,13,Utilities,0,26,1,27,2026-06-03 08:51:01
model3,2025-02-20,14,Insurance,0,5,0,5,2026-06-03 08:51:01
model3,2025-02-20,15,Automobiles & Parts,0,4,0,4,2026-06-03 08:51:01
model3,2025-02-20,16,Technology,0,6,1,7,2026-06-03 08:51:01
model3,2025-02-20,17,Oil & Gas,0,2,0,2,2026-06-03 08:51:01
model3,2025-02-20,18,Telecommunications,0,1,0,1,2026-06-03 08:51:01
model3,2025-02-21,0,Industrial Goods & Services,0,39,3,42,2026-06-03 08:51:01
model3,2025-02-21,1,Food & Beverage,0,37,0,37,2026-06-03 08:51:01
model3,2025-02-21,2,Banks,0,12,0,12,2026-06-03 08:51:01
model3,2025-02-21,3,Construction & Materials,0,73,2,75,2026-06-03 08:51:01
model3,2025-02-21,4,Basic Resources,1,20,0,21,2026-06-03 08:51:01
model3,2025-02-21,5,Media,0,6,0,6,2026-06-03 08:51:01
model3,2025-02-21,6,Retail,0,9,0,9,2026-06-03 08:51:01
model3,2025-02-21,7,Personal & Household Goods,0,12,0,12,2026-06-03 08:51:01
model3,2025-02-21,8,Real Estate,0,27,0,27,2026-06-03 08:51:01
model3,2025-02-21,9,Health Care,0,15,0,15,2026-06-03 08:51:01
model3,2025-02-21,10,Financial Services,0,11,1,12,2026-06-03 08:51:01
model3,2025-02-21,11,Chemicals,0,17,0,17,2026-06-03 08:51:01
model3,2025-02-21,12,Travel & Leisure,1,9,0,10,2026-06-03 08:51:01
model3,2025-02-21,13,Utilities,0,23,0,23,2026-06-03 08:51:01
model3,2025-02-21,14,Insurance,0,4,0,4,2026-06-03 08:51:01
model3,2025-02-21,15,Automobiles & Parts,0,4,0,4,2026-06-03 08:51:01
model3,2025-02-21,16,Technology,0,7,0,7,2026-06-03 08:51:01
model3,2025-02-21,17,Oil & Gas,0,2,0,2,2026-06-03 08:51:01
model3,2025-02-21,18,Telecommunications,0,1,0,1,2026-06-03 08:51:01
model3,2025-02-24,0,Industrial Goods & Services,0,36,1,37,2026-06-03 08:51:01
model3,2025-02-24,1,Food & Beverage,0,36,1,37,2026-06-03 08:51:01
model3,2025-02-24,2,Banks,0,12,0,12,2026-06-03 08:51:01
model3,2025-02-24,3,Construction & Materials,0,62,2,64,2026-06-03 08:51:01
model3,2025-02-24,4,Basic Resources,1,17,0,18,2026-06-03 08:51:01
model3,2025-02-24,5,Media,0,4,0,4,2026-06-03 08:51:01
model3,2025-02-24,6,Retail,0,6,0,6,2026-06-03 08:51:01
model3,2025-02-24,7,Personal & Household Goods,0,10,0,10,2026-06-03 08:51:01
model3,2025-02-24,8,Real Estate,0,25,0,25,2026-06-03 08:51:01
model3,2025-02-24,9,Health Care,0,14,0,14,2026-06-03 08:51:01
model3,2025-02-24,10,Financial Services,0,12,0,12,2026-06-03 08:51:01
model3,2025-02-24,11,Chemicals,0,20,0,20,2026-06-03 08:51:01
model3,2025-02-24,12,Travel & Leisure,0,10,0,10,2026-06-03 08:51:01
model3,2025-02-24,13,Utilities,0,25,3,28,2026-06-03 08:51:01
model3,2025-02-24,14,Insurance,0,5,0,5,2026-06-03 08:51:01
model3,2025-02-24,15,Automobiles & Parts,0,4,0,4,2026-06-03 08:51:01
model3,2025-02-24,16,Technology,0,6,0,6,2026-06-03 08:51:01
model3,2025-02-24,17,Oil & Gas,0,2,0,2,2026-06-03 08:51:01
model3,2025-02-24,18,Telecommunications,0,1,0,1,2026-06-03 08:51:01
model3,2025-02-25,0,Industrial Goods & Services,0,32,2,34,2026-06-03 08:51:01
model3,2025-02-25,1,Food & Beverage,0,36,0,36,2026-06-03 08:51:01
model3,2025-02-25,2,Banks,0,11,0,11,2026-06-03 08:51:01
model3,2025-02-25,3,Construction & Materials,0,68,1,69,2026-06-03 08:51:01
model3,2025-02-25,4,Basic Resources,0,18,0,18,2026-06-03 08:51:01
model3,2025-02-25,5,Media,0,5,0,5,2026-06-03 08:51:01
model3,2025-02-25,6,Retail,0,7,0,7,2026-06-03 08:51:01
model3,2025-02-25,7,Personal & Household Goods,0,8,0,8,2026-06-03 08:51:01
model3,2025-02-25,8,Real Estate,0,22,0,22,2026-06-03 08:51:01
model3,2025-02-25,9,Health Care,0,14,0,14,2026-06-03 08:51:01
model3,2025-02-25,10,Financial Services,0,12,0,12,2026-06-03 08:51:01
model3,2025-02-25,11,Chemicals,0,17,1,18,2026-06-03 08:51:01
model3,2025-02-25,12,Travel & Leisure,0,8,0,8,2026-06-03 08:51:01
model3,2025-02-25,13,Utilities,1,28,1,30,2026-06-03 08:51:01
model3,2025-02-25,14,Insurance,0,5,0,5,2026-06-03 08:51:01
model3,2025-02-25,15,Automobiles & Parts,0,3,0,3,2026-06-03 08:51:01
model3,2025-02-25,16,Technology,0,6,0,6,2026-06-03 08:51:01
model3,2025-02-25,17,Oil & Gas,0,2,0,2,2026-06-03 08:51:01
model3,2025-02-25,18,Telecommunications,0,1,0,1,2026-06-03 08:51:01
model3,2025-02-26,0,Industrial Goods & Services,0,33,0,33,2026-06-03 08:51:01
model3,2025-02-26,1,Food & Beverage,1,35,0,36,2026-06-03 08:51:01
model3,2025-02-26,2,Banks,0,12,0,12,2026-06-03 08:51:01
model3,2025-02-26,3,Construction & Materials,3,65,2,70,2026-06-03 08:51:01
model3,2025-02-26,4,Basic Resources,0,19,1,20,2026-06-03 08:51:01
model3,2025-02-26,5,Media,0,3,0,3,2026-06-03 08:51:01
model3,2025-02-26,6,Retail,0,7,0,7,2026-06-03 08:51:01
model3,2025-02-26,7,Personal & Household Goods,0,9,0,9,2026-06-03 08:51:01
model3,2025-02-26,8,Real Estate,1,23,1,25,2026-06-03 08:51:01
model3,2025-02-26,9,Health Care,0,15,1,16,2026-06-03 08:51:01
model3,2025-02-26,10,Financial Services,0,11,0,11,2026-06-03 08:51:01
model3,2025-02-26,11,Chemicals,0,19,1,20,2026-06-03 08:51:01
model3,2025-02-26,12,Travel & Leisure,0,9,1,10,2026-06-03 08:51:01
model3,2025-02-26,13,Utilities,0,25,0,25,2026-06-03 08:51:01
model3,2025-02-26,14,Insurance,0,5,0,5,2026-06-03 08:51:01
model3,2025-02-26,15,Automobiles & Parts,0,4,0,4,2026-06-03 08:51:01
model3,2025-02-26,16,Technology,0,6,0,6,2026-06-03 08:51:01
model3,2025-02-26,17,Oil & Gas,0,2,0,2,2026-06-03 08:51:01
model3,2025-02-26,18,Telecommunications,0,1,0,1,2026-06-03 08:51:01
model3,2025-02-27,0,Industrial Goods & Services,0,32,2,34,2026-06-03 08:51:01
model3,2025-02-27,1,Food & Beverage,0,35,0,35,2026-06-03 08:51:01
model3,2025-02-27,2,Banks,0,12,0,12,2026-06-03 08:51:01
model3,2025-02-27,3,Construction & Materials,0,63,1,64,2026-06-03 08:51:01
model3,2025-02-27,4,Basic Resources,0,18,0,18,2026-06-03 08:51:01
model3,2025-02-27,5,Media,0,3,0,3,2026-06-03 08:51:01
model3,2025-02-27,6,Retail,0,6,0,6,2026-06-03 08:51:01
model3,2025-02-27,7,Personal & Household Goods,0,7,0,7,2026-06-03 08:51:01
model3,2025-02-27,8,Real Estate,1,25,1,27,2026-06-03 08:51:01
model3,2025-02-27,9,Health Care,0,15,0,15,2026-06-03 08:51:01
model3,2025-02-27,10,Financial Services,0,12,0,12,2026-06-03 08:51:01
model3,2025-02-27,11,Chemicals,0,17,2,19,2026-06-03 08:51:01
model3,2025-02-27,12,Travel & Leisure,0,9,0,9,2026-06-03 08:51:01
model3,2025-02-27,13,Utilities,0,23,1,24,2026-06-03 08:51:01
model3,2025-02-27,14,Insurance,0,5,0,5,2026-06-03 08:51:01
model3,2025-02-27,15,Automobiles & Parts,0,4,0,4,2026-06-03 08:51:01
model3,2025-02-27,16,Technology,1,6,0,7,2026-06-03 08:51:01
model3,2025-02-27,17,Oil & Gas,0,2,0,2,2026-06-03 08:51:01
model3,2025-02-27,18,Telecommunications,0,1,0,1,2026-06-03 08:51:01
model3,2025-02-28,0,Industrial Goods & Services,0,34,0,34,2026-06-03 08:51:01
model3,2025-02-28,1,Food & Beverage,0,37,0,37,2026-06-03 08:51:01
model3,2025-02-28,2,Banks,0,12,0,12,2026-06-03 08:51:01
model3,2025-02-28,3,Construction & Materials,1,70,0,71,2026-06-03 08:51:01
model3,2025-02-28,4,Basic Resources,1,20,0,21,2026-06-03 08:51:01
model3,2025-02-28,5,Media,0,5,0,5,2026-06-03 08:51:01
model3,2025-02-28,6,Retail,0,8,1,9,2026-06-03 08:51:01
model3,2025-02-28,7,Personal & Household Goods,0,10,0,10,2026-06-03 08:51:01
model3,2025-02-28,8,Real Estate,0,28,0,28,2026-06-03 08:51:01
model3,2025-02-28,9,Health Care,0,14,2,16,2026-06-03 08:51:01
model3,2025-02-28,10,Financial Services,0,11,0,11,2026-06-03 08:51:01
model3,2025-02-28,11,Chemicals,0,20,0,20,2026-06-03 08:51:01
model3,2025-02-28,12,Travel & Leisure,0,12,0,12,2026-06-03 08:51:01
model3,2025-02-28,13,Utilities,0,28,1,29,2026-06-03 08:51:01
model3,2025-02-28,14,Insurance,0,5,0,5,2026-06-03 08:51:01
model3,2025-02-28,15,Automobiles & Parts,0,3,1,4,2026-06-03 08:51:01
model3,2025-02-28,16,Technology,0,7,0,7,2026-06-03 08:51:01
model3,2025-02-28,17,Oil & Gas,0,2,0,2,2026-06-03 08:51:01
model3,2025-02-28,18,Telecommunications,0,1,0,1,2026-06-03 08:51:01
model3,2025-03-03,0,Industrial Goods & Services,0,31,0,31,2026-06-03 08:51:01
model3,2025-03-03,1,Food & Beverage,0,35,1,36,2026-06-03 08:51:01
model3,2025-03-03,2,Banks,0,12,0,12,2026-06-03 08:51:01
model3,2025-03-03,3,Construction & Materials,0,69,0,69,2026-06-03 08:51:01
model3,2025-03-03,4,Basic Resources,0,19,0,19,2026-06-03 08:51:01
model3,2025-03-03,5,Media,1,5,0,6,2026-06-03 08:51:01
model3,2025-03-03,6,Retail,0,7,0,7,2026-06-03 08:51:01
model3,2025-03-03,7,Personal & Household Goods,0,10,0,10,2026-06-03 08:51:01
model3,2025-03-03,8,Real Estate,0,24,2,26,2026-06-03 08:51:01
model3,2025-03-03,9,Health Care,0,15,1,16,2026-06-03 08:51:01
model3,2025-03-03,10,Financial Services,1,11,0,12,2026-06-03 08:51:01
model3,2025-03-03,11,Chemicals,0,19,1,20,2026-06-03 08:51:01
model3,2025-03-03,12,Travel & Leisure,0,7,0,7,2026-06-03 08:51:01
model3,2025-03-03,13,Utilities,1,28,0,29,2026-06-03 08:51:01
model3,2025-03-03,14,Insurance,0,5,0,5,2026-06-03 08:51:01
model3,2025-03-03,15,Automobiles & Parts,0,4,0,4,2026-06-03 08:51:01
model3,2025-03-03,16,Technology,0,7,0,7,2026-06-03 08:51:01
model3,2025-03-03,17,Oil & Gas,0,2,0,2,2026-06-03 08:51:01
model3,2025-03-03,18,Telecommunications,0,1,0,1,2026-06-03 08:51:01
model3,2025-03-04,0,Industrial Goods & Services,0,32,0,32,2026-06-03 08:51:01
model3,2025-03-04,1,Food & Beverage,0,34,1,35,2026-06-03 08:51:01
model3,2025-03-04,2,Banks,0,12,0,12,2026-06-03 08:51:01
model3,2025-03-04,3,Construction & Materials,0,67,0,67,2026-06-03 08:51:01
model3,2025-03-04,4,Basic Resources,0,19,0,19,2026-06-03 08:51:01
model3,2025-03-04,5,Media,0,7,0,7,2026-06-03 08:51:01
model3,2025-03-04,6,Retail,0,7,0,7,2026-06-03 08:51:01
model3,2025-03-04,7,Personal & Household Goods,0,7,0,7,2026-06-03 08:51:01
model3,2025-03-04,8,Real Estate,0,25,1,26,2026-06-03 08:51:01
model3,2025-03-04,9,Health Care,1,15,0,16,2026-06-03 08:51:01
model3,2025-03-04,10,Financial Services,0,12,0,12,2026-06-03 08:51:01
model3,2025-03-04,11,Chemicals,0,19,0,19,2026-06-03 08:51:01
model3,2025-03-04,12,Travel & Leisure,0,9,0,9,2026-06-03 08:51:01
model3,2025-03-04,13,Utilities,1,25,1,27,2026-06-03 08:51:01
model3,2025-03-04,14,Insurance,0,5,0,5,2026-06-03 08:51:01
model3,2025-03-04,15,Automobiles & Parts,0,4,0,4,2026-06-03 08:51:01
model3,2025-03-04,16,Technology,0,6,0,6,2026-06-03 08:51:01
model3,2025-03-04,17,Oil & Gas,0,2,0,2,2026-06-03 08:51:01
model3,2025-03-04,18,Telecommunications,0,1,0,1,2026-06-03 08:51:01
model3,2025-03-05,0,Industrial Goods & Services,1,32,0,33,2026-06-03 08:51:01
model3,2025-03-05,1,Food & Beverage,0,36,1,37,2026-06-03 08:51:01
model3,2025-03-05,2,Banks,0,12,0,12,2026-06-03 08:51:01
model3,2025-03-05,3,Construction & Materials,1,67,3,71,2026-06-03 08:51:01
model3,2025-03-05,4,Basic Resources,1,18,0,19,2026-06-03 08:51:01
model3,2025-03-05,5,Media,0,3,1,4,2026-06-03 08:51:01
model3,2025-03-05,6,Retail,0,7,0,7,2026-06-03 08:51:01
model3,2025-03-05,7,Personal & Household Goods,0,8,0,8,2026-06-03 08:51:01
model3,2025-03-05,8,Real Estate,0,26,1,27,2026-06-03 08:51:01
model3,2025-03-05,9,Health Care,0,16,1,17,2026-06-03 08:51:01
model3,2025-03-05,10,Financial Services,0,12,0,12,2026-06-03 08:51:01
model3,2025-03-05,11,Chemicals,0,19,0,19,2026-06-03 08:51:01
model3,2025-03-05,12,Travel & Leisure,0,9,0,9,2026-06-03 08:51:01
model3,2025-03-05,13,Utilities,0,29,1,30,2026-06-03 08:51:01
model3,2025-03-05,14,Insurance,0,5,0,5,2026-06-03 08:51:01
model3,2025-03-05,15,Automobiles & Parts,0,4,0,4,2026-06-03 08:51:01
model3,2025-03-05,16,Technology,0,6,1,7,2026-06-03 08:51:01
model3,2025-03-05,17,Oil & Gas,0,2,0,2,2026-06-03 08:51:01
model3,2025-03-05,18,Telecommunications,0,1,0,1,2026-06-03 08:51:01
model3,2025-03-06,0,Industrial Goods & Services,0,33,1,34,2026-06-03 08:51:01
model3,2025-03-06,1,Food & Beverage,0,32,1,33,2026-06-03 08:51:01
model3,2025-03-06,2,Banks,0,12,0,12,2026-06-03 08:51:01
model3,2025-03-06,3,Construction & Materials,0,67,0,67,2026-06-03 08:51:01
model3,2025-03-06,4,Basic Resources,0,18,1,19,2026-06-03 08:51:01
model3,2025-03-06,5,Media,0,6,0,6,2026-06-03 08:51:01
model3,2025-03-06,6,Retail,0,5,0,5,2026-06-03 08:51:01
model3,2025-03-06,7,Personal & Household Goods,0,10,0,10,2026-06-03 08:51:01
model3,2025-03-06,8,Real Estate,0,26,0,26,2026-06-03 08:51:01
model3,2025-03-06,9,Health Care,1,13,0,14,2026-06-03 08:51:01
model3,2025-03-06,10,Financial Services,0,12,0,12,2026-06-03 08:51:01
model3,2025-03-06,11,Chemicals,0,19,0,19,2026-06-03 08:51:01
model3,2025-03-06,12,Travel & Leisure,0,8,0,8,2026-06-03 08:51:01
model3,2025-03-06,13,Utilities,1,27,1,29,2026-06-03 08:51:01
model3,2025-03-06,14,Insurance,0,5,0,5,2026-06-03 08:51:01
model3,2025-03-06,15,Automobiles & Parts,0,3,0,3,2026-06-03 08:51:01
model3,2025-03-06,16,Technology,0,7,0,7,2026-06-03 08:51:01
model3,2025-03-06,17,Oil & Gas,0,2,0,2,2026-06-03 08:51:01
model3,2025-03-06,18,Telecommunications,0,1,0,1,2026-06-03 08:51:01
model3,2025-03-07,0,Industrial Goods & Services,0,32,3,35,2026-06-03 08:51:01
model3,2025-03-07,1,Food & Beverage,0,36,2,38,2026-06-03 08:51:01
model3,2025-03-07,2,Banks,0,12,0,12,2026-06-03 08:51:01
model3,2025-03-07,3,Construction & Materials,0,73,1,74,2026-06-03 08:51:01
model3,2025-03-07,4,Basic Resources,0,20,1,21,2026-06-03 08:51:01
model3,2025-03-07,5,Media,0,6,0,6,2026-06-03 08:51:01
model3,2025-03-07,6,Retail,0,8,0,8,2026-06-03 08:51:01
model3,2025-03-07,7,Personal & Household Goods,0,12,0,12,2026-06-03 08:51:01
model3,2025-03-07,8,Real Estate,1,30,1,32,2026-06-03 08:51:01
model3,2025-03-07,9,Health Care,0,15,1,16,2026-06-03 08:51:01
model3,2025-03-07,10,Financial Services,0,12,0,12,2026-06-03 08:51:01
model3,2025-03-07,11,Chemicals,0,18,1,19,2026-06-03 08:51:01
model3,2025-03-07,12,Travel & Leisure,1,9,0,10,2026-06-03 08:51:01
model3,2025-03-07,13,Utilities,0,28,1,29,2026-06-03 08:51:01
model3,2025-03-07,14,Insurance,0,5,0,5,2026-06-03 08:51:01
model3,2025-03-07,15,Automobiles & Parts,0,4,0,4,2026-06-03 08:51:01
model3,2025-03-07,16,Technology,0,10,0,10,2026-06-03 08:51:01
model3,2025-03-07,17,Oil & Gas,0,2,0,2,2026-06-03 08:51:01
model3,2025-03-07,18,Telecommunications,0,1,0,1,2026-06-03 08:51:01
model3,2025-03-10,0,Industrial Goods & Services,0,33,3,36,2026-06-03 08:51:01
model3,2025-03-10,1,Food & Beverage,0,34,1,35,2026-06-03 08:51:01
model3,2025-03-10,2,Banks,0,12,0,12,2026-06-03 08:51:01
model3,2025-03-10,3,Construction & Materials,0,69,1,70,2026-06-03 08:51:01
model3,2025-03-10,4,Basic Resources,0,18,0,18,2026-06-03 08:51:01
model3,2025-03-10,5,Media,0,5,1,6,2026-06-03 08:51:01
model3,2025-03-10,6,Retail,0,7,0,7,2026-06-03 08:51:01
model3,2025-03-10,7,Personal & Household Goods,0,9,0,9,2026-06-03 08:51:01
model3,2025-03-10,8,Real Estate,1,25,0,26,2026-06-03 08:51:01
model3,2025-03-10,9,Health Care,0,17,0,17,2026-06-03 08:51:01
model3,2025-03-10,10,Financial Services,0,12,0,12,2026-06-03 08:51:01
model3,2025-03-10,11,Chemicals,0,19,0,19,2026-06-03 08:51:01
model3,2025-03-10,12,Travel & Leisure,0,9,0,9,2026-06-03 08:51:01
model3,2025-03-10,13,Utilities,0,29,1,30,2026-06-03 08:51:01
model3,2025-03-10,14,Insurance,0,5,0,5,2026-06-03 08:51:01
model3,2025-03-10,15,Automobiles & Parts,0,4,0,4,2026-06-03 08:51:01
model3,2025-03-10,16,Technology,0,8,0,8,2026-06-03 08:51:01
model3,2025-03-10,17,Oil & Gas,0,2,0,2,2026-06-03 08:51:01
model3,2025-03-10,18,Telecommunications,0,1,0,1,2026-06-03 08:51:01
model3,2025-03-11,0,Industrial Goods & Services,0,28,3,31,2026-06-03 08:51:01
model3,2025-03-11,1,Food & Beverage,0,38,0,38,2026-06-03 08:51:01
model3,2025-03-11,2,Banks,0,12,0,12,2026-06-03 08:51:01
model3,2025-03-11,3,Construction & Materials,0,64,1,65,2026-06-03 08:51:01
model3,2025-03-11,4,Basic Resources,0,19,1,20,2026-06-03 08:51:01
model3,2025-03-11,5,Media,0,5,0,5,2026-06-03 08:51:01
model3,2025-03-11,6,Retail,0,7,0,7,2026-06-03 08:51:01
model3,2025-03-11,7,Personal & Household Goods,0,8,0,8,2026-06-03 08:51:01
model3,2025-03-11,8,Real Estate,0,26,0,26,2026-06-03 08:51:01
model3,2025-03-11,9,Health Care,0,17,0,17,2026-06-03 08:51:01
model3,2025-03-11,10,Financial Services,0,12,0,12,2026-06-03 08:51:01
model3,2025-03-11,11,Chemicals,0,21,0,21,2026-06-03 08:51:01
model3,2025-03-11,12,Travel & Leisure,0,8,0,8,2026-06-03 08:51:01
model3,2025-03-11,13,Utilities,0,21,2,23,2026-06-03 08:51:01
model3,2025-03-11,14,Insurance,0,5,0,5,2026-06-03 08:51:01
model3,2025-03-11,15,Automobiles & Parts,0,4,0,4,2026-06-03 08:51:01
model3,2025-03-11,16,Technology,0,7,0,7,2026-06-03 08:51:01
model3,2025-03-11,17,Oil & Gas,0,2,0,2,2026-06-03 08:51:01
model3,2025-03-11,18,Telecommunications,0,1,0,1,2026-06-03 08:51:01
model3,2025-03-12,0,Industrial Goods & Services,0,39,2,41,2026-06-03 08:51:01
model3,2025-03-12,1,Food & Beverage,0,35,0,35,2026-06-03 08:51:01
model3,2025-03-12,2,Banks,0,12,0,12,2026-06-03 08:51:01
model3,2025-03-12,3,Construction & Materials,0,62,0,62,2026-06-03 08:51:01
model3,2025-03-12,4,Basic Resources,0,18,0,18,2026-06-03 08:51:01
model3,2025-03-12,5,Media,0,5,0,5,2026-06-03 08:51:01
model3,2025-03-12,6,Retail,0,7,0,7,2026-06-03 08:51:01
model3,2025-03-12,7,Personal & Household Goods,0,9,0,9,2026-06-03 08:51:01
model3,2025-03-12,8,Real Estate,0,26,1,27,2026-06-03 08:51:01
model3,2025-03-12,9,Health Care,0,15,1,16,2026-06-03 08:51:01
model3,2025-03-12,10,Financial Services,0,11,0,11,2026-06-03 08:51:01
model3,2025-03-12,11,Chemicals,0,18,0,18,2026-06-03 08:51:01
model3,2025-03-12,12,Travel & Leisure,0,8,0,8,2026-06-03 08:51:01
model3,2025-03-12,13,Utilities,1,26,0,27,2026-06-03 08:51:01
model3,2025-03-12,14,Insurance,0,5,0,5,2026-06-03 08:51:01
model3,2025-03-12,15,Automobiles & Parts,0,4,0,4,2026-06-03 08:51:01
model3,2025-03-12,16,Technology,0,5,0,5,2026-06-03 08:51:01
model3,2025-03-12,17,Oil & Gas,0,2,0,2,2026-06-03 08:51:01
model3,2025-03-12,18,Telecommunications,0,1,0,1,2026-06-03 08:51:01
model3,2025-03-13,0,Industrial Goods & Services,0,34,0,34,2026-06-03 08:51:01
model3,2025-03-13,1,Food & Beverage,0,33,0,33,2026-06-03 08:51:01
model3,2025-03-13,2,Banks,0,12,0,12,2026-06-03 08:51:01
model3,2025-03-13,3,Construction & Materials,0,70,2,72,2026-06-03 08:51:01
model3,2025-03-13,4,Basic Resources,0,20,0,20,2026-06-03 08:51:01
model3,2025-03-13,5,Media,0,7,0,7,2026-06-03 08:51:01
model3,2025-03-13,6,Retail,0,7,0,7,2026-06-03 08:51:01
model3,2025-03-13,7,Personal & Household Goods,0,9,0,9,2026-06-03 08:51:01
model3,2025-03-13,8,Real Estate,0,25,2,27,2026-06-03 08:51:01
model3,2025-03-13,9,Health Care,0,17,0,17,2026-06-03 08:51:01
model3,2025-03-13,10,Financial Services,0,11,1,12,2026-06-03 08:51:01
model3,2025-03-13,11,Chemicals,0,18,0,18,2026-06-03 08:51:01
model3,2025-03-13,12,Travel & Leisure,0,9,0,9,2026-06-03 08:51:01
model3,2025-03-13,13,Utilities,0,23,0,23,2026-06-03 08:51:01
model3,2025-03-13,14,Insurance,0,5,0,5,2026-06-03 08:51:01
model3,2025-03-13,15,Automobiles & Parts,0,3,0,3,2026-06-03 08:51:01
model3,2025-03-13,16,Technology,0,6,0,6,2026-06-03 08:51:01
model3,2025-03-13,17,Oil & Gas,0,2,0,2,2026-06-03 08:51:01
model3,2025-03-13,18,Telecommunications,0,1,0,1,2026-06-03 08:51:01
model3,2025-03-14,0,Industrial Goods & Services,2,40,0,42,2026-06-03 08:51:01
model3,2025-03-14,1,Food & Beverage,0,36,1,37,2026-06-03 08:51:01
model3,2025-03-14,2,Banks,0,12,0,12,2026-06-03 08:51:01
model3,2025-03-14,3,Construction & Materials,1,76,0,77,2026-06-03 08:51:01
model3,2025-03-14,4,Basic Resources,0,20,1,21,2026-06-03 08:51:01
model3,2025-03-14,5,Media,0,4,1,5,2026-06-03 08:51:01
model3,2025-03-14,6,Retail,0,7,0,7,2026-06-03 08:51:01
model3,2025-03-14,7,Personal & Household Goods,0,13,0,13,2026-06-03 08:51:01
model3,2025-03-14,8,Real Estate,0,31,1,32,2026-06-03 08:51:01
model3,2025-03-14,9,Health Care,0,15,1,16,2026-06-03 08:51:01
model3,2025-03-14,10,Financial Services,0,12,0,12,2026-06-03 08:51:01
model3,2025-03-14,11,Chemicals,0,20,0,20,2026-06-03 08:51:01
model3,2025-03-14,12,Travel & Leisure,0,10,0,10,2026-06-03 08:51:01
model3,2025-03-14,13,Utilities,0,24,1,25,2026-06-03 08:51:01
model3,2025-03-14,14,Insurance,0,5,0,5,2026-06-03 08:51:01
model3,2025-03-14,15,Automobiles & Parts,0,3,0,3,2026-06-03 08:51:01
model3,2025-03-14,16,Technology,0,6,1,7,2026-06-03 08:51:01
model3,2025-03-14,17,Oil & Gas,0,2,0,2,2026-06-03 08:51:01
model3,2025-03-14,18,Telecommunications,0,1,0,1,2026-06-03 08:51:01
model3,2025-03-17,0,Industrial Goods & Services,0,38,1,39,2026-06-03 08:51:01
model3,2025-03-17,1,Food & Beverage,0,36,0,36,2026-06-03 08:51:01
model3,2025-03-17,2,Banks,0,12,0,12,2026-06-03 08:51:01
model3,2025-03-17,3,Construction & Materials,0,67,2,69,2026-06-03 08:51:01
model3,2025-03-17,4,Basic Resources,0,19,0,19,2026-06-03 08:51:01
model3,2025-03-17,5,Media,0,3,0,3,2026-06-03 08:51:01
model3,2025-03-17,6,Retail,0,6,0,6,2026-06-03 08:51:01
model3,2025-03-17,7,Personal & Household Goods,0,9,0,9,2026-06-03 08:51:01
model3,2025-03-17,8,Real Estate,0,26,1,27,2026-06-03 08:51:01
model3,2025-03-17,9,Health Care,0,15,1,16,2026-06-03 08:51:01
model3,2025-03-17,10,Financial Services,0,12,0,12,2026-06-03 08:51:01
model3,2025-03-17,11,Chemicals,0,19,0,19,2026-06-03 08:51:01
model3,2025-03-17,12,Travel & Leisure,0,9,0,9,2026-06-03 08:51:01
model3,2025-03-17,13,Utilities,2,23,2,27,2026-06-03 08:51:01
model3,2025-03-17,14,Insurance,0,4,0,4,2026-06-03 08:51:01
model3,2025-03-17,15,Automobiles & Parts,0,4,0,4,2026-06-03 08:51:01
model3,2025-03-17,16,Technology,0,6,0,6,2026-06-03 08:51:01
model3,2025-03-17,17,Oil & Gas,0,2,0,2,2026-06-03 08:51:01
model3,2025-03-17,18,Telecommunications,0,1,0,1,2026-06-03 08:51:01
model3,2025-03-18,0,Industrial Goods & Services,0,32,1,33,2026-06-03 08:51:01
model3,2025-03-18,1,Food & Beverage,1,33,1,35,2026-06-03 08:51:01
model3,2025-03-18,2,Banks,0,12,0,12,2026-06-03 08:51:01
model3,2025-03-18,3,Construction & Materials,0,61,3,64,2026-06-03 08:51:01
model3,2025-03-18,4,Basic Resources,0,18,0,18,2026-06-03 08:51:01
model3,2025-03-18,5,Media,0,7,0,7,2026-06-03 08:51:01
model3,2025-03-18,6,Retail,0,7,0,7,2026-06-03 08:51:01
model3,2025-03-18,7,Personal & Household Goods,0,7,0,7,2026-06-03 08:51:01
model3,2025-03-18,8,Real Estate,0,25,2,27,2026-06-03 08:51:01
model3,2025-03-18,9,Health Care,0,17,0,17,2026-06-03 08:51:01
model3,2025-03-18,10,Financial Services,0,9,0,9,2026-06-03 08:51:01
model3,2025-03-18,11,Chemicals,0,17,1,18,2026-06-03 08:51:01
model3,2025-03-18,12,Travel & Leisure,0,8,0,8,2026-06-03 08:51:01
model3,2025-03-18,13,Utilities,0,26,1,27,2026-06-03 08:51:01
model3,2025-03-18,14,Insurance,0,4,0,4,2026-06-03 08:51:01
model3,2025-03-18,15,Automobiles & Parts,0,4,0,4,2026-06-03 08:51:01
model3,2025-03-18,16,Technology,0,8,0,8,2026-06-03 08:51:01
model3,2025-03-18,17,Oil & Gas,0,2,0,2,2026-06-03 08:51:01
model3,2025-03-18,18,Telecommunications,0,1,0,1,2026-06-03 08:51:01
model3,2025-03-19,0,Industrial Goods & Services,1,30,1,32,2026-06-03 08:51:01
model3,2025-03-19,1,Food & Beverage,0,35,0,35,2026-06-03 08:51:01
model3,2025-03-19,2,Banks,0,12,0,12,2026-06-03 08:51:01
model3,2025-03-19,3,Construction & Materials,0,59,2,61,2026-06-03 08:51:01
model3,2025-03-19,4,Basic Resources,0,19,0,19,2026-06-03 08:51:01
model3,2025-03-19,5,Media,0,6,0,6,2026-06-03 08:51:01
model3,2025-03-19,6,Retail,0,7,0,7,2026-06-03 08:51:01
model3,2025-03-19,7,Personal & Household Goods,0,9,1,10,2026-06-03 08:51:01
model3,2025-03-19,8,Real Estate,1,26,1,28,2026-06-03 08:51:01
model3,2025-03-19,9,Health Care,0,16,0,16,2026-06-03 08:51:01
model3,2025-03-19,10,Financial Services,1,11,0,12,2026-06-03 08:51:01
model3,2025-03-19,11,Chemicals,0,18,0,18,2026-06-03 08:51:01
model3,2025-03-19,12,Travel & Leisure,0,8,0,8,2026-06-03 08:51:01
model3,2025-03-19,13,Utilities,0,30,0,30,2026-06-03 08:51:01
model3,2025-03-19,14,Insurance,0,4,0,4,2026-06-03 08:51:01
model3,2025-03-19,15,Automobiles & Parts,0,2,0,2,2026-06-03 08:51:01
model3,2025-03-19,16,Technology,0,7,0,7,2026-06-03 08:51:01
model3,2025-03-19,17,Oil & Gas,0,2,0,2,2026-06-03 08:51:01
model3,2025-03-19,18,Telecommunications,0,1,0,1,2026-06-03 08:51:01
model3,2025-03-20,0,Industrial Goods & Services,0,34,1,35,2026-06-03 08:51:01
model3,2025-03-20,1,Food & Beverage,0,29,0,29,2026-06-03 08:51:01
model3,2025-03-20,2,Banks,0,12,0,12,2026-06-03 08:51:01
model3,2025-03-20,3,Construction & Materials,0,68,0,68,2026-06-03 08:51:01
model3,2025-03-20,4,Basic Resources,0,19,0,19,2026-06-03 08:51:01
model3,2025-03-20,5,Media,0,5,0,5,2026-06-03 08:51:01
model3,2025-03-20,6,Retail,0,7,0,7,2026-06-03 08:51:01
model3,2025-03-20,7,Personal & Household Goods,0,10,0,10,2026-06-03 08:51:01
model3,2025-03-20,8,Real Estate,0,29,0,29,2026-06-03 08:51:01
model3,2025-03-20,9,Health Care,0,14,1,15,2026-06-03 08:51:01
model3,2025-03-20,10,Financial Services,0,12,0,12,2026-06-03 08:51:01
model3,2025-03-20,11,Chemicals,0,20,0,20,2026-06-03 08:51:01
model3,2025-03-20,12,Travel & Leisure,0,7,0,7,2026-06-03 08:51:01
model3,2025-03-20,13,Utilities,1,20,1,22,2026-06-03 08:51:01
model3,2025-03-20,14,Insurance,0,4,0,4,2026-06-03 08:51:01
model3,2025-03-20,15,Automobiles & Parts,0,4,0,4,2026-06-03 08:51:01
model3,2025-03-20,16,Technology,0,7,0,7,2026-06-03 08:51:01
model3,2025-03-20,17,Oil & Gas,0,2,0,2,2026-06-03 08:51:01
model3,2025-03-20,18,Telecommunications,0,1,0,1,2026-06-03 08:51:01
model3,2025-03-21,0,Industrial Goods & Services,0,39,0,39,2026-06-03 08:51:01
model3,2025-03-21,1,Food & Beverage,1,34,1,36,2026-06-03 08:51:01
model3,2025-03-21,2,Banks,0,12,0,12,2026-06-03 08:51:01
model3,2025-03-21,3,Construction & Materials,1,71,3,75,2026-06-03 08:51:01
model3,2025-03-21,4,Basic Resources,0,21,0,21,2026-06-03 08:51:01
model3,2025-03-21,5,Media,0,3,0,3,2026-06-03 08:51:01
model3,2025-03-21,6,Retail,0,10,0,10,2026-06-03 08:51:01
model3,2025-03-21,7,Personal & Household Goods,0,13,0,13,2026-06-03 08:51:01
model3,2025-03-21,8,Real Estate,0,30,0,30,2026-06-03 08:51:01
model3,2025-03-21,9,Health Care,1,13,1,15,2026-06-03 08:51:01
model3,2025-03-21,10,Financial Services,0,12,0,12,2026-06-03 08:51:01
model3,2025-03-21,11,Chemicals,0,19,0,19,2026-06-03 08:51:01
model3,2025-03-21,12,Travel & Leisure,1,7,0,8,2026-06-03 08:51:01
model3,2025-03-21,13,Utilities,1,25,1,27,2026-06-03 08:51:01
model3,2025-03-21,14,Insurance,0,5,0,5,2026-06-03 08:51:01
model3,2025-03-21,15,Automobiles & Parts,0,6,0,6,2026-06-03 08:51:01
model3,2025-03-21,16,Technology,1,6,1,8,2026-06-03 08:51:01
model3,2025-03-21,17,Oil & Gas,0,2,0,2,2026-06-03 08:51:01
model3,2025-03-21,18,Telecommunications,0,1,0,1,2026-06-03 08:51:01
model3,2025-03-24,0,Industrial Goods & Services,1,28,1,30,2026-06-03 08:51:01
model3,2025-03-24,1,Food & Beverage,0,35,0,35,2026-06-03 08:51:01
model3,2025-03-24,2,Banks,0,12,0,12,2026-06-03 08:51:01
model3,2025-03-24,3,Construction & Materials,2,63,6,71,2026-06-03 08:51:01
model3,2025-03-24,4,Basic Resources,0,20,0,20,2026-06-03 08:51:01
model3,2025-03-24,5,Media,0,7,0,7,2026-06-03 08:51:01
model3,2025-03-24,6,Retail,0,6,0,6,2026-06-03 08:51:01
model3,2025-03-24,7,Personal & Household Goods,0,7,0,7,2026-06-03 08:51:01
model3,2025-03-24,8,Real Estate,0,24,0,24,2026-06-03 08:51:01
model3,2025-03-24,9,Health Care,0,15,0,15,2026-06-03 08:51:01
model3,2025-03-24,10,Financial Services,0,12,0,12,2026-06-03 08:51:01
model3,2025-03-24,11,Chemicals,0,19,1,20,2026-06-03 08:51:01
model3,2025-03-24,12,Travel & Leisure,0,6,0,6,2026-06-03 08:51:01
model3,2025-03-24,13,Utilities,0,22,0,22,2026-06-03 08:51:01
model3,2025-03-24,14,Insurance,0,5,0,5,2026-06-03 08:51:01
model3,2025-03-24,15,Automobiles & Parts,0,3,0,3,2026-06-03 08:51:01
model3,2025-03-24,16,Technology,0,8,0,8,2026-06-03 08:51:01
model3,2025-03-24,17,Oil & Gas,0,2,0,2,2026-06-03 08:51:01
model3,2025-03-24,18,Telecommunications,0,1,0,1,2026-06-03 08:51:01
model3,2025-03-25,0,Industrial Goods & Services,0,36,0,36,2026-06-03 08:51:01
model3,2025-03-25,1,Food & Beverage,0,35,0,35,2026-06-03 08:51:01
model3,2025-03-25,2,Banks,0,11,0,11,2026-06-03 08:51:01
model3,2025-03-25,3,Construction & Materials,0,66,1,67,2026-06-03 08:51:01
model3,2025-03-25,4,Basic Resources,0,20,0,20,2026-06-03 08:51:01
model3,2025-03-25,5,Media,0,4,0,4,2026-06-03 08:51:01
model3,2025-03-25,6,Retail,0,6,0,6,2026-06-03 08:51:01
model3,2025-03-25,7,Personal & Household Goods,0,8,0,8,2026-06-03 08:51:01
model3,2025-03-25,8,Real Estate,0,28,0,28,2026-06-03 08:51:01
model3,2025-03-25,9,Health Care,1,14,0,15,2026-06-03 08:51:01
model3,2025-03-25,10,Financial Services,0,12,0,12,2026-06-03 08:51:01
model3,2025-03-25,11,Chemicals,0,19,0,19,2026-06-03 08:51:01
model3,2025-03-25,12,Travel & Leisure,0,7,0,7,2026-06-03 08:51:01
model3,2025-03-25,13,Utilities,1,25,0,26,2026-06-03 08:51:01
model3,2025-03-25,14,Insurance,0,5,0,5,2026-06-03 08:51:01
model3,2025-03-25,15,Automobiles & Parts,0,5,0,5,2026-06-03 08:51:01
model3,2025-03-25,16,Technology,0,8,0,8,2026-06-03 08:51:01
model3,2025-03-25,17,Oil & Gas,0,2,0,2,2026-06-03 08:51:01
model3,2025-03-25,18,Telecommunications,0,1,0,1,2026-06-03 08:51:01
model3,2025-03-26,0,Industrial Goods & Services,0,35,0,35,2026-06-03 08:51:01
model3,2025-03-26,1,Food & Beverage,0,32,1,33,2026-06-03 08:51:01
model3,2025-03-26,2,Banks,0,12,0,12,2026-06-03 08:51:01
model3,2025-03-26,3,Construction & Materials,0,63,2,65,2026-06-03 08:51:01
model3,2025-03-26,4,Basic Resources,0,19,0,19,2026-06-03 08:51:01
model3,2025-03-26,5,Media,0,5,0,5,2026-06-03 08:51:01
model3,2025-03-26,6,Retail,0,6,0,6,2026-06-03 08:51:01
model3,2025-03-26,7,Personal & Household Goods,0,8,0,8,2026-06-03 08:51:01
model3,2025-03-26,8,Real Estate,0,24,0,24,2026-06-03 08:51:01
model3,2025-03-26,9,Health Care,0,15,0,15,2026-06-03 08:51:01
model3,2025-03-26,10,Financial Services,0,11,0,11,2026-06-03 08:51:01
model3,2025-03-26,11,Chemicals,0,18,0,18,2026-06-03 08:51:01
model3,2025-03-26,12,Travel & Leisure,0,8,0,8,2026-06-03 08:51:01
model3,2025-03-26,13,Utilities,0,21,0,21,2026-06-03 08:51:01
model3,2025-03-26,14,Insurance,0,5,0,5,2026-06-03 08:51:01
model3,2025-03-26,15,Automobiles & Parts,0,4,0,4,2026-06-03 08:51:01
model3,2025-03-26,16,Technology,0,7,0,7,2026-06-03 08:51:01
model3,2025-03-26,17,Oil & Gas,0,2,0,2,2026-06-03 08:51:01
model3,2025-03-26,18,Telecommunications,0,1,0,1,2026-06-03 08:51:01
model3,2025-03-27,0,Industrial Goods & Services,1,36,0,37,2026-06-03 08:51:01
model3,2025-03-27,1,Food & Beverage,1,37,1,39,2026-06-03 08:51:01
model3,2025-03-27,2,Banks,0,12,0,12,2026-06-03 08:51:01
model3,2025-03-27,3,Construction & Materials,0,68,1,69,2026-06-03 08:51:01
model3,2025-03-27,4,Basic Resources,0,19,0,19,2026-06-03 08:51:01
model3,2025-03-27,5,Media,0,5,0,5,2026-06-03 08:51:01
model3,2025-03-27,6,Retail,0,5,0,5,2026-06-03 08:51:01
model3,2025-03-27,7,Personal & Household Goods,0,8,0,8,2026-06-03 08:51:01
model3,2025-03-27,8,Real Estate,0,27,0,27,2026-06-03 08:51:01
model3,2025-03-27,9,Health Care,0,14,0,14,2026-06-03 08:51:01
model3,2025-03-27,10,Financial Services,0,12,0,12,2026-06-03 08:51:01
model3,2025-03-27,11,Chemicals,0,16,0,16,2026-06-03 08:51:01
model3,2025-03-27,12,Travel & Leisure,0,7,0,7,2026-06-03 08:51:01
model3,2025-03-27,13,Utilities,1,21,1,23,2026-06-03 08:51:01
model3,2025-03-27,14,Insurance,0,5,0,5,2026-06-03 08:51:01
model3,2025-03-27,15,Automobiles & Parts,0,4,0,4,2026-06-03 08:51:01
model3,2025-03-27,16,Technology,0,6,0,6,2026-06-03 08:51:01
model3,2025-03-27,17,Oil & Gas,0,2,0,2,2026-06-03 08:51:01
model3,2025-03-27,18,Telecommunications,0,1,0,1,2026-06-03 08:51:01
model3,2025-03-28,0,Industrial Goods & Services,0,29,2,31,2026-06-03 08:51:01
model3,2025-03-28,1,Food & Beverage,0,38,0,38,2026-06-03 08:51:01
model3,2025-03-28,2,Banks,0,12,0,12,2026-06-03 08:51:01
model3,2025-03-28,3,Construction & Materials,1,73,2,76,2026-06-03 08:51:01
model3,2025-03-28,4,Basic Resources,0,22,0,22,2026-06-03 08:51:01
model3,2025-03-28,5,Media,0,4,1,5,2026-06-03 08:51:01
model3,2025-03-28,6,Retail,0,8,0,8,2026-06-03 08:51:01
model3,2025-03-28,7,Personal & Household Goods,0,11,0,11,2026-06-03 08:51:01
model3,2025-03-28,8,Real Estate,0,28,0,28,2026-06-03 08:51:01
model3,2025-03-28,9,Health Care,0,16,0,16,2026-06-03 08:51:01
model3,2025-03-28,10,Financial Services,0,12,0,12,2026-06-03 08:51:01
model3,2025-03-28,11,Chemicals,0,18,0,18,2026-06-03 08:51:01
model3,2025-03-28,12,Travel & Leisure,0,8,0,8,2026-06-03 08:51:01
model3,2025-03-28,13,Utilities,0,22,2,24,2026-06-03 08:51:01
model3,2025-03-28,14,Insurance,0,5,0,5,2026-06-03 08:51:01
model3,2025-03-28,15,Automobiles & Parts,0,5,0,5,2026-06-03 08:51:01
model3,2025-03-28,16,Technology,0,8,0,8,2026-06-03 08:51:01
model3,2025-03-28,17,Oil & Gas,0,1,0,1,2026-06-03 08:51:01
model3,2025-03-28,18,Telecommunications,0,1,0,1,2026-06-03 08:51:01
model3,2025-03-31,0,Industrial Goods & Services,0,29,1,30,2026-06-03 08:51:01
model3,2025-03-31,1,Food & Beverage,0,27,0,27,2026-06-03 08:51:01
model3,2025-03-31,2,Banks,0,12,0,12,2026-06-03 08:51:01
model3,2025-03-31,3,Construction & Materials,0,55,0,55,2026-06-03 08:51:01
model3,2025-03-31,4,Basic Resources,0,13,0,13,2026-06-03 08:51:01
model3,2025-03-31,5,Media,0,5,0,5,2026-06-03 08:51:01
model3,2025-03-31,6,Retail,0,3,0,3,2026-06-03 08:51:01
model3,2025-03-31,7,Personal & Household Goods,0,6,0,6,2026-06-03 08:51:01
model3,2025-03-31,8,Real Estate,0,22,0,22,2026-06-03 08:51:01
model3,2025-03-31,9,Health Care,0,13,0,13,2026-06-03 08:51:01
model3,2025-03-31,10,Financial Services,0,9,0,9,2026-06-03 08:51:01
model3,2025-03-31,11,Chemicals,1,12,0,13,2026-06-03 08:51:01
model3,2025-03-31,12,Travel & Leisure,1,4,0,5,2026-06-03 08:51:01
model3,2025-03-31,13,Utilities,0,24,1,25,2026-06-03 08:51:01
model3,2025-03-31,14,Insurance,0,4,0,4,2026-06-03 08:51:01
model3,2025-03-31,15,Automobiles & Parts,0,5,0,5,2026-06-03 08:51:01
model3,2025-03-31,16,Technology,0,6,0,6,2026-06-03 08:51:01
model3,2025-04-01,0,Industrial Goods & Services,0,31,2,33,2026-06-03 08:51:01
model3,2025-04-01,1,Food & Beverage,0,25,0,25,2026-06-03 08:51:01
model3,2025-04-01,2,Banks,0,12,0,12,2026-06-03 08:51:01
model3,2025-04-01,3,Construction & Materials,0,42,2,44,2026-06-03 08:51:01
model3,2025-04-01,4,Basic Resources,0,9,0,9,2026-06-03 08:51:01
model3,2025-04-01,5,Media,0,2,0,2,2026-06-03 08:51:01
model3,2025-04-01,6,Retail,0,2,0,2,2026-06-03 08:51:01
model3,2025-04-01,7,Personal & Household Goods,0,8,0,8,2026-06-03 08:51:01
model3,2025-04-01,8,Real Estate,0,11,0,11,2026-06-03 08:51:01
model3,2025-04-01,9,Health Care,0,12,0,12,2026-06-03 08:51:01
model3,2025-04-01,10,Financial Services,0,6,0,6,2026-06-03 08:51:01
model3,2025-04-01,11,Chemicals,0,8,1,9,2026-06-03 08:51:01
model3,2025-04-01,12,Travel & Leisure,0,6,0,6,2026-06-03 08:51:01
model3,2025-04-01,13,Utilities,0,23,0,23,2026-06-03 08:51:01
model3,2025-04-01,14,Insurance,0,4,0,4,2026-06-03 08:51:01
model3,2025-04-01,15,Automobiles & Parts,0,1,0,1,2026-06-03 08:51:01
model3,2025-04-01,16,Technology,0,6,1,7,2026-06-03 08:51:01
model3,2025-04-02,0,Industrial Goods & Services,0,36,1,37,2026-06-03 08:51:01
model3,2025-04-02,1,Food & Beverage,1,32,2,35,2026-06-03 08:51:01
model3,2025-04-02,2,Banks,0,12,0,12,2026-06-03 08:51:01
model3,2025-04-02,3,Construction & Materials,0,56,1,57,2026-06-03 08:51:01
model3,2025-04-02,4,Basic Resources,0,14,0,14,2026-06-03 08:51:01
model3,2025-04-02,5,Media,0,4,0,4,2026-06-03 08:51:01
model3,2025-04-02,6,Retail,0,6,0,6,2026-06-03 08:51:01
model3,2025-04-02,7,Personal & Household Goods,0,8,0,8,2026-06-03 08:51:01
model3,2025-04-02,8,Real Estate,0,22,0,22,2026-06-03 08:51:01
model3,2025-04-02,9,Health Care,0,16,1,17,2026-06-03 08:51:01
model3,2025-04-02,10,Financial Services,0,10,0,10,2026-06-03 08:51:01
model3,2025-04-02,11,Chemicals,0,16,0,16,2026-06-03 08:51:01
model3,2025-04-02,12,Travel & Leisure,0,6,0,6,2026-06-03 08:51:01
model3,2025-04-02,13,Utilities,0,27,1,28,2026-06-03 08:51:01
model3,2025-04-02,14,Insurance,0,5,0,5,2026-06-03 08:51:01
model3,2025-04-02,15,Automobiles & Parts,0,3,1,4,2026-06-03 08:51:01
model3,2025-04-02,16,Technology,0,6,0,6,2026-06-03 08:51:01
model3,2025-04-02,17,Oil & Gas,0,2,0,2,2026-06-03 08:51:01
model3,2025-04-02,18,Telecommunications,0,1,0,1,2026-06-03 08:51:01
model3,2025-04-03,0,Industrial Goods & Services,1,39,0,40,2026-06-03 08:51:01
model3,2025-04-03,1,Food & Beverage,4,33,0,37,2026-06-03 08:51:01
model3,2025-04-03,2,Banks,0,12,0,12,2026-06-03 08:51:01
model3,2025-04-03,3,Construction & Materials,1,69,0,70,2026-06-03 08:51:01
model3,2025-04-03,4,Basic Resources,0,20,0,20,2026-06-03 08:51:01
model3,2025-04-03,5,Media,0,5,1,6,2026-06-03 08:51:01
model3,2025-04-03,6,Retail,0,7,0,7,2026-06-03 08:51:01
model3,2025-04-03,7,Personal & Household Goods,0,10,0,10,2026-06-03 08:51:01
model3,2025-04-03,8,Real Estate,0,29,0,29,2026-06-03 08:51:01
model3,2025-04-03,9,Health Care,0,16,1,17,2026-06-03 08:51:01
model3,2025-04-03,10,Financial Services,0,12,0,12,2026-06-03 08:51:01
model3,2025-04-03,11,Chemicals,1,19,0,20,2026-06-03 08:51:01
model3,2025-04-03,12,Travel & Leisure,0,8,0,8,2026-06-03 08:51:01
model3,2025-04-03,13,Utilities,2,26,1,29,2026-06-03 08:51:01
model3,2025-04-03,14,Insurance,0,5,0,5,2026-06-03 08:51:01
model3,2025-04-03,15,Automobiles & Parts,0,3,0,3,2026-06-03 08:51:01
model3,2025-04-03,16,Technology,0,7,0,7,2026-06-03 08:51:01
model3,2025-04-03,17,Oil & Gas,0,2,0,2,2026-06-03 08:51:01
model3,2025-04-03,18,Telecommunications,0,1,0,1,2026-06-03 08:51:01
model3,2025-04-04,0,Industrial Goods & Services,1,39,0,40,2026-06-03 08:51:01
model3,2025-04-04,1,Food & Beverage,0,37,0,37,2026-06-03 08:51:01
model3,2025-04-04,2,Banks,0,12,0,12,2026-06-03 08:51:01
model3,2025-04-04,3,Construction & Materials,0,74,2,76,2026-06-03 08:51:01
model3,2025-04-04,4,Basic Resources,0,20,0,20,2026-06-03 08:51:01
model3,2025-04-04,5,Media,0,5,0,5,2026-06-03 08:51:01
model3,2025-04-04,6,Retail,0,8,1,9,2026-06-03 08:51:01
model3,2025-04-04,7,Personal & Household Goods,0,13,1,14,2026-06-03 08:51:01
model3,2025-04-04,8,Real Estate,2,29,1,32,2026-06-03 08:51:01
model3,2025-04-04,9,Health Care,0,15,0,15,2026-06-03 08:51:01
model3,2025-04-04,10,Financial Services,1,10,0,11,2026-06-03 08:51:01
model3,2025-04-04,11,Chemicals,0,19,0,19,2026-06-03 08:51:01
model3,2025-04-04,12,Travel & Leisure,0,8,0,8,2026-06-03 08:51:01
model3,2025-04-04,13,Utilities,2,30,1,33,2026-06-03 08:51:01
model3,2025-04-04,14,Insurance,0,5,0,5,2026-06-03 08:51:01
model3,2025-04-04,15,Automobiles & Parts,0,4,0,4,2026-06-03 08:51:01
model3,2025-04-04,16,Technology,0,9,0,9,2026-06-03 08:51:01
model3,2025-04-04,17,Oil & Gas,0,2,0,2,2026-06-03 08:51:01
model3,2025-04-04,18,Telecommunications,0,1,0,1,2026-06-03 08:51:01
model3,2025-04-08,0,Industrial Goods & Services,0,36,0,36,2026-06-03 08:51:01
model3,2025-04-08,1,Food & Beverage,0,31,0,31,2026-06-03 08:51:01
model3,2025-04-08,2,Banks,1,11,0,12,2026-06-03 08:51:01
model3,2025-04-08,3,Construction & Materials,6,60,0,66,2026-06-03 08:51:01
model3,2025-04-08,4,Basic Resources,0,14,1,15,2026-06-03 08:51:01
model3,2025-04-08,5,Media,1,4,1,6,2026-06-03 08:51:01
model3,2025-04-08,6,Retail,0,5,1,6,2026-06-03 08:51:01
model3,2025-04-08,7,Personal & Household Goods,1,5,0,6,2026-06-03 08:51:01
model3,2025-04-08,8,Real Estate,2,24,0,26,2026-06-03 08:51:01
model3,2025-04-08,9,Health Care,1,13,1,15,2026-06-03 08:51:01
model3,2025-04-08,10,Financial Services,0,12,0,12,2026-06-03 08:51:01
model3,2025-04-08,11,Chemicals,0,17,0,17,2026-06-03 08:51:01
model3,2025-04-08,12,Travel & Leisure,0,8,0,8,2026-06-03 08:51:01
model3,2025-04-08,13,Utilities,0,29,0,29,2026-06-03 08:51:01
model3,2025-04-08,14,Insurance,0,5,0,5,2026-06-03 08:51:01
model3,2025-04-08,15,Automobiles & Parts,0,4,0,4,2026-06-03 08:51:01
model3,2025-04-08,16,Technology,0,7,0,7,2026-06-03 08:51:01
model3,2025-04-08,17,Oil & Gas,0,2,0,2,2026-06-03 08:51:01
model3,2025-04-08,18,Telecommunications,0,1,0,1,2026-06-03 08:51:01
model3,2025-04-09,0,Industrial Goods & Services,0,32,1,33,2026-06-03 08:51:01
model3,2025-04-09,1,Food & Beverage,1,31,0,32,2026-06-03 08:51:01
model3,2025-04-09,2,Banks,0,12,0,12,2026-06-03 08:51:01
model3,2025-04-09,3,Construction & Materials,4,57,0,61,2026-06-03 08:51:01
model3,2025-04-09,4,Basic Resources,0,18,0,18,2026-06-03 08:51:01
model3,2025-04-09,5,Media,0,5,0,5,2026-06-03 08:51:01
model3,2025-04-09,6,Retail,0,5,0,5,2026-06-03 08:51:01
model3,2025-04-09,7,Personal & Household Goods,0,8,0,8,2026-06-03 08:51:01
model3,2025-04-09,8,Real Estate,0,25,0,25,2026-06-03 08:51:01
model3,2025-04-09,9,Health Care,0,13,0,13,2026-06-03 08:51:01
model3,2025-04-09,10,Financial Services,0,11,0,11,2026-06-03 08:51:01
model3,2025-04-09,11,Chemicals,0,18,0,18,2026-06-03 08:51:01
model3,2025-04-09,12,Travel & Leisure,0,8,0,8,2026-06-03 08:51:01
model3,2025-04-09,13,Utilities,1,24,0,25,2026-06-03 08:51:01
model3,2025-04-09,14,Insurance,0,5,0,5,2026-06-03 08:51:01
model3,2025-04-09,15,Automobiles & Parts,0,3,0,3,2026-06-03 08:51:01
model3,2025-04-09,16,Technology,0,7,0,7,2026-06-03 08:51:01
model3,2025-04-09,17,Oil & Gas,0,2,0,2,2026-06-03 08:51:01
model3,2025-04-09,18,Telecommunications,0,1,0,1,2026-06-03 08:51:01
model3,2025-04-10,0,Industrial Goods & Services,0,37,0,37,2026-06-03 08:51:01
model3,2025-04-10,1,Food & Beverage,0,35,1,36,2026-06-03 08:51:01
model3,2025-04-10,2,Banks,0,12,0,12,2026-06-03 08:51:01
model3,2025-04-10,3,Construction & Materials,1,63,1,65,2026-06-03 08:51:01
model3,2025-04-10,4,Basic Resources,0,20,0,20,2026-06-03 08:51:01
model3,2025-04-10,5,Media,0,6,0,6,2026-06-03 08:51:01
model3,2025-04-10,6,Retail,0,7,0,7,2026-06-03 08:51:01
model3,2025-04-10,7,Personal & Household Goods,1,8,0,9,2026-06-03 08:51:01
model3,2025-04-10,8,Real Estate,0,29,0,29,2026-06-03 08:51:01
model3,2025-04-10,9,Health Care,0,17,0,17,2026-06-03 08:51:01
model3,2025-04-10,10,Financial Services,0,11,0,11,2026-06-03 08:51:01
model3,2025-04-10,11,Chemicals,0,16,0,16,2026-06-03 08:51:01
model3,2025-04-10,12,Travel & Leisure,0,7,0,7,2026-06-03 08:51:01
model3,2025-04-10,13,Utilities,0,29,2,31,2026-06-03 08:51:01
model3,2025-04-10,14,Insurance,0,5,0,5,2026-06-03 08:51:01
model3,2025-04-10,15,Automobiles & Parts,0,4,0,4,2026-06-03 08:51:01
model3,2025-04-10,16,Technology,0,7,1,8,2026-06-03 08:51:01
model3,2025-04-10,17,Oil & Gas,0,2,0,2,2026-06-03 08:51:01
model3,2025-04-10,18,Telecommunications,0,1,0,1,2026-06-03 08:51:01
model3,2025-04-11,0,Industrial Goods & Services,3,34,2,39,2026-06-03 08:51:01
model3,2025-04-11,1,Food & Beverage,0,34,2,36,2026-06-03 08:51:01
model3,2025-04-11,2,Banks,0,12,0,12,2026-06-03 08:51:01
model3,2025-04-11,3,Construction & Materials,2,71,3,76,2026-06-03 08:51:01
model3,2025-04-11,4,Basic Resources,0,22,0,22,2026-06-03 08:51:01
model3,2025-04-11,5,Media,0,4,1,5,2026-06-03 08:51:01
model3,2025-04-11,6,Retail,0,8,2,10,2026-06-03 08:51:01
model3,2025-04-11,7,Personal & Household Goods,0,11,0,11,2026-06-03 08:51:01
model3,2025-04-11,8,Real Estate,0,29,2,31,2026-06-03 08:51:01
model3,2025-04-11,9,Health Care,0,16,0,16,2026-06-03 08:51:01
model3,2025-04-11,10,Financial Services,0,11,1,12,2026-06-03 08:51:01
model3,2025-04-11,11,Chemicals,1,19,0,20,2026-06-03 08:51:01
model3,2025-04-11,12,Travel & Leisure,0,7,1,8,2026-06-03 08:51:01
model3,2025-04-11,13,Utilities,0,25,1,26,2026-06-03 08:51:01
model3,2025-04-11,14,Insurance,0,5,0,5,2026-06-03 08:51:01
model3,2025-04-11,15,Automobiles & Parts,0,3,0,3,2026-06-03 08:51:01
model3,2025-04-11,16,Technology,0,7,2,9,2026-06-03 08:51:01
model3,2025-04-11,17,Oil & Gas,0,2,0,2,2026-06-03 08:51:01
model3,2025-04-11,18,Telecommunications,0,1,0,1,2026-06-03 08:51:01
model3,2025-04-14,0,Industrial Goods & Services,0,35,1,36,2026-06-03 08:51:01
model3,2025-04-14,1,Food & Beverage,1,30,0,31,2026-06-03 08:51:01
model3,2025-04-14,2,Banks,0,12,0,12,2026-06-03 08:51:01
model3,2025-04-14,3,Construction & Materials,1,63,1,65,2026-06-03 08:51:01
model3,2025-04-14,4,Basic Resources,0,19,0,19,2026-06-03 08:51:01
model3,2025-04-14,5,Media,0,4,0,4,2026-06-03 08:51:01
model3,2025-04-14,6,Retail,0,7,0,7,2026-06-03 08:51:01
model3,2025-04-14,7,Personal & Household Goods,0,8,0,8,2026-06-03 08:51:01
model3,2025-04-14,8,Real Estate,0,28,0,28,2026-06-03 08:51:01
model3,2025-04-14,9,Health Care,0,15,1,16,2026-06-03 08:51:01
model3,2025-04-14,10,Financial Services,0,12,0,12,2026-06-03 08:51:01
model3,2025-04-14,11,Chemicals,0,17,0,17,2026-06-03 08:51:01
model3,2025-04-14,12,Travel & Leisure,0,7,0,7,2026-06-03 08:51:01
model3,2025-04-14,13,Utilities,1,20,1,22,2026-06-03 08:51:01
model3,2025-04-14,14,Insurance,0,5,0,5,2026-06-03 08:51:01
model3,2025-04-14,15,Automobiles & Parts,0,5,0,5,2026-06-03 08:51:01
model3,2025-04-14,16,Technology,0,7,1,8,2026-06-03 08:51:01
model3,2025-04-14,17,Oil & Gas,0,2,0,2,2026-06-03 08:51:01
model3,2025-04-14,18,Telecommunications,0,1,0,1,2026-06-03 08:51:01
model3,2025-04-15,0,Industrial Goods & Services,1,31,1,33,2026-06-03 08:51:01
model3,2025-04-15,1,Food & Beverage,0,35,1,36,2026-06-03 08:51:01
model3,2025-04-15,2,Banks,0,12,0,12,2026-06-03 08:51:01
model3,2025-04-15,3,Construction & Materials,0,62,0,62,2026-06-03 08:51:01
model3,2025-04-15,4,Basic Resources,0,19,0,19,2026-06-03 08:51:01
model3,2025-04-15,5,Media,0,4,1,5,2026-06-03 08:51:01
model3,2025-04-15,6,Retail,0,5,1,6,2026-06-03 08:51:01
model3,2025-04-15,7,Personal & Household Goods,0,8,0,8,2026-06-03 08:51:01
model3,2025-04-15,8,Real Estate,0,25,0,25,2026-06-03 08:51:01
model3,2025-04-15,9,Health Care,1,15,0,16,2026-06-03 08:51:01
model3,2025-04-15,10,Financial Services,0,12,0,12,2026-06-03 08:51:01
model3,2025-04-15,11,Chemicals,0,19,0,19,2026-06-03 08:51:01
model3,2025-04-15,12,Travel & Leisure,0,8,0,8,2026-06-03 08:51:01
model3,2025-04-15,13,Utilities,0,27,0,27,2026-06-03 08:51:01
model3,2025-04-15,14,Insurance,0,5,0,5,2026-06-03 08:51:01
model3,2025-04-15,15,Automobiles & Parts,0,3,0,3,2026-06-03 08:51:01
model3,2025-04-15,16,Technology,0,6,0,6,2026-06-03 08:51:01
model3,2025-04-15,17,Oil & Gas,0,2,0,2,2026-06-03 08:51:01
model3,2025-04-15,18,Telecommunications,0,1,0,1,2026-06-03 08:51:01
model3,2025-04-16,0,Industrial Goods & Services,0,32,2,34,2026-06-03 08:51:01
model3,2025-04-16,1,Food & Beverage,0,35,2,37,2026-06-03 08:51:01
model3,2025-04-16,2,Banks,0,12,0,12,2026-06-03 08:51:01
model3,2025-04-16,3,Construction & Materials,0,60,1,61,2026-06-03 08:51:01
model3,2025-04-16,4,Basic Resources,0,18,0,18,2026-06-03 08:51:01
model3,2025-04-16,5,Media,1,5,0,6,2026-06-03 08:51:01
model3,2025-04-16,6,Retail,0,6,0,6,2026-06-03 08:51:01
model3,2025-04-16,7,Personal & Household Goods,0,7,0,7,2026-06-03 08:51:01
model3,2025-04-16,8,Real Estate,0,28,0,28,2026-06-03 08:51:01
model3,2025-04-16,9,Health Care,0,16,1,17,2026-06-03 08:51:01
model3,2025-04-16,10,Financial Services,0,12,0,12,2026-06-03 08:51:01
model3,2025-04-16,11,Chemicals,0,16,0,16,2026-06-03 08:51:01
model3,2025-04-16,12,Travel & Leisure,1,8,0,9,2026-06-03 08:51:01
model3,2025-04-16,13,Utilities,1,23,1,25,2026-06-03 08:51:01
model3,2025-04-16,14,Insurance,0,4,0,4,2026-06-03 08:51:01
model3,2025-04-16,15,Automobiles & Parts,0,3,0,3,2026-06-03 08:51:01
model3,2025-04-16,16,Technology,0,6,0,6,2026-06-03 08:51:01
model3,2025-04-16,17,Oil & Gas,0,2,0,2,2026-06-03 08:51:01
model3,2025-04-16,18,Telecommunications,0,1,0,1,2026-06-03 08:51:01
model3,2025-04-17,0,Industrial Goods & Services,0,30,0,30,2026-06-03 08:51:01
model3,2025-04-17,1,Food & Beverage,0,34,0,34,2026-06-03 08:51:01
model3,2025-04-17,2,Banks,0,12,0,12,2026-06-03 08:51:01
model3,2025-04-17,3,Construction & Materials,0,66,1,67,2026-06-03 08:51:01
model3,2025-04-17,4,Basic Resources,0,19,0,19,2026-06-03 08:51:01
model3,2025-04-17,5,Media,0,5,0,5,2026-06-03 08:51:01
model3,2025-04-17,6,Retail,0,7,0,7,2026-06-03 08:51:01
model3,2025-04-17,7,Personal & Household Goods,0,10,0,10,2026-06-03 08:51:01
model3,2025-04-17,8,Real Estate,1,25,0,26,2026-06-03 08:51:01
model3,2025-04-17,9,Health Care,0,15,0,15,2026-06-03 08:51:01
model3,2025-04-17,10,Financial Services,0,12,0,12,2026-06-03 08:51:01
model3,2025-04-17,11,Chemicals,0,16,0,16,2026-06-03 08:51:01
model3,2025-04-17,12,Travel & Leisure,0,8,0,8,2026-06-03 08:51:01
model3,2025-04-17,13,Utilities,0,23,0,23,2026-06-03 08:51:01
model3,2025-04-17,14,Insurance,0,5,0,5,2026-06-03 08:51:01
model3,2025-04-17,15,Automobiles & Parts,0,2,0,2,2026-06-03 08:51:01
model3,2025-04-17,16,Technology,0,6,1,7,2026-06-03 08:51:01
model3,2025-04-17,17,Oil & Gas,0,2,0,2,2026-06-03 08:51:01
model3,2025-04-17,18,Telecommunications,0,1,0,1,2026-06-03 08:51:01
model3,2025-04-18,0,Industrial Goods & Services,1,33,1,35,2026-06-03 08:51:01
model3,2025-04-18,1,Food & Beverage,1,36,2,39,2026-06-03 08:51:01
model3,2025-04-18,2,Banks,0,12,0,12,2026-06-03 08:51:01
model3,2025-04-18,3,Construction & Materials,0,75,3,78,2026-06-03 08:51:01
model3,2025-04-18,4,Basic Resources,0,20,0,20,2026-06-03 08:51:01
model3,2025-04-18,5,Media,0,4,0,4,2026-06-03 08:51:01
model3,2025-04-18,6,Retail,0,9,0,9,2026-06-03 08:51:01
model3,2025-04-18,7,Personal & Household Goods,0,14,0,14,2026-06-03 08:51:01
model3,2025-04-18,8,Real Estate,0,30,0,30,2026-06-03 08:51:01
model3,2025-04-18,9,Health Care,1,13,0,14,2026-06-03 08:51:01
model3,2025-04-18,10,Financial Services,0,11,0,11,2026-06-03 08:51:01
model3,2025-04-18,11,Chemicals,1,16,0,17,2026-06-03 08:51:01
model3,2025-04-18,12,Travel & Leisure,0,7,1,8,2026-06-03 08:51:01
model3,2025-04-18,13,Utilities,1,25,1,27,2026-06-03 08:51:01
model3,2025-04-18,14,Insurance,0,5,0,5,2026-06-03 08:51:01
model3,2025-04-18,15,Automobiles & Parts,0,3,0,3,2026-06-03 08:51:01
model3,2025-04-18,16,Technology,1,6,0,7,2026-06-03 08:51:01
model3,2025-04-18,17,Oil & Gas,0,2,0,2,2026-06-03 08:51:01
model3,2025-04-18,18,Telecommunications,0,1,0,1,2026-06-03 08:51:01
model3,2025-04-21,0,Industrial Goods & Services,0,29,2,31,2026-06-03 08:51:01
model3,2025-04-21,1,Food & Beverage,0,33,1,34,2026-06-03 08:51:01
model3,2025-04-21,2,Banks,0,12,0,12,2026-06-03 08:51:01
model3,2025-04-21,3,Construction & Materials,0,63,3,66,2026-06-03 08:51:01
model3,2025-04-21,4,Basic Resources,0,18,0,18,2026-06-03 08:51:01
model3,2025-04-21,5,Media,0,5,0,5,2026-06-03 08:51:01
model3,2025-04-21,6,Retail,0,7,0,7,2026-06-03 08:51:01
model3,2025-04-21,7,Personal & Household Goods,0,10,0,10,2026-06-03 08:51:01
model3,2025-04-21,8,Real Estate,0,30,0,30,2026-06-03 08:51:01
model3,2025-04-21,9,Health Care,0,15,0,15,2026-06-03 08:51:01
model3,2025-04-21,10,Financial Services,0,10,0,10,2026-06-03 08:51:01
model3,2025-04-21,11,Chemicals,0,15,0,15,2026-06-03 08:51:01
model3,2025-04-21,12,Travel & Leisure,0,8,0,8,2026-06-03 08:51:01
model3,2025-04-21,13,Utilities,0,24,1,25,2026-06-03 08:51:01
model3,2025-04-21,14,Insurance,0,5,0,5,2026-06-03 08:51:01
model3,2025-04-21,15,Automobiles & Parts,0,4,0,4,2026-06-03 08:51:01
model3,2025-04-21,16,Technology,0,6,1,7,2026-06-03 08:51:01
model3,2025-04-21,17,Oil & Gas,0,2,0,2,2026-06-03 08:51:01
model3,2025-04-21,18,Telecommunications,0,1,0,1,2026-06-03 08:51:01
model3,2025-04-22,0,Industrial Goods & Services,1,28,0,29,2026-06-03 08:51:01
model3,2025-04-22,1,Food & Beverage,0,33,0,33,2026-06-03 08:51:01
model3,2025-04-22,2,Banks,0,11,0,11,2026-06-03 08:51:01
model3,2025-04-22,3,Construction & Materials,0,62,1,63,2026-06-03 08:51:01
model3,2025-04-22,4,Basic Resources,0,18,0,18,2026-06-03 08:51:01
model3,2025-04-22,5,Media,0,5,0,5,2026-06-03 08:51:01
model3,2025-04-22,6,Retail,0,5,0,5,2026-06-03 08:51:01
model3,2025-04-22,7,Personal & Household Goods,1,8,1,10,2026-06-03 08:51:01
model3,2025-04-22,8,Real Estate,0,27,0,27,2026-06-03 08:51:01
model3,2025-04-22,9,Health Care,0,15,0,15,2026-06-03 08:51:01
model3,2025-04-22,10,Financial Services,0,10,0,10,2026-06-03 08:51:01
model3,2025-04-22,11,Chemicals,0,17,0,17,2026-06-03 08:51:01
model3,2025-04-22,12,Travel & Leisure,0,8,0,8,2026-06-03 08:51:01
model3,2025-04-22,13,Utilities,0,28,0,28,2026-06-03 08:51:01
model3,2025-04-22,14,Insurance,0,5,0,5,2026-06-03 08:51:01
model3,2025-04-22,15,Automobiles & Parts,0,2,0,2,2026-06-03 08:51:01
model3,2025-04-22,16,Technology,0,6,0,6,2026-06-03 08:51:01
model3,2025-04-22,17,Oil & Gas,0,2,0,2,2026-06-03 08:51:01
model3,2025-04-22,18,Telecommunications,0,1,0,1,2026-06-03 08:51:01
model3,2025-04-23,0,Industrial Goods & Services,0,29,2,31,2026-06-03 08:51:01
model3,2025-04-23,1,Food & Beverage,1,30,0,31,2026-06-03 08:51:01
model3,2025-04-23,2,Banks,0,12,0,12,2026-06-03 08:51:01
model3,2025-04-23,3,Construction & Materials,1,65,2,68,2026-06-03 08:51:01
model3,2025-04-23,4,Basic Resources,0,19,0,19,2026-06-03 08:51:01
model3,2025-04-23,5,Media,0,4,0,4,2026-06-03 08:51:01
model3,2025-04-23,6,Retail,0,6,1,7,2026-06-03 08:51:01
model3,2025-04-23,7,Personal & Household Goods,0,10,0,10,2026-06-03 08:51:01
model3,2025-04-23,8,Real Estate,0,27,1,28,2026-06-03 08:51:01
model3,2025-04-23,9,Health Care,0,13,0,13,2026-06-03 08:51:01
model3,2025-04-23,10,Financial Services,0,12,0,12,2026-06-03 08:51:01
model3,2025-04-23,11,Chemicals,0,17,0,17,2026-06-03 08:51:01
model3,2025-04-23,12,Travel & Leisure,0,8,0,8,2026-06-03 08:51:01
model3,2025-04-23,13,Utilities,0,27,1,28,2026-06-03 08:51:01
model3,2025-04-23,14,Insurance,0,5,0,5,2026-06-03 08:51:01
model3,2025-04-23,15,Automobiles & Parts,0,4,0,4,2026-06-03 08:51:01
model3,2025-04-23,16,Technology,0,6,0,6,2026-06-03 08:51:01
model3,2025-04-23,17,Oil & Gas,0,2,0,2,2026-06-03 08:51:01
model3,2025-04-23,18,Telecommunications,0,1,0,1,2026-06-03 08:51:01
model3,2025-04-24,0,Industrial Goods & Services,0,32,1,33,2026-06-03 08:51:01
model3,2025-04-24,1,Food & Beverage,0,33,0,33,2026-06-03 08:51:01
model3,2025-04-24,2,Banks,0,12,0,12,2026-06-03 08:51:01
model3,2025-04-24,3,Construction & Materials,0,63,3,66,2026-06-03 08:51:01
model3,2025-04-24,4,Basic Resources,0,18,0,18,2026-06-03 08:51:01
model3,2025-04-24,5,Media,0,6,0,6,2026-06-03 08:51:01
model3,2025-04-24,6,Retail,0,6,0,6,2026-06-03 08:51:01
model3,2025-04-24,7,Personal & Household Goods,0,8,0,8,2026-06-03 08:51:01
model3,2025-04-24,8,Real Estate,0,27,0,27,2026-06-03 08:51:01
model3,2025-04-24,9,Health Care,0,14,0,14,2026-06-03 08:51:01
model3,2025-04-24,10,Financial Services,0,12,0,12,2026-06-03 08:51:01
model3,2025-04-24,11,Chemicals,0,18,0,18,2026-06-03 08:51:01
model3,2025-04-24,12,Travel & Leisure,0,9,0,9,2026-06-03 08:51:01
model3,2025-04-24,13,Utilities,1,26,2,29,2026-06-03 08:51:01
model3,2025-04-24,14,Insurance,0,4,0,4,2026-06-03 08:51:01
model3,2025-04-24,15,Automobiles & Parts,0,4,0,4,2026-06-03 08:51:01
model3,2025-04-24,16,Technology,0,7,0,7,2026-06-03 08:51:01
model3,2025-04-24,17,Oil & Gas,0,2,0,2,2026-06-03 08:51:01
model3,2025-04-24,18,Telecommunications,0,1,0,1,2026-06-03 08:51:01
model3,2025-04-25,0,Industrial Goods & Services,1,35,0,36,2026-06-03 08:51:01
model3,2025-04-25,1,Food & Beverage,0,36,1,37,2026-06-03 08:51:01
model3,2025-04-25,2,Banks,0,12,0,12,2026-06-03 08:51:01
model3,2025-04-25,3,Construction & Materials,3,70,5,78,2026-06-03 08:51:01
model3,2025-04-25,4,Basic Resources,0,22,0,22,2026-06-03 08:51:01
model3,2025-04-25,5,Media,0,5,0,5,2026-06-03 08:51:01
model3,2025-04-25,6,Retail,0,8,0,8,2026-06-03 08:51:01
model3,2025-04-25,7,Personal & Household Goods,0,12,0,12,2026-06-03 08:51:01
model3,2025-04-25,8,Real Estate,0,30,0,30,2026-06-03 08:51:01
model3,2025-04-25,9,Health Care,0,17,0,17,2026-06-03 08:51:01
model3,2025-04-25,10,Financial Services,0,12,0,12,2026-06-03 08:51:01
model3,2025-04-25,11,Chemicals,0,19,0,19,2026-06-03 08:51:01
model3,2025-04-25,12,Travel & Leisure,0,9,0,9,2026-06-03 08:51:01
model3,2025-04-25,13,Utilities,0,24,1,25,2026-06-03 08:51:01
model3,2025-04-25,14,Insurance,0,5,0,5,2026-06-03 08:51:01
model3,2025-04-25,15,Automobiles & Parts,0,4,0,4,2026-06-03 08:51:01
model3,2025-04-25,16,Technology,0,9,0,9,2026-06-03 08:51:01
model3,2025-04-25,17,Oil & Gas,0,2,0,2,2026-06-03 08:51:01
model3,2025-04-25,18,Telecommunications,0,1,0,1,2026-06-03 08:51:01
model3,2025-04-28,0,Industrial Goods & Services,0,32,0,32,2026-06-03 08:51:01
model3,2025-04-28,1,Food & Beverage,0,33,0,33,2026-06-03 08:51:01
model3,2025-04-28,2,Banks,0,12,0,12,2026-06-03 08:51:01
model3,2025-04-28,3,Construction & Materials,1,61,1,63,2026-06-03 08:51:01
model3,2025-04-28,4,Basic Resources,0,19,0,19,2026-06-03 08:51:01
model3,2025-04-28,5,Media,0,6,0,6,2026-06-03 08:51:01
model3,2025-04-28,6,Retail,0,7,0,7,2026-06-03 08:51:01
model3,2025-04-28,7,Personal & Household Goods,0,9,0,9,2026-06-03 08:51:01
model3,2025-04-28,8,Real Estate,0,28,1,29,2026-06-03 08:51:01
model3,2025-04-28,9,Health Care,0,15,0,15,2026-06-03 08:51:01
model3,2025-04-28,10,Financial Services,0,12,0,12,2026-06-03 08:51:01
model3,2025-04-28,11,Chemicals,0,19,0,19,2026-06-03 08:51:01
model3,2025-04-28,12,Travel & Leisure,0,8,1,9,2026-06-03 08:51:01
model3,2025-04-28,13,Utilities,0,23,3,26,2026-06-03 08:51:01
model3,2025-04-28,14,Insurance,0,4,0,4,2026-06-03 08:51:01
model3,2025-04-28,15,Automobiles & Parts,0,4,0,4,2026-06-03 08:51:01
model3,2025-04-28,16,Technology,0,6,1,7,2026-06-03 08:51:01
model3,2025-04-28,17,Oil & Gas,0,2,0,2,2026-06-03 08:51:01
model3,2025-04-28,18,Telecommunications,0,1,0,1,2026-06-03 08:51:01
model3,2025-04-29,0,Industrial Goods & Services,0,32,1,33,2026-06-03 08:51:01
model3,2025-04-29,1,Food & Beverage,0,33,0,33,2026-06-03 08:51:01
model3,2025-04-29,2,Banks,0,12,0,12,2026-06-03 08:51:01
model3,2025-04-29,3,Construction & Materials,0,60,2,62,2026-06-03 08:51:01
model3,2025-04-29,4,Basic Resources,1,17,0,18,2026-06-03 08:51:01
model3,2025-04-29,5,Media,0,1,1,2,2026-06-03 08:51:01
model3,2025-04-29,6,Retail,0,7,0,7,2026-06-03 08:51:01
model3,2025-04-29,7,Personal & Household Goods,0,7,0,7,2026-06-03 08:51:01
model3,2025-04-29,8,Real Estate,1,25,3,29,2026-06-03 08:51:01
model3,2025-04-29,9,Health Care,0,15,0,15,2026-06-03 08:51:01
model3,2025-04-29,10,Financial Services,0,12,0,12,2026-06-03 08:51:01
model3,2025-04-29,11,Chemicals,0,16,2,18,2026-06-03 08:51:01
model3,2025-04-29,12,Travel & Leisure,0,9,0,9,2026-06-03 08:51:01
model3,2025-04-29,13,Utilities,0,24,1,25,2026-06-03 08:51:01
model3,2025-04-29,14,Insurance,0,4,0,4,2026-06-03 08:51:01
model3,2025-04-29,15,Automobiles & Parts,0,4,0,4,2026-06-03 08:51:01
model3,2025-04-29,16,Technology,1,5,0,6,2026-06-03 08:51:01
model3,2025-04-29,17,Oil & Gas,0,2,0,2,2026-06-03 08:51:01
model3,2025-04-29,18,Telecommunications,0,1,0,1,2026-06-03 08:51:01
model3,2025-05-05,0,Industrial Goods & Services,0,32,0,32,2026-06-03 08:51:01
model3,2025-05-05,1,Food & Beverage,0,28,1,29,2026-06-03 08:51:01
model3,2025-05-05,2,Banks,0,12,0,12,2026-06-03 08:51:01
model3,2025-05-05,3,Construction & Materials,1,62,1,64,2026-06-03 08:51:01
model3,2025-05-05,4,Basic Resources,1,17,0,18,2026-06-03 08:51:01
model3,2025-05-05,5,Media,0,6,0,6,2026-06-03 08:51:01
model3,2025-05-05,6,Retail,0,7,0,7,2026-06-03 08:51:01
model3,2025-05-05,7,Personal & Household Goods,0,8,0,8,2026-06-03 08:51:01
model3,2025-05-05,8,Real Estate,0,27,0,27,2026-06-03 08:51:01
model3,2025-05-05,9,Health Care,0,16,0,16,2026-06-03 08:51:01
model3,2025-05-05,10,Financial Services,0,12,0,12,2026-06-03 08:51:01
model3,2025-05-05,11,Chemicals,0,16,0,16,2026-06-03 08:51:01
model3,2025-05-05,12,Travel & Leisure,0,7,0,7,2026-06-03 08:51:01
model3,2025-05-05,13,Utilities,1,21,2,24,2026-06-03 08:51:01
model3,2025-05-05,14,Insurance,0,5,0,5,2026-06-03 08:51:01
model3,2025-05-05,15,Automobiles & Parts,0,2,0,2,2026-06-03 08:51:01
model3,2025-05-05,16,Technology,0,6,0,6,2026-06-03 08:51:01
model3,2025-05-05,17,Oil & Gas,0,2,0,2,2026-06-03 08:51:01
model3,2025-05-05,18,Telecommunications,0,1,0,1,2026-06-03 08:51:01
model3,2025-05-06,0,Industrial Goods & Services,1,31,1,33,2026-06-03 08:51:01
model3,2025-05-06,1,Food & Beverage,0,35,1,36,2026-06-03 08:51:01
model3,2025-05-06,2,Banks,0,12,0,12,2026-06-03 08:51:01
model3,2025-05-06,3,Construction & Materials,0,62,1,63,2026-06-03 08:51:01
model3,2025-05-06,4,Basic Resources,0,17,0,17,2026-06-03 08:51:01
model3,2025-05-06,5,Media,0,5,0,5,2026-06-03 08:51:01
model3,2025-05-06,6,Retail,0,7,0,7,2026-06-03 08:51:01
model3,2025-05-06,7,Personal & Household Goods,0,10,0,10,2026-06-03 08:51:01
model3,2025-05-06,8,Real Estate,0,27,1,28,2026-06-03 08:51:01
model3,2025-05-06,9,Health Care,0,14,0,14,2026-06-03 08:51:01
model3,2025-05-06,10,Financial Services,0,12,0,12,2026-06-03 08:51:01
model3,2025-05-06,11,Chemicals,0,19,1,20,2026-06-03 08:51:01
model3,2025-05-06,12,Travel & Leisure,0,8,0,8,2026-06-03 08:51:01
model3,2025-05-06,13,Utilities,0,23,2,25,2026-06-03 08:51:01
model3,2025-05-06,14,Insurance,0,4,0,4,2026-06-03 08:51:01
model3,2025-05-06,15,Automobiles & Parts,0,3,0,3,2026-06-03 08:51:01
model3,2025-05-06,16,Technology,0,6,0,6,2026-06-03 08:51:01
model3,2025-05-06,17,Oil & Gas,0,2,0,2,2026-06-03 08:51:01
model3,2025-05-06,18,Telecommunications,0,1,0,1,2026-06-03 08:51:01
model3,2025-05-07,0,Industrial Goods & Services,0,29,0,29,2026-06-03 08:51:01
model3,2025-05-07,1,Food & Beverage,1,33,1,35,2026-06-03 08:51:01
model3,2025-05-07,2,Banks,0,12,0,12,2026-06-03 08:51:01
model3,2025-05-07,3,Construction & Materials,1,58,3,62,2026-06-03 08:51:01
model3,2025-05-07,4,Basic Resources,0,19,0,19,2026-06-03 08:51:01
model3,2025-05-07,5,Media,0,3,0,3,2026-06-03 08:51:01
model3,2025-05-07,6,Retail,0,6,0,6,2026-06-03 08:51:01
model3,2025-05-07,7,Personal & Household Goods,0,8,1,9,2026-06-03 08:51:01
model3,2025-05-07,8,Real Estate,0,29,0,29,2026-06-03 08:51:01
model3,2025-05-07,9,Health Care,0,13,0,13,2026-06-03 08:51:01
model3,2025-05-07,10,Financial Services,0,12,0,12,2026-06-03 08:51:01
model3,2025-05-07,11,Chemicals,0,20,0,20,2026-06-03 08:51:01
model3,2025-05-07,12,Travel & Leisure,0,8,0,8,2026-06-03 08:51:01
model3,2025-05-07,13,Utilities,0,24,3,27,2026-06-03 08:51:01
model3,2025-05-07,14,Insurance,0,5,0,5,2026-06-03 08:51:01
model3,2025-05-07,15,Automobiles & Parts,0,3,0,3,2026-06-03 08:51:01
model3,2025-05-07,16,Technology,0,5,0,5,2026-06-03 08:51:01
model3,2025-05-07,17,Oil & Gas,0,2,0,2,2026-06-03 08:51:01
model3,2025-05-07,18,Telecommunications,0,1,0,1,2026-06-03 08:51:01
model3,2025-05-08,0,Industrial Goods & Services,0,32,1,33,2026-06-03 08:51:01
model3,2025-05-08,1,Food & Beverage,1,34,0,35,2026-06-03 08:51:01
model3,2025-05-08,2,Banks,0,12,0,12,2026-06-03 08:51:01
model3,2025-05-08,3,Construction & Materials,0,63,0,63,2026-06-03 08:51:01
model3,2025-05-08,4,Basic Resources,0,20,0,20,2026-06-03 08:51:01
model3,2025-05-08,5,Media,0,4,0,4,2026-06-03 08:51:01
model3,2025-05-08,6,Retail,0,7,0,7,2026-06-03 08:51:01
model3,2025-05-08,7,Personal & Household Goods,0,9,0,9,2026-06-03 08:51:01
model3,2025-05-08,8,Real Estate,1,25,1,27,2026-06-03 08:51:01
model3,2025-05-08,9,Health Care,0,14,0,14,2026-06-03 08:51:01
model3,2025-05-08,10,Financial Services,0,12,0,12,2026-06-03 08:51:01
model3,2025-05-08,11,Chemicals,0,19,0,19,2026-06-03 08:51:01
model3,2025-05-08,12,Travel & Leisure,0,8,0,8,2026-06-03 08:51:01
model3,2025-05-08,13,Utilities,0,32,0,32,2026-06-03 08:51:01
model3,2025-05-08,14,Insurance,0,4,0,4,2026-06-03 08:51:01
model3,2025-05-08,15,Automobiles & Parts,0,2,0,2,2026-06-03 08:51:01
model3,2025-05-08,16,Technology,0,5,0,5,2026-06-03 08:51:01
model3,2025-05-08,17,Oil & Gas,0,2,0,2,2026-06-03 08:51:01
model3,2025-05-08,18,Telecommunications,0,1,0,1,2026-06-03 08:51:01
model3,2025-05-09,0,Industrial Goods & Services,1,34,2,37,2026-06-03 08:51:01
model3,2025-05-09,1,Food & Beverage,0,36,0,36,2026-06-03 08:51:01
model3,2025-05-09,2,Banks,0,12,0,12,2026-06-03 08:51:01
model3,2025-05-09,3,Construction & Materials,0,77,0,77,2026-06-03 08:51:01
model3,2025-05-09,4,Basic Resources,0,20,0,20,2026-06-03 08:51:01
model3,2025-05-09,5,Media,0,3,0,3,2026-06-03 08:51:01
model3,2025-05-09,6,Retail,0,6,0,6,2026-06-03 08:51:01
model3,2025-05-09,7,Personal & Household Goods,0,13,2,15,2026-06-03 08:51:01
model3,2025-05-09,8,Real Estate,0,30,2,32,2026-06-03 08:51:01
model3,2025-05-09,9,Health Care,0,12,0,12,2026-06-03 08:51:01
model3,2025-05-09,10,Financial Services,0,12,0,12,2026-06-03 08:51:01
model3,2025-05-09,11,Chemicals,0,18,1,19,2026-06-03 08:51:01
model3,2025-05-09,12,Travel & Leisure,0,9,0,9,2026-06-03 08:51:01
model3,2025-05-09,13,Utilities,0,27,1,28,2026-06-03 08:51:01
model3,2025-05-09,14,Insurance,0,5,0,5,2026-06-03 08:51:01
model3,2025-05-09,15,Automobiles & Parts,0,3,0,3,2026-06-03 08:51:01
model3,2025-05-09,16,Technology,0,6,1,7,2026-06-03 08:51:01
model3,2025-05-09,17,Oil & Gas,0,2,0,2,2026-06-03 08:51:01
model3,2025-05-09,18,Telecommunications,0,1,0,1,2026-06-03 08:51:01
model3,2025-05-12,0,Industrial Goods & Services,0,29,1,30,2026-06-03 08:51:01
model3,2025-05-12,1,Food & Beverage,0,35,0,35,2026-06-03 08:51:01
model3,2025-05-12,2,Banks,0,12,0,12,2026-06-03 08:51:01
model3,2025-05-12,3,Construction & Materials,0,63,1,64,2026-06-03 08:51:01
model3,2025-05-12,4,Basic Resources,0,20,0,20,2026-06-03 08:51:01
model3,2025-05-12,5,Media,0,4,0,4,2026-06-03 08:51:01
model3,2025-05-12,6,Retail,0,6,0,6,2026-06-03 08:51:01
model3,2025-05-12,7,Personal & Household Goods,0,9,0,9,2026-06-03 08:51:01
model3,2025-05-12,8,Real Estate,1,27,0,28,2026-06-03 08:51:01
model3,2025-05-12,9,Health Care,0,17,0,17,2026-06-03 08:51:01
model3,2025-05-12,10,Financial Services,0,12,0,12,2026-06-03 08:51:01
model3,2025-05-12,11,Chemicals,0,18,0,18,2026-06-03 08:51:01
model3,2025-05-12,12,Travel & Leisure,0,9,0,9,2026-06-03 08:51:01
model3,2025-05-12,13,Utilities,0,27,0,27,2026-06-03 08:51:01
model3,2025-05-12,14,Insurance,0,5,0,5,2026-06-03 08:51:01
model3,2025-05-12,15,Automobiles & Parts,0,3,0,3,2026-06-03 08:51:01
model3,2025-05-12,16,Technology,0,3,0,3,2026-06-03 08:51:01
model3,2025-05-12,17,Oil & Gas,0,2,0,2,2026-06-03 08:51:01
model3,2025-05-12,18,Telecommunications,0,1,0,1,2026-06-03 08:51:01
model3,2025-05-13,0,Industrial Goods & Services,0,34,1,35,2026-06-03 08:51:01
model3,2025-05-13,1,Food & Beverage,1,33,0,34,2026-06-03 08:51:01
model3,2025-05-13,2,Banks,0,12,0,12,2026-06-03 08:51:01
model3,2025-05-13,3,Construction & Materials,0,63,2,65,2026-06-03 08:51:01
model3,2025-05-13,4,Basic Resources,0,18,0,18,2026-06-03 08:51:01
model3,2025-05-13,5,Media,0,4,0,4,2026-06-03 08:51:01
model3,2025-05-13,6,Retail,0,7,0,7,2026-06-03 08:51:01
model3,2025-05-13,7,Personal & Household Goods,0,8,1,9,2026-06-03 08:51:01
model3,2025-05-13,8,Real Estate,1,25,2,28,2026-06-03 08:51:01
model3,2025-05-13,9,Health Care,0,15,1,16,2026-06-03 08:51:01
model3,2025-05-13,10,Financial Services,0,12,0,12,2026-06-03 08:51:01
model3,2025-05-13,11,Chemicals,0,19,1,20,2026-06-03 08:51:01
model3,2025-05-13,12,Travel & Leisure,0,8,0,8,2026-06-03 08:51:01
model3,2025-05-13,13,Utilities,1,24,0,25,2026-06-03 08:51:01
model3,2025-05-13,14,Insurance,0,5,0,5,2026-06-03 08:51:01
model3,2025-05-13,15,Automobiles & Parts,0,2,1,3,2026-06-03 08:51:01
model3,2025-05-13,16,Technology,0,5,0,5,2026-06-03 08:51:01
model3,2025-05-13,17,Oil & Gas,0,2,0,2,2026-06-03 08:51:01
model3,2025-05-13,18,Telecommunications,0,1,0,1,2026-06-03 08:51:01
model3,2025-05-14,0,Industrial Goods & Services,0,31,4,35,2026-06-03 08:51:01
model3,2025-05-14,1,Food & Beverage,0,34,0,34,2026-06-03 08:51:01
model3,2025-05-14,2,Banks,0,12,0,12,2026-06-03 08:51:01
model3,2025-05-14,3,Construction & Materials,1,63,1,65,2026-06-03 08:51:01
model3,2025-05-14,4,Basic Resources,0,18,0,18,2026-06-03 08:51:01
model3,2025-05-14,5,Media,0,3,0,3,2026-06-03 08:51:01
model3,2025-05-14,6,Retail,0,7,0,7,2026-06-03 08:51:01
model3,2025-05-14,7,Personal & Household Goods,0,9,0,9,2026-06-03 08:51:01
model3,2025-05-14,8,Real Estate,0,27,0,27,2026-06-03 08:51:01
model3,2025-05-14,9,Health Care,0,16,0,16,2026-06-03 08:51:01
model3,2025-05-14,10,Financial Services,0,11,0,11,2026-06-03 08:51:01
model3,2025-05-14,11,Chemicals,0,18,0,18,2026-06-03 08:51:01
model3,2025-05-14,12,Travel & Leisure,0,10,0,10,2026-06-03 08:51:01
model3,2025-05-14,13,Utilities,0,23,0,23,2026-06-03 08:51:01
model3,2025-05-14,14,Insurance,0,4,0,4,2026-06-03 08:51:01
model3,2025-05-14,15,Automobiles & Parts,0,4,0,4,2026-06-03 08:51:01
model3,2025-05-14,16,Technology,0,6,0,6,2026-06-03 08:51:01
model3,2025-05-14,17,Oil & Gas,0,2,0,2,2026-06-03 08:51:01
model3,2025-05-14,18,Telecommunications,0,1,0,1,2026-06-03 08:51:01
model3,2025-05-15,0,Industrial Goods & Services,0,32,1,33,2026-06-03 08:51:01
model3,2025-05-15,1,Food & Beverage,0,34,0,34,2026-06-03 08:51:01
model3,2025-05-15,2,Banks,0,12,0,12,2026-06-03 08:51:01
model3,2025-05-15,3,Construction & Materials,0,62,1,63,2026-06-03 08:51:01
model3,2025-05-15,4,Basic Resources,0,19,0,19,2026-06-03 08:51:01
model3,2025-05-15,5,Media,0,4,0,4,2026-06-03 08:51:01
model3,2025-05-15,6,Retail,0,7,0,7,2026-06-03 08:51:01
model3,2025-05-15,7,Personal & Household Goods,0,10,0,10,2026-06-03 08:51:01
model3,2025-05-15,8,Real Estate,0,28,0,28,2026-06-03 08:51:01
model3,2025-05-15,9,Health Care,0,15,1,16,2026-06-03 08:51:01
model3,2025-05-15,10,Financial Services,0,12,0,12,2026-06-03 08:51:01
model3,2025-05-15,11,Chemicals,0,19,0,19,2026-06-03 08:51:01
model3,2025-05-15,12,Travel & Leisure,0,8,0,8,2026-06-03 08:51:01
model3,2025-05-15,13,Utilities,0,28,0,28,2026-06-03 08:51:01
model3,2025-05-15,14,Insurance,0,4,0,4,2026-06-03 08:51:01
model3,2025-05-15,15,Automobiles & Parts,0,3,0,3,2026-06-03 08:51:01
model3,2025-05-15,16,Technology,0,7,0,7,2026-06-03 08:51:01
model3,2025-05-15,17,Oil & Gas,0,2,0,2,2026-06-03 08:51:01
model3,2025-05-15,18,Telecommunications,0,1,0,1,2026-06-03 08:51:01
model3,2025-05-16,0,Industrial Goods & Services,0,34,0,34,2026-06-03 08:51:01
model3,2025-05-16,1,Food & Beverage,0,34,1,35,2026-06-03 08:51:01
model3,2025-05-16,2,Banks,0,12,0,12,2026-06-03 08:51:01
model3,2025-05-16,3,Construction & Materials,1,75,1,77,2026-06-03 08:51:01
model3,2025-05-16,4,Basic Resources,0,19,0,19,2026-06-03 08:51:01
model3,2025-05-16,5,Media,1,3,0,4,2026-06-03 08:51:01
model3,2025-05-16,6,Retail,0,9,0,9,2026-06-03 08:51:01
model3,2025-05-16,7,Personal & Household Goods,0,13,0,13,2026-06-03 08:51:01
model3,2025-05-16,8,Real Estate,0,30,0,30,2026-06-03 08:51:01
model3,2025-05-16,9,Health Care,0,15,0,15,2026-06-03 08:51:01
model3,2025-05-16,10,Financial Services,0,12,0,12,2026-06-03 08:51:01
model3,2025-05-16,11,Chemicals,0,18,0,18,2026-06-03 08:51:01
model3,2025-05-16,12,Travel & Leisure,0,9,0,9,2026-06-03 08:51:01
model3,2025-05-16,13,Utilities,0,24,0,24,2026-06-03 08:51:01
model3,2025-05-16,14,Insurance,0,5,0,5,2026-06-03 08:51:01
model3,2025-05-16,15,Automobiles & Parts,0,5,0,5,2026-06-03 08:51:01
model3,2025-05-16,16,Technology,0,8,0,8,2026-06-03 08:51:01
model3,2025-05-16,17,Oil & Gas,0,2,0,2,2026-06-03 08:51:01
model3,2025-05-16,18,Telecommunications,0,1,0,1,2026-06-03 08:51:01
model3,2025-05-19,0,Industrial Goods & Services,0,29,2,31,2026-06-03 08:51:01
model3,2025-05-19,1,Food & Beverage,0,32,0,32,2026-06-03 08:51:01
model3,2025-05-19,2,Banks,0,12,0,12,2026-06-03 08:51:01
model3,2025-05-19,3,Construction & Materials,1,60,0,61,2026-06-03 08:51:01
model3,2025-05-19,4,Basic Resources,0,17,0,17,2026-06-03 08:51:01
model3,2025-05-19,5,Media,0,5,0,5,2026-06-03 08:51:01
model3,2025-05-19,6,Retail,0,7,0,7,2026-06-03 08:51:01
model3,2025-05-19,7,Personal & Household Goods,0,10,1,11,2026-06-03 08:51:01
model3,2025-05-19,8,Real Estate,0,28,1,29,2026-06-03 08:51:01
model3,2025-05-19,9,Health Care,0,16,0,16,2026-06-03 08:51:01
model3,2025-05-19,10,Financial Services,0,11,0,11,2026-06-03 08:51:01
model3,2025-05-19,11,Chemicals,1,18,0,19,2026-06-03 08:51:01
model3,2025-05-19,12,Travel & Leisure,0,8,0,8,2026-06-03 08:51:01
model3,2025-05-19,13,Utilities,0,23,1,24,2026-06-03 08:51:01
model3,2025-05-19,14,Insurance,0,5,0,5,2026-06-03 08:51:01
model3,2025-05-19,15,Automobiles & Parts,0,3,0,3,2026-06-03 08:51:01
model3,2025-05-19,16,Technology,0,7,0,7,2026-06-03 08:51:01
model3,2025-05-19,17,Oil & Gas,0,2,0,2,2026-06-03 08:51:01
model3,2025-05-19,18,Telecommunications,0,1,0,1,2026-06-03 08:51:01
model3,2025-05-20,0,Industrial Goods & Services,0,31,3,34,2026-06-03 08:51:01
model3,2025-05-20,1,Food & Beverage,0,31,2,33,2026-06-03 08:51:01
model3,2025-05-20,2,Banks,0,12,0,12,2026-06-03 08:51:01
model3,2025-05-20,3,Construction & Materials,2,61,1,64,2026-06-03 08:51:01
model3,2025-05-20,4,Basic Resources,0,18,1,19,2026-06-03 08:51:01
model3,2025-05-20,5,Media,0,3,0,3,2026-06-03 08:51:01
model3,2025-05-20,6,Retail,0,7,0,7,2026-06-03 08:51:01
model3,2025-05-20,7,Personal & Household Goods,0,10,0,10,2026-06-03 08:51:01
model3,2025-05-20,8,Real Estate,0,26,0,26,2026-06-03 08:51:01
model3,2025-05-20,9,Health Care,0,16,0,16,2026-06-03 08:51:01
model3,2025-05-20,10,Financial Services,0,11,0,11,2026-06-03 08:51:01
model3,2025-05-20,11,Chemicals,0,20,1,21,2026-06-03 08:51:01
model3,2025-05-20,12,Travel & Leisure,0,8,0,8,2026-06-03 08:51:01
model3,2025-05-20,13,Utilities,0,25,0,25,2026-06-03 08:51:01
model3,2025-05-20,14,Insurance,0,4,0,4,2026-06-03 08:51:01
model3,2025-05-20,15,Automobiles & Parts,0,4,0,4,2026-06-03 08:51:01
model3,2025-05-20,16,Technology,0,6,0,6,2026-06-03 08:51:01
model3,2025-05-20,17,Oil & Gas,0,2,0,2,2026-06-03 08:51:01
model3,2025-05-20,18,Telecommunications,0,1,0,1,2026-06-03 08:51:01
model3,2025-05-21,0,Industrial Goods & Services,2,30,2,34,2026-06-03 08:51:01
model3,2025-05-21,1,Food & Beverage,0,33,1,34,2026-06-03 08:51:01
model3,2025-05-21,2,Banks,0,12,0,12,2026-06-03 08:51:01
model3,2025-05-21,3,Construction & Materials,1,62,3,66,2026-06-03 08:51:01
model3,2025-05-21,4,Basic Resources,0,20,0,20,2026-06-03 08:51:01
model3,2025-05-21,5,Media,0,3,0,3,2026-06-03 08:51:01
model3,2025-05-21,6,Retail,0,7,0,7,2026-06-03 08:51:01
model3,2025-05-21,7,Personal & Household Goods,0,8,0,8,2026-06-03 08:51:01
model3,2025-05-21,8,Real Estate,0,27,0,27,2026-06-03 08:51:01
model3,2025-05-21,9,Health Care,0,15,0,15,2026-06-03 08:51:01
model3,2025-05-21,10,Financial Services,0,11,0,11,2026-06-03 08:51:01
model3,2025-05-21,11,Chemicals,0,16,2,18,2026-06-03 08:51:01
model3,2025-05-21,12,Travel & Leisure,0,9,0,9,2026-06-03 08:51:01
model3,2025-05-21,13,Utilities,0,22,0,22,2026-06-03 08:51:01
model3,2025-05-21,14,Insurance,0,4,0,4,2026-06-03 08:51:01
model3,2025-05-21,15,Automobiles & Parts,0,3,0,3,2026-06-03 08:51:01
model3,2025-05-21,16,Technology,0,6,0,6,2026-06-03 08:51:01
model3,2025-05-21,17,Oil & Gas,0,2,0,2,2026-06-03 08:51:01
model3,2025-05-21,18,Telecommunications,0,1,0,1,2026-06-03 08:51:01
model3,2025-05-22,0,Industrial Goods & Services,0,28,1,29,2026-06-03 08:51:01
model3,2025-05-22,1,Food & Beverage,0,31,0,31,2026-06-03 08:51:01
model3,2025-05-22,2,Banks,0,12,0,12,2026-06-03 08:51:01
model3,2025-05-22,3,Construction & Materials,1,65,3,69,2026-06-03 08:51:01
model3,2025-05-22,4,Basic Resources,0,19,0,19,2026-06-03 08:51:01
model3,2025-05-22,5,Media,0,5,0,5,2026-06-03 08:51:01
model3,2025-05-22,6,Retail,0,7,0,7,2026-06-03 08:51:01
model3,2025-05-22,7,Personal & Household Goods,0,10,0,10,2026-06-03 08:51:01
model3,2025-05-22,8,Real Estate,0,27,0,27,2026-06-03 08:51:01
model3,2025-05-22,9,Health Care,0,15,0,15,2026-06-03 08:51:01
model3,2025-05-22,10,Financial Services,0,11,0,11,2026-06-03 08:51:01
model3,2025-05-22,11,Chemicals,0,19,0,19,2026-06-03 08:51:01
model3,2025-05-22,12,Travel & Leisure,0,9,0,9,2026-06-03 08:51:01
model3,2025-05-22,13,Utilities,0,21,2,23,2026-06-03 08:51:01
model3,2025-05-22,14,Insurance,0,5,0,5,2026-06-03 08:51:01
model3,2025-05-22,15,Automobiles & Parts,0,2,0,2,2026-06-03 08:51:01
model3,2025-05-22,16,Technology,0,5,0,5,2026-06-03 08:51:01
model3,2025-05-22,17,Oil & Gas,0,2,0,2,2026-06-03 08:51:01
model3,2025-05-22,18,Telecommunications,0,1,0,1,2026-06-03 08:51:01
model3,2025-05-23,0,Industrial Goods & Services,1,28,4,33,2026-06-03 08:51:01
model3,2025-05-23,1,Food & Beverage,0,36,0,36,2026-06-03 08:51:01
model3,2025-05-23,2,Banks,0,12,0,12,2026-06-03 08:51:01
model3,2025-05-23,3,Construction & Materials,0,76,1,77,2026-06-03 08:51:01
model3,2025-05-23,4,Basic Resources,1,19,0,20,2026-06-03 08:51:01
model3,2025-05-23,5,Media,0,3,0,3,2026-06-03 08:51:01
model3,2025-05-23,6,Retail,0,8,0,8,2026-06-03 08:51:01
model3,2025-05-23,7,Personal & Household Goods,0,12,0,12,2026-06-03 08:51:01
model3,2025-05-23,8,Real Estate,1,27,2,30,2026-06-03 08:51:01
model3,2025-05-23,9,Health Care,0,15,0,15,2026-06-03 08:51:01
model3,2025-05-23,10,Financial Services,0,12,0,12,2026-06-03 08:51:01
model3,2025-05-23,11,Chemicals,0,19,0,19,2026-06-03 08:51:01
model3,2025-05-23,12,Travel & Leisure,0,7,1,8,2026-06-03 08:51:01
model3,2025-05-23,13,Utilities,0,27,1,28,2026-06-03 08:51:01
model3,2025-05-23,14,Insurance,0,5,0,5,2026-06-03 08:51:01
model3,2025-05-23,15,Automobiles & Parts,0,3,0,3,2026-06-03 08:51:01
model3,2025-05-23,16,Technology,0,7,0,7,2026-06-03 08:51:01
model3,2025-05-23,17,Oil & Gas,0,2,0,2,2026-06-03 08:51:01
model3,2025-05-23,18,Telecommunications,0,1,0,1,2026-06-03 08:51:01
model3,2025-05-26,0,Industrial Goods & Services,0,32,3,35,2026-06-03 08:51:01
model3,2025-05-26,1,Food & Beverage,1,33,1,35,2026-06-03 08:51:01
model3,2025-05-26,2,Banks,0,11,0,11,2026-06-03 08:51:01
model3,2025-05-26,3,Construction & Materials,1,64,1,66,2026-06-03 08:51:01
model3,2025-05-26,4,Basic Resources,0,16,0,16,2026-06-03 08:51:01
model3,2025-05-26,5,Media,0,4,0,4,2026-06-03 08:51:01
model3,2025-05-26,6,Retail,0,6,1,7,2026-06-03 08:51:01
model3,2025-05-26,7,Personal & Household Goods,0,7,0,7,2026-06-03 08:51:01
model3,2025-05-26,8,Real Estate,0,27,0,27,2026-06-03 08:51:01
model3,2025-05-26,9,Health Care,0,15,1,16,2026-06-03 08:51:01
model3,2025-05-26,10,Financial Services,0,11,0,11,2026-06-03 08:51:01
model3,2025-05-26,11,Chemicals,0,17,0,17,2026-06-03 08:51:01
model3,2025-05-26,12,Travel & Leisure,0,6,0,6,2026-06-03 08:51:01
model3,2025-05-26,13,Utilities,1,25,2,28,2026-06-03 08:51:01
model3,2025-05-26,14,Insurance,0,5,0,5,2026-06-03 08:51:01
model3,2025-05-26,15,Automobiles & Parts,0,3,0,3,2026-06-03 08:51:01
model3,2025-05-26,16,Technology,0,5,0,5,2026-06-03 08:51:01
model3,2025-05-26,17,Oil & Gas,0,2,0,2,2026-06-03 08:51:01
model3,2025-05-26,18,Telecommunications,0,1,0,1,2026-06-03 08:51:01
model3,2025-05-27,0,Industrial Goods & Services,0,32,0,32,2026-06-03 08:51:01
model3,2025-05-27,1,Food & Beverage,0,34,0,34,2026-06-03 08:51:01
model3,2025-05-27,2,Banks,0,12,0,12,2026-06-03 08:51:01
model3,2025-05-27,3,Construction & Materials,0,60,1,61,2026-06-03 08:51:01
model3,2025-05-27,4,Basic Resources,0,17,0,17,2026-06-03 08:51:01
model3,2025-05-27,5,Media,0,3,0,3,2026-06-03 08:51:01
model3,2025-05-27,6,Retail,0,6,0,6,2026-06-03 08:51:01
model3,2025-05-27,7,Personal & Household Goods,0,8,0,8,2026-06-03 08:51:01
model3,2025-05-27,8,Real Estate,0,25,2,27,2026-06-03 08:51:01
model3,2025-05-27,9,Health Care,0,16,2,18,2026-06-03 08:51:01
model3,2025-05-27,10,Financial Services,0,12,0,12,2026-06-03 08:51:01
model3,2025-05-27,11,Chemicals,0,17,0,17,2026-06-03 08:51:01
model3,2025-05-27,12,Travel & Leisure,0,8,0,8,2026-06-03 08:51:01
model3,2025-05-27,13,Utilities,1,26,0,27,2026-06-03 08:51:01
model3,2025-05-27,14,Insurance,0,5,0,5,2026-06-03 08:51:01
model3,2025-05-27,15,Automobiles & Parts,0,4,0,4,2026-06-03 08:51:01
model3,2025-05-27,16,Technology,0,6,0,6,2026-06-03 08:51:01
model3,2025-05-27,17,Oil & Gas,0,2,0,2,2026-06-03 08:51:01
model3,2025-05-27,18,Telecommunications,0,1,0,1,2026-06-03 08:51:01
model3,2025-05-28,0,Industrial Goods & Services,0,32,1,33,2026-06-03 08:51:01
model3,2025-05-28,1,Food & Beverage,0,33,1,34,2026-06-03 08:51:01
model3,2025-05-28,2,Banks,0,12,0,12,2026-06-03 08:51:01
model3,2025-05-28,3,Construction & Materials,0,61,0,61,2026-06-03 08:51:01
model3,2025-05-28,4,Basic Resources,0,19,0,19,2026-06-03 08:51:01
model3,2025-05-28,5,Media,0,3,0,3,2026-06-03 08:51:01
model3,2025-05-28,6,Retail,0,7,0,7,2026-06-03 08:51:01
model3,2025-05-28,7,Personal & Household Goods,0,9,0,9,2026-06-03 08:51:01
model3,2025-05-28,8,Real Estate,0,28,0,28,2026-06-03 08:51:01
model3,2025-05-28,9,Health Care,0,16,0,16,2026-06-03 08:51:01
model3,2025-05-28,10,Financial Services,0,11,0,11,2026-06-03 08:51:01
model3,2025-05-28,11,Chemicals,0,20,0,20,2026-06-03 08:51:01
model3,2025-05-28,12,Travel & Leisure,0,6,0,6,2026-06-03 08:51:01
model3,2025-05-28,13,Utilities,0,28,0,28,2026-06-03 08:51:01
model3,2025-05-28,14,Insurance,0,5,0,5,2026-06-03 08:51:01
model3,2025-05-28,15,Automobiles & Parts,0,3,0,3,2026-06-03 08:51:01
model3,2025-05-28,16,Technology,0,6,1,7,2026-06-03 08:51:01
model3,2025-05-28,17,Oil & Gas,0,2,0,2,2026-06-03 08:51:01
model3,2025-05-28,18,Telecommunications,0,1,0,1,2026-06-03 08:51:01
model3,2025-05-29,0,Industrial Goods & Services,0,31,0,31,2026-06-03 08:51:01
model3,2025-05-29,1,Food & Beverage,1,32,1,34,2026-06-03 08:51:01
model3,2025-05-29,2,Banks,0,12,0,12,2026-06-03 08:51:01
model3,2025-05-29,3,Construction & Materials,1,61,2,64,2026-06-03 08:51:01
model3,2025-05-29,4,Basic Resources,0,18,0,18,2026-06-03 08:51:01
model3,2025-05-29,5,Media,0,2,0,2,2026-06-03 08:51:01
model3,2025-05-29,6,Retail,0,7,0,7,2026-06-03 08:51:01
model3,2025-05-29,7,Personal & Household Goods,0,8,0,8,2026-06-03 08:51:01
model3,2025-05-29,8,Real Estate,0,25,0,25,2026-06-03 08:51:01
model3,2025-05-29,9,Health Care,0,17,0,17,2026-06-03 08:51:01
model3,2025-05-29,10,Financial Services,0,12,0,12,2026-06-03 08:51:01
model3,2025-05-29,11,Chemicals,0,18,0,18,2026-06-03 08:51:01
model3,2025-05-29,12,Travel & Leisure,0,8,0,8,2026-06-03 08:51:01
model3,2025-05-29,13,Utilities,0,27,1,28,2026-06-03 08:51:01
model3,2025-05-29,14,Insurance,0,5,0,5,2026-06-03 08:51:01
model3,2025-05-29,15,Automobiles & Parts,0,4,0,4,2026-06-03 08:51:01
model3,2025-05-29,16,Technology,0,6,0,6,2026-06-03 08:51:01
model3,2025-05-29,17,Oil & Gas,0,2,0,2,2026-06-03 08:51:01
model3,2025-05-29,18,Telecommunications,0,1,0,1,2026-06-03 08:51:01
model3,2025-05-30,0,Industrial Goods & Services,0,35,0,35,2026-06-03 08:51:01
model3,2025-05-30,1,Food & Beverage,0,37,0,37,2026-06-03 08:51:01
model3,2025-05-30,2,Banks,0,12,0,12,2026-06-03 08:51:01
model3,2025-05-30,3,Construction & Materials,0,72,1,73,2026-06-03 08:51:01
model3,2025-05-30,4,Basic Resources,0,21,0,21,2026-06-03 08:51:01
model3,2025-05-30,5,Media,0,3,0,3,2026-06-03 08:51:01
model3,2025-05-30,6,Retail,0,7,0,7,2026-06-03 08:51:01
model3,2025-05-30,7,Personal & Household Goods,0,13,0,13,2026-06-03 08:51:01
model3,2025-05-30,8,Real Estate,1,29,0,30,2026-06-03 08:51:01
model3,2025-05-30,9,Health Care,0,13,0,13,2026-06-03 08:51:01
model3,2025-05-30,10,Financial Services,0,12,0,12,2026-06-03 08:51:01
model3,2025-05-30,11,Chemicals,0,17,1,18,2026-06-03 08:51:01
model3,2025-05-30,12,Travel & Leisure,0,8,1,9,2026-06-03 08:51:01
model3,2025-05-30,13,Utilities,0,26,0,26,2026-06-03 08:51:01
model3,2025-05-30,14,Insurance,0,5,0,5,2026-06-03 08:51:01
model3,2025-05-30,15,Automobiles & Parts,0,3,0,3,2026-06-03 08:51:01
model3,2025-05-30,16,Technology,0,7,0,7,2026-06-03 08:51:01
model3,2025-05-30,17,Oil & Gas,0,2,0,2,2026-06-03 08:51:01
model3,2025-05-30,18,Telecommunications,0,1,0,1,2026-06-03 08:51:01
model3,2025-06-02,0,Industrial Goods & Services,0,32,0,32,2026-06-03 08:51:01
model3,2025-06-02,1,Food & Beverage,0,34,0,34,2026-06-03 08:51:01
model3,2025-06-02,2,Banks,0,12,0,12,2026-06-03 08:51:01
model3,2025-06-02,3,Construction & Materials,0,66,1,67,2026-06-03 08:51:01
model3,2025-06-02,4,Basic Resources,0,16,0,16,2026-06-03 08:51:01
model3,2025-06-02,5,Media,0,4,0,4,2026-06-03 08:51:01
model3,2025-06-02,6,Retail,0,6,0,6,2026-06-03 08:51:01
model3,2025-06-02,7,Personal & Household Goods,0,9,0,9,2026-06-03 08:51:01
model3,2025-06-02,8,Real Estate,0,23,0,23,2026-06-03 08:51:01
model3,2025-06-02,9,Health Care,1,18,0,19,2026-06-03 08:51:01
model3,2025-06-02,10,Financial Services,0,11,0,11,2026-06-03 08:51:01
model3,2025-06-02,11,Chemicals,0,19,0,19,2026-06-03 08:51:01
model3,2025-06-02,12,Travel & Leisure,0,7,0,7,2026-06-03 08:51:01
model3,2025-06-02,13,Utilities,0,28,0,28,2026-06-03 08:51:01
model3,2025-06-02,14,Insurance,0,5,0,5,2026-06-03 08:51:01
model3,2025-06-02,15,Automobiles & Parts,0,4,0,4,2026-06-03 08:51:01
model3,2025-06-02,16,Technology,0,6,0,6,2026-06-03 08:51:01
model3,2025-06-02,17,Oil & Gas,0,2,0,2,2026-06-03 08:51:01
model3,2025-06-02,18,Telecommunications,0,1,0,1,2026-06-03 08:51:01
model3,2025-06-03,0,Industrial Goods & Services,0,32,0,32,2026-06-03 08:51:01
model3,2025-06-03,1,Food & Beverage,0,34,0,34,2026-06-03 08:51:01
model3,2025-06-03,2,Banks,0,12,0,12,2026-06-03 08:51:01
model3,2025-06-03,3,Construction & Materials,0,67,2,69,2026-06-03 08:51:01
model3,2025-06-03,4,Basic Resources,0,17,0,17,2026-06-03 08:51:01
model3,2025-06-03,5,Media,0,4,1,5,2026-06-03 08:51:01
model3,2025-06-03,6,Retail,0,6,0,6,2026-06-03 08:51:01
model3,2025-06-03,7,Personal & Household Goods,0,8,2,10,2026-06-03 08:51:01
model3,2025-06-03,8,Real Estate,0,29,0,29,2026-06-03 08:51:01
model3,2025-06-03,9,Health Care,0,17,1,18,2026-06-03 08:51:01
model3,2025-06-03,10,Financial Services,0,12,0,12,2026-06-03 08:51:01
model3,2025-06-03,11,Chemicals,0,20,0,20,2026-06-03 08:51:01
model3,2025-06-03,12,Travel & Leisure,0,8,1,9,2026-06-03 08:51:01
model3,2025-06-03,13,Utilities,0,24,0,24,2026-06-03 08:51:01
model3,2025-06-03,14,Insurance,0,5,0,5,2026-06-03 08:51:01
model3,2025-06-03,15,Automobiles & Parts,0,3,0,3,2026-06-03 08:51:01
model3,2025-06-03,16,Technology,0,6,0,6,2026-06-03 08:51:01
model3,2025-06-03,17,Oil & Gas,0,2,0,2,2026-06-03 08:51:01
model3,2025-06-03,18,Telecommunications,0,1,0,1,2026-06-03 08:51:01
model3,2025-06-04,0,Industrial Goods & Services,1,31,2,34,2026-06-03 08:51:01
model3,2025-06-04,1,Food & Beverage,0,32,0,32,2026-06-03 08:51:01
model3,2025-06-04,2,Banks,0,12,0,12,2026-06-03 08:51:01
model3,2025-06-04,3,Construction & Materials,0,67,1,68,2026-06-03 08:51:01
model3,2025-06-04,4,Basic Resources,0,17,0,17,2026-06-03 08:51:01
model3,2025-06-04,5,Media,1,5,0,6,2026-06-03 08:51:01
model3,2025-06-04,6,Retail,0,6,1,7,2026-06-03 08:51:01
model3,2025-06-04,7,Personal & Household Goods,0,7,1,8,2026-06-03 08:51:01
model3,2025-06-04,8,Real Estate,0,28,1,29,2026-06-03 08:51:01
model3,2025-06-04,9,Health Care,0,16,0,16,2026-06-03 08:51:01
model3,2025-06-04,10,Financial Services,0,12,0,12,2026-06-03 08:51:01
model3,2025-06-04,11,Chemicals,0,17,0,17,2026-06-03 08:51:01
model3,2025-06-04,12,Travel & Leisure,0,9,1,10,2026-06-03 08:51:01
model3,2025-06-04,13,Utilities,0,27,1,28,2026-06-03 08:51:01
model3,2025-06-04,14,Insurance,0,5,0,5,2026-06-03 08:51:01
model3,2025-06-04,15,Automobiles & Parts,0,2,0,2,2026-06-03 08:51:01
model3,2025-06-04,16,Technology,1,6,0,7,2026-06-03 08:51:01
model3,2025-06-04,17,Oil & Gas,0,2,0,2,2026-06-03 08:51:01
model3,2025-06-04,18,Telecommunications,0,1,0,1,2026-06-03 08:51:01
model3,2025-06-05,0,Industrial Goods & Services,1,29,2,32,2026-06-03 08:51:01
model3,2025-06-05,1,Food & Beverage,0,33,2,35,2026-06-03 08:51:01
model3,2025-06-05,2,Banks,0,12,0,12,2026-06-03 08:51:01
model3,2025-06-05,3,Construction & Materials,0,59,4,63,2026-06-03 08:51:01
model3,2025-06-05,4,Basic Resources,0,17,1,18,2026-06-03 08:51:01
model3,2025-06-05,5,Media,0,3,0,3,2026-06-03 08:51:01
model3,2025-06-05,6,Retail,0,6,0,6,2026-06-03 08:51:01
model3,2025-06-05,7,Personal & Household Goods,1,7,0,8,2026-06-03 08:51:01
model3,2025-06-05,8,Real Estate,0,27,1,28,2026-06-03 08:51:01
model3,2025-06-05,9,Health Care,1,15,1,17,2026-06-03 08:51:01
model3,2025-06-05,10,Financial Services,0,12,0,12,2026-06-03 08:51:01
model3,2025-06-05,11,Chemicals,0,18,0,18,2026-06-03 08:51:01
model3,2025-06-05,12,Travel & Leisure,0,8,1,9,2026-06-03 08:51:01
model3,2025-06-05,13,Utilities,0,27,1,28,2026-06-03 08:51:01
model3,2025-06-05,14,Insurance,0,5,0,5,2026-06-03 08:51:01
model3,2025-06-05,15,Automobiles & Parts,0,3,0,3,2026-06-03 08:51:01
model3,2025-06-05,16,Technology,0,6,0,6,2026-06-03 08:51:01
model3,2025-06-05,17,Oil & Gas,0,2,0,2,2026-06-03 08:51:01
model3,2025-06-05,18,Telecommunications,0,1,0,1,2026-06-03 08:51:01
model3,2025-06-06,0,Industrial Goods & Services,0,33,1,34,2026-06-03 08:51:01
model3,2025-06-06,1,Food & Beverage,0,37,0,37,2026-06-03 08:51:01
model3,2025-06-06,2,Banks,0,12,0,12,2026-06-03 08:51:01
model3,2025-06-06,3,Construction & Materials,1,69,3,73,2026-06-03 08:51:01
model3,2025-06-06,4,Basic Resources,0,19,0,19,2026-06-03 08:51:01
model3,2025-06-06,5,Media,0,3,0,3,2026-06-03 08:51:01
model3,2025-06-06,6,Retail,0,5,0,5,2026-06-03 08:51:01
model3,2025-06-06,7,Personal & Household Goods,0,10,0,10,2026-06-03 08:51:01
model3,2025-06-06,8,Real Estate,0,32,0,32,2026-06-03 08:51:01
model3,2025-06-06,9,Health Care,0,17,0,17,2026-06-03 08:51:01
model3,2025-06-06,10,Financial Services,0,12,0,12,2026-06-03 08:51:01
model3,2025-06-06,11,Chemicals,0,17,0,17,2026-06-03 08:51:01
model3,2025-06-06,12,Travel & Leisure,0,8,1,9,2026-06-03 08:51:01
model3,2025-06-06,13,Utilities,0,21,0,21,2026-06-03 08:51:01
model3,2025-06-06,14,Insurance,0,5,0,5,2026-06-03 08:51:01
model3,2025-06-06,15,Automobiles & Parts,0,5,0,5,2026-06-03 08:51:01
model3,2025-06-06,16,Technology,0,8,0,8,2026-06-03 08:51:01
model3,2025-06-06,17,Oil & Gas,0,2,0,2,2026-06-03 08:51:01
model3,2025-06-06,18,Telecommunications,0,1,0,1,2026-06-03 08:51:01
model3,2025-06-09,0,Industrial Goods & Services,1,29,0,30,2026-06-03 08:51:01
model3,2025-06-09,1,Food & Beverage,0,34,0,34,2026-06-03 08:51:01
model3,2025-06-09,2,Banks,0,12,0,12,2026-06-03 08:51:01
model3,2025-06-09,3,Construction & Materials,0,60,1,61,2026-06-03 08:51:01
model3,2025-06-09,4,Basic Resources,0,18,0,18,2026-06-03 08:51:01
model3,2025-06-09,5,Media,0,6,0,6,2026-06-03 08:51:01
model3,2025-06-09,6,Retail,0,6,1,7,2026-06-03 08:51:01
model3,2025-06-09,7,Personal & Household Goods,0,8,0,8,2026-06-03 08:51:01
model3,2025-06-09,8,Real Estate,0,27,0,27,2026-06-03 08:51:01
model3,2025-06-09,9,Health Care,0,14,0,14,2026-06-03 08:51:01
model3,2025-06-09,10,Financial Services,0,12,0,12,2026-06-03 08:51:01
model3,2025-06-09,11,Chemicals,0,18,0,18,2026-06-03 08:51:01
model3,2025-06-09,12,Travel & Leisure,0,9,0,9,2026-06-03 08:51:01
model3,2025-06-09,13,Utilities,0,23,0,23,2026-06-03 08:51:01
model3,2025-06-09,14,Insurance,0,5,0,5,2026-06-03 08:51:01
model3,2025-06-09,15,Automobiles & Parts,0,2,0,2,2026-06-03 08:51:01
model3,2025-06-09,16,Technology,0,6,0,6,2026-06-03 08:51:01
model3,2025-06-09,17,Oil & Gas,0,1,0,1,2026-06-03 08:51:01
model3,2025-06-09,18,Telecommunications,0,1,0,1,2026-06-03 08:51:01
model3,2025-06-10,0,Industrial Goods & Services,0,31,1,32,2026-06-03 08:51:01
model3,2025-06-10,1,Food & Beverage,1,31,0,32,2026-06-03 08:51:01
model3,2025-06-10,2,Banks,0,12,0,12,2026-06-03 08:51:01
model3,2025-06-10,3,Construction & Materials,1,54,2,57,2026-06-03 08:51:01
model3,2025-06-10,4,Basic Resources,0,16,0,16,2026-06-03 08:51:01
model3,2025-06-10,5,Media,0,3,0,3,2026-06-03 08:51:01
model3,2025-06-10,6,Retail,0,6,0,6,2026-06-03 08:51:01
model3,2025-06-10,7,Personal & Household Goods,0,9,0,9,2026-06-03 08:51:01
model3,2025-06-10,8,Real Estate,0,23,3,26,2026-06-03 08:51:01
model3,2025-06-10,9,Health Care,0,13,1,14,2026-06-03 08:51:01
model3,2025-06-10,10,Financial Services,0,11,0,11,2026-06-03 08:51:01
model3,2025-06-10,11,Chemicals,0,16,0,16,2026-06-03 08:51:01
model3,2025-06-10,12,Travel & Leisure,0,6,3,9,2026-06-03 08:51:01
model3,2025-06-10,13,Utilities,0,24,0,24,2026-06-03 08:51:01
model3,2025-06-10,14,Insurance,0,5,0,5,2026-06-03 08:51:01
model3,2025-06-10,15,Automobiles & Parts,0,3,0,3,2026-06-03 08:51:01
model3,2025-06-10,16,Technology,0,6,0,6,2026-06-03 08:51:01
model3,2025-06-10,17,Oil & Gas,0,2,0,2,2026-06-03 08:51:01
model3,2025-06-10,18,Telecommunications,0,1,0,1,2026-06-03 08:51:01
model3,2025-06-11,0,Industrial Goods & Services,1,32,0,33,2026-06-03 08:51:01
model3,2025-06-11,1,Food & Beverage,0,29,1,30,2026-06-03 08:51:01
model3,2025-06-11,2,Banks,0,12,0,12,2026-06-03 08:51:01
model3,2025-06-11,3,Construction & Materials,0,56,1,57,2026-06-03 08:51:01
model3,2025-06-11,4,Basic Resources,0,17,0,17,2026-06-03 08:51:01
model3,2025-06-11,5,Media,0,4,0,4,2026-06-03 08:51:01
model3,2025-06-11,6,Retail,0,6,0,6,2026-06-03 08:51:01
model3,2025-06-11,7,Personal & Household Goods,0,9,0,9,2026-06-03 08:51:01
model3,2025-06-11,8,Real Estate,0,27,0,27,2026-06-03 08:51:01
model3,2025-06-11,9,Health Care,0,14,1,15,2026-06-03 08:51:01
model3,2025-06-11,10,Financial Services,0,11,0,11,2026-06-03 08:51:01
model3,2025-06-11,11,Chemicals,0,17,0,17,2026-06-03 08:51:01
model3,2025-06-11,12,Travel & Leisure,0,8,0,8,2026-06-03 08:51:01
model3,2025-06-11,13,Utilities,1,25,0,26,2026-06-03 08:51:01
model3,2025-06-11,14,Insurance,0,5,0,5,2026-06-03 08:51:01
model3,2025-06-11,15,Automobiles & Parts,0,4,0,4,2026-06-03 08:51:01
model3,2025-06-11,16,Technology,0,6,1,7,2026-06-03 08:51:01
model3,2025-06-11,17,Oil & Gas,0,2,0,2,2026-06-03 08:51:01
model3,2025-06-11,18,Telecommunications,0,1,0,1,2026-06-03 08:51:01
model3,2025-06-12,0,Industrial Goods & Services,1,32,1,34,2026-06-03 08:51:01
model3,2025-06-12,1,Food & Beverage,0,32,0,32,2026-06-03 08:51:01
model3,2025-06-12,2,Banks,0,12,0,12,2026-06-03 08:51:01
model3,2025-06-12,3,Construction & Materials,0,62,2,64,2026-06-03 08:51:01
model3,2025-06-12,4,Basic Resources,0,20,0,20,2026-06-03 08:51:01
model3,2025-06-12,5,Media,1,3,0,4,2026-06-03 08:51:01
model3,2025-06-12,6,Retail,0,6,0,6,2026-06-03 08:51:01
model3,2025-06-12,7,Personal & Household Goods,0,9,0,9,2026-06-03 08:51:01
model3,2025-06-12,8,Real Estate,0,28,0,28,2026-06-03 08:51:01
model3,2025-06-12,9,Health Care,0,15,0,15,2026-06-03 08:51:01
model3,2025-06-12,10,Financial Services,0,12,0,12,2026-06-03 08:51:01
model3,2025-06-12,11,Chemicals,0,18,0,18,2026-06-03 08:51:01
model3,2025-06-12,12,Travel & Leisure,0,8,0,8,2026-06-03 08:51:01
model3,2025-06-12,13,Utilities,0,25,0,25,2026-06-03 08:51:01
model3,2025-06-12,14,Insurance,0,5,0,5,2026-06-03 08:51:01
model3,2025-06-12,15,Automobiles & Parts,0,3,0,3,2026-06-03 08:51:01
model3,2025-06-12,16,Technology,0,7,0,7,2026-06-03 08:51:01
model3,2025-06-12,17,Oil & Gas,0,2,0,2,2026-06-03 08:51:01
model3,2025-06-12,18,Telecommunications,0,1,0,1,2026-06-03 08:51:01
model3,2025-06-13,0,Industrial Goods & Services,0,35,1,36,2026-06-03 08:51:01
model3,2025-06-13,1,Food & Beverage,0,37,1,38,2026-06-03 08:51:01
model3,2025-06-13,2,Banks,0,12,0,12,2026-06-03 08:51:01
model3,2025-06-13,3,Construction & Materials,0,68,2,70,2026-06-03 08:51:01
model3,2025-06-13,4,Basic Resources,0,21,0,21,2026-06-03 08:51:01
model3,2025-06-13,5,Media,0,5,0,5,2026-06-03 08:51:01
model3,2025-06-13,6,Retail,0,8,1,9,2026-06-03 08:51:01
model3,2025-06-13,7,Personal & Household Goods,0,9,1,10,2026-06-03 08:51:01
model3,2025-06-13,8,Real Estate,1,30,1,32,2026-06-03 08:51:01
model3,2025-06-13,9,Health Care,0,16,0,16,2026-06-03 08:51:01
model3,2025-06-13,10,Financial Services,0,12,0,12,2026-06-03 08:51:01
model3,2025-06-13,11,Chemicals,0,16,1,17,2026-06-03 08:51:01
model3,2025-06-13,12,Travel & Leisure,0,9,1,10,2026-06-03 08:51:01
model3,2025-06-13,13,Utilities,0,25,1,26,2026-06-03 08:51:01
model3,2025-06-13,14,Insurance,0,5,0,5,2026-06-03 08:51:01
model3,2025-06-13,15,Automobiles & Parts,0,3,0,3,2026-06-03 08:51:01
model3,2025-06-13,16,Technology,0,7,1,8,2026-06-03 08:51:01
model3,2025-06-13,17,Oil & Gas,0,2,0,2,2026-06-03 08:51:01
model3,2025-06-13,18,Telecommunications,0,1,0,1,2026-06-03 08:51:01
model3,2025-06-16,0,Industrial Goods & Services,1,25,1,27,2026-06-03 08:51:01
model3,2025-06-16,1,Food & Beverage,1,33,0,34,2026-06-03 08:51:01
model3,2025-06-16,2,Banks,0,12,0,12,2026-06-03 08:51:01
model3,2025-06-16,3,Construction & Materials,0,60,0,60,2026-06-03 08:51:01
model3,2025-06-16,4,Basic Resources,0,17,0,17,2026-06-03 08:51:01
model3,2025-06-16,5,Media,0,5,0,5,2026-06-03 08:51:01
model3,2025-06-16,6,Retail,0,7,0,7,2026-06-03 08:51:01
model3,2025-06-16,7,Personal & Household Goods,0,6,0,6,2026-06-03 08:51:01
model3,2025-06-16,8,Real Estate,0,26,0,26,2026-06-03 08:51:01
model3,2025-06-16,9,Health Care,0,14,0,14,2026-06-03 08:51:01
model3,2025-06-16,10,Financial Services,0,12,0,12,2026-06-03 08:51:01
model3,2025-06-16,11,Chemicals,1,19,0,20,2026-06-03 08:51:01
model3,2025-06-16,12,Travel & Leisure,0,8,0,8,2026-06-03 08:51:01
model3,2025-06-16,13,Utilities,0,25,0,25,2026-06-03 08:51:01
model3,2025-06-16,14,Insurance,0,5,0,5,2026-06-03 08:51:01
model3,2025-06-16,15,Automobiles & Parts,0,2,0,2,2026-06-03 08:51:01
model3,2025-06-16,16,Technology,0,7,0,7,2026-06-03 08:51:01
model3,2025-06-16,17,Oil & Gas,0,2,0,2,2026-06-03 08:51:01
model3,2025-06-16,18,Telecommunications,0,1,0,1,2026-06-03 08:51:01
model3,2025-06-17,0,Industrial Goods & Services,0,36,1,37,2026-06-03 08:51:01
model3,2025-06-17,1,Food & Beverage,0,30,0,30,2026-06-03 08:51:01
model3,2025-06-17,2,Banks,0,12,0,12,2026-06-03 08:51:01
model3,2025-06-17,3,Construction & Materials,0,61,2,63,2026-06-03 08:51:01
model3,2025-06-17,4,Basic Resources,0,19,0,19,2026-06-03 08:51:01
model3,2025-06-17,5,Media,0,4,0,4,2026-06-03 08:51:01
model3,2025-06-17,6,Retail,0,6,1,7,2026-06-03 08:51:01
model3,2025-06-17,7,Personal & Household Goods,0,9,0,9,2026-06-03 08:51:01
model3,2025-06-17,8,Real Estate,0,25,1,26,2026-06-03 08:51:01
model3,2025-06-17,9,Health Care,0,16,1,17,2026-06-03 08:51:01
model3,2025-06-17,10,Financial Services,0,12,0,12,2026-06-03 08:51:01
model3,2025-06-17,11,Chemicals,0,20,0,20,2026-06-03 08:51:01
model3,2025-06-17,12,Travel & Leisure,0,8,0,8,2026-06-03 08:51:01
model3,2025-06-17,13,Utilities,0,22,1,23,2026-06-03 08:51:01
model3,2025-06-17,14,Insurance,0,5,0,5,2026-06-03 08:51:01
model3,2025-06-17,15,Automobiles & Parts,0,4,0,4,2026-06-03 08:51:01
model3,2025-06-17,16,Technology,0,6,1,7,2026-06-03 08:51:01
model3,2025-06-17,17,Oil & Gas,0,2,0,2,2026-06-03 08:51:01
model3,2025-06-17,18,Telecommunications,0,1,0,1,2026-06-03 08:51:01
model3,2025-06-18,0,Industrial Goods & Services,0,29,0,29,2026-06-03 08:51:01
model3,2025-06-18,1,Food & Beverage,0,30,1,31,2026-06-03 08:51:01
model3,2025-06-18,2,Banks,0,12,0,12,2026-06-03 08:51:01
model3,2025-06-18,3,Construction & Materials,0,61,0,61,2026-06-03 08:51:01
model3,2025-06-18,4,Basic Resources,0,19,0,19,2026-06-03 08:51:01
model3,2025-06-18,5,Media,0,4,0,4,2026-06-03 08:51:01
model3,2025-06-18,6,Retail,1,6,0,7,2026-06-03 08:51:01
model3,2025-06-18,7,Personal & Household Goods,0,8,1,9,2026-06-03 08:51:01
model3,2025-06-18,8,Real Estate,0,29,0,29,2026-06-03 08:51:01
model3,2025-06-18,9,Health Care,0,17,0,17,2026-06-03 08:51:01
model3,2025-06-18,10,Financial Services,0,12,0,12,2026-06-03 08:51:01
model3,2025-06-18,11,Chemicals,0,17,1,18,2026-06-03 08:51:01
model3,2025-06-18,12,Travel & Leisure,0,8,0,8,2026-06-03 08:51:01
model3,2025-06-18,13,Utilities,0,20,0,20,2026-06-03 08:51:01
model3,2025-06-18,14,Insurance,0,4,0,4,2026-06-03 08:51:01
model3,2025-06-18,15,Automobiles & Parts,0,2,0,2,2026-06-03 08:51:01
model3,2025-06-18,16,Technology,0,6,0,6,2026-06-03 08:51:01
model3,2025-06-18,17,Oil & Gas,0,2,0,2,2026-06-03 08:51:01
model3,2025-06-18,18,Telecommunications,0,1,0,1,2026-06-03 08:51:01
model3,2025-06-19,0,Industrial Goods & Services,0,30,0,30,2026-06-03 08:51:01
model3,2025-06-19,1,Food & Beverage,0,32,0,32,2026-06-03 08:51:01
model3,2025-06-19,2,Banks,0,12,0,12,2026-06-03 08:51:01
model3,2025-06-19,3,Construction & Materials,0,62,0,62,2026-06-03 08:51:01
model3,2025-06-19,4,Basic Resources,0,18,0,18,2026-06-03 08:51:01
model3,2025-06-19,5,Media,0,3,0,3,2026-06-03 08:51:01
model3,2025-06-19,6,Retail,1,6,0,7,2026-06-03 08:51:01
model3,2025-06-19,7,Personal & Household Goods,1,10,0,11,2026-06-03 08:51:01
model3,2025-06-19,8,Real Estate,0,28,2,30,2026-06-03 08:51:01
model3,2025-06-19,9,Health Care,0,14,0,14,2026-06-03 08:51:01
model3,2025-06-19,10,Financial Services,0,11,0,11,2026-06-03 08:51:01
model3,2025-06-19,11,Chemicals,0,18,0,18,2026-06-03 08:51:01
model3,2025-06-19,12,Travel & Leisure,0,9,0,9,2026-06-03 08:51:01
model3,2025-06-19,13,Utilities,0,23,1,24,2026-06-03 08:51:01
model3,2025-06-19,14,Insurance,0,4,0,4,2026-06-03 08:51:01
model3,2025-06-19,15,Automobiles & Parts,0,2,0,2,2026-06-03 08:51:01
model3,2025-06-19,16,Technology,0,6,1,7,2026-06-03 08:51:01
model3,2025-06-19,17,Oil & Gas,0,2,0,2,2026-06-03 08:51:01
model3,2025-06-19,18,Telecommunications,0,1,0,1,2026-06-03 08:51:01
model3,2025-06-20,0,Industrial Goods & Services,0,30,0,30,2026-06-03 08:51:01
model3,2025-06-20,1,Food & Beverage,0,38,0,38,2026-06-03 08:51:01
model3,2025-06-20,2,Banks,0,12,0,12,2026-06-03 08:51:01
model3,2025-06-20,3,Construction & Materials,0,72,0,72,2026-06-03 08:51:01
model3,2025-06-20,4,Basic Resources,0,19,0,19,2026-06-03 08:51:01
model3,2025-06-20,5,Media,0,4,0,4,2026-06-03 08:51:01
model3,2025-06-20,6,Retail,0,7,1,8,2026-06-03 08:51:01
model3,2025-06-20,7,Personal & Household Goods,0,11,0,11,2026-06-03 08:51:01
model3,2025-06-20,8,Real Estate,0,32,0,32,2026-06-03 08:51:01
model3,2025-06-20,9,Health Care,1,15,0,16,2026-06-03 08:51:01
model3,2025-06-20,10,Financial Services,0,12,0,12,2026-06-03 08:51:01
model3,2025-06-20,11,Chemicals,0,17,1,18,2026-06-03 08:51:01
model3,2025-06-20,12,Travel & Leisure,0,9,0,9,2026-06-03 08:51:01
model3,2025-06-20,13,Utilities,2,18,1,21,2026-06-03 08:51:01
model3,2025-06-20,14,Insurance,0,5,0,5,2026-06-03 08:51:01
model3,2025-06-20,15,Automobiles & Parts,0,4,0,4,2026-06-03 08:51:01
model3,2025-06-20,16,Technology,0,7,0,7,2026-06-03 08:51:01
model3,2025-06-20,17,Oil & Gas,0,2,0,2,2026-06-03 08:51:01
model3,2025-06-20,18,Telecommunications,0,1,0,1,2026-06-03 08:51:01
model3,2025-06-23,0,Industrial Goods & Services,1,30,0,31,2026-06-03 08:51:01
model3,2025-06-23,1,Food & Beverage,0,32,0,32,2026-06-03 08:51:01
model3,2025-06-23,2,Banks,0,12,0,12,2026-06-03 08:51:01
model3,2025-06-23,3,Construction & Materials,0,64,0,64,2026-06-03 08:51:01
model3,2025-06-23,4,Basic Resources,0,19,0,19,2026-06-03 08:51:01
model3,2025-06-23,5,Media,0,5,0,5,2026-06-03 08:51:01
model3,2025-06-23,6,Retail,0,7,0,7,2026-06-03 08:51:01
model3,2025-06-23,7,Personal & Household Goods,0,9,0,9,2026-06-03 08:51:01
model3,2025-06-23,8,Real Estate,1,27,0,28,2026-06-03 08:51:01
model3,2025-06-23,9,Health Care,0,15,0,15,2026-06-03 08:51:01
model3,2025-06-23,10,Financial Services,0,11,0,11,2026-06-03 08:51:01
model3,2025-06-23,11,Chemicals,0,19,0,19,2026-06-03 08:51:01
model3,2025-06-23,12,Travel & Leisure,0,8,0,8,2026-06-03 08:51:01
model3,2025-06-23,13,Utilities,0,25,1,26,2026-06-03 08:51:01
model3,2025-06-23,14,Insurance,0,4,0,4,2026-06-03 08:51:01
model3,2025-06-23,15,Automobiles & Parts,0,2,0,2,2026-06-03 08:51:01
model3,2025-06-23,16,Technology,0,6,0,6,2026-06-03 08:51:01
model3,2025-06-23,17,Oil & Gas,0,2,0,2,2026-06-03 08:51:01
model3,2025-06-23,18,Telecommunications,0,1,0,1,2026-06-03 08:51:01
model3,2025-06-24,0,Industrial Goods & Services,0,33,0,33,2026-06-03 08:51:01
model3,2025-06-24,1,Food & Beverage,0,33,0,33,2026-06-03 08:51:01
model3,2025-06-24,2,Banks,0,11,0,11,2026-06-03 08:51:01
model3,2025-06-24,3,Construction & Materials,0,63,0,63,2026-06-03 08:51:01
model3,2025-06-24,4,Basic Resources,0,19,0,19,2026-06-03 08:51:01
model3,2025-06-24,5,Media,0,4,0,4,2026-06-03 08:51:01
model3,2025-06-24,6,Retail,0,6,1,7,2026-06-03 08:51:01
model3,2025-06-24,7,Personal & Household Goods,0,10,0,10,2026-06-03 08:51:01
model3,2025-06-24,8,Real Estate,0,27,0,27,2026-06-03 08:51:01
model3,2025-06-24,9,Health Care,0,16,0,16,2026-06-03 08:51:01
model3,2025-06-24,10,Financial Services,0,12,0,12,2026-06-03 08:51:01
model3,2025-06-24,11,Chemicals,0,18,1,19,2026-06-03 08:51:01
model3,2025-06-24,12,Travel & Leisure,0,8,0,8,2026-06-03 08:51:01
model3,2025-06-24,13,Utilities,0,27,0,27,2026-06-03 08:51:01
model3,2025-06-24,14,Insurance,0,5,0,5,2026-06-03 08:51:01
model3,2025-06-24,15,Automobiles & Parts,0,2,0,2,2026-06-03 08:51:01
model3,2025-06-24,16,Technology,0,6,0,6,2026-06-03 08:51:01
model3,2025-06-24,17,Oil & Gas,0,1,0,1,2026-06-03 08:51:01
model3,2025-06-24,18,Telecommunications,0,1,0,1,2026-06-03 08:51:01
model3,2025-06-25,0,Industrial Goods & Services,0,33,0,33,2026-06-03 08:51:01
model3,2025-06-25,1,Food & Beverage,0,31,0,31,2026-06-03 08:51:01
model3,2025-06-25,2,Banks,0,12,0,12,2026-06-03 08:51:01
model3,2025-06-25,3,Construction & Materials,0,62,1,63,2026-06-03 08:51:01
model3,2025-06-25,4,Basic Resources,0,18,0,18,2026-06-03 08:51:01
model3,2025-06-25,5,Media,0,2,1,3,2026-06-03 08:51:01
model3,2025-06-25,6,Retail,0,6,0,6,2026-06-03 08:51:01
model3,2025-06-25,7,Personal & Household Goods,1,7,0,8,2026-06-03 08:51:01
model3,2025-06-25,8,Real Estate,0,28,0,28,2026-06-03 08:51:01
model3,2025-06-25,9,Health Care,0,15,0,15,2026-06-03 08:51:01
model3,2025-06-25,10,Financial Services,0,12,0,12,2026-06-03 08:51:01
model3,2025-06-25,11,Chemicals,1,17,0,18,2026-06-03 08:51:01
model3,2025-06-25,12,Travel & Leisure,0,8,0,8,2026-06-03 08:51:01
model3,2025-06-25,13,Utilities,0,25,0,25,2026-06-03 08:51:01
model3,2025-06-25,14,Insurance,0,5,0,5,2026-06-03 08:51:01
model3,2025-06-25,15,Automobiles & Parts,0,3,0,3,2026-06-03 08:51:01
model3,2025-06-25,16,Technology,0,6,0,6,2026-06-03 08:51:01
model3,2025-06-25,17,Oil & Gas,0,2,0,2,2026-06-03 08:51:01
model3,2025-06-25,18,Telecommunications,0,1,0,1,2026-06-03 08:51:01
model3,2025-06-26,0,Industrial Goods & Services,0,32,0,32,2026-06-03 08:51:01
model3,2025-06-26,1,Food & Beverage,0,33,0,33,2026-06-03 08:51:01
model3,2025-06-26,2,Banks,0,12,0,12,2026-06-03 08:51:01
model3,2025-06-26,3,Construction & Materials,0,64,1,65,2026-06-03 08:51:01
model3,2025-06-26,4,Basic Resources,0,15,0,15,2026-06-03 08:51:01
model3,2025-06-26,5,Media,0,2,0,2,2026-06-03 08:51:01
model3,2025-06-26,6,Retail,0,6,0,6,2026-06-03 08:51:01
model3,2025-06-26,7,Personal & Household Goods,0,7,0,7,2026-06-03 08:51:01
model3,2025-06-26,8,Real Estate,0,27,1,28,2026-06-03 08:51:01
model3,2025-06-26,9,Health Care,0,16,0,16,2026-06-03 08:51:01
model3,2025-06-26,10,Financial Services,0,11,0,11,2026-06-03 08:51:01
model3,2025-06-26,11,Chemicals,0,15,0,15,2026-06-03 08:51:01
model3,2025-06-26,12,Travel & Leisure,0,7,0,7,2026-06-03 08:51:01
model3,2025-06-26,13,Utilities,0,21,2,23,2026-06-03 08:51:01
model3,2025-06-26,14,Insurance,0,5,0,5,2026-06-03 08:51:01
model3,2025-06-26,15,Automobiles & Parts,0,2,0,2,2026-06-03 08:51:01
model3,2025-06-26,16,Technology,0,6,0,6,2026-06-03 08:51:01
model3,2025-06-26,17,Oil & Gas,0,2,0,2,2026-06-03 08:51:01
model3,2025-06-26,18,Telecommunications,0,1,0,1,2026-06-03 08:51:01
model3,2025-06-27,0,Industrial Goods & Services,0,35,1,36,2026-06-03 08:51:01
model3,2025-06-27,1,Food & Beverage,0,34,0,34,2026-06-03 08:51:01
model3,2025-06-27,2,Banks,0,12,0,12,2026-06-03 08:51:01
model3,2025-06-27,3,Construction & Materials,0,75,2,77,2026-06-03 08:51:01
model3,2025-06-27,4,Basic Resources,0,20,1,21,2026-06-03 08:51:01
model3,2025-06-27,5,Media,0,3,1,4,2026-06-03 08:51:01
model3,2025-06-27,6,Retail,0,8,1,9,2026-06-03 08:51:01
model3,2025-06-27,7,Personal & Household Goods,0,12,0,12,2026-06-03 08:51:01
model3,2025-06-27,8,Real Estate,0,29,0,29,2026-06-03 08:51:01
model3,2025-06-27,9,Health Care,0,15,1,16,2026-06-03 08:51:01
model3,2025-06-27,10,Financial Services,0,12,0,12,2026-06-03 08:51:01
model3,2025-06-27,11,Chemicals,0,17,1,18,2026-06-03 08:51:01
model3,2025-06-27,12,Travel & Leisure,0,9,0,9,2026-06-03 08:51:01
model3,2025-06-27,13,Utilities,0,25,1,26,2026-06-03 08:51:01
model3,2025-06-27,14,Insurance,0,3,0,3,2026-06-03 08:51:01
model3,2025-06-27,15,Automobiles & Parts,0,4,0,4,2026-06-03 08:51:01
model3,2025-06-27,16,Technology,0,6,0,6,2026-06-03 08:51:01
model3,2025-06-27,17,Oil & Gas,0,2,0,2,2026-06-03 08:51:01
model3,2025-06-27,18,Telecommunications,0,1,0,1,2026-06-03 08:51:01
model3,2025-06-30,0,Industrial Goods & Services,0,32,1,33,2026-06-03 08:51:01
model3,2025-06-30,1,Food & Beverage,0,31,0,31,2026-06-03 08:51:01
model3,2025-06-30,2,Banks,0,12,0,12,2026-06-03 08:51:01
model3,2025-06-30,3,Construction & Materials,0,63,0,63,2026-06-03 08:51:01
model3,2025-06-30,4,Basic Resources,0,16,0,16,2026-06-03 08:51:01
model3,2025-06-30,5,Media,0,3,0,3,2026-06-03 08:51:01
model3,2025-06-30,6,Retail,0,7,0,7,2026-06-03 08:51:01
model3,2025-06-30,7,Personal & Household Goods,0,7,0,7,2026-06-03 08:51:01
model3,2025-06-30,8,Real Estate,0,28,2,30,2026-06-03 08:51:01
model3,2025-06-30,9,Health Care,0,17,0,17,2026-06-03 08:51:01
model3,2025-06-30,10,Financial Services,0,12,0,12,2026-06-03 08:51:01
model3,2025-06-30,11,Chemicals,0,17,0,17,2026-06-03 08:51:01
model3,2025-06-30,12,Travel & Leisure,0,9,0,9,2026-06-03 08:51:01
model3,2025-06-30,13,Utilities,0,25,1,26,2026-06-03 08:51:01
model3,2025-06-30,14,Insurance,0,5,0,5,2026-06-03 08:51:01
model3,2025-06-30,15,Automobiles & Parts,0,3,0,3,2026-06-03 08:51:01
model3,2025-06-30,16,Technology,0,5,0,5,2026-06-03 08:51:01
model3,2025-06-30,17,Oil & Gas,0,2,0,2,2026-06-03 08:51:01
model3,2025-06-30,18,Telecommunications,0,1,0,1,2026-06-03 08:51:01
model3,2025-07-01,0,Industrial Goods & Services,0,32,1,33,2026-06-03 08:51:01
model3,2025-07-01,1,Food & Beverage,0,32,0,32,2026-06-03 08:51:01
model3,2025-07-01,2,Banks,0,12,0,12,2026-06-03 08:51:01
model3,2025-07-01,3,Construction & Materials,2,61,1,64,2026-06-03 08:51:01
model3,2025-07-01,4,Basic Resources,0,17,0,17,2026-06-03 08:51:01
model3,2025-07-01,5,Media,0,5,0,5,2026-06-03 08:51:01
model3,2025-07-01,6,Retail,0,7,0,7,2026-06-03 08:51:01
model3,2025-07-01,7,Personal & Household Goods,0,5,0,5,2026-06-03 08:51:01
model3,2025-07-01,8,Real Estate,1,29,1,31,2026-06-03 08:51:01
model3,2025-07-01,9,Health Care,0,15,0,15,2026-06-03 08:51:01
model3,2025-07-01,10,Financial Services,0,12,0,12,2026-06-03 08:51:01
model3,2025-07-01,11,Chemicals,0,16,1,17,2026-06-03 08:51:01
model3,2025-07-01,12,Travel & Leisure,0,9,0,9,2026-06-03 08:51:01
model3,2025-07-01,13,Utilities,0,26,0,26,2026-06-03 08:51:01
model3,2025-07-01,14,Insurance,0,5,0,5,2026-06-03 08:51:01
model3,2025-07-01,15,Automobiles & Parts,0,3,0,3,2026-06-03 08:51:01
model3,2025-07-01,16,Technology,0,5,0,5,2026-06-03 08:51:01
model3,2025-07-01,17,Oil & Gas,0,2,0,2,2026-06-03 08:51:01
model3,2025-07-01,18,Telecommunications,0,1,0,1,2026-06-03 08:51:01
model3,2025-07-02,0,Industrial Goods & Services,2,28,1,31,2026-06-03 08:51:01
model3,2025-07-02,1,Food & Beverage,0,31,0,31,2026-06-03 08:51:01
model3,2025-07-02,2,Banks,0,12,0,12,2026-06-03 08:51:01
model3,2025-07-02,3,Construction & Materials,0,59,0,59,2026-06-03 08:51:01
model3,2025-07-02,4,Basic Resources,0,17,0,17,2026-06-03 08:51:01
model3,2025-07-02,5,Media,0,4,1,5,2026-06-03 08:51:01
model3,2025-07-02,6,Retail,1,6,0,7,2026-06-03 08:51:01
model3,2025-07-02,7,Personal & Household Goods,1,7,0,8,2026-06-03 08:51:01
model3,2025-07-02,8,Real Estate,0,26,1,27,2026-06-03 08:51:01
model3,2025-07-02,9,Health Care,0,15,0,15,2026-06-03 08:51:01
model3,2025-07-02,10,Financial Services,0,11,0,11,2026-06-03 08:51:01
model3,2025-07-02,11,Chemicals,0,17,0,17,2026-06-03 08:51:01
model3,2025-07-02,12,Travel & Leisure,0,6,0,6,2026-06-03 08:51:01
model3,2025-07-02,13,Utilities,0,26,0,26,2026-06-03 08:51:01
model3,2025-07-02,14,Insurance,0,5,0,5,2026-06-03 08:51:01
model3,2025-07-02,15,Automobiles & Parts,0,4,0,4,2026-06-03 08:51:01
model3,2025-07-02,16,Technology,0,4,0,4,2026-06-03 08:51:01
model3,2025-07-02,17,Oil & Gas,0,2,0,2,2026-06-03 08:51:01
model3,2025-07-02,18,Telecommunications,0,1,0,1,2026-06-03 08:51:01
model3,2025-07-03,0,Industrial Goods & Services,1,33,2,36,2026-06-03 08:51:01
model3,2025-07-03,1,Food & Beverage,0,32,1,33,2026-06-03 08:51:01
model3,2025-07-03,2,Banks,0,12,0,12,2026-06-03 08:51:01
model3,2025-07-03,3,Construction & Materials,0,60,0,60,2026-06-03 08:51:01
model3,2025-07-03,4,Basic Resources,0,18,0,18,2026-06-03 08:51:01
model3,2025-07-03,5,Media,0,3,2,5,2026-06-03 08:51:01
model3,2025-07-03,6,Retail,0,6,0,6,2026-06-03 08:51:01
model3,2025-07-03,7,Personal & Household Goods,0,9,0,9,2026-06-03 08:51:01
model3,2025-07-03,8,Real Estate,0,28,1,29,2026-06-03 08:51:01
model3,2025-07-03,9,Health Care,0,15,2,17,2026-06-03 08:51:01
model3,2025-07-03,10,Financial Services,0,12,0,12,2026-06-03 08:51:01
model3,2025-07-03,11,Chemicals,1,15,1,17,2026-06-03 08:51:01
model3,2025-07-03,12,Travel & Leisure,0,6,0,6,2026-06-03 08:51:01
model3,2025-07-03,13,Utilities,0,29,0,29,2026-06-03 08:51:01
model3,2025-07-03,14,Insurance,0,5,0,5,2026-06-03 08:51:01
model3,2025-07-03,15,Automobiles & Parts,0,3,0,3,2026-06-03 08:51:01
model3,2025-07-03,16,Technology,0,5,1,6,2026-06-03 08:51:01
model3,2025-07-03,17,Oil & Gas,0,2,0,2,2026-06-03 08:51:01
model3,2025-07-03,18,Telecommunications,0,1,0,1,2026-06-03 08:51:01
model3,2025-07-04,0,Industrial Goods & Services,0,35,1,36,2026-06-03 08:51:01
model3,2025-07-04,1,Food & Beverage,0,33,0,33,2026-06-03 08:51:01
model3,2025-07-04,2,Banks,0,12,0,12,2026-06-03 08:51:01
model3,2025-07-04,3,Construction & Materials,0,73,3,76,2026-06-03 08:51:01
model3,2025-07-04,4,Basic Resources,1,20,0,21,2026-06-03 08:51:01
model3,2025-07-04,5,Media,0,4,1,5,2026-06-03 08:51:01
model3,2025-07-04,6,Retail,0,8,0,8,2026-06-03 08:51:01
model3,2025-07-04,7,Personal & Household Goods,0,11,1,12,2026-06-03 08:51:01
model3,2025-07-04,8,Real Estate,0,33,1,34,2026-06-03 08:51:01
model3,2025-07-04,9,Health Care,0,16,1,17,2026-06-03 08:51:01
model3,2025-07-04,10,Financial Services,0,12,0,12,2026-06-03 08:51:01
model3,2025-07-04,11,Chemicals,0,18,1,19,2026-06-03 08:51:01
model3,2025-07-04,12,Travel & Leisure,0,10,0,10,2026-06-03 08:51:01
model3,2025-07-04,13,Utilities,0,26,1,27,2026-06-03 08:51:01
model3,2025-07-04,14,Insurance,0,5,0,5,2026-06-03 08:51:01
model3,2025-07-04,15,Automobiles & Parts,0,5,0,5,2026-06-03 08:51:01
model3,2025-07-04,16,Technology,0,5,0,5,2026-06-03 08:51:01
model3,2025-07-04,17,Oil & Gas,0,2,0,2,2026-06-03 08:51:01
model3,2025-07-04,18,Telecommunications,0,1,0,1,2026-06-03 08:51:01
model3,2025-07-07,0,Industrial Goods & Services,1,31,1,33,2026-06-03 08:51:01
model3,2025-07-07,1,Food & Beverage,0,35,1,36,2026-06-03 08:51:01
model3,2025-07-07,2,Banks,0,12,0,12,2026-06-03 08:51:01
model3,2025-07-07,3,Construction & Materials,0,66,1,67,2026-06-03 08:51:01
model3,2025-07-07,4,Basic Resources,0,18,0,18,2026-06-03 08:51:01
model3,2025-07-07,5,Media,0,5,2,7,2026-06-03 08:51:01
model3,2025-07-07,6,Retail,0,6,0,6,2026-06-03 08:51:01
model3,2025-07-07,7,Personal & Household Goods,0,7,1,8,2026-06-03 08:51:01
model3,2025-07-07,8,Real Estate,0,27,0,27,2026-06-03 08:51:01
model3,2025-07-07,9,Health Care,0,15,1,16,2026-06-03 08:51:01
model3,2025-07-07,10,Financial Services,0,12,0,12,2026-06-03 08:51:01
model3,2025-07-07,11,Chemicals,0,18,0,18,2026-06-03 08:51:01
model3,2025-07-07,12,Travel & Leisure,0,8,0,8,2026-06-03 08:51:01
model3,2025-07-07,13,Utilities,0,27,1,28,2026-06-03 08:51:01
model3,2025-07-07,14,Insurance,0,5,0,5,2026-06-03 08:51:01
model3,2025-07-07,15,Automobiles & Parts,0,4,0,4,2026-06-03 08:51:01
model3,2025-07-07,16,Technology,0,4,0,4,2026-06-03 08:51:01
model3,2025-07-07,17,Oil & Gas,0,2,0,2,2026-06-03 08:51:01
model3,2025-07-07,18,Telecommunications,0,1,0,1,2026-06-03 08:51:01
model3,2025-07-08,0,Industrial Goods & Services,0,34,1,35,2026-06-03 08:51:01
model3,2025-07-08,1,Food & Beverage,0,35,0,35,2026-06-03 08:51:01
model3,2025-07-08,2,Banks,0,12,0,12,2026-06-03 08:51:01
model3,2025-07-08,3,Construction & Materials,1,61,1,63,2026-06-03 08:51:01
model3,2025-07-08,4,Basic Resources,0,19,0,19,2026-06-03 08:51:01
model3,2025-07-08,5,Media,0,4,1,5,2026-06-03 08:51:01
model3,2025-07-08,6,Retail,0,7,0,7,2026-06-03 08:51:01
model3,2025-07-08,7,Personal & Household Goods,0,9,0,9,2026-06-03 08:51:01
model3,2025-07-08,8,Real Estate,0,29,0,29,2026-06-03 08:51:01
model3,2025-07-08,9,Health Care,0,14,0,14,2026-06-03 08:51:01
model3,2025-07-08,10,Financial Services,0,12,0,12,2026-06-03 08:51:01
model3,2025-07-08,11,Chemicals,0,18,0,18,2026-06-03 08:51:01
model3,2025-07-08,12,Travel & Leisure,0,9,0,9,2026-06-03 08:51:01
model3,2025-07-08,13,Utilities,0,24,1,25,2026-06-03 08:51:01
model3,2025-07-08,14,Insurance,0,5,0,5,2026-06-03 08:51:01
model3,2025-07-08,15,Automobiles & Parts,0,4,0,4,2026-06-03 08:51:01
model3,2025-07-08,16,Technology,0,6,0,6,2026-06-03 08:51:01
model3,2025-07-08,17,Oil & Gas,0,1,0,1,2026-06-03 08:51:01
model3,2025-07-08,18,Telecommunications,0,1,0,1,2026-06-03 08:51:01
model3,2025-07-09,0,Industrial Goods & Services,0,30,0,30,2026-06-03 08:51:01
model3,2025-07-09,1,Food & Beverage,0,33,0,33,2026-06-03 08:51:01
model3,2025-07-09,2,Banks,0,12,0,12,2026-06-03 08:51:01
model3,2025-07-09,3,Construction & Materials,1,58,1,60,2026-06-03 08:51:01
model3,2025-07-09,4,Basic Resources,0,17,1,18,2026-06-03 08:51:01
model3,2025-07-09,5,Media,0,6,1,7,2026-06-03 08:51:01
model3,2025-07-09,6,Retail,0,7,0,7,2026-06-03 08:51:01
model3,2025-07-09,7,Personal & Household Goods,0,8,0,8,2026-06-03 08:51:01
model3,2025-07-09,8,Real Estate,0,28,2,30,2026-06-03 08:51:01
model3,2025-07-09,9,Health Care,0,14,2,16,2026-06-03 08:51:01
model3,2025-07-09,10,Financial Services,0,11,0,11,2026-06-03 08:51:01
model3,2025-07-09,11,Chemicals,0,18,0,18,2026-06-03 08:51:01
model3,2025-07-09,12,Travel & Leisure,0,6,0,6,2026-06-03 08:51:01
model3,2025-07-09,13,Utilities,1,23,1,25,2026-06-03 08:51:01
model3,2025-07-09,14,Insurance,0,5,0,5,2026-06-03 08:51:01
model3,2025-07-09,15,Automobiles & Parts,0,4,0,4,2026-06-03 08:51:01
model3,2025-07-09,16,Technology,1,4,0,5,2026-06-03 08:51:01
model3,2025-07-09,17,Oil & Gas,0,2,0,2,2026-06-03 08:51:01
model3,2025-07-09,18,Telecommunications,0,1,0,1,2026-06-03 08:51:01
model3,2025-07-10,0,Industrial Goods & Services,0,31,1,32,2026-06-03 08:51:01
model3,2025-07-10,1,Food & Beverage,0,32,0,32,2026-06-03 08:51:01
model3,2025-07-10,2,Banks,0,12,0,12,2026-06-03 08:51:01
model3,2025-07-10,3,Construction & Materials,0,60,0,60,2026-06-03 08:51:01
model3,2025-07-10,4,Basic Resources,0,17,0,17,2026-06-03 08:51:01
model3,2025-07-10,5,Media,0,7,0,7,2026-06-03 08:51:01
model3,2025-07-10,6,Retail,0,7,0,7,2026-06-03 08:51:01
model3,2025-07-10,7,Personal & Household Goods,0,9,0,9,2026-06-03 08:51:01
model3,2025-07-10,8,Real Estate,0,26,1,27,2026-06-03 08:51:01
model3,2025-07-10,9,Health Care,0,14,2,16,2026-06-03 08:51:01
model3,2025-07-10,10,Financial Services,0,12,0,12,2026-06-03 08:51:01
model3,2025-07-10,11,Chemicals,0,19,0,19,2026-06-03 08:51:01
model3,2025-07-10,12,Travel & Leisure,0,7,0,7,2026-06-03 08:51:01
model3,2025-07-10,13,Utilities,0,28,0,28,2026-06-03 08:51:01
model3,2025-07-10,14,Insurance,0,5,0,5,2026-06-03 08:51:01
model3,2025-07-10,15,Automobiles & Parts,0,3,0,3,2026-06-03 08:51:01
model3,2025-07-10,16,Technology,0,5,0,5,2026-06-03 08:51:01
model3,2025-07-10,17,Oil & Gas,0,2,0,2,2026-06-03 08:51:01
model3,2025-07-10,18,Telecommunications,0,1,0,1,2026-06-03 08:51:01
model3,2025-07-11,0,Industrial Goods & Services,0,35,1,36,2026-06-03 08:51:01
model3,2025-07-11,1,Food & Beverage,0,35,0,35,2026-06-03 08:51:01
model3,2025-07-11,2,Banks,0,12,0,12,2026-06-03 08:51:01
model3,2025-07-11,3,Construction & Materials,0,77,1,78,2026-06-03 08:51:01
model3,2025-07-11,4,Basic Resources,0,18,0,18,2026-06-03 08:51:01
model3,2025-07-11,5,Media,0,5,0,5,2026-06-03 08:51:01
model3,2025-07-11,6,Retail,1,8,0,9,2026-06-03 08:51:01
model3,2025-07-11,7,Personal & Household Goods,0,12,0,12,2026-06-03 08:51:01
model3,2025-07-11,8,Real Estate,0,32,1,33,2026-06-03 08:51:01
model3,2025-07-11,9,Health Care,0,17,0,17,2026-06-03 08:51:01
model3,2025-07-11,10,Financial Services,0,12,0,12,2026-06-03 08:51:01
model3,2025-07-11,11,Chemicals,0,19,1,20,2026-06-03 08:51:01
model3,2025-07-11,12,Travel & Leisure,1,10,0,11,2026-06-03 08:51:01
model3,2025-07-11,13,Utilities,0,26,0,26,2026-06-03 08:51:01
model3,2025-07-11,14,Insurance,0,4,0,4,2026-06-03 08:51:01
model3,2025-07-11,15,Automobiles & Parts,0,5,0,5,2026-06-03 08:51:01
model3,2025-07-11,16,Technology,0,7,0,7,2026-06-03 08:51:01
model3,2025-07-11,17,Oil & Gas,0,2,0,2,2026-06-03 08:51:01
model3,2025-07-11,18,Telecommunications,0,1,0,1,2026-06-03 08:51:01
model3,2025-07-14,0,Industrial Goods & Services,0,35,1,36,2026-06-03 08:51:01
model3,2025-07-14,1,Food & Beverage,0,34,0,34,2026-06-03 08:51:01
model3,2025-07-14,2,Banks,0,10,0,10,2026-06-03 08:51:01
model3,2025-07-14,3,Construction & Materials,0,58,0,58,2026-06-03 08:51:01
model3,2025-07-14,4,Basic Resources,0,19,0,19,2026-06-03 08:51:01
model3,2025-07-14,5,Media,0,2,0,2,2026-06-03 08:51:01
model3,2025-07-14,6,Retail,0,7,0,7,2026-06-03 08:51:01
model3,2025-07-14,7,Personal & Household Goods,0,9,0,9,2026-06-03 08:51:01
model3,2025-07-14,8,Real Estate,0,27,1,28,2026-06-03 08:51:01
model3,2025-07-14,9,Health Care,0,15,0,15,2026-06-03 08:51:01
model3,2025-07-14,10,Financial Services,0,12,0,12,2026-06-03 08:51:01
model3,2025-07-14,11,Chemicals,0,19,0,19,2026-06-03 08:51:01
model3,2025-07-14,12,Travel & Leisure,0,9,0,9,2026-06-03 08:51:01
model3,2025-07-14,13,Utilities,0,23,0,23,2026-06-03 08:51:01
model3,2025-07-14,14,Insurance,0,5,0,5,2026-06-03 08:51:01
model3,2025-07-14,15,Automobiles & Parts,0,4,0,4,2026-06-03 08:51:01
model3,2025-07-14,16,Technology,0,6,0,6,2026-06-03 08:51:01
model3,2025-07-14,17,Oil & Gas,0,2,0,2,2026-06-03 08:51:01
model3,2025-07-14,18,Telecommunications,0,1,0,1,2026-06-03 08:51:01
model3,2025-07-15,0,Industrial Goods & Services,1,31,3,35,2026-06-03 08:51:01
model3,2025-07-15,1,Food & Beverage,0,36,0,36,2026-06-03 08:51:01
model3,2025-07-15,2,Banks,0,12,0,12,2026-06-03 08:51:01
model3,2025-07-15,3,Construction & Materials,0,61,1,62,2026-06-03 08:51:01
model3,2025-07-15,4,Basic Resources,0,18,0,18,2026-06-03 08:51:01
model3,2025-07-15,5,Media,0,3,1,4,2026-06-03 08:51:01
model3,2025-07-15,6,Retail,0,6,0,6,2026-06-03 08:51:01
model3,2025-07-15,7,Personal & Household Goods,0,9,0,9,2026-06-03 08:51:01
model3,2025-07-15,8,Real Estate,0,28,0,28,2026-06-03 08:51:01
model3,2025-07-15,9,Health Care,1,13,0,14,2026-06-03 08:51:01
model3,2025-07-15,10,Financial Services,0,11,0,11,2026-06-03 08:51:01
model3,2025-07-15,11,Chemicals,0,18,0,18,2026-06-03 08:51:01
model3,2025-07-15,12,Travel & Leisure,0,7,2,9,2026-06-03 08:51:01
model3,2025-07-15,13,Utilities,0,25,1,26,2026-06-03 08:51:01
model3,2025-07-15,14,Insurance,0,5,0,5,2026-06-03 08:51:01
model3,2025-07-15,15,Automobiles & Parts,0,3,0,3,2026-06-03 08:51:01
model3,2025-07-15,16,Technology,0,7,0,7,2026-06-03 08:51:01
model3,2025-07-15,17,Oil & Gas,0,2,0,2,2026-06-03 08:51:01
model3,2025-07-15,18,Telecommunications,0,1,0,1,2026-06-03 08:51:01
model3,2025-07-16,0,Industrial Goods & Services,0,35,1,36,2026-06-03 08:51:01
model3,2025-07-16,1,Food & Beverage,1,32,0,33,2026-06-03 08:51:01
model3,2025-07-16,2,Banks,0,12,0,12,2026-06-03 08:51:01
model3,2025-07-16,3,Construction & Materials,0,62,0,62,2026-06-03 08:51:01
model3,2025-07-16,4,Basic Resources,0,17,1,18,2026-06-03 08:51:01
model3,2025-07-16,5,Media,0,3,0,3,2026-06-03 08:51:01
model3,2025-07-16,6,Retail,0,6,0,6,2026-06-03 08:51:01
model3,2025-07-16,7,Personal & Household Goods,0,8,0,8,2026-06-03 08:51:01
model3,2025-07-16,8,Real Estate,0,29,0,29,2026-06-03 08:51:01
model3,2025-07-16,9,Health Care,0,16,0,16,2026-06-03 08:51:01
model3,2025-07-16,10,Financial Services,0,11,0,11,2026-06-03 08:51:01
model3,2025-07-16,11,Chemicals,0,20,0,20,2026-06-03 08:51:01
model3,2025-07-16,12,Travel & Leisure,0,8,0,8,2026-06-03 08:51:01
model3,2025-07-16,13,Utilities,0,27,0,27,2026-06-03 08:51:01
model3,2025-07-16,14,Insurance,0,5,0,5,2026-06-03 08:51:01
model3,2025-07-16,15,Automobiles & Parts,0,3,0,3,2026-06-03 08:51:01
model3,2025-07-16,16,Technology,0,7,0,7,2026-06-03 08:51:01
model3,2025-07-16,17,Oil & Gas,0,2,0,2,2026-06-03 08:51:01
model3,2025-07-16,18,Telecommunications,0,1,0,1,2026-06-03 08:51:01
model3,2025-07-17,0,Industrial Goods & Services,0,35,0,35,2026-06-03 08:51:01
model3,2025-07-17,1,Food & Beverage,1,31,1,33,2026-06-03 08:51:01
model3,2025-07-17,2,Banks,0,12,0,12,2026-06-03 08:51:01
model3,2025-07-17,3,Construction & Materials,0,63,0,63,2026-06-03 08:51:01
model3,2025-07-17,4,Basic Resources,0,21,0,21,2026-06-03 08:51:01
model3,2025-07-17,5,Media,0,3,1,4,2026-06-03 08:51:01
model3,2025-07-17,6,Retail,0,7,0,7,2026-06-03 08:51:01
model3,2025-07-17,7,Personal & Household Goods,0,10,0,10,2026-06-03 08:51:01
model3,2025-07-17,8,Real Estate,0,30,1,31,2026-06-03 08:51:01
model3,2025-07-17,9,Health Care,0,17,0,17,2026-06-03 08:51:01
model3,2025-07-17,10,Financial Services,0,11,0,11,2026-06-03 08:51:01
model3,2025-07-17,11,Chemicals,0,16,1,17,2026-06-03 08:51:01
model3,2025-07-17,12,Travel & Leisure,0,8,1,9,2026-06-03 08:51:01
model3,2025-07-17,13,Utilities,0,29,0,29,2026-06-03 08:51:01
model3,2025-07-17,14,Insurance,0,5,0,5,2026-06-03 08:51:01
model3,2025-07-17,15,Automobiles & Parts,0,3,0,3,2026-06-03 08:51:01
model3,2025-07-17,16,Technology,1,6,0,7,2026-06-03 08:51:01
model3,2025-07-17,17,Oil & Gas,0,2,0,2,2026-06-03 08:51:01
model3,2025-07-17,18,Telecommunications,0,1,0,1,2026-06-03 08:51:01
model3,2025-07-18,0,Industrial Goods & Services,1,40,1,42,2026-06-03 08:51:01
model3,2025-07-18,1,Food & Beverage,0,32,0,32,2026-06-03 08:51:01
model3,2025-07-18,2,Banks,0,11,0,11,2026-06-03 08:51:01
model3,2025-07-18,3,Construction & Materials,0,74,0,74,2026-06-03 08:51:01
model3,2025-07-18,4,Basic Resources,0,20,1,21,2026-06-03 08:51:01
model3,2025-07-18,5,Media,0,3,1,4,2026-06-03 08:51:01
model3,2025-07-18,6,Retail,0,9,0,9,2026-06-03 08:51:01
model3,2025-07-18,7,Personal & Household Goods,0,10,0,10,2026-06-03 08:51:01
model3,2025-07-18,8,Real Estate,0,34,0,34,2026-06-03 08:51:01
model3,2025-07-18,9,Health Care,0,16,0,16,2026-06-03 08:51:01
model3,2025-07-18,10,Financial Services,0,11,1,12,2026-06-03 08:51:01
model3,2025-07-18,11,Chemicals,0,19,0,19,2026-06-03 08:51:01
model3,2025-07-18,12,Travel & Leisure,0,7,0,7,2026-06-03 08:51:01
model3,2025-07-18,13,Utilities,0,25,1,26,2026-06-03 08:51:01
model3,2025-07-18,14,Insurance,0,4,0,4,2026-06-03 08:51:01
model3,2025-07-18,15,Automobiles & Parts,0,4,0,4,2026-06-03 08:51:01
model3,2025-07-18,16,Technology,0,7,1,8,2026-06-03 08:51:01
model3,2025-07-18,17,Oil & Gas,0,2,0,2,2026-06-03 08:51:01
model3,2025-07-18,18,Telecommunications,0,1,0,1,2026-06-03 08:51:01
model3,2025-07-21,0,Industrial Goods & Services,1,38,0,39,2026-06-03 08:51:01
model3,2025-07-21,1,Food & Beverage,0,33,0,33,2026-06-03 08:51:01
model3,2025-07-21,2,Banks,0,12,0,12,2026-06-03 08:51:01
model3,2025-07-21,3,Construction & Materials,0,65,2,67,2026-06-03 08:51:01
model3,2025-07-21,4,Basic Resources,1,18,1,20,2026-06-03 08:51:01
model3,2025-07-21,5,Media,0,2,0,2,2026-06-03 08:51:01
model3,2025-07-21,6,Retail,0,7,0,7,2026-06-03 08:51:01
model3,2025-07-21,7,Personal & Household Goods,0,7,0,7,2026-06-03 08:51:01
model3,2025-07-21,8,Real Estate,0,27,1,28,2026-06-03 08:51:01
model3,2025-07-21,9,Health Care,0,15,2,17,2026-06-03 08:51:01
model3,2025-07-21,10,Financial Services,0,10,0,10,2026-06-03 08:51:01
model3,2025-07-21,11,Chemicals,0,19,0,19,2026-06-03 08:51:01
model3,2025-07-21,12,Travel & Leisure,0,6,1,7,2026-06-03 08:51:01
model3,2025-07-21,13,Utilities,0,26,1,27,2026-06-03 08:51:01
model3,2025-07-21,14,Insurance,0,5,0,5,2026-06-03 08:51:01
model3,2025-07-21,15,Automobiles & Parts,0,3,0,3,2026-06-03 08:51:01
model3,2025-07-21,16,Technology,0,7,0,7,2026-06-03 08:51:01
model3,2025-07-21,17,Oil & Gas,0,2,0,2,2026-06-03 08:51:01
model3,2025-07-21,18,Telecommunications,0,1,0,1,2026-06-03 08:51:01
model3,2025-07-22,0,Industrial Goods & Services,1,32,1,34,2026-06-03 08:51:01
model3,2025-07-22,1,Food & Beverage,0,33,0,33,2026-06-03 08:51:01
model3,2025-07-22,2,Banks,0,12,0,12,2026-06-03 08:51:01
model3,2025-07-22,3,Construction & Materials,1,65,1,67,2026-06-03 08:51:01
model3,2025-07-22,4,Basic Resources,0,20,0,20,2026-06-03 08:51:01
model3,2025-07-22,5,Media,0,4,1,5,2026-06-03 08:51:01
model3,2025-07-22,6,Retail,0,7,0,7,2026-06-03 08:51:01
model3,2025-07-22,7,Personal & Household Goods,0,9,0,9,2026-06-03 08:51:01
model3,2025-07-22,8,Real Estate,0,30,0,30,2026-06-03 08:51:01
model3,2025-07-22,9,Health Care,0,17,0,17,2026-06-03 08:51:01
model3,2025-07-22,10,Financial Services,0,12,0,12,2026-06-03 08:51:01
model3,2025-07-22,11,Chemicals,0,17,1,18,2026-06-03 08:51:01
model3,2025-07-22,12,Travel & Leisure,0,8,1,9,2026-06-03 08:51:01
model3,2025-07-22,13,Utilities,0,27,1,28,2026-06-03 08:51:01
model3,2025-07-22,14,Insurance,0,5,0,5,2026-06-03 08:51:01
model3,2025-07-22,15,Automobiles & Parts,0,4,0,4,2026-06-03 08:51:01
model3,2025-07-22,16,Technology,0,7,0,7,2026-06-03 08:51:01
model3,2025-07-22,17,Oil & Gas,0,2,0,2,2026-06-03 08:51:01
model3,2025-07-22,18,Telecommunications,0,1,0,1,2026-06-03 08:51:01
model3,2025-07-23,0,Industrial Goods & Services,0,38,0,38,2026-06-03 08:51:01
model3,2025-07-23,1,Food & Beverage,0,32,0,32,2026-06-03 08:51:01
model3,2025-07-23,2,Banks,0,11,0,11,2026-06-03 08:51:01
model3,2025-07-23,3,Construction & Materials,0,65,0,65,2026-06-03 08:51:01
model3,2025-07-23,4,Basic Resources,0,19,0,19,2026-06-03 08:51:01
model3,2025-07-23,5,Media,0,4,1,5,2026-06-03 08:51:01
model3,2025-07-23,6,Retail,0,7,0,7,2026-06-03 08:51:01
model3,2025-07-23,7,Personal & Household Goods,0,8,0,8,2026-06-03 08:51:01
model3,2025-07-23,8,Real Estate,1,29,0,30,2026-06-03 08:51:01
model3,2025-07-23,9,Health Care,0,16,0,16,2026-06-03 08:51:01
model3,2025-07-23,10,Financial Services,0,11,0,11,2026-06-03 08:51:01
model3,2025-07-23,11,Chemicals,0,18,1,19,2026-06-03 08:51:01
model3,2025-07-23,12,Travel & Leisure,0,8,0,8,2026-06-03 08:51:01
model3,2025-07-23,13,Utilities,0,26,2,28,2026-06-03 08:51:01
model3,2025-07-23,14,Insurance,0,5,0,5,2026-06-03 08:51:01
model3,2025-07-23,15,Automobiles & Parts,0,4,0,4,2026-06-03 08:51:01
model3,2025-07-23,16,Technology,0,7,0,7,2026-06-03 08:51:01
model3,2025-07-23,17,Oil & Gas,0,2,0,2,2026-06-03 08:51:01
model3,2025-07-23,18,Telecommunications,0,1,0,1,2026-06-03 08:51:01
model3,2025-07-24,0,Industrial Goods & Services,0,34,1,35,2026-06-03 08:51:01
model3,2025-07-24,1,Food & Beverage,0,36,0,36,2026-06-03 08:51:01
model3,2025-07-24,2,Banks,0,11,0,11,2026-06-03 08:51:01
model3,2025-07-24,3,Construction & Materials,0,65,1,66,2026-06-03 08:51:01
model3,2025-07-24,4,Basic Resources,0,18,0,18,2026-06-03 08:51:01
model3,2025-07-24,5,Media,0,6,0,6,2026-06-03 08:51:01
model3,2025-07-24,6,Retail,0,7,0,7,2026-06-03 08:51:01
model3,2025-07-24,7,Personal & Household Goods,0,10,0,10,2026-06-03 08:51:01
model3,2025-07-24,8,Real Estate,0,29,0,29,2026-06-03 08:51:01
model3,2025-07-24,9,Health Care,0,15,0,15,2026-06-03 08:51:01
model3,2025-07-24,10,Financial Services,0,10,1,11,2026-06-03 08:51:01
model3,2025-07-24,11,Chemicals,0,20,0,20,2026-06-03 08:51:01
model3,2025-07-24,12,Travel & Leisure,0,8,0,8,2026-06-03 08:51:01
model3,2025-07-24,13,Utilities,0,26,1,27,2026-06-03 08:51:01
model3,2025-07-24,14,Insurance,0,5,0,5,2026-06-03 08:51:01
model3,2025-07-24,15,Automobiles & Parts,0,3,1,4,2026-06-03 08:51:01
model3,2025-07-24,16,Technology,0,7,0,7,2026-06-03 08:51:01
model3,2025-07-24,17,Oil & Gas,0,2,0,2,2026-06-03 08:51:01
model3,2025-07-24,18,Telecommunications,0,1,0,1,2026-06-03 08:51:01
model3,2025-07-25,0,Industrial Goods & Services,0,42,1,43,2026-06-03 08:51:01
model3,2025-07-25,1,Food & Beverage,0,33,0,33,2026-06-03 08:51:01
model3,2025-07-25,2,Banks,0,12,0,12,2026-06-03 08:51:01
model3,2025-07-25,3,Construction & Materials,0,79,0,79,2026-06-03 08:51:01
model3,2025-07-25,4,Basic Resources,0,21,0,21,2026-06-03 08:51:01
model3,2025-07-25,5,Media,0,7,0,7,2026-06-03 08:51:01
model3,2025-07-25,6,Retail,1,8,0,9,2026-06-03 08:51:01
model3,2025-07-25,7,Personal & Household Goods,0,14,0,14,2026-06-03 08:51:01
model3,2025-07-25,8,Real Estate,0,32,2,34,2026-06-03 08:51:01
model3,2025-07-25,9,Health Care,0,17,0,17,2026-06-03 08:51:01
model3,2025-07-25,10,Financial Services,0,12,0,12,2026-06-03 08:51:01
model3,2025-07-25,11,Chemicals,0,18,1,19,2026-06-03 08:51:01
model3,2025-07-25,12,Travel & Leisure,0,9,0,9,2026-06-03 08:51:01
model3,2025-07-25,13,Utilities,0,29,0,29,2026-06-03 08:51:01
model3,2025-07-25,14,Insurance,0,5,0,5,2026-06-03 08:51:01
model3,2025-07-25,15,Automobiles & Parts,0,5,0,5,2026-06-03 08:51:01
model3,2025-07-25,16,Technology,0,6,0,6,2026-06-03 08:51:01
model3,2025-07-25,17,Oil & Gas,0,2,0,2,2026-06-03 08:51:01
model3,2025-07-25,18,Telecommunications,0,1,0,1,2026-06-03 08:51:01
model3,2025-07-28,0,Industrial Goods & Services,0,36,2,38,2026-06-03 08:51:01
model3,2025-07-28,1,Food & Beverage,0,34,0,34,2026-06-03 08:51:01
model3,2025-07-28,2,Banks,0,12,0,12,2026-06-03 08:51:01
model3,2025-07-28,3,Construction & Materials,0,70,1,71,2026-06-03 08:51:01
model3,2025-07-28,4,Basic Resources,0,19,0,19,2026-06-03 08:51:01
model3,2025-07-28,5,Media,0,6,1,7,2026-06-03 08:51:01
model3,2025-07-28,6,Retail,0,7,0,7,2026-06-03 08:51:01
model3,2025-07-28,7,Personal & Household Goods,0,11,0,11,2026-06-03 08:51:01
model3,2025-07-28,8,Real Estate,0,31,0,31,2026-06-03 08:51:01
model3,2025-07-28,9,Health Care,0,15,0,15,2026-06-03 08:51:01
model3,2025-07-28,10,Financial Services,0,12,0,12,2026-06-03 08:51:01
model3,2025-07-28,11,Chemicals,0,19,0,19,2026-06-03 08:51:01
model3,2025-07-28,12,Travel & Leisure,0,8,0,8,2026-06-03 08:51:01
model3,2025-07-28,13,Utilities,0,31,0,31,2026-06-03 08:51:01
model3,2025-07-28,14,Insurance,0,5,0,5,2026-06-03 08:51:01
model3,2025-07-28,15,Automobiles & Parts,0,4,0,4,2026-06-03 08:51:01
model3,2025-07-28,16,Technology,0,6,0,6,2026-06-03 08:51:01
model3,2025-07-28,17,Oil & Gas,0,2,0,2,2026-06-03 08:51:01
model3,2025-07-28,18,Telecommunications,0,1,0,1,2026-06-03 08:51:01
model3,2025-07-29,0,Industrial Goods & Services,0,38,0,38,2026-06-03 08:51:01
model3,2025-07-29,1,Food & Beverage,0,32,0,32,2026-06-03 08:51:01
model3,2025-07-29,2,Banks,0,12,0,12,2026-06-03 08:51:01
model3,2025-07-29,3,Construction & Materials,0,67,0,67,2026-06-03 08:51:01
model3,2025-07-29,4,Basic Resources,0,19,0,19,2026-06-03 08:51:01
model3,2025-07-29,5,Media,0,5,1,6,2026-06-03 08:51:01
model3,2025-07-29,6,Retail,0,6,0,6,2026-06-03 08:51:01
model3,2025-07-29,7,Personal & Household Goods,0,11,1,12,2026-06-03 08:51:01
model3,2025-07-29,8,Real Estate,0,30,0,30,2026-06-03 08:51:01
model3,2025-07-29,9,Health Care,0,17,0,17,2026-06-03 08:51:01
model3,2025-07-29,10,Financial Services,0,12,0,12,2026-06-03 08:51:01
model3,2025-07-29,11,Chemicals,0,19,0,19,2026-06-03 08:51:01
model3,2025-07-29,12,Travel & Leisure,0,8,0,8,2026-06-03 08:51:01
model3,2025-07-29,13,Utilities,0,28,0,28,2026-06-03 08:51:01
model3,2025-07-29,14,Insurance,0,5,0,5,2026-06-03 08:51:01
model3,2025-07-29,15,Automobiles & Parts,0,2,0,2,2026-06-03 08:51:01
model3,2025-07-29,16,Technology,1,6,1,8,2026-06-03 08:51:01
model3,2025-07-29,17,Oil & Gas,0,2,0,2,2026-06-03 08:51:01
model3,2025-07-29,18,Telecommunications,0,1,0,1,2026-06-03 08:51:01
model3,2025-07-30,0,Industrial Goods & Services,0,37,2,39,2026-06-03 08:51:01
model3,2025-07-30,1,Food & Beverage,0,34,1,35,2026-06-03 08:51:01
model3,2025-07-30,2,Banks,0,11,0,11,2026-06-03 08:51:01
model3,2025-07-30,3,Construction & Materials,0,64,3,67,2026-06-03 08:51:01
model3,2025-07-30,4,Basic Resources,0,19,0,19,2026-06-03 08:51:01
model3,2025-07-30,5,Media,0,4,0,4,2026-06-03 08:51:01
model3,2025-07-30,6,Retail,0,7,0,7,2026-06-03 08:51:01
model3,2025-07-30,7,Personal & Household Goods,0,9,0,9,2026-06-03 08:51:01
model3,2025-07-30,8,Real Estate,0,29,0,29,2026-06-03 08:51:01
model3,2025-07-30,9,Health Care,0,14,0,14,2026-06-03 08:51:01
model3,2025-07-30,10,Financial Services,0,12,0,12,2026-06-03 08:51:01
model3,2025-07-30,11,Chemicals,0,18,1,19,2026-06-03 08:51:01
model3,2025-07-30,12,Travel & Leisure,0,6,1,7,2026-06-03 08:51:01
model3,2025-07-30,13,Utilities,1,22,0,23,2026-06-03 08:51:01
model3,2025-07-30,14,Insurance,0,5,0,5,2026-06-03 08:51:01
model3,2025-07-30,15,Automobiles & Parts,0,3,0,3,2026-06-03 08:51:01
model3,2025-07-30,16,Technology,0,6,0,6,2026-06-03 08:51:01
model3,2025-07-30,17,Oil & Gas,0,2,0,2,2026-06-03 08:51:01
model3,2025-07-30,18,Telecommunications,0,1,0,1,2026-06-03 08:51:01
model3,2025-07-31,0,Industrial Goods & Services,0,35,0,35,2026-06-03 08:51:01
model3,2025-07-31,1,Food & Beverage,0,31,1,32,2026-06-03 08:51:01
model3,2025-07-31,2,Banks,0,10,0,10,2026-06-03 08:51:01
model3,2025-07-31,3,Construction & Materials,0,59,1,60,2026-06-03 08:51:01
model3,2025-07-31,4,Basic Resources,0,15,0,15,2026-06-03 08:51:01
model3,2025-07-31,5,Media,0,4,0,4,2026-06-03 08:51:01
model3,2025-07-31,6,Retail,0,7,0,7,2026-06-03 08:51:01
model3,2025-07-31,7,Personal & Household Goods,0,9,1,10,2026-06-03 08:51:01
model3,2025-07-31,8,Real Estate,0,29,0,29,2026-06-03 08:51:01
model3,2025-07-31,9,Health Care,0,17,0,17,2026-06-03 08:51:01
model3,2025-07-31,10,Financial Services,0,12,0,12,2026-06-03 08:51:01
model3,2025-07-31,11,Chemicals,0,19,0,19,2026-06-03 08:51:01
model3,2025-07-31,12,Travel & Leisure,0,7,0,7,2026-06-03 08:51:01
model3,2025-07-31,13,Utilities,0,27,0,27,2026-06-03 08:51:01
model3,2025-07-31,14,Insurance,0,5,0,5,2026-06-03 08:51:01
model3,2025-07-31,15,Automobiles & Parts,0,3,0,3,2026-06-03 08:51:01
model3,2025-07-31,16,Technology,0,7,0,7,2026-06-03 08:51:01
model3,2025-07-31,17,Oil & Gas,0,2,0,2,2026-06-03 08:51:01
model3,2025-07-31,18,Telecommunications,0,1,0,1,2026-06-03 08:51:01
model3,2025-08-01,0,Industrial Goods & Services,1,36,1,38,2026-06-03 08:51:01
model3,2025-08-01,1,Food & Beverage,1,34,0,35,2026-06-03 08:51:01
model3,2025-08-01,2,Banks,0,11,0,11,2026-06-03 08:51:01
model3,2025-08-01,3,Construction & Materials,1,73,2,76,2026-06-03 08:51:01
model3,2025-08-01,4,Basic Resources,0,21,0,21,2026-06-03 08:51:01
model3,2025-08-01,5,Media,0,6,0,6,2026-06-03 08:51:01
model3,2025-08-01,6,Retail,0,7,1,8,2026-06-03 08:51:01
model3,2025-08-01,7,Personal & Household Goods,0,13,0,13,2026-06-03 08:51:01
model3,2025-08-01,8,Real Estate,0,34,0,34,2026-06-03 08:51:01
model3,2025-08-01,9,Health Care,0,16,0,16,2026-06-03 08:51:01
model3,2025-08-01,10,Financial Services,0,12,0,12,2026-06-03 08:51:01
model3,2025-08-01,11,Chemicals,0,19,1,20,2026-06-03 08:51:01
model3,2025-08-01,12,Travel & Leisure,0,8,1,9,2026-06-03 08:51:01
model3,2025-08-01,13,Utilities,0,28,1,29,2026-06-03 08:51:01
model3,2025-08-01,14,Insurance,0,5,0,5,2026-06-03 08:51:01
model3,2025-08-01,15,Automobiles & Parts,0,3,0,3,2026-06-03 08:51:01
model3,2025-08-01,16,Technology,0,8,0,8,2026-06-03 08:51:01
model3,2025-08-01,17,Oil & Gas,0,2,0,2,2026-06-03 08:51:01
model3,2025-08-01,18,Telecommunications,0,1,0,1,2026-06-03 08:51:01
model3,2025-08-04,0,Industrial Goods & Services,0,31,1,32,2026-06-03 08:51:01
model3,2025-08-04,1,Food & Beverage,0,32,1,33,2026-06-03 08:51:01
model3,2025-08-04,2,Banks,0,12,0,12,2026-06-03 08:51:01
model3,2025-08-04,3,Construction & Materials,0,66,0,66,2026-06-03 08:51:01
model3,2025-08-04,4,Basic Resources,0,16,0,16,2026-06-03 08:51:01
model3,2025-08-04,5,Media,0,4,0,4,2026-06-03 08:51:01
model3,2025-08-04,6,Retail,0,7,0,7,2026-06-03 08:51:01
model3,2025-08-04,7,Personal & Household Goods,1,9,0,10,2026-06-03 08:51:01
model3,2025-08-04,8,Real Estate,0,27,0,27,2026-06-03 08:51:01
model3,2025-08-04,9,Health Care,0,14,0,14,2026-06-03 08:51:01
model3,2025-08-04,10,Financial Services,0,11,0,11,2026-06-03 08:51:01
model3,2025-08-04,11,Chemicals,1,18,0,19,2026-06-03 08:51:01
model3,2025-08-04,12,Travel & Leisure,0,7,0,7,2026-06-03 08:51:01
model3,2025-08-04,13,Utilities,0,25,0,25,2026-06-03 08:51:01
model3,2025-08-04,14,Insurance,0,5,0,5,2026-06-03 08:51:01
model3,2025-08-04,15,Automobiles & Parts,0,4,0,4,2026-06-03 08:51:01
model3,2025-08-04,16,Technology,0,7,1,8,2026-06-03 08:51:01
model3,2025-08-04,17,Oil & Gas,0,2,0,2,2026-06-03 08:51:01
model3,2025-08-04,18,Telecommunications,0,1,0,1,2026-06-03 08:51:01
model3,2025-08-05,0,Industrial Goods & Services,0,32,0,32,2026-06-03 08:51:01
model3,2025-08-05,1,Food & Beverage,0,34,1,35,2026-06-03 08:51:01
model3,2025-08-05,2,Banks,0,12,0,12,2026-06-03 08:51:01
model3,2025-08-05,3,Construction & Materials,1,68,1,70,2026-06-03 08:51:01
model3,2025-08-05,4,Basic Resources,0,19,0,19,2026-06-03 08:51:01
model3,2025-08-05,5,Media,0,6,0,6,2026-06-03 08:51:01
model3,2025-08-05,6,Retail,0,4,1,5,2026-06-03 08:51:01
model3,2025-08-05,7,Personal & Household Goods,0,9,0,9,2026-06-03 08:51:01
model3,2025-08-05,8,Real Estate,0,29,0,29,2026-06-03 08:51:01
model3,2025-08-05,9,Health Care,1,15,0,16,2026-06-03 08:51:01
model3,2025-08-05,10,Financial Services,0,11,1,12,2026-06-03 08:51:01
model3,2025-08-05,11,Chemicals,0,20,0,20,2026-06-03 08:51:01
model3,2025-08-05,12,Travel & Leisure,0,8,1,9,2026-06-03 08:51:01
model3,2025-08-05,13,Utilities,1,24,1,26,2026-06-03 08:51:01
model3,2025-08-05,14,Insurance,0,5,0,5,2026-06-03 08:51:01
model3,2025-08-05,15,Automobiles & Parts,0,4,0,4,2026-06-03 08:51:01
model3,2025-08-05,16,Technology,0,6,0,6,2026-06-03 08:51:01
model3,2025-08-05,17,Oil & Gas,0,2,0,2,2026-06-03 08:51:01
model3,2025-08-05,18,Telecommunications,0,1,0,1,2026-06-03 08:51:01
model3,2025-08-06,0,Industrial Goods & Services,0,36,0,36,2026-06-03 08:51:01
model3,2025-08-06,1,Food & Beverage,0,35,0,35,2026-06-03 08:51:01
model3,2025-08-06,2,Banks,0,12,0,12,2026-06-03 08:51:01
model3,2025-08-06,3,Construction & Materials,0,65,0,65,2026-06-03 08:51:01
model3,2025-08-06,4,Basic Resources,0,19,0,19,2026-06-03 08:51:01
model3,2025-08-06,5,Media,0,4,1,5,2026-06-03 08:51:01
model3,2025-08-06,6,Retail,0,6,0,6,2026-06-03 08:51:01
model3,2025-08-06,7,Personal & Household Goods,0,8,0,8,2026-06-03 08:51:01
model3,2025-08-06,8,Real Estate,0,30,0,30,2026-06-03 08:51:01
model3,2025-08-06,9,Health Care,0,15,0,15,2026-06-03 08:51:01
model3,2025-08-06,10,Financial Services,0,11,0,11,2026-06-03 08:51:01
model3,2025-08-06,11,Chemicals,0,18,0,18,2026-06-03 08:51:01
model3,2025-08-06,12,Travel & Leisure,0,10,1,11,2026-06-03 08:51:01
model3,2025-08-06,13,Utilities,0,28,1,29,2026-06-03 08:51:01
model3,2025-08-06,14,Insurance,0,5,0,5,2026-06-03 08:51:01
model3,2025-08-06,15,Automobiles & Parts,0,4,0,4,2026-06-03 08:51:01
model3,2025-08-06,16,Technology,0,5,0,5,2026-06-03 08:51:01
model3,2025-08-06,17,Oil & Gas,0,2,0,2,2026-06-03 08:51:01
model3,2025-08-06,18,Telecommunications,0,1,0,1,2026-06-03 08:51:01
model3,2025-08-07,0,Industrial Goods & Services,0,38,0,38,2026-06-03 08:51:01
model3,2025-08-07,1,Food & Beverage,0,33,0,33,2026-06-03 08:51:01
model3,2025-08-07,2,Banks,0,12,0,12,2026-06-03 08:51:01
model3,2025-08-07,3,Construction & Materials,1,61,0,62,2026-06-03 08:51:01
model3,2025-08-07,4,Basic Resources,0,20,0,20,2026-06-03 08:51:01
model3,2025-08-07,5,Media,0,5,1,6,2026-06-03 08:51:01
model3,2025-08-07,6,Retail,0,7,0,7,2026-06-03 08:51:01
model3,2025-08-07,7,Personal & Household Goods,0,10,0,10,2026-06-03 08:51:01
model3,2025-08-07,8,Real Estate,0,28,0,28,2026-06-03 08:51:01
model3,2025-08-07,9,Health Care,0,15,1,16,2026-06-03 08:51:01
model3,2025-08-07,10,Financial Services,0,12,0,12,2026-06-03 08:51:01
model3,2025-08-07,11,Chemicals,0,18,1,19,2026-06-03 08:51:01
model3,2025-08-07,12,Travel & Leisure,0,8,1,9,2026-06-03 08:51:01
model3,2025-08-07,13,Utilities,0,27,0,27,2026-06-03 08:51:01
model3,2025-08-07,14,Insurance,0,4,0,4,2026-06-03 08:51:01
model3,2025-08-07,15,Automobiles & Parts,0,4,0,4,2026-06-03 08:51:01
model3,2025-08-07,16,Technology,0,5,0,5,2026-06-03 08:51:01
model3,2025-08-07,17,Oil & Gas,0,2,0,2,2026-06-03 08:51:01
model3,2025-08-07,18,Telecommunications,0,1,0,1,2026-06-03 08:51:01
model3,2025-08-08,0,Industrial Goods & Services,0,38,0,38,2026-06-03 08:51:01
model3,2025-08-08,1,Food & Beverage,0,37,0,37,2026-06-03 08:51:01
model3,2025-08-08,2,Banks,0,11,0,11,2026-06-03 08:51:01
model3,2025-08-08,3,Construction & Materials,0,73,1,74,2026-06-03 08:51:01
model3,2025-08-08,4,Basic Resources,0,22,0,22,2026-06-03 08:51:01
model3,2025-08-08,5,Media,0,4,0,4,2026-06-03 08:51:01
model3,2025-08-08,6,Retail,0,8,0,8,2026-06-03 08:51:01
model3,2025-08-08,7,Personal & Household Goods,0,14,0,14,2026-06-03 08:51:01
model3,2025-08-08,8,Real Estate,0,32,0,32,2026-06-03 08:51:01
model3,2025-08-08,9,Health Care,1,15,0,16,2026-06-03 08:51:01
model3,2025-08-08,10,Financial Services,0,12,0,12,2026-06-03 08:51:01
model3,2025-08-08,11,Chemicals,0,19,0,19,2026-06-03 08:51:01
model3,2025-08-08,12,Travel & Leisure,0,7,0,7,2026-06-03 08:51:01
model3,2025-08-08,13,Utilities,0,25,1,26,2026-06-03 08:51:01
model3,2025-08-08,14,Insurance,0,5,0,5,2026-06-03 08:51:01
model3,2025-08-08,15,Automobiles & Parts,0,4,0,4,2026-06-03 08:51:01
model3,2025-08-08,16,Technology,0,7,0,7,2026-06-03 08:51:01
model3,2025-08-08,17,Oil & Gas,0,2,0,2,2026-06-03 08:51:01
model3,2025-08-08,18,Telecommunications,0,1,0,1,2026-06-03 08:51:01
model3,2025-08-11,0,Industrial Goods & Services,0,37,1,38,2026-06-03 08:51:01
model3,2025-08-11,1,Food & Beverage,0,34,0,34,2026-06-03 08:51:01
model3,2025-08-11,2,Banks,0,12,0,12,2026-06-03 08:51:01
model3,2025-08-11,3,Construction & Materials,0,59,0,59,2026-06-03 08:51:01
model3,2025-08-11,4,Basic Resources,0,20,0,20,2026-06-03 08:51:01
model3,2025-08-11,5,Media,0,6,1,7,2026-06-03 08:51:01
model3,2025-08-11,6,Retail,0,6,1,7,2026-06-03 08:51:01
model3,2025-08-11,7,Personal & Household Goods,0,10,1,11,2026-06-03 08:51:01
model3,2025-08-11,8,Real Estate,0,27,1,28,2026-06-03 08:51:01
model3,2025-08-11,9,Health Care,0,14,1,15,2026-06-03 08:51:01
model3,2025-08-11,10,Financial Services,0,12,0,12,2026-06-03 08:51:01
model3,2025-08-11,11,Chemicals,1,19,0,20,2026-06-03 08:51:01
model3,2025-08-11,12,Travel & Leisure,0,6,1,7,2026-06-03 08:51:01
model3,2025-08-11,13,Utilities,0,28,0,28,2026-06-03 08:51:01
model3,2025-08-11,14,Insurance,0,5,0,5,2026-06-03 08:51:01
model3,2025-08-11,15,Automobiles & Parts,0,4,0,4,2026-06-03 08:51:01
model3,2025-08-11,16,Technology,0,7,0,7,2026-06-03 08:51:01
model3,2025-08-11,17,Oil & Gas,0,2,0,2,2026-06-03 08:51:01
model3,2025-08-11,18,Telecommunications,0,1,0,1,2026-06-03 08:51:01
model3,2025-08-12,0,Industrial Goods & Services,0,39,0,39,2026-06-03 08:51:01
model3,2025-08-12,1,Food & Beverage,0,32,0,32,2026-06-03 08:51:01
model3,2025-08-12,2,Banks,0,12,0,12,2026-06-03 08:51:01
model3,2025-08-12,3,Construction & Materials,1,63,2,66,2026-06-03 08:51:01
model3,2025-08-12,4,Basic Resources,0,18,0,18,2026-06-03 08:51:01
model3,2025-08-12,5,Media,0,4,0,4,2026-06-03 08:51:01
model3,2025-08-12,6,Retail,0,7,0,7,2026-06-03 08:51:01
model3,2025-08-12,7,Personal & Household Goods,0,11,0,11,2026-06-03 08:51:01
model3,2025-08-12,8,Real Estate,0,28,0,28,2026-06-03 08:51:01
model3,2025-08-12,9,Health Care,0,17,0,17,2026-06-03 08:51:01
model3,2025-08-12,10,Financial Services,0,11,0,11,2026-06-03 08:51:01
model3,2025-08-12,11,Chemicals,0,19,0,19,2026-06-03 08:51:01
model3,2025-08-12,12,Travel & Leisure,0,8,0,8,2026-06-03 08:51:01
model3,2025-08-12,13,Utilities,0,30,0,30,2026-06-03 08:51:01
model3,2025-08-12,14,Insurance,0,5,0,5,2026-06-03 08:51:01
model3,2025-08-12,15,Automobiles & Parts,0,4,0,4,2026-06-03 08:51:01
model3,2025-08-12,16,Technology,0,5,0,5,2026-06-03 08:51:01
model3,2025-08-12,17,Oil & Gas,0,2,0,2,2026-06-03 08:51:01
model3,2025-08-12,18,Telecommunications,0,1,0,1,2026-06-03 08:51:01
model3,2025-08-13,0,Industrial Goods & Services,0,35,1,36,2026-06-03 08:51:01
model3,2025-08-13,1,Food & Beverage,0,34,0,34,2026-06-03 08:51:01
model3,2025-08-13,2,Banks,0,12,0,12,2026-06-03 08:51:01
model3,2025-08-13,3,Construction & Materials,0,68,0,68,2026-06-03 08:51:01
model3,2025-08-13,4,Basic Resources,0,18,0,18,2026-06-03 08:51:01
model3,2025-08-13,5,Media,0,4,1,5,2026-06-03 08:51:01
model3,2025-08-13,6,Retail,0,6,1,7,2026-06-03 08:51:01
model3,2025-08-13,7,Personal & Household Goods,0,10,0,10,2026-06-03 08:51:01
model3,2025-08-13,8,Real Estate,0,29,0,29,2026-06-03 08:51:01
model3,2025-08-13,9,Health Care,0,16,0,16,2026-06-03 08:51:01
model3,2025-08-13,10,Financial Services,0,11,0,11,2026-06-03 08:51:01
model3,2025-08-13,11,Chemicals,0,19,0,19,2026-06-03 08:51:01
model3,2025-08-13,12,Travel & Leisure,0,8,0,8,2026-06-03 08:51:01
model3,2025-08-13,13,Utilities,0,26,1,27,2026-06-03 08:51:01
model3,2025-08-13,14,Insurance,0,5,0,5,2026-06-03 08:51:01
model3,2025-08-13,15,Automobiles & Parts,0,4,0,4,2026-06-03 08:51:01
model3,2025-08-13,16,Technology,0,6,0,6,2026-06-03 08:51:01
model3,2025-08-13,17,Oil & Gas,0,2,0,2,2026-06-03 08:51:01
model3,2025-08-13,18,Telecommunications,0,1,0,1,2026-06-03 08:51:01
model3,2025-08-14,0,Industrial Goods & Services,0,37,2,39,2026-06-03 08:51:01
model3,2025-08-14,1,Food & Beverage,0,31,2,33,2026-06-03 08:51:01
model3,2025-08-14,2,Banks,0,12,0,12,2026-06-03 08:51:01
model3,2025-08-14,3,Construction & Materials,0,68,0,68,2026-06-03 08:51:01
model3,2025-08-14,4,Basic Resources,0,19,0,19,2026-06-03 08:51:01
model3,2025-08-14,5,Media,0,5,0,5,2026-06-03 08:51:01
model3,2025-08-14,6,Retail,0,6,0,6,2026-06-03 08:51:01
model3,2025-08-14,7,Personal & Household Goods,0,10,0,10,2026-06-03 08:51:01
model3,2025-08-14,8,Real Estate,0,29,0,29,2026-06-03 08:51:01
model3,2025-08-14,9,Health Care,0,16,0,16,2026-06-03 08:51:01
model3,2025-08-14,10,Financial Services,0,11,0,11,2026-06-03 08:51:01
model3,2025-08-14,11,Chemicals,0,19,0,19,2026-06-03 08:51:01
model3,2025-08-14,12,Travel & Leisure,0,9,1,10,2026-06-03 08:51:01
model3,2025-08-14,13,Utilities,0,31,0,31,2026-06-03 08:51:01
model3,2025-08-14,14,Insurance,0,5,0,5,2026-06-03 08:51:01
model3,2025-08-14,15,Automobiles & Parts,0,4,0,4,2026-06-03 08:51:01
model3,2025-08-14,16,Technology,0,6,0,6,2026-06-03 08:51:01
model3,2025-08-14,17,Oil & Gas,0,2,0,2,2026-06-03 08:51:01
model3,2025-08-14,18,Telecommunications,0,1,0,1,2026-06-03 08:51:01
model3,2025-08-15,0,Industrial Goods & Services,1,40,0,41,2026-06-03 08:51:01
model3,2025-08-15,1,Food & Beverage,1,38,1,40,2026-06-03 08:51:01
model3,2025-08-15,2,Banks,0,12,0,12,2026-06-03 08:51:01
model3,2025-08-15,3,Construction & Materials,0,79,1,80,2026-06-03 08:51:01
model3,2025-08-15,4,Basic Resources,0,21,1,22,2026-06-03 08:51:01
model3,2025-08-15,5,Media,0,4,0,4,2026-06-03 08:51:01
model3,2025-08-15,6,Retail,0,8,0,8,2026-06-03 08:51:01
model3,2025-08-15,7,Personal & Household Goods,0,15,0,15,2026-06-03 08:51:01
model3,2025-08-15,8,Real Estate,1,33,1,35,2026-06-03 08:51:01
model3,2025-08-15,9,Health Care,0,16,0,16,2026-06-03 08:51:01
model3,2025-08-15,10,Financial Services,0,11,0,11,2026-06-03 08:51:01
model3,2025-08-15,11,Chemicals,0,18,0,18,2026-06-03 08:51:01
model3,2025-08-15,12,Travel & Leisure,0,10,0,10,2026-06-03 08:51:01
model3,2025-08-15,13,Utilities,0,26,1,27,2026-06-03 08:51:01
model3,2025-08-15,14,Insurance,0,5,0,5,2026-06-03 08:51:01
model3,2025-08-15,15,Automobiles & Parts,0,4,0,4,2026-06-03 08:51:01
model3,2025-08-15,16,Technology,0,5,2,7,2026-06-03 08:51:01
model3,2025-08-15,17,Oil & Gas,0,2,0,2,2026-06-03 08:51:01
model3,2025-08-15,18,Telecommunications,0,1,0,1,2026-06-03 08:51:01
model3,2025-08-18,0,Industrial Goods & Services,0,38,0,38,2026-06-03 08:51:01
model3,2025-08-18,1,Food & Beverage,0,33,0,33,2026-06-03 08:51:01
model3,2025-08-18,2,Banks,0,12,0,12,2026-06-03 08:51:01
model3,2025-08-18,3,Construction & Materials,0,66,1,67,2026-06-03 08:51:01
model3,2025-08-18,4,Basic Resources,0,20,0,20,2026-06-03 08:51:01
model3,2025-08-18,5,Media,0,4,0,4,2026-06-03 08:51:01
model3,2025-08-18,6,Retail,0,7,0,7,2026-06-03 08:51:01
model3,2025-08-18,7,Personal & Household Goods,0,10,0,10,2026-06-03 08:51:01
model3,2025-08-18,8,Real Estate,0,31,0,31,2026-06-03 08:51:01
model3,2025-08-18,9,Health Care,0,11,0,11,2026-06-03 08:51:01
model3,2025-08-18,10,Financial Services,0,12,0,12,2026-06-03 08:51:01
model3,2025-08-18,11,Chemicals,0,19,0,19,2026-06-03 08:51:01
model3,2025-08-18,12,Travel & Leisure,0,8,0,8,2026-06-03 08:51:01
model3,2025-08-18,13,Utilities,1,28,0,29,2026-06-03 08:51:01
model3,2025-08-18,14,Insurance,0,4,0,4,2026-06-03 08:51:01
model3,2025-08-18,15,Automobiles & Parts,0,3,0,3,2026-06-03 08:51:01
model3,2025-08-18,16,Technology,0,5,1,6,2026-06-03 08:51:01
model3,2025-08-18,17,Oil & Gas,0,2,0,2,2026-06-03 08:51:01
model3,2025-08-18,18,Telecommunications,0,1,0,1,2026-06-03 08:51:01
model3,2025-08-19,0,Industrial Goods & Services,0,36,1,37,2026-06-03 08:51:01
model3,2025-08-19,1,Food & Beverage,0,37,0,37,2026-06-03 08:51:01
model3,2025-08-19,2,Banks,0,12,0,12,2026-06-03 08:51:01
model3,2025-08-19,3,Construction & Materials,0,68,1,69,2026-06-03 08:51:01
model3,2025-08-19,4,Basic Resources,0,21,0,21,2026-06-03 08:51:01
model3,2025-08-19,5,Media,0,5,0,5,2026-06-03 08:51:01
model3,2025-08-19,6,Retail,0,7,0,7,2026-06-03 08:51:01
model3,2025-08-19,7,Personal & Household Goods,0,9,0,9,2026-06-03 08:51:01
model3,2025-08-19,8,Real Estate,1,27,1,29,2026-06-03 08:51:01
model3,2025-08-19,9,Health Care,0,12,0,12,2026-06-03 08:51:01
model3,2025-08-19,10,Financial Services,0,12,0,12,2026-06-03 08:51:01
model3,2025-08-19,11,Chemicals,0,19,0,19,2026-06-03 08:51:01
model3,2025-08-19,12,Travel & Leisure,0,8,0,8,2026-06-03 08:51:01
model3,2025-08-19,13,Utilities,0,28,1,29,2026-06-03 08:51:01
model3,2025-08-19,14,Insurance,0,5,0,5,2026-06-03 08:51:01
model3,2025-08-19,15,Automobiles & Parts,0,4,0,4,2026-06-03 08:51:01
model3,2025-08-19,16,Technology,0,6,0,6,2026-06-03 08:51:01
model3,2025-08-19,17,Oil & Gas,0,2,0,2,2026-06-03 08:51:01
model3,2025-08-19,18,Telecommunications,0,1,0,1,2026-06-03 08:51:01
model3,2025-08-20,0,Industrial Goods & Services,0,32,1,33,2026-06-03 08:51:01
model3,2025-08-20,1,Food & Beverage,0,29,1,30,2026-06-03 08:51:01
model3,2025-08-20,2,Banks,0,12,0,12,2026-06-03 08:51:01
model3,2025-08-20,3,Construction & Materials,0,69,0,69,2026-06-03 08:51:01
model3,2025-08-20,4,Basic Resources,0,18,0,18,2026-06-03 08:51:01
model3,2025-08-20,5,Media,0,4,0,4,2026-06-03 08:51:01
model3,2025-08-20,6,Retail,0,7,0,7,2026-06-03 08:51:01
model3,2025-08-20,7,Personal & Household Goods,0,9,0,9,2026-06-03 08:51:01
model3,2025-08-20,8,Real Estate,0,28,0,28,2026-06-03 08:51:01
model3,2025-08-20,9,Health Care,0,13,1,14,2026-06-03 08:51:01
model3,2025-08-20,10,Financial Services,0,12,0,12,2026-06-03 08:51:01
model3,2025-08-20,11,Chemicals,0,18,0,18,2026-06-03 08:51:01
model3,2025-08-20,12,Travel & Leisure,0,7,1,8,2026-06-03 08:51:01
model3,2025-08-20,13,Utilities,0,32,0,32,2026-06-03 08:51:01
model3,2025-08-20,14,Insurance,0,5,0,5,2026-06-03 08:51:01
model3,2025-08-20,15,Automobiles & Parts,0,4,0,4,2026-06-03 08:51:01
model3,2025-08-20,16,Technology,0,7,0,7,2026-06-03 08:51:01
model3,2025-08-20,17,Oil & Gas,0,1,0,1,2026-06-03 08:51:01
model3,2025-08-20,18,Telecommunications,0,1,0,1,2026-06-03 08:51:01
model3,2025-08-21,0,Industrial Goods & Services,0,33,0,33,2026-06-03 08:51:01
model3,2025-08-21,1,Food & Beverage,0,34,0,34,2026-06-03 08:51:01
model3,2025-08-21,2,Banks,0,12,0,12,2026-06-03 08:51:01
model3,2025-08-21,3,Construction & Materials,0,66,2,68,2026-06-03 08:51:01
model3,2025-08-21,4,Basic Resources,0,19,0,19,2026-06-03 08:51:01
model3,2025-08-21,5,Media,0,6,0,6,2026-06-03 08:51:01
model3,2025-08-21,6,Retail,0,7,0,7,2026-06-03 08:51:01
model3,2025-08-21,7,Personal & Household Goods,0,8,0,8,2026-06-03 08:51:01
model3,2025-08-21,8,Real Estate,0,27,1,28,2026-06-03 08:51:01
model3,2025-08-21,9,Health Care,0,15,0,15,2026-06-03 08:51:01
model3,2025-08-21,10,Financial Services,0,12,0,12,2026-06-03 08:51:01
model3,2025-08-21,11,Chemicals,0,18,0,18,2026-06-03 08:51:01
model3,2025-08-21,12,Travel & Leisure,0,10,0,10,2026-06-03 08:51:01
model3,2025-08-21,13,Utilities,0,24,0,24,2026-06-03 08:51:01
model3,2025-08-21,14,Insurance,0,5,0,5,2026-06-03 08:51:01
model3,2025-08-21,15,Automobiles & Parts,0,4,0,4,2026-06-03 08:51:01
model3,2025-08-21,16,Technology,0,7,0,7,2026-06-03 08:51:01
model3,2025-08-21,17,Oil & Gas,0,2,0,2,2026-06-03 08:51:01
model3,2025-08-21,18,Telecommunications,0,1,0,1,2026-06-03 08:51:01
model3,2025-08-22,0,Industrial Goods & Services,0,30,1,31,2026-06-03 08:51:01
model3,2025-08-22,1,Food & Beverage,0,36,1,37,2026-06-03 08:51:01
model3,2025-08-22,2,Banks,0,12,0,12,2026-06-03 08:51:01
model3,2025-08-22,3,Construction & Materials,1,76,0,77,2026-06-03 08:51:01
model3,2025-08-22,4,Basic Resources,0,22,0,22,2026-06-03 08:51:01
model3,2025-08-22,5,Media,0,5,0,5,2026-06-03 08:51:01
model3,2025-08-22,6,Retail,0,9,0,9,2026-06-03 08:51:01
model3,2025-08-22,7,Personal & Household Goods,0,13,0,13,2026-06-03 08:51:01
model3,2025-08-22,8,Real Estate,0,31,0,31,2026-06-03 08:51:01
model3,2025-08-22,9,Health Care,0,15,0,15,2026-06-03 08:51:01
model3,2025-08-22,10,Financial Services,0,11,0,11,2026-06-03 08:51:01
model3,2025-08-22,11,Chemicals,0,18,1,19,2026-06-03 08:51:01
model3,2025-08-22,12,Travel & Leisure,0,7,0,7,2026-06-03 08:51:01
model3,2025-08-22,13,Utilities,0,25,0,25,2026-06-03 08:51:01
model3,2025-08-22,14,Insurance,0,5,0,5,2026-06-03 08:51:01
model3,2025-08-22,15,Automobiles & Parts,0,4,0,4,2026-06-03 08:51:01
model3,2025-08-22,16,Technology,0,7,2,9,2026-06-03 08:51:01
model3,2025-08-22,17,Oil & Gas,0,2,0,2,2026-06-03 08:51:01
model3,2025-08-22,18,Telecommunications,0,1,0,1,2026-06-03 08:51:01
model3,2025-08-25,0,Industrial Goods & Services,0,29,1,30,2026-06-03 08:51:01
model3,2025-08-25,1,Food & Beverage,1,31,1,33,2026-06-03 08:51:01
model3,2025-08-25,2,Banks,0,12,0,12,2026-06-03 08:51:01
model3,2025-08-25,3,Construction & Materials,0,63,0,63,2026-06-03 08:51:01
model3,2025-08-25,4,Basic Resources,0,20,0,20,2026-06-03 08:51:01
model3,2025-08-25,5,Media,0,2,0,2,2026-06-03 08:51:01
model3,2025-08-25,6,Retail,0,7,0,7,2026-06-03 08:51:01
model3,2025-08-25,7,Personal & Household Goods,1,9,0,10,2026-06-03 08:51:01
model3,2025-08-25,8,Real Estate,1,27,0,28,2026-06-03 08:51:01
model3,2025-08-25,9,Health Care,0,13,0,13,2026-06-03 08:51:01
model3,2025-08-25,10,Financial Services,0,9,1,10,2026-06-03 08:51:01
model3,2025-08-25,11,Chemicals,0,19,0,19,2026-06-03 08:51:01
model3,2025-08-25,12,Travel & Leisure,0,9,0,9,2026-06-03 08:51:01
model3,2025-08-25,13,Utilities,1,24,0,25,2026-06-03 08:51:01
model3,2025-08-25,14,Insurance,0,5,0,5,2026-06-03 08:51:01
model3,2025-08-25,15,Automobiles & Parts,0,3,1,4,2026-06-03 08:51:01
model3,2025-08-25,16,Technology,0,6,1,7,2026-06-03 08:51:01
model3,2025-08-25,17,Oil & Gas,0,2,0,2,2026-06-03 08:51:01
model3,2025-08-25,18,Telecommunications,0,1,0,1,2026-06-03 08:51:01
model3,2025-08-26,0,Industrial Goods & Services,0,30,0,30,2026-06-03 08:51:01
model3,2025-08-26,1,Food & Beverage,0,35,0,35,2026-06-03 08:51:01
model3,2025-08-26,2,Banks,0,12,0,12,2026-06-03 08:51:01
model3,2025-08-26,3,Construction & Materials,0,62,1,63,2026-06-03 08:51:01
model3,2025-08-26,4,Basic Resources,0,18,0,18,2026-06-03 08:51:01
model3,2025-08-26,5,Media,0,4,0,4,2026-06-03 08:51:01
model3,2025-08-26,6,Retail,0,6,0,6,2026-06-03 08:51:01
model3,2025-08-26,7,Personal & Household Goods,0,10,0,10,2026-06-03 08:51:01
model3,2025-08-26,8,Real Estate,0,29,0,29,2026-06-03 08:51:01
model3,2025-08-26,9,Health Care,0,13,0,13,2026-06-03 08:51:01
model3,2025-08-26,10,Financial Services,0,11,0,11,2026-06-03 08:51:01
model3,2025-08-26,11,Chemicals,0,16,0,16,2026-06-03 08:51:01
model3,2025-08-26,12,Travel & Leisure,0,7,0,7,2026-06-03 08:51:01
model3,2025-08-26,13,Utilities,0,22,0,22,2026-06-03 08:51:01
model3,2025-08-26,14,Insurance,0,5,0,5,2026-06-03 08:51:01
model3,2025-08-26,15,Automobiles & Parts,0,4,0,4,2026-06-03 08:51:01
model3,2025-08-26,16,Technology,0,6,1,7,2026-06-03 08:51:01
model3,2025-08-26,17,Oil & Gas,0,2,0,2,2026-06-03 08:51:01
model3,2025-08-26,18,Telecommunications,0,1,0,1,2026-06-03 08:51:01
model3,2025-08-27,0,Industrial Goods & Services,1,30,1,32,2026-06-03 08:51:01
model3,2025-08-27,1,Food & Beverage,0,34,0,34,2026-06-03 08:51:01
model3,2025-08-27,2,Banks,0,12,0,12,2026-06-03 08:51:01
model3,2025-08-27,3,Construction & Materials,0,62,0,62,2026-06-03 08:51:01
model3,2025-08-27,4,Basic Resources,0,20,0,20,2026-06-03 08:51:01
model3,2025-08-27,5,Media,0,3,0,3,2026-06-03 08:51:01
model3,2025-08-27,6,Retail,0,7,0,7,2026-06-03 08:51:01
model3,2025-08-27,7,Personal & Household Goods,0,8,0,8,2026-06-03 08:51:01
model3,2025-08-27,8,Real Estate,0,27,0,27,2026-06-03 08:51:01
model3,2025-08-27,9,Health Care,0,15,0,15,2026-06-03 08:51:01
model3,2025-08-27,10,Financial Services,0,12,0,12,2026-06-03 08:51:01
model3,2025-08-27,11,Chemicals,0,17,0,17,2026-06-03 08:51:01
model3,2025-08-27,12,Travel & Leisure,0,8,0,8,2026-06-03 08:51:01
model3,2025-08-27,13,Utilities,0,28,0,28,2026-06-03 08:51:01
model3,2025-08-27,14,Insurance,0,5,0,5,2026-06-03 08:51:01
model3,2025-08-27,15,Automobiles & Parts,0,3,0,3,2026-06-03 08:51:01
model3,2025-08-27,16,Technology,0,7,0,7,2026-06-03 08:51:01
model3,2025-08-27,17,Oil & Gas,0,2,0,2,2026-06-03 08:51:01
model3,2025-08-27,18,Telecommunications,0,1,0,1,2026-06-03 08:51:01
model3,2025-08-28,0,Industrial Goods & Services,1,30,2,33,2026-06-03 08:51:01
model3,2025-08-28,1,Food & Beverage,0,31,0,31,2026-06-03 08:51:01
model3,2025-08-28,2,Banks,0,12,0,12,2026-06-03 08:51:01
model3,2025-08-28,3,Construction & Materials,0,57,0,57,2026-06-03 08:51:01
model3,2025-08-28,4,Basic Resources,0,19,0,19,2026-06-03 08:51:01
model3,2025-08-28,5,Media,0,2,1,3,2026-06-03 08:51:01
model3,2025-08-28,6,Retail,0,6,0,6,2026-06-03 08:51:01
model3,2025-08-28,7,Personal & Household Goods,0,8,0,8,2026-06-03 08:51:01
model3,2025-08-28,8,Real Estate,0,27,0,27,2026-06-03 08:51:01
model3,2025-08-28,9,Health Care,0,14,0,14,2026-06-03 08:51:01
model3,2025-08-28,10,Financial Services,0,12,0,12,2026-06-03 08:51:01
model3,2025-08-28,11,Chemicals,0,19,0,19,2026-06-03 08:51:01
model3,2025-08-28,12,Travel & Leisure,0,8,0,8,2026-06-03 08:51:01
model3,2025-08-28,13,Utilities,0,23,1,24,2026-06-03 08:51:01
model3,2025-08-28,14,Insurance,0,5,0,5,2026-06-03 08:51:01
model3,2025-08-28,15,Automobiles & Parts,0,3,0,3,2026-06-03 08:51:01
model3,2025-08-28,16,Technology,0,7,1,8,2026-06-03 08:51:01
model3,2025-08-28,17,Oil & Gas,0,2,0,2,2026-06-03 08:51:01
model3,2025-08-28,18,Telecommunications,0,1,0,1,2026-06-03 08:51:01
model3,2025-08-29,0,Industrial Goods & Services,0,37,1,38,2026-06-03 08:51:01
model3,2025-08-29,1,Food & Beverage,0,36,0,36,2026-06-03 08:51:01
model3,2025-08-29,2,Banks,0,12,0,12,2026-06-03 08:51:01
model3,2025-08-29,3,Construction & Materials,0,75,3,78,2026-06-03 08:51:01
model3,2025-08-29,4,Basic Resources,0,23,1,24,2026-06-03 08:51:01
model3,2025-08-29,5,Media,0,5,0,5,2026-06-03 08:51:01
model3,2025-08-29,6,Retail,0,9,0,9,2026-06-03 08:51:01
model3,2025-08-29,7,Personal & Household Goods,0,13,0,13,2026-06-03 08:51:01
model3,2025-08-29,8,Real Estate,0,31,1,32,2026-06-03 08:51:01
model3,2025-08-29,9,Health Care,0,14,0,14,2026-06-03 08:51:01
model3,2025-08-29,10,Financial Services,0,12,0,12,2026-06-03 08:51:01
model3,2025-08-29,11,Chemicals,0,17,0,17,2026-06-03 08:51:01
model3,2025-08-29,12,Travel & Leisure,0,8,0,8,2026-06-03 08:51:01
model3,2025-08-29,13,Utilities,1,25,0,26,2026-06-03 08:51:01
model3,2025-08-29,14,Insurance,0,5,0,5,2026-06-03 08:51:01
model3,2025-08-29,15,Automobiles & Parts,0,3,0,3,2026-06-03 08:51:01
model3,2025-08-29,16,Technology,0,6,0,6,2026-06-03 08:51:01
model3,2025-08-29,17,Oil & Gas,0,2,0,2,2026-06-03 08:51:01
model3,2025-08-29,18,Telecommunications,0,1,0,1,2026-06-03 08:51:01
model3,2025-09-03,0,Industrial Goods & Services,0,34,2,36,2026-06-03 08:51:01
model3,2025-09-03,1,Food & Beverage,1,31,2,34,2026-06-03 08:51:01
model3,2025-09-03,2,Banks,0,12,0,12,2026-06-03 08:51:01
model3,2025-09-03,3,Construction & Materials,0,63,2,65,2026-06-03 08:51:01
model3,2025-09-03,4,Basic Resources,0,18,1,19,2026-06-03 08:51:01
model3,2025-09-03,5,Media,0,3,0,3,2026-06-03 08:51:01
model3,2025-09-03,6,Retail,0,6,0,6,2026-06-03 08:51:01
model3,2025-09-03,7,Personal & Household Goods,0,9,0,9,2026-06-03 08:51:01
model3,2025-09-03,8,Real Estate,0,27,0,27,2026-06-03 08:51:01
model3,2025-09-03,9,Health Care,1,14,0,15,2026-06-03 08:51:01
model3,2025-09-03,10,Financial Services,0,12,0,12,2026-06-03 08:51:01
model3,2025-09-03,11,Chemicals,0,18,0,18,2026-06-03 08:51:01
model3,2025-09-03,12,Travel & Leisure,0,8,0,8,2026-06-03 08:51:01
model3,2025-09-03,13,Utilities,0,25,1,26,2026-06-03 08:51:01
model3,2025-09-03,14,Insurance,0,5,0,5,2026-06-03 08:51:01
model3,2025-09-03,15,Automobiles & Parts,0,3,0,3,2026-06-03 08:51:01
model3,2025-09-03,16,Technology,0,8,0,8,2026-06-03 08:51:01
model3,2025-09-03,17,Oil & Gas,0,2,0,2,2026-06-03 08:51:01
model3,2025-09-03,18,Telecommunications,0,1,0,1,2026-06-03 08:51:01
model3,2025-09-04,0,Industrial Goods & Services,0,33,1,34,2026-06-03 08:51:01
model3,2025-09-04,1,Food & Beverage,0,30,2,32,2026-06-03 08:51:01
model3,2025-09-04,2,Banks,0,11,0,11,2026-06-03 08:51:01
model3,2025-09-04,3,Construction & Materials,0,65,0,65,2026-06-03 08:51:01
model3,2025-09-04,4,Basic Resources,0,21,0,21,2026-06-03 08:51:01
model3,2025-09-04,5,Media,0,3,0,3,2026-06-03 08:51:01
model3,2025-09-04,6,Retail,0,6,1,7,2026-06-03 08:51:01
model3,2025-09-04,7,Personal & Household Goods,0,10,1,11,2026-06-03 08:51:01
model3,2025-09-04,8,Real Estate,0,27,2,29,2026-06-03 08:51:01
model3,2025-09-04,9,Health Care,0,15,0,15,2026-06-03 08:51:01
model3,2025-09-04,10,Financial Services,0,12,0,12,2026-06-03 08:51:01
model3,2025-09-04,11,Chemicals,0,20,0,20,2026-06-03 08:51:01
model3,2025-09-04,12,Travel & Leisure,1,7,0,8,2026-06-03 08:51:01
model3,2025-09-04,13,Utilities,0,28,0,28,2026-06-03 08:51:01
model3,2025-09-04,14,Insurance,0,5,0,5,2026-06-03 08:51:01
model3,2025-09-04,15,Automobiles & Parts,0,5,0,5,2026-06-03 08:51:01
model3,2025-09-04,16,Technology,0,7,0,7,2026-06-03 08:51:01
model3,2025-09-04,17,Oil & Gas,0,2,0,2,2026-06-03 08:51:01
model3,2025-09-04,18,Telecommunications,0,1,0,1,2026-06-03 08:51:01
model3,2025-09-05,0,Industrial Goods & Services,0,39,2,41,2026-06-03 08:51:01
model3,2025-09-05,1,Food & Beverage,0,35,2,37,2026-06-03 08:51:01
model3,2025-09-05,2,Banks,0,12,0,12,2026-06-03 08:51:01
model3,2025-09-05,3,Construction & Materials,0,73,1,74,2026-06-03 08:51:01
model3,2025-09-05,4,Basic Resources,0,23,1,24,2026-06-03 08:51:01
model3,2025-09-05,5,Media,0,5,1,6,2026-06-03 08:51:01
model3,2025-09-05,6,Retail,0,9,0,9,2026-06-03 08:51:01
model3,2025-09-05,7,Personal & Household Goods,0,14,0,14,2026-06-03 08:51:01
model3,2025-09-05,8,Real Estate,0,33,1,34,2026-06-03 08:51:01
model3,2025-09-05,9,Health Care,0,15,1,16,2026-06-03 08:51:01
model3,2025-09-05,10,Financial Services,0,12,0,12,2026-06-03 08:51:01
model3,2025-09-05,11,Chemicals,0,19,0,19,2026-06-03 08:51:01
model3,2025-09-05,12,Travel & Leisure,1,7,1,9,2026-06-03 08:51:01
model3,2025-09-05,13,Utilities,0,28,0,28,2026-06-03 08:51:01
model3,2025-09-05,14,Insurance,0,5,0,5,2026-06-03 08:51:01
model3,2025-09-05,15,Automobiles & Parts,0,6,1,7,2026-06-03 08:51:01
model3,2025-09-05,16,Technology,0,8,0,8,2026-06-03 08:51:01
model3,2025-09-05,17,Oil & Gas,0,2,0,2,2026-06-03 08:51:01
model3,2025-09-05,18,Telecommunications,0,1,0,1,2026-06-03 08:51:01
model3,2025-09-08,0,Industrial Goods & Services,0,33,3,36,2026-06-03 08:51:01
model3,2025-09-08,1,Food & Beverage,1,33,0,34,2026-06-03 08:51:01
model3,2025-09-08,2,Banks,0,12,0,12,2026-06-03 08:51:01
model3,2025-09-08,3,Construction & Materials,1,60,1,62,2026-06-03 08:51:01
model3,2025-09-08,4,Basic Resources,0,19,0,19,2026-06-03 08:51:01
model3,2025-09-08,5,Media,0,4,0,4,2026-06-03 08:51:01
model3,2025-09-08,6,Retail,0,5,1,6,2026-06-03 08:51:01
model3,2025-09-08,7,Personal & Household Goods,0,8,1,9,2026-06-03 08:51:01
model3,2025-09-08,8,Real Estate,0,29,0,29,2026-06-03 08:51:01
model3,2025-09-08,9,Health Care,0,13,0,13,2026-06-03 08:51:01
model3,2025-09-08,10,Financial Services,0,11,1,12,2026-06-03 08:51:01
model3,2025-09-08,11,Chemicals,0,20,0,20,2026-06-03 08:51:01
model3,2025-09-08,12,Travel & Leisure,0,9,0,9,2026-06-03 08:51:01
model3,2025-09-08,13,Utilities,1,19,1,21,2026-06-03 08:51:01
model3,2025-09-08,14,Insurance,0,5,0,5,2026-06-03 08:51:01
model3,2025-09-08,15,Automobiles & Parts,0,5,1,6,2026-06-03 08:51:01
model3,2025-09-08,16,Technology,0,7,0,7,2026-06-03 08:51:01
model3,2025-09-08,17,Oil & Gas,0,2,0,2,2026-06-03 08:51:01
model3,2025-09-08,18,Telecommunications,0,1,0,1,2026-06-03 08:51:01
model3,2025-09-09,0,Industrial Goods & Services,0,32,0,32,2026-06-03 08:51:01
model3,2025-09-09,1,Food & Beverage,0,34,2,36,2026-06-03 08:51:01
model3,2025-09-09,2,Banks,0,12,0,12,2026-06-03 08:51:01
model3,2025-09-09,3,Construction & Materials,0,57,0,57,2026-06-03 08:51:01
model3,2025-09-09,4,Basic Resources,0,21,1,22,2026-06-03 08:51:01
model3,2025-09-09,5,Media,0,4,0,4,2026-06-03 08:51:01
model3,2025-09-09,6,Retail,0,6,1,7,2026-06-03 08:51:01
model3,2025-09-09,7,Personal & Household Goods,0,8,0,8,2026-06-03 08:51:01
model3,2025-09-09,8,Real Estate,0,26,0,26,2026-06-03 08:51:01
model3,2025-09-09,9,Health Care,0,12,0,12,2026-06-03 08:51:01
model3,2025-09-09,10,Financial Services,0,11,0,11,2026-06-03 08:51:01
model3,2025-09-09,11,Chemicals,0,20,0,20,2026-06-03 08:51:01
model3,2025-09-09,12,Travel & Leisure,0,8,0,8,2026-06-03 08:51:01
model3,2025-09-09,13,Utilities,0,25,0,25,2026-06-03 08:51:01
model3,2025-09-09,14,Insurance,0,5,0,5,2026-06-03 08:51:01
model3,2025-09-09,15,Automobiles & Parts,0,5,1,6,2026-06-03 08:51:01
model3,2025-09-09,16,Technology,0,5,0,5,2026-06-03 08:51:01
model3,2025-09-09,17,Oil & Gas,0,2,0,2,2026-06-03 08:51:01
model3,2025-09-09,18,Telecommunications,0,1,0,1,2026-06-03 08:51:01
model3,2025-09-10,0,Industrial Goods & Services,0,29,0,29,2026-06-03 08:51:01
model3,2025-09-10,1,Food & Beverage,0,33,0,33,2026-06-03 08:51:01
model3,2025-09-10,2,Banks,0,12,0,12,2026-06-03 08:51:01
model3,2025-09-10,3,Construction & Materials,1,59,0,60,2026-06-03 08:51:01
model3,2025-09-10,4,Basic Resources,0,20,0,20,2026-06-03 08:51:01
model3,2025-09-10,5,Media,0,2,0,2,2026-06-03 08:51:01
model3,2025-09-10,6,Retail,0,6,1,7,2026-06-03 08:51:01
model3,2025-09-10,7,Personal & Household Goods,0,8,0,8,2026-06-03 08:51:01
model3,2025-09-10,8,Real Estate,0,27,0,27,2026-06-03 08:51:01
model3,2025-09-10,9,Health Care,0,12,0,12,2026-06-03 08:51:01
model3,2025-09-10,10,Financial Services,0,12,0,12,2026-06-03 08:51:01
model3,2025-09-10,11,Chemicals,0,19,1,20,2026-06-03 08:51:01
model3,2025-09-10,12,Travel & Leisure,0,9,0,9,2026-06-03 08:51:01
model3,2025-09-10,13,Utilities,0,28,0,28,2026-06-03 08:51:01
model3,2025-09-10,14,Insurance,0,5,0,5,2026-06-03 08:51:01
model3,2025-09-10,15,Automobiles & Parts,0,5,0,5,2026-06-03 08:51:01
model3,2025-09-10,16,Technology,0,7,0,7,2026-06-03 08:51:01
model3,2025-09-10,17,Oil & Gas,0,2,0,2,2026-06-03 08:51:01
model3,2025-09-10,18,Telecommunications,0,1,0,1,2026-06-03 08:51:01
model3,2025-09-11,0,Industrial Goods & Services,0,30,0,30,2026-06-03 08:51:01
model3,2025-09-11,1,Food & Beverage,0,33,1,34,2026-06-03 08:51:01
model3,2025-09-11,2,Banks,0,12,0,12,2026-06-03 08:51:01
model3,2025-09-11,3,Construction & Materials,2,61,0,63,2026-06-03 08:51:01
model3,2025-09-11,4,Basic Resources,0,20,1,21,2026-06-03 08:51:01
model3,2025-09-11,5,Media,0,4,0,4,2026-06-03 08:51:01
model3,2025-09-11,6,Retail,0,7,0,7,2026-06-03 08:51:01
model3,2025-09-11,7,Personal & Household Goods,0,8,0,8,2026-06-03 08:51:01
model3,2025-09-11,8,Real Estate,0,29,0,29,2026-06-03 08:51:01
model3,2025-09-11,9,Health Care,0,14,0,14,2026-06-03 08:51:01
model3,2025-09-11,10,Financial Services,0,12,0,12,2026-06-03 08:51:01
model3,2025-09-11,11,Chemicals,0,19,0,19,2026-06-03 08:51:01
model3,2025-09-11,12,Travel & Leisure,0,8,0,8,2026-06-03 08:51:01
model3,2025-09-11,13,Utilities,0,24,0,24,2026-06-03 08:51:01
model3,2025-09-11,14,Insurance,0,5,0,5,2026-06-03 08:51:01
model3,2025-09-11,15,Automobiles & Parts,0,5,1,6,2026-06-03 08:51:01
model3,2025-09-11,16,Technology,0,8,0,8,2026-06-03 08:51:01
model3,2025-09-11,17,Oil & Gas,0,2,0,2,2026-06-03 08:51:01
model3,2025-09-11,18,Telecommunications,0,1,0,1,2026-06-03 08:51:01
model3,2025-09-12,0,Industrial Goods & Services,0,38,1,39,2026-06-03 08:51:01
model3,2025-09-12,1,Food & Beverage,0,34,1,35,2026-06-03 08:51:01
model3,2025-09-12,2,Banks,0,12,0,12,2026-06-03 08:51:01
model3,2025-09-12,3,Construction & Materials,0,72,1,73,2026-06-03 08:51:01
model3,2025-09-12,4,Basic Resources,0,22,0,22,2026-06-03 08:51:01
model3,2025-09-12,5,Media,0,3,0,3,2026-06-03 08:51:01
model3,2025-09-12,6,Retail,1,8,0,9,2026-06-03 08:51:01
model3,2025-09-12,7,Personal & Household Goods,0,11,1,12,2026-06-03 08:51:01
model3,2025-09-12,8,Real Estate,1,30,1,32,2026-06-03 08:51:01
model3,2025-09-12,9,Health Care,0,14,0,14,2026-06-03 08:51:01
model3,2025-09-12,10,Financial Services,0,12,0,12,2026-06-03 08:51:01
model3,2025-09-12,11,Chemicals,0,18,0,18,2026-06-03 08:51:01
model3,2025-09-12,12,Travel & Leisure,0,9,0,9,2026-06-03 08:51:01
model3,2025-09-12,13,Utilities,0,28,1,29,2026-06-03 08:51:01
model3,2025-09-12,14,Insurance,0,5,0,5,2026-06-03 08:51:01
model3,2025-09-12,15,Automobiles & Parts,0,7,0,7,2026-06-03 08:51:01
model3,2025-09-12,16,Technology,0,7,0,7,2026-06-03 08:51:01
model3,2025-09-12,17,Oil & Gas,0,2,0,2,2026-06-03 08:51:01
model3,2025-09-12,18,Telecommunications,0,1,0,1,2026-06-03 08:51:01
model3,2025-09-15,0,Industrial Goods & Services,0,33,1,34,2026-06-03 08:51:01
model3,2025-09-15,1,Food & Beverage,0,32,0,32,2026-06-03 08:51:01
model3,2025-09-15,2,Banks,0,12,0,12,2026-06-03 08:51:01
model3,2025-09-15,3,Construction & Materials,0,62,0,62,2026-06-03 08:51:01
model3,2025-09-15,4,Basic Resources,0,21,0,21,2026-06-03 08:51:01
model3,2025-09-15,5,Media,0,5,0,5,2026-06-03 08:51:01
model3,2025-09-15,6,Retail,0,7,0,7,2026-06-03 08:51:01
model3,2025-09-15,7,Personal & Household Goods,0,9,0,9,2026-06-03 08:51:01
model3,2025-09-15,8,Real Estate,0,29,0,29,2026-06-03 08:51:01
model3,2025-09-15,9,Health Care,0,14,0,14,2026-06-03 08:51:01
model3,2025-09-15,10,Financial Services,0,11,0,11,2026-06-03 08:51:01
model3,2025-09-15,11,Chemicals,0,18,0,18,2026-06-03 08:51:01
model3,2025-09-15,12,Travel & Leisure,0,9,0,9,2026-06-03 08:51:01
model3,2025-09-15,13,Utilities,0,28,1,29,2026-06-03 08:51:01
model3,2025-09-15,14,Insurance,0,5,0,5,2026-06-03 08:51:01
model3,2025-09-15,15,Automobiles & Parts,0,6,0,6,2026-06-03 08:51:01
model3,2025-09-15,16,Technology,0,7,0,7,2026-06-03 08:51:01
model3,2025-09-15,17,Oil & Gas,0,2,0,2,2026-06-03 08:51:01
model3,2025-09-15,18,Telecommunications,0,1,0,1,2026-06-03 08:51:01
model3,2025-09-16,0,Industrial Goods & Services,1,31,0,32,2026-06-03 08:51:01
model3,2025-09-16,1,Food & Beverage,0,32,0,32,2026-06-03 08:51:01
model3,2025-09-16,2,Banks,0,12,0,12,2026-06-03 08:51:01
model3,2025-09-16,3,Construction & Materials,0,63,0,63,2026-06-03 08:51:01
model3,2025-09-16,4,Basic Resources,0,18,0,18,2026-06-03 08:51:01
model3,2025-09-16,5,Media,0,4,1,5,2026-06-03 08:51:01
model3,2025-09-16,6,Retail,0,7,0,7,2026-06-03 08:51:01
model3,2025-09-16,7,Personal & Household Goods,0,9,0,9,2026-06-03 08:51:01
model3,2025-09-16,8,Real Estate,0,25,0,25,2026-06-03 08:51:01
model3,2025-09-16,9,Health Care,0,13,0,13,2026-06-03 08:51:01
model3,2025-09-16,10,Financial Services,0,11,0,11,2026-06-03 08:51:01
model3,2025-09-16,11,Chemicals,0,19,0,19,2026-06-03 08:51:01
model3,2025-09-16,12,Travel & Leisure,0,9,0,9,2026-06-03 08:51:01
model3,2025-09-16,13,Utilities,0,29,0,29,2026-06-03 08:51:01
model3,2025-09-16,14,Insurance,0,4,0,4,2026-06-03 08:51:01
model3,2025-09-16,15,Automobiles & Parts,0,5,0,5,2026-06-03 08:51:01
model3,2025-09-16,16,Technology,0,7,0,7,2026-06-03 08:51:01
model3,2025-09-16,17,Oil & Gas,0,2,0,2,2026-06-03 08:51:01
model3,2025-09-16,18,Telecommunications,0,1,0,1,2026-06-03 08:51:01
model3,2025-09-17,0,Industrial Goods & Services,1,37,0,38,2026-06-03 08:51:01
model3,2025-09-17,1,Food & Beverage,1,30,0,31,2026-06-03 08:51:01
model3,2025-09-17,2,Banks,0,12,0,12,2026-06-03 08:51:01
model3,2025-09-17,3,Construction & Materials,0,61,0,61,2026-06-03 08:51:01
model3,2025-09-17,4,Basic Resources,0,18,0,18,2026-06-03 08:51:01
model3,2025-09-17,5,Media,0,5,0,5,2026-06-03 08:51:01
model3,2025-09-17,6,Retail,0,7,0,7,2026-06-03 08:51:01
model3,2025-09-17,7,Personal & Household Goods,0,10,0,10,2026-06-03 08:51:01
model3,2025-09-17,8,Real Estate,0,27,0,27,2026-06-03 08:51:01
model3,2025-09-17,9,Health Care,0,15,1,16,2026-06-03 08:51:01
model3,2025-09-17,10,Financial Services,0,12,0,12,2026-06-03 08:51:01
model3,2025-09-17,11,Chemicals,0,18,0,18,2026-06-03 08:51:01
model3,2025-09-17,12,Travel & Leisure,0,9,0,9,2026-06-03 08:51:01
model3,2025-09-17,13,Utilities,0,30,0,30,2026-06-03 08:51:01
model3,2025-09-17,14,Insurance,0,3,0,3,2026-06-03 08:51:01
model3,2025-09-17,15,Automobiles & Parts,0,5,0,5,2026-06-03 08:51:01
model3,2025-09-17,16,Technology,0,5,1,6,2026-06-03 08:51:01
model3,2025-09-17,17,Oil & Gas,0,2,0,2,2026-06-03 08:51:01
model3,2025-09-17,18,Telecommunications,0,1,0,1,2026-06-03 08:51:01
model3,2025-09-18,0,Industrial Goods & Services,0,35,1,36,2026-06-03 08:51:01
model3,2025-09-18,1,Food & Beverage,0,37,0,37,2026-06-03 08:51:01
model3,2025-09-18,2,Banks,0,12,0,12,2026-06-03 08:51:01
model3,2025-09-18,3,Construction & Materials,0,59,1,60,2026-06-03 08:51:01
model3,2025-09-18,4,Basic Resources,1,19,0,20,2026-06-03 08:51:01
model3,2025-09-18,5,Media,0,4,0,4,2026-06-03 08:51:01
model3,2025-09-18,6,Retail,0,7,0,7,2026-06-03 08:51:01
model3,2025-09-18,7,Personal & Household Goods,1,7,0,8,2026-06-03 08:51:01
model3,2025-09-18,8,Real Estate,0,28,0,28,2026-06-03 08:51:01
model3,2025-09-18,9,Health Care,0,15,0,15,2026-06-03 08:51:01
model3,2025-09-18,10,Financial Services,0,11,0,11,2026-06-03 08:51:01
model3,2025-09-18,11,Chemicals,0,19,0,19,2026-06-03 08:51:01
model3,2025-09-18,12,Travel & Leisure,0,6,0,6,2026-06-03 08:51:01
model3,2025-09-18,13,Utilities,0,25,1,26,2026-06-03 08:51:01
model3,2025-09-18,14,Insurance,0,5,0,5,2026-06-03 08:51:01
model3,2025-09-18,15,Automobiles & Parts,0,6,0,6,2026-06-03 08:51:01
model3,2025-09-18,16,Technology,0,5,0,5,2026-06-03 08:51:01
model3,2025-09-18,17,Oil & Gas,0,2,0,2,2026-06-03 08:51:01
model3,2025-09-18,18,Telecommunications,0,1,0,1,2026-06-03 08:51:01
model3,2025-09-19,0,Industrial Goods & Services,0,34,2,36,2026-06-03 08:51:01
model3,2025-09-19,1,Food & Beverage,0,32,0,32,2026-06-03 08:51:01
model3,2025-09-19,2,Banks,0,12,0,12,2026-06-03 08:51:01
model3,2025-09-19,3,Construction & Materials,0,72,1,73,2026-06-03 08:51:01
model3,2025-09-19,4,Basic Resources,0,19,0,19,2026-06-03 08:51:01
model3,2025-09-19,5,Media,0,5,0,5,2026-06-03 08:51:01
model3,2025-09-19,6,Retail,0,8,0,8,2026-06-03 08:51:01
model3,2025-09-19,7,Personal & Household Goods,0,11,0,11,2026-06-03 08:51:01
model3,2025-09-19,8,Real Estate,0,29,0,29,2026-06-03 08:51:01
model3,2025-09-19,9,Health Care,0,16,0,16,2026-06-03 08:51:01
model3,2025-09-19,10,Financial Services,0,11,0,11,2026-06-03 08:51:01
model3,2025-09-19,11,Chemicals,1,17,0,18,2026-06-03 08:51:01
model3,2025-09-19,12,Travel & Leisure,0,8,0,8,2026-06-03 08:51:01
model3,2025-09-19,13,Utilities,0,27,1,28,2026-06-03 08:51:01
model3,2025-09-19,14,Insurance,0,2,0,2,2026-06-03 08:51:01
model3,2025-09-19,15,Automobiles & Parts,0,7,0,7,2026-06-03 08:51:01
model3,2025-09-19,16,Technology,1,7,0,8,2026-06-03 08:51:01
model3,2025-09-19,17,Oil & Gas,0,2,0,2,2026-06-03 08:51:01
model3,2025-09-19,18,Telecommunications,0,1,0,1,2026-06-03 08:51:01
model3,2025-09-22,0,Industrial Goods & Services,0,32,0,32,2026-06-03 08:51:01
model3,2025-09-22,1,Food & Beverage,0,30,0,30,2026-06-03 08:51:01
model3,2025-09-22,2,Banks,0,12,0,12,2026-06-03 08:51:01
model3,2025-09-22,3,Construction & Materials,1,61,0,62,2026-06-03 08:51:01
model3,2025-09-22,4,Basic Resources,0,20,0,20,2026-06-03 08:51:01
model3,2025-09-22,5,Media,0,5,0,5,2026-06-03 08:51:01
model3,2025-09-22,6,Retail,0,7,0,7,2026-06-03 08:51:01
model3,2025-09-22,7,Personal & Household Goods,0,11,0,11,2026-06-03 08:51:01
model3,2025-09-22,8,Real Estate,0,24,0,24,2026-06-03 08:51:01
model3,2025-09-22,9,Health Care,0,16,0,16,2026-06-03 08:51:01
model3,2025-09-22,10,Financial Services,0,11,0,11,2026-06-03 08:51:01
model3,2025-09-22,11,Chemicals,0,18,0,18,2026-06-03 08:51:01
model3,2025-09-22,12,Travel & Leisure,0,8,1,9,2026-06-03 08:51:01
model3,2025-09-22,13,Utilities,0,26,1,27,2026-06-03 08:51:01
model3,2025-09-22,14,Insurance,0,5,0,5,2026-06-03 08:51:01
model3,2025-09-22,15,Automobiles & Parts,0,6,0,6,2026-06-03 08:51:01
model3,2025-09-22,16,Technology,0,6,0,6,2026-06-03 08:51:01
model3,2025-09-22,17,Oil & Gas,0,2,0,2,2026-06-03 08:51:01
model3,2025-09-22,18,Telecommunications,0,1,0,1,2026-06-03 08:51:01
model3,2025-09-23,0,Industrial Goods & Services,0,27,1,28,2026-06-03 08:51:01
model3,2025-09-23,1,Food & Beverage,0,31,1,32,2026-06-03 08:51:01
model3,2025-09-23,2,Banks,0,12,0,12,2026-06-03 08:51:01
model3,2025-09-23,3,Construction & Materials,0,60,1,61,2026-06-03 08:51:01
model3,2025-09-23,4,Basic Resources,0,19,0,19,2026-06-03 08:51:01
model3,2025-09-23,5,Media,0,5,0,5,2026-06-03 08:51:01
model3,2025-09-23,6,Retail,0,6,1,7,2026-06-03 08:51:01
model3,2025-09-23,7,Personal & Household Goods,0,8,1,9,2026-06-03 08:51:01
model3,2025-09-23,8,Real Estate,0,27,1,28,2026-06-03 08:51:01
model3,2025-09-23,9,Health Care,1,13,0,14,2026-06-03 08:51:01
model3,2025-09-23,10,Financial Services,0,12,0,12,2026-06-03 08:51:01
model3,2025-09-23,11,Chemicals,0,17,0,17,2026-06-03 08:51:01
model3,2025-09-23,12,Travel & Leisure,0,10,0,10,2026-06-03 08:51:01
model3,2025-09-23,13,Utilities,1,24,0,25,2026-06-03 08:51:01
model3,2025-09-23,14,Insurance,0,4,0,4,2026-06-03 08:51:01
model3,2025-09-23,15,Automobiles & Parts,0,6,0,6,2026-06-03 08:51:01
model3,2025-09-23,16,Technology,0,6,1,7,2026-06-03 08:51:01
model3,2025-09-23,17,Oil & Gas,0,2,0,2,2026-06-03 08:51:01
model3,2025-09-23,18,Telecommunications,0,1,0,1,2026-06-03 08:51:01
model3,2025-09-24,0,Industrial Goods & Services,0,32,0,32,2026-06-03 08:51:01
model3,2025-09-24,1,Food & Beverage,0,32,1,33,2026-06-03 08:51:01
model3,2025-09-24,2,Banks,0,12,0,12,2026-06-03 08:51:01
model3,2025-09-24,3,Construction & Materials,1,55,1,57,2026-06-03 08:51:01
model3,2025-09-24,4,Basic Resources,0,20,0,20,2026-06-03 08:51:01
model3,2025-09-24,5,Media,0,3,1,4,2026-06-03 08:51:01
model3,2025-09-24,6,Retail,0,6,0,6,2026-06-03 08:51:01
model3,2025-09-24,7,Personal & Household Goods,0,7,0,7,2026-06-03 08:51:01
model3,2025-09-24,8,Real Estate,0,27,1,28,2026-06-03 08:51:01
model3,2025-09-24,9,Health Care,0,13,0,13,2026-06-03 08:51:01
model3,2025-09-24,10,Financial Services,0,11,0,11,2026-06-03 08:51:01
model3,2025-09-24,11,Chemicals,0,19,0,19,2026-06-03 08:51:01
model3,2025-09-24,12,Travel & Leisure,0,8,0,8,2026-06-03 08:51:01
model3,2025-09-24,13,Utilities,0,28,0,28,2026-06-03 08:51:01
model3,2025-09-24,14,Insurance,0,5,0,5,2026-06-03 08:51:01
model3,2025-09-24,15,Automobiles & Parts,0,6,0,6,2026-06-03 08:51:01
model3,2025-09-24,16,Technology,0,5,0,5,2026-06-03 08:51:01
model3,2025-09-24,17,Oil & Gas,0,2,0,2,2026-06-03 08:51:01
model3,2025-09-24,18,Telecommunications,0,1,0,1,2026-06-03 08:51:01
model3,2025-09-25,0,Industrial Goods & Services,2,27,2,31,2026-06-03 08:51:01
model3,2025-09-25,1,Food & Beverage,0,33,0,33,2026-06-03 08:51:01
model3,2025-09-25,2,Banks,0,12,0,12,2026-06-03 08:51:01
model3,2025-09-25,3,Construction & Materials,0,58,1,59,2026-06-03 08:51:01
model3,2025-09-25,4,Basic Resources,0,20,0,20,2026-06-03 08:51:01
model3,2025-09-25,5,Media,0,5,0,5,2026-06-03 08:51:01
model3,2025-09-25,6,Retail,0,5,1,6,2026-06-03 08:51:01
model3,2025-09-25,7,Personal & Household Goods,0,9,0,9,2026-06-03 08:51:01
model3,2025-09-25,8,Real Estate,1,26,0,27,2026-06-03 08:51:01
model3,2025-09-25,9,Health Care,0,14,0,14,2026-06-03 08:51:01
model3,2025-09-25,10,Financial Services,0,11,0,11,2026-06-03 08:51:01
model3,2025-09-25,11,Chemicals,0,16,0,16,2026-06-03 08:51:01
model3,2025-09-25,12,Travel & Leisure,0,9,0,9,2026-06-03 08:51:01
model3,2025-09-25,13,Utilities,0,29,1,30,2026-06-03 08:51:01
model3,2025-09-25,14,Insurance,0,3,0,3,2026-06-03 08:51:01
model3,2025-09-25,15,Automobiles & Parts,0,6,0,6,2026-06-03 08:51:01
model3,2025-09-25,16,Technology,0,5,0,5,2026-06-03 08:51:01
model3,2025-09-25,17,Oil & Gas,0,2,0,2,2026-06-03 08:51:01
model3,2025-09-25,18,Telecommunications,0,1,0,1,2026-06-03 08:51:01
model3,2025-09-26,0,Industrial Goods & Services,0,40,0,40,2026-06-03 08:51:01
model3,2025-09-26,1,Food & Beverage,0,32,0,32,2026-06-03 08:51:01
model3,2025-09-26,2,Banks,0,12,0,12,2026-06-03 08:51:01
model3,2025-09-26,3,Construction & Materials,1,70,1,72,2026-06-03 08:51:01
model3,2025-09-26,4,Basic Resources,1,20,0,21,2026-06-03 08:51:01
model3,2025-09-26,5,Media,1,2,1,4,2026-06-03 08:51:01
model3,2025-09-26,6,Retail,1,6,0,7,2026-06-03 08:51:01
model3,2025-09-26,7,Personal & Household Goods,0,15,0,15,2026-06-03 08:51:01
model3,2025-09-26,8,Real Estate,0,32,0,32,2026-06-03 08:51:01
model3,2025-09-26,9,Health Care,0,14,1,15,2026-06-03 08:51:01
model3,2025-09-26,10,Financial Services,0,12,0,12,2026-06-03 08:51:01
model3,2025-09-26,11,Chemicals,0,18,0,18,2026-06-03 08:51:01
model3,2025-09-26,12,Travel & Leisure,0,9,0,9,2026-06-03 08:51:01
model3,2025-09-26,13,Utilities,2,23,0,25,2026-06-03 08:51:01
model3,2025-09-26,14,Insurance,0,3,0,3,2026-06-03 08:51:01
model3,2025-09-26,15,Automobiles & Parts,0,7,0,7,2026-06-03 08:51:01
model3,2025-09-26,16,Technology,0,8,0,8,2026-06-03 08:51:01
model3,2025-09-26,17,Oil & Gas,0,2,0,2,2026-06-03 08:51:01
model3,2025-09-26,18,Telecommunications,0,1,0,1,2026-06-03 08:51:01
model3,2025-09-29,0,Industrial Goods & Services,0,32,2,34,2026-06-03 08:51:01
model3,2025-09-29,1,Food & Beverage,0,33,1,34,2026-06-03 08:51:01
model3,2025-09-29,2,Banks,0,12,0,12,2026-06-03 08:51:01
model3,2025-09-29,3,Construction & Materials,0,60,0,60,2026-06-03 08:51:01
model3,2025-09-29,4,Basic Resources,0,20,0,20,2026-06-03 08:51:01
model3,2025-09-29,5,Media,0,4,1,5,2026-06-03 08:51:01
model3,2025-09-29,6,Retail,0,6,1,7,2026-06-03 08:51:01
model3,2025-09-29,7,Personal & Household Goods,0,10,0,10,2026-06-03 08:51:01
model3,2025-09-29,8,Real Estate,1,25,0,26,2026-06-03 08:51:01
model3,2025-09-29,9,Health Care,0,13,0,13,2026-06-03 08:51:01
model3,2025-09-29,10,Financial Services,0,12,0,12,2026-06-03 08:51:01
model3,2025-09-29,11,Chemicals,0,17,0,17,2026-06-03 08:51:01
model3,2025-09-29,12,Travel & Leisure,0,7,0,7,2026-06-03 08:51:01
model3,2025-09-29,13,Utilities,0,30,0,30,2026-06-03 08:51:01
model3,2025-09-29,14,Insurance,0,5,0,5,2026-06-03 08:51:01
model3,2025-09-29,15,Automobiles & Parts,0,5,0,5,2026-06-03 08:51:01
model3,2025-09-29,16,Technology,0,6,0,6,2026-06-03 08:51:01
model3,2025-09-29,17,Oil & Gas,0,2,0,2,2026-06-03 08:51:01
model3,2025-09-29,18,Telecommunications,0,1,0,1,2026-06-03 08:51:01
model3,2025-09-30,0,Industrial Goods & Services,1,35,1,37,2026-06-03 08:51:01
model3,2025-09-30,1,Food & Beverage,0,32,1,33,2026-06-03 08:51:01
model3,2025-09-30,2,Banks,0,12,0,12,2026-06-03 08:51:01
model3,2025-09-30,3,Construction & Materials,1,62,2,65,2026-06-03 08:51:01
model3,2025-09-30,4,Basic Resources,0,20,0,20,2026-06-03 08:51:01
model3,2025-09-30,5,Media,0,4,0,4,2026-06-03 08:51:01
model3,2025-09-30,6,Retail,0,7,0,7,2026-06-03 08:51:01
model3,2025-09-30,7,Personal & Household Goods,0,8,0,8,2026-06-03 08:51:01
model3,2025-09-30,8,Real Estate,0,27,1,28,2026-06-03 08:51:01
model3,2025-09-30,9,Health Care,0,16,0,16,2026-06-03 08:51:01
model3,2025-09-30,10,Financial Services,0,11,0,11,2026-06-03 08:51:01
model3,2025-09-30,11,Chemicals,0,19,0,19,2026-06-03 08:51:01
model3,2025-09-30,12,Travel & Leisure,1,7,1,9,2026-06-03 08:51:01
model3,2025-09-30,13,Utilities,0,30,0,30,2026-06-03 08:51:01
model3,2025-09-30,14,Insurance,0,5,0,5,2026-06-03 08:51:01
model3,2025-09-30,15,Automobiles & Parts,0,6,0,6,2026-06-03 08:51:01
model3,2025-09-30,16,Technology,0,7,0,7,2026-06-03 08:51:01
model3,2025-09-30,17,Oil & Gas,0,2,0,2,2026-06-03 08:51:01
model3,2025-09-30,18,Telecommunications,0,1,0,1,2026-06-03 08:51:01
model3,2025-10-01,0,Industrial Goods & Services,0,29,0,29,2026-06-03 08:51:01
model3,2025-10-01,1,Food & Beverage,0,31,0,31,2026-06-03 08:51:01
model3,2025-10-01,2,Banks,0,12,0,12,2026-06-03 08:51:01
model3,2025-10-01,3,Construction & Materials,0,63,1,64,2026-06-03 08:51:01
model3,2025-10-01,4,Basic Resources,0,17,0,17,2026-06-03 08:51:01
model3,2025-10-01,5,Media,1,4,0,5,2026-06-03 08:51:01
model3,2025-10-01,6,Retail,0,6,0,6,2026-06-03 08:51:01
model3,2025-10-01,7,Personal & Household Goods,0,9,0,9,2026-06-03 08:51:01
model3,2025-10-01,8,Real Estate,0,26,1,27,2026-06-03 08:51:01
model3,2025-10-01,9,Health Care,0,15,1,16,2026-06-03 08:51:01
model3,2025-10-01,10,Financial Services,0,11,0,11,2026-06-03 08:51:01
model3,2025-10-01,11,Chemicals,0,19,0,19,2026-06-03 08:51:01
model3,2025-10-01,12,Travel & Leisure,0,8,0,8,2026-06-03 08:51:01
model3,2025-10-01,13,Utilities,0,26,0,26,2026-06-03 08:51:01
model3,2025-10-01,14,Insurance,0,4,0,4,2026-06-03 08:51:01
model3,2025-10-01,15,Automobiles & Parts,0,4,0,4,2026-06-03 08:51:01
model3,2025-10-01,16,Technology,0,5,1,6,2026-06-03 08:51:01
model3,2025-10-01,17,Oil & Gas,0,2,0,2,2026-06-03 08:51:01
model3,2025-10-01,18,Telecommunications,0,1,0,1,2026-06-03 08:51:01
model3,2025-10-02,0,Industrial Goods & Services,1,32,2,35,2026-06-03 08:51:01
model3,2025-10-02,1,Food & Beverage,2,31,1,34,2026-06-03 08:51:01
model3,2025-10-02,2,Banks,0,11,0,11,2026-06-03 08:51:01
model3,2025-10-02,3,Construction & Materials,0,57,1,58,2026-06-03 08:51:01
model3,2025-10-02,4,Basic Resources,0,19,0,19,2026-06-03 08:51:01
model3,2025-10-02,5,Media,0,4,0,4,2026-06-03 08:51:01
model3,2025-10-02,6,Retail,0,6,0,6,2026-06-03 08:51:01
model3,2025-10-02,7,Personal & Household Goods,0,10,0,10,2026-06-03 08:51:01
model3,2025-10-02,8,Real Estate,0,26,1,27,2026-06-03 08:51:01
model3,2025-10-02,9,Health Care,0,13,0,13,2026-06-03 08:51:01
model3,2025-10-02,10,Financial Services,0,11,0,11,2026-06-03 08:51:01
model3,2025-10-02,11,Chemicals,0,18,0,18,2026-06-03 08:51:01
model3,2025-10-02,12,Travel & Leisure,0,7,1,8,2026-06-03 08:51:01
model3,2025-10-02,13,Utilities,0,26,0,26,2026-06-03 08:51:01
model3,2025-10-02,14,Insurance,0,5,0,5,2026-06-03 08:51:01
model3,2025-10-02,15,Automobiles & Parts,0,5,0,5,2026-06-03 08:51:01
model3,2025-10-02,16,Technology,0,7,0,7,2026-06-03 08:51:01
model3,2025-10-02,17,Oil & Gas,0,2,0,2,2026-06-03 08:51:01
model3,2025-10-02,18,Telecommunications,0,1,0,1,2026-06-03 08:51:01
model3,2025-10-03,0,Industrial Goods & Services,0,31,0,31,2026-06-03 08:51:01
model3,2025-10-03,1,Food & Beverage,0,38,0,38,2026-06-03 08:51:01
model3,2025-10-03,2,Banks,0,12,0,12,2026-06-03 08:51:01
model3,2025-10-03,3,Construction & Materials,0,67,2,69,2026-06-03 08:51:01
model3,2025-10-03,4,Basic Resources,0,23,0,23,2026-06-03 08:51:01
model3,2025-10-03,5,Media,0,4,0,4,2026-06-03 08:51:01
model3,2025-10-03,6,Retail,0,7,0,7,2026-06-03 08:51:01
model3,2025-10-03,7,Personal & Household Goods,0,11,0,11,2026-06-03 08:51:01
model3,2025-10-03,8,Real Estate,0,29,1,30,2026-06-03 08:51:01
model3,2025-10-03,9,Health Care,0,13,1,14,2026-06-03 08:51:01
model3,2025-10-03,10,Financial Services,0,11,0,11,2026-06-03 08:51:01
model3,2025-10-03,11,Chemicals,0,19,0,19,2026-06-03 08:51:01
model3,2025-10-03,12,Travel & Leisure,0,8,0,8,2026-06-03 08:51:01
model3,2025-10-03,13,Utilities,0,22,0,22,2026-06-03 08:51:01
model3,2025-10-03,14,Insurance,0,4,0,4,2026-06-03 08:51:01
model3,2025-10-03,15,Automobiles & Parts,0,6,0,6,2026-06-03 08:51:01
model3,2025-10-03,16,Technology,0,5,0,5,2026-06-03 08:51:01
model3,2025-10-03,17,Oil & Gas,0,2,0,2,2026-06-03 08:51:01
model3,2025-10-03,18,Telecommunications,0,1,0,1,2026-06-03 08:51:01
model3,2025-10-06,0,Industrial Goods & Services,1,27,1,29,2026-06-03 08:51:01
model3,2025-10-06,1,Food & Beverage,1,30,0,31,2026-06-03 08:51:01
model3,2025-10-06,2,Banks,0,12,0,12,2026-06-03 08:51:01
model3,2025-10-06,3,Construction & Materials,1,57,1,59,2026-06-03 08:51:01
model3,2025-10-06,4,Basic Resources,0,18,0,18,2026-06-03 08:51:01
model3,2025-10-06,5,Media,0,4,0,4,2026-06-03 08:51:01
model3,2025-10-06,6,Retail,0,6,0,6,2026-06-03 08:51:01
model3,2025-10-06,7,Personal & Household Goods,0,9,0,9,2026-06-03 08:51:01
model3,2025-10-06,8,Real Estate,0,26,0,26,2026-06-03 08:51:01
model3,2025-10-06,9,Health Care,0,12,0,12,2026-06-03 08:51:01
model3,2025-10-06,10,Financial Services,0,11,0,11,2026-06-03 08:51:01
model3,2025-10-06,11,Chemicals,0,19,0,19,2026-06-03 08:51:01
model3,2025-10-06,12,Travel & Leisure,0,7,0,7,2026-06-03 08:51:01
model3,2025-10-06,13,Utilities,0,25,0,25,2026-06-03 08:51:01
model3,2025-10-06,14,Insurance,0,4,0,4,2026-06-03 08:51:01
model3,2025-10-06,15,Automobiles & Parts,0,5,0,5,2026-06-03 08:51:01
model3,2025-10-06,16,Technology,0,5,0,5,2026-06-03 08:51:01
model3,2025-10-06,17,Oil & Gas,0,2,0,2,2026-06-03 08:51:01
model3,2025-10-06,18,Telecommunications,0,1,0,1,2026-06-03 08:51:01
model3,2025-10-07,0,Industrial Goods & Services,0,31,0,31,2026-06-03 08:51:01
model3,2025-10-07,1,Food & Beverage,0,30,0,30,2026-06-03 08:51:01
model3,2025-10-07,2,Banks,0,12,0,12,2026-06-03 08:51:01
model3,2025-10-07,3,Construction & Materials,0,60,3,63,2026-06-03 08:51:01
model3,2025-10-07,4,Basic Resources,0,18,0,18,2026-06-03 08:51:01
model3,2025-10-07,5,Media,0,6,0,6,2026-06-03 08:51:01
model3,2025-10-07,6,Retail,0,7,0,7,2026-06-03 08:51:01
model3,2025-10-07,7,Personal & Household Goods,0,8,0,8,2026-06-03 08:51:01
model3,2025-10-07,8,Real Estate,0,27,0,27,2026-06-03 08:51:01
model3,2025-10-07,9,Health Care,0,14,0,14,2026-06-03 08:51:01
model3,2025-10-07,10,Financial Services,0,11,0,11,2026-06-03 08:51:01
model3,2025-10-07,11,Chemicals,0,17,1,18,2026-06-03 08:51:01
model3,2025-10-07,12,Travel & Leisure,0,7,0,7,2026-06-03 08:51:01
model3,2025-10-07,13,Utilities,0,27,0,27,2026-06-03 08:51:01
model3,2025-10-07,14,Insurance,0,4,0,4,2026-06-03 08:51:01
model3,2025-10-07,15,Automobiles & Parts,0,4,0,4,2026-06-03 08:51:01
model3,2025-10-07,16,Technology,0,5,0,5,2026-06-03 08:51:01
model3,2025-10-07,17,Oil & Gas,0,2,0,2,2026-06-03 08:51:01
model3,2025-10-07,18,Telecommunications,0,1,0,1,2026-06-03 08:51:01
model3,2025-10-08,0,Industrial Goods & Services,0,29,0,29,2026-06-03 08:51:01
model3,2025-10-08,1,Food & Beverage,0,31,0,31,2026-06-03 08:51:01
model3,2025-10-08,2,Banks,0,12,0,12,2026-06-03 08:51:01
model3,2025-10-08,3,Construction & Materials,0,58,0,58,2026-06-03 08:51:01
model3,2025-10-08,4,Basic Resources,0,17,0,17,2026-06-03 08:51:01
model3,2025-10-08,5,Media,0,6,0,6,2026-06-03 08:51:01
model3,2025-10-08,6,Retail,0,7,0,7,2026-06-03 08:51:01
model3,2025-10-08,7,Personal & Household Goods,0,8,0,8,2026-06-03 08:51:01
model3,2025-10-08,8,Real Estate,0,28,0,28,2026-06-03 08:51:01
model3,2025-10-08,9,Health Care,0,13,0,13,2026-06-03 08:51:01
model3,2025-10-08,10,Financial Services,0,11,0,11,2026-06-03 08:51:01
model3,2025-10-08,11,Chemicals,0,18,0,18,2026-06-03 08:51:01
model3,2025-10-08,12,Travel & Leisure,0,7,0,7,2026-06-03 08:51:01
model3,2025-10-08,13,Utilities,0,26,1,27,2026-06-03 08:51:01
model3,2025-10-08,14,Insurance,0,3,0,3,2026-06-03 08:51:01
model3,2025-10-08,15,Automobiles & Parts,0,5,0,5,2026-06-03 08:51:01
model3,2025-10-08,16,Technology,0,6,0,6,2026-06-03 08:51:01
model3,2025-10-08,17,Oil & Gas,0,2,0,2,2026-06-03 08:51:01
model3,2025-10-08,18,Telecommunications,0,1,0,1,2026-06-03 08:51:01
model3,2025-10-09,0,Industrial Goods & Services,0,26,0,26,2026-06-03 08:51:01
model3,2025-10-09,1,Food & Beverage,0,29,1,30,2026-06-03 08:51:01
model3,2025-10-09,2,Banks,0,12,0,12,2026-06-03 08:51:01
model3,2025-10-09,3,Construction & Materials,0,61,1,62,2026-06-03 08:51:01
model3,2025-10-09,4,Basic Resources,0,18,0,18,2026-06-03 08:51:01
model3,2025-10-09,5,Media,0,2,1,3,2026-06-03 08:51:01
model3,2025-10-09,6,Retail,0,7,0,7,2026-06-03 08:51:01
model3,2025-10-09,7,Personal & Household Goods,1,8,0,9,2026-06-03 08:51:01
model3,2025-10-09,8,Real Estate,0,28,0,28,2026-06-03 08:51:01
model3,2025-10-09,9,Health Care,0,13,0,13,2026-06-03 08:51:01
model3,2025-10-09,10,Financial Services,0,10,0,10,2026-06-03 08:51:01
model3,2025-10-09,11,Chemicals,0,15,1,16,2026-06-03 08:51:01
model3,2025-10-09,12,Travel & Leisure,0,6,0,6,2026-06-03 08:51:01
model3,2025-10-09,13,Utilities,0,27,0,27,2026-06-03 08:51:01
model3,2025-10-09,14,Insurance,0,5,0,5,2026-06-03 08:51:01
model3,2025-10-09,15,Automobiles & Parts,0,4,0,4,2026-06-03 08:51:01
model3,2025-10-09,16,Technology,0,6,0,6,2026-06-03 08:51:01
model3,2025-10-09,17,Oil & Gas,0,2,0,2,2026-06-03 08:51:01
model3,2025-10-09,18,Telecommunications,0,1,0,1,2026-06-03 08:51:01
model3,2025-10-10,0,Industrial Goods & Services,1,34,0,35,2026-06-03 08:51:01
model3,2025-10-10,1,Food & Beverage,0,35,0,35,2026-06-03 08:51:01
model3,2025-10-10,2,Banks,0,12,0,12,2026-06-03 08:51:01
model3,2025-10-10,3,Construction & Materials,1,72,2,75,2026-06-03 08:51:01
model3,2025-10-10,4,Basic Resources,1,20,0,21,2026-06-03 08:51:01
model3,2025-10-10,5,Media,0,6,0,6,2026-06-03 08:51:01
model3,2025-10-10,6,Retail,0,9,0,9,2026-06-03 08:51:01
model3,2025-10-10,7,Personal & Household Goods,0,13,0,13,2026-06-03 08:51:01
model3,2025-10-10,8,Real Estate,0,30,1,31,2026-06-03 08:51:01
model3,2025-10-10,9,Health Care,1,15,0,16,2026-06-03 08:51:01
model3,2025-10-10,10,Financial Services,0,11,0,11,2026-06-03 08:51:01
model3,2025-10-10,11,Chemicals,0,18,0,18,2026-06-03 08:51:01
model3,2025-10-10,12,Travel & Leisure,0,9,1,10,2026-06-03 08:51:01
model3,2025-10-10,13,Utilities,0,25,1,26,2026-06-03 08:51:01
model3,2025-10-10,14,Insurance,0,4,0,4,2026-06-03 08:51:01
model3,2025-10-10,15,Automobiles & Parts,0,6,0,6,2026-06-03 08:51:01
model3,2025-10-10,16,Technology,0,6,1,7,2026-06-03 08:51:01
model3,2025-10-10,17,Oil & Gas,0,2,0,2,2026-06-03 08:51:01
model3,2025-10-10,18,Telecommunications,0,1,0,1,2026-06-03 08:51:01
model3,2025-10-13,0,Industrial Goods & Services,0,31,0,31,2026-06-03 08:51:01
model3,2025-10-13,1,Food & Beverage,0,30,0,30,2026-06-03 08:51:01
model3,2025-10-13,2,Banks,0,12,0,12,2026-06-03 08:51:01
model3,2025-10-13,3,Construction & Materials,0,63,0,63,2026-06-03 08:51:01
model3,2025-10-13,4,Basic Resources,0,19,0,19,2026-06-03 08:51:01
model3,2025-10-13,5,Media,1,6,0,7,2026-06-03 08:51:01
model3,2025-10-13,6,Retail,0,5,1,6,2026-06-03 08:51:01
model3,2025-10-13,7,Personal & Household Goods,0,5,0,5,2026-06-03 08:51:01
model3,2025-10-13,8,Real Estate,0,26,0,26,2026-06-03 08:51:01
model3,2025-10-13,9,Health Care,0,12,0,12,2026-06-03 08:51:01
model3,2025-10-13,10,Financial Services,0,11,0,11,2026-06-03 08:51:01
model3,2025-10-13,11,Chemicals,0,18,0,18,2026-06-03 08:51:01
model3,2025-10-13,12,Travel & Leisure,0,6,0,6,2026-06-03 08:51:01
model3,2025-10-13,13,Utilities,1,28,0,29,2026-06-03 08:51:01
model3,2025-10-13,14,Insurance,0,4,0,4,2026-06-03 08:51:01
model3,2025-10-13,15,Automobiles & Parts,0,4,0,4,2026-06-03 08:51:01
model3,2025-10-13,16,Technology,0,6,0,6,2026-06-03 08:51:01
model3,2025-10-13,17,Oil & Gas,0,2,0,2,2026-06-03 08:51:01
model3,2025-10-13,18,Telecommunications,0,1,0,1,2026-06-03 08:51:01
model3,2025-10-14,0,Industrial Goods & Services,0,34,0,34,2026-06-03 08:51:01
model3,2025-10-14,1,Food & Beverage,0,32,0,32,2026-06-03 08:51:01
model3,2025-10-14,2,Banks,0,12,0,12,2026-06-03 08:51:01
model3,2025-10-14,3,Construction & Materials,0,60,2,62,2026-06-03 08:51:01
model3,2025-10-14,4,Basic Resources,0,20,0,20,2026-06-03 08:51:01
model3,2025-10-14,5,Media,0,2,0,2,2026-06-03 08:51:01
model3,2025-10-14,6,Retail,0,6,0,6,2026-06-03 08:51:01
model3,2025-10-14,7,Personal & Household Goods,0,9,0,9,2026-06-03 08:51:01
model3,2025-10-14,8,Real Estate,1,29,0,30,2026-06-03 08:51:01
model3,2025-10-14,9,Health Care,0,15,0,15,2026-06-03 08:51:01
model3,2025-10-14,10,Financial Services,0,10,0,10,2026-06-03 08:51:01
model3,2025-10-14,11,Chemicals,0,18,1,19,2026-06-03 08:51:01
model3,2025-10-14,12,Travel & Leisure,0,9,0,9,2026-06-03 08:51:01
model3,2025-10-14,13,Utilities,0,24,0,24,2026-06-03 08:51:01
model3,2025-10-14,14,Insurance,0,5,0,5,2026-06-03 08:51:01
model3,2025-10-14,15,Automobiles & Parts,0,5,0,5,2026-06-03 08:51:01
model3,2025-10-14,16,Technology,0,7,0,7,2026-06-03 08:51:01
model3,2025-10-14,17,Oil & Gas,0,2,0,2,2026-06-03 08:51:01
model3,2025-10-14,18,Telecommunications,0,1,0,1,2026-06-03 08:51:01
model3,2025-10-15,0,Industrial Goods & Services,1,31,0,32,2026-06-03 08:51:01
model3,2025-10-15,1,Food & Beverage,0,31,1,32,2026-06-03 08:51:01
model3,2025-10-15,2,Banks,0,12,0,12,2026-06-03 08:51:01
model3,2025-10-15,3,Construction & Materials,1,60,0,61,2026-06-03 08:51:01
model3,2025-10-15,4,Basic Resources,0,19,0,19,2026-06-03 08:51:01
model3,2025-10-15,5,Media,0,6,0,6,2026-06-03 08:51:01
model3,2025-10-15,6,Retail,0,7,0,7,2026-06-03 08:51:01
model3,2025-10-15,7,Personal & Household Goods,0,8,0,8,2026-06-03 08:51:01
model3,2025-10-15,8,Real Estate,0,27,0,27,2026-06-03 08:51:01
model3,2025-10-15,9,Health Care,0,13,0,13,2026-06-03 08:51:01
model3,2025-10-15,10,Financial Services,0,10,0,10,2026-06-03 08:51:01
model3,2025-10-15,11,Chemicals,0,20,0,20,2026-06-03 08:51:01
model3,2025-10-15,12,Travel & Leisure,0,8,0,8,2026-06-03 08:51:01
model3,2025-10-15,13,Utilities,0,23,2,25,2026-06-03 08:51:01
model3,2025-10-15,14,Insurance,0,5,0,5,2026-06-03 08:51:01
model3,2025-10-15,15,Automobiles & Parts,0,4,0,4,2026-06-03 08:51:01
model3,2025-10-15,16,Technology,0,6,0,6,2026-06-03 08:51:01
model3,2025-10-15,17,Oil & Gas,0,2,0,2,2026-06-03 08:51:01
model3,2025-10-15,18,Telecommunications,0,1,0,1,2026-06-03 08:51:01
model3,2025-10-16,0,Industrial Goods & Services,1,27,3,31,2026-06-03 08:51:01
model3,2025-10-16,1,Food & Beverage,0,31,0,31,2026-06-03 08:51:01
model3,2025-10-16,2,Banks,0,12,0,12,2026-06-03 08:51:01
model3,2025-10-16,3,Construction & Materials,0,58,2,60,2026-06-03 08:51:01
model3,2025-10-16,4,Basic Resources,0,18,0,18,2026-06-03 08:51:01
model3,2025-10-16,5,Media,0,3,0,3,2026-06-03 08:51:01
model3,2025-10-16,6,Retail,0,6,0,6,2026-06-03 08:51:01
model3,2025-10-16,7,Personal & Household Goods,0,10,0,10,2026-06-03 08:51:01
model3,2025-10-16,8,Real Estate,0,27,0,27,2026-06-03 08:51:01
model3,2025-10-16,9,Health Care,0,15,0,15,2026-06-03 08:51:01
model3,2025-10-16,10,Financial Services,0,10,0,10,2026-06-03 08:51:01
model3,2025-10-16,11,Chemicals,0,19,0,19,2026-06-03 08:51:01
model3,2025-10-16,12,Travel & Leisure,0,8,0,8,2026-06-03 08:51:01
model3,2025-10-16,13,Utilities,0,24,1,25,2026-06-03 08:51:01
model3,2025-10-16,14,Insurance,0,5,0,5,2026-06-03 08:51:01
model3,2025-10-16,15,Automobiles & Parts,0,6,0,6,2026-06-03 08:51:01
model3,2025-10-16,16,Technology,0,6,0,6,2026-06-03 08:51:01
model3,2025-10-16,17,Oil & Gas,0,1,0,1,2026-06-03 08:51:01
model3,2025-10-16,18,Telecommunications,0,1,0,1,2026-06-03 08:51:01
model3,2025-10-17,0,Industrial Goods & Services,0,31,3,34,2026-06-03 08:51:01
model3,2025-10-17,1,Food & Beverage,1,35,0,36,2026-06-03 08:51:01
model3,2025-10-17,2,Banks,0,12,0,12,2026-06-03 08:51:01
model3,2025-10-17,3,Construction & Materials,2,72,1,75,2026-06-03 08:51:01
model3,2025-10-17,4,Basic Resources,0,22,0,22,2026-06-03 08:51:01
model3,2025-10-17,5,Media,0,3,0,3,2026-06-03 08:51:01
model3,2025-10-17,6,Retail,0,8,0,8,2026-06-03 08:51:01
model3,2025-10-17,7,Personal & Household Goods,0,10,0,10,2026-06-03 08:51:01
model3,2025-10-17,8,Real Estate,1,32,0,33,2026-06-03 08:51:01
model3,2025-10-17,9,Health Care,0,15,0,15,2026-06-03 08:51:01
model3,2025-10-17,10,Financial Services,0,11,0,11,2026-06-03 08:51:01
model3,2025-10-17,11,Chemicals,0,17,0,17,2026-06-03 08:51:01
model3,2025-10-17,12,Travel & Leisure,0,8,0,8,2026-06-03 08:51:01
model3,2025-10-17,13,Utilities,0,24,1,25,2026-06-03 08:51:01
model3,2025-10-17,14,Insurance,0,5,0,5,2026-06-03 08:51:01
model3,2025-10-17,15,Automobiles & Parts,0,6,0,6,2026-06-03 08:51:01
model3,2025-10-17,16,Technology,0,7,0,7,2026-06-03 08:51:01
model3,2025-10-17,17,Oil & Gas,0,2,0,2,2026-06-03 08:51:01
model3,2025-10-17,18,Telecommunications,0,1,0,1,2026-06-03 08:51:01
model3,2025-10-20,0,Industrial Goods & Services,0,30,0,30,2026-06-03 08:51:01
model3,2025-10-20,1,Food & Beverage,0,30,0,30,2026-06-03 08:51:01
model3,2025-10-20,2,Banks,0,12,0,12,2026-06-03 08:51:01
model3,2025-10-20,3,Construction & Materials,1,61,0,62,2026-06-03 08:51:01
model3,2025-10-20,4,Basic Resources,0,18,0,18,2026-06-03 08:51:01
model3,2025-10-20,5,Media,0,4,0,4,2026-06-03 08:51:01
model3,2025-10-20,6,Retail,0,7,0,7,2026-06-03 08:51:01
model3,2025-10-20,7,Personal & Household Goods,0,8,0,8,2026-06-03 08:51:01
model3,2025-10-20,8,Real Estate,0,28,0,28,2026-06-03 08:51:01
model3,2025-10-20,9,Health Care,0,11,0,11,2026-06-03 08:51:01
model3,2025-10-20,10,Financial Services,0,10,0,10,2026-06-03 08:51:01
model3,2025-10-20,11,Chemicals,0,17,0,17,2026-06-03 08:51:01
model3,2025-10-20,12,Travel & Leisure,0,8,0,8,2026-06-03 08:51:01
model3,2025-10-20,13,Utilities,1,24,1,26,2026-06-03 08:51:01
model3,2025-10-20,14,Insurance,0,5,0,5,2026-06-03 08:51:01
model3,2025-10-20,15,Automobiles & Parts,0,4,0,4,2026-06-03 08:51:01
model3,2025-10-20,16,Technology,0,6,0,6,2026-06-03 08:51:01
model3,2025-10-20,17,Oil & Gas,0,2,0,2,2026-06-03 08:51:01
model3,2025-10-21,0,Industrial Goods & Services,0,32,1,33,2026-06-03 08:51:01
model3,2025-10-21,1,Food & Beverage,0,31,1,32,2026-06-03 08:51:01
model3,2025-10-21,2,Banks,0,12,0,12,2026-06-03 08:51:01
model3,2025-10-21,3,Construction & Materials,1,59,0,60,2026-06-03 08:51:01
model3,2025-10-21,4,Basic Resources,0,18,0,18,2026-06-03 08:51:01
model3,2025-10-21,5,Media,0,3,0,3,2026-06-03 08:51:01
model3,2025-10-21,6,Retail,0,7,0,7,2026-06-03 08:51:01
model3,2025-10-21,7,Personal & Household Goods,0,11,0,11,2026-06-03 08:51:01
model3,2025-10-21,8,Real Estate,1,27,0,28,2026-06-03 08:51:01
model3,2025-10-21,9,Health Care,0,12,0,12,2026-06-03 08:51:01
model3,2025-10-21,10,Financial Services,0,9,0,9,2026-06-03 08:51:01
model3,2025-10-21,11,Chemicals,0,17,0,17,2026-06-03 08:51:01
model3,2025-10-21,12,Travel & Leisure,0,8,1,9,2026-06-03 08:51:01
model3,2025-10-21,13,Utilities,1,23,2,26,2026-06-03 08:51:01
model3,2025-10-21,14,Insurance,0,5,0,5,2026-06-03 08:51:01
model3,2025-10-21,15,Automobiles & Parts,0,4,0,4,2026-06-03 08:51:01
model3,2025-10-21,16,Technology,0,5,0,5,2026-06-03 08:51:01
model3,2025-10-21,17,Oil & Gas,0,2,0,2,2026-06-03 08:51:01
model3,2025-10-21,18,Telecommunications,0,1,0,1,2026-06-03 08:51:01
model3,2025-10-22,0,Industrial Goods & Services,1,31,0,32,2026-06-03 08:51:01
model3,2025-10-22,1,Food & Beverage,0,30,0,30,2026-06-03 08:51:01
model3,2025-10-22,2,Banks,0,11,0,11,2026-06-03 08:51:01
model3,2025-10-22,3,Construction & Materials,1,62,0,63,2026-06-03 08:51:01
model3,2025-10-22,4,Basic Resources,0,20,0,20,2026-06-03 08:51:01
model3,2025-10-22,5,Media,0,2,0,2,2026-06-03 08:51:01
model3,2025-10-22,6,Retail,0,7,0,7,2026-06-03 08:51:01
model3,2025-10-22,7,Personal & Household Goods,0,9,1,10,2026-06-03 08:51:01
model3,2025-10-22,8,Real Estate,0,26,1,27,2026-06-03 08:51:01
model3,2025-10-22,9,Health Care,1,11,0,12,2026-06-03 08:51:01
model3,2025-10-22,10,Financial Services,0,10,0,10,2026-06-03 08:51:01
model3,2025-10-22,11,Chemicals,0,17,0,17,2026-06-03 08:51:01
model3,2025-10-22,12,Travel & Leisure,0,8,0,8,2026-06-03 08:51:01
model3,2025-10-22,13,Utilities,0,26,1,27,2026-06-03 08:51:01
model3,2025-10-22,14,Insurance,0,5,0,5,2026-06-03 08:51:01
model3,2025-10-22,15,Automobiles & Parts,0,3,0,3,2026-06-03 08:51:01
model3,2025-10-22,16,Technology,0,5,1,6,2026-06-03 08:51:01
model3,2025-10-22,17,Oil & Gas,0,2,0,2,2026-06-03 08:51:01
model3,2025-10-22,18,Telecommunications,0,1,0,1,2026-06-03 08:51:01
model3,2025-10-23,0,Industrial Goods & Services,0,31,1,32,2026-06-03 08:51:01
model3,2025-10-23,1,Food & Beverage,0,27,1,28,2026-06-03 08:51:01
model3,2025-10-23,2,Banks,0,12,0,12,2026-06-03 08:51:01
model3,2025-10-23,3,Construction & Materials,2,57,0,59,2026-06-03 08:51:01
model3,2025-10-23,4,Basic Resources,0,21,0,21,2026-06-03 08:51:01
model3,2025-10-23,5,Media,0,2,0,2,2026-06-03 08:51:01
model3,2025-10-23,6,Retail,0,6,0,6,2026-06-03 08:51:01
model3,2025-10-23,7,Personal & Household Goods,0,8,0,8,2026-06-03 08:51:01
model3,2025-10-23,8,Real Estate,0,25,0,25,2026-06-03 08:51:01
model3,2025-10-23,9,Health Care,0,11,0,11,2026-06-03 08:51:01
model3,2025-10-23,10,Financial Services,1,10,0,11,2026-06-03 08:51:01
model3,2025-10-23,11,Chemicals,0,17,0,17,2026-06-03 08:51:01
model3,2025-10-23,12,Travel & Leisure,0,6,0,6,2026-06-03 08:51:01
model3,2025-10-23,13,Utilities,0,21,2,23,2026-06-03 08:51:01
model3,2025-10-23,14,Insurance,0,4,0,4,2026-06-03 08:51:01
model3,2025-10-23,15,Automobiles & Parts,0,4,0,4,2026-06-03 08:51:01
model3,2025-10-23,16,Technology,0,5,1,6,2026-06-03 08:51:01
model3,2025-10-23,17,Oil & Gas,0,2,0,2,2026-06-03 08:51:01
model3,2025-10-23,18,Telecommunications,0,1,0,1,2026-06-03 08:51:01
model3,2025-10-24,0,Industrial Goods & Services,2,34,1,37,2026-06-03 08:51:01
model3,2025-10-24,1,Food & Beverage,1,32,0,33,2026-06-03 08:51:01
model3,2025-10-24,2,Banks,0,12,0,12,2026-06-03 08:51:01
model3,2025-10-24,3,Construction & Materials,1,72,0,73,2026-06-03 08:51:01
model3,2025-10-24,4,Basic Resources,0,21,0,21,2026-06-03 08:51:01
model3,2025-10-24,5,Media,0,1,0,1,2026-06-03 08:51:01
model3,2025-10-24,6,Retail,0,7,0,7,2026-06-03 08:51:01
model3,2025-10-24,7,Personal & Household Goods,0,10,1,11,2026-06-03 08:51:01
model3,2025-10-24,8,Real Estate,0,30,0,30,2026-06-03 08:51:01
model3,2025-10-24,9,Health Care,0,15,0,15,2026-06-03 08:51:01
model3,2025-10-24,10,Financial Services,0,12,0,12,2026-06-03 08:51:01
model3,2025-10-24,11,Chemicals,0,18,0,18,2026-06-03 08:51:01
model3,2025-10-24,12,Travel & Leisure,0,7,0,7,2026-06-03 08:51:01
model3,2025-10-24,13,Utilities,0,25,0,25,2026-06-03 08:51:01
model3,2025-10-24,14,Insurance,0,4,0,4,2026-06-03 08:51:01
model3,2025-10-24,15,Automobiles & Parts,0,6,0,6,2026-06-03 08:51:01
model3,2025-10-24,16,Technology,0,6,0,6,2026-06-03 08:51:01
model3,2025-10-24,17,Oil & Gas,0,1,0,1,2026-06-03 08:51:01
model3,2025-10-24,18,Telecommunications,0,1,0,1,2026-06-03 08:51:01
model3,2025-10-27,0,Industrial Goods & Services,0,35,0,35,2026-06-03 08:51:01
model3,2025-10-27,1,Food & Beverage,0,28,1,29,2026-06-03 08:51:01
model3,2025-10-27,2,Banks,0,12,0,12,2026-06-03 08:51:01
model3,2025-10-27,3,Construction & Materials,0,58,0,58,2026-06-03 08:51:01
model3,2025-10-27,4,Basic Resources,0,19,0,19,2026-06-03 08:51:01
model3,2025-10-27,5,Media,0,2,0,2,2026-06-03 08:51:01
model3,2025-10-27,6,Retail,0,5,0,5,2026-06-03 08:51:01
model3,2025-10-27,7,Personal & Household Goods,0,8,0,8,2026-06-03 08:51:01
model3,2025-10-27,8,Real Estate,0,24,1,25,2026-06-03 08:51:01
model3,2025-10-27,9,Health Care,0,13,0,13,2026-06-03 08:51:01
model3,2025-10-27,10,Financial Services,0,10,0,10,2026-06-03 08:51:01
model3,2025-10-27,11,Chemicals,0,17,0,17,2026-06-03 08:51:01
model3,2025-10-27,12,Travel & Leisure,0,6,0,6,2026-06-03 08:51:01
model3,2025-10-27,13,Utilities,1,26,1,28,2026-06-03 08:51:01
model3,2025-10-27,14,Insurance,0,5,0,5,2026-06-03 08:51:01
model3,2025-10-27,15,Automobiles & Parts,0,6,0,6,2026-06-03 08:51:01
model3,2025-10-27,16,Technology,0,6,0,6,2026-06-03 08:51:01
model3,2025-10-27,17,Oil & Gas,0,2,0,2,2026-06-03 08:51:01
model3,2025-10-27,18,Telecommunications,0,1,0,1,2026-06-03 08:51:01
model3,2025-10-28,0,Industrial Goods & Services,0,29,1,30,2026-06-03 08:51:01
model3,2025-10-28,1,Food & Beverage,0,30,0,30,2026-06-03 08:51:01
model3,2025-10-28,2,Banks,0,12,0,12,2026-06-03 08:51:01
model3,2025-10-28,3,Construction & Materials,0,56,1,57,2026-06-03 08:51:01
model3,2025-10-28,4,Basic Resources,0,17,0,17,2026-06-03 08:51:01
model3,2025-10-28,5,Media,0,3,2,5,2026-06-03 08:51:01
model3,2025-10-28,6,Retail,0,6,0,6,2026-06-03 08:51:01
model3,2025-10-28,7,Personal & Household Goods,0,7,0,7,2026-06-03 08:51:01
model3,2025-10-28,8,Real Estate,0,27,0,27,2026-06-03 08:51:01
model3,2025-10-28,9,Health Care,1,14,1,16,2026-06-03 08:51:01
model3,2025-10-28,10,Financial Services,0,11,0,11,2026-06-03 08:51:01
model3,2025-10-28,11,Chemicals,0,18,0,18,2026-06-03 08:51:01
model3,2025-10-28,12,Travel & Leisure,0,7,1,8,2026-06-03 08:51:01
model3,2025-10-28,13,Utilities,1,22,1,24,2026-06-03 08:51:01
model3,2025-10-28,14,Insurance,0,5,0,5,2026-06-03 08:51:01
model3,2025-10-28,15,Automobiles & Parts,0,4,0,4,2026-06-03 08:51:01
model3,2025-10-28,16,Technology,0,6,0,6,2026-06-03 08:51:01
model3,2025-10-28,17,Oil & Gas,0,1,0,1,2026-06-03 08:51:01
model3,2025-10-28,18,Telecommunications,0,1,0,1,2026-06-03 08:51:01
model3,2025-10-29,0,Industrial Goods & Services,0,30,1,31,2026-06-03 08:51:01
model3,2025-10-29,1,Food & Beverage,0,30,0,30,2026-06-03 08:51:01
model3,2025-10-29,2,Banks,0,12,0,12,2026-06-03 08:51:01
model3,2025-10-29,3,Construction & Materials,0,62,0,62,2026-06-03 08:51:01
model3,2025-10-29,4,Basic Resources,0,19,0,19,2026-06-03 08:51:01
model3,2025-10-29,5,Media,0,3,0,3,2026-06-03 08:51:01
model3,2025-10-29,6,Retail,0,7,0,7,2026-06-03 08:51:01
model3,2025-10-29,7,Personal & Household Goods,0,8,0,8,2026-06-03 08:51:01
model3,2025-10-29,8,Real Estate,0,24,0,24,2026-06-03 08:51:01
model3,2025-10-29,9,Health Care,0,14,2,16,2026-06-03 08:51:01
model3,2025-10-29,10,Financial Services,0,10,0,10,2026-06-03 08:51:01
model3,2025-10-29,11,Chemicals,0,15,1,16,2026-06-03 08:51:01
model3,2025-10-29,12,Travel & Leisure,0,7,0,7,2026-06-03 08:51:01
model3,2025-10-29,13,Utilities,0,24,1,25,2026-06-03 08:51:01
model3,2025-10-29,14,Insurance,0,4,0,4,2026-06-03 08:51:01
model3,2025-10-29,15,Automobiles & Parts,0,5,1,6,2026-06-03 08:51:01
model3,2025-10-29,16,Technology,0,6,0,6,2026-06-03 08:51:01
model3,2025-10-29,17,Oil & Gas,0,2,0,2,2026-06-03 08:51:01
model3,2025-10-29,18,Telecommunications,0,1,0,1,2026-06-03 08:51:01
model3,2025-10-30,0,Industrial Goods & Services,1,31,1,33,2026-06-03 08:51:01
model3,2025-10-30,1,Food & Beverage,0,30,2,32,2026-06-03 08:51:01
model3,2025-10-30,2,Banks,0,12,0,12,2026-06-03 08:51:01
model3,2025-10-30,3,Construction & Materials,1,61,0,62,2026-06-03 08:51:01
model3,2025-10-30,4,Basic Resources,0,19,0,19,2026-06-03 08:51:01
model3,2025-10-30,5,Media,0,2,0,2,2026-06-03 08:51:01
model3,2025-10-30,6,Retail,0,6,0,6,2026-06-03 08:51:01
model3,2025-10-30,7,Personal & Household Goods,0,7,0,7,2026-06-03 08:51:01
model3,2025-10-30,8,Real Estate,0,27,1,28,2026-06-03 08:51:01
model3,2025-10-30,9,Health Care,0,13,0,13,2026-06-03 08:51:01
model3,2025-10-30,10,Financial Services,0,10,0,10,2026-06-03 08:51:01
model3,2025-10-30,11,Chemicals,0,17,1,18,2026-06-03 08:51:01
model3,2025-10-30,12,Travel & Leisure,0,6,0,6,2026-06-03 08:51:01
model3,2025-10-30,13,Utilities,0,27,0,27,2026-06-03 08:51:01
model3,2025-10-30,14,Insurance,0,5,0,5,2026-06-03 08:51:01
model3,2025-10-30,15,Automobiles & Parts,0,6,0,6,2026-06-03 08:51:01
model3,2025-10-30,16,Technology,0,7,0,7,2026-06-03 08:51:01
model3,2025-10-30,17,Oil & Gas,0,2,0,2,2026-06-03 08:51:01
model3,2025-10-30,18,Telecommunications,0,1,0,1,2026-06-03 08:51:01
model3,2025-10-31,0,Industrial Goods & Services,0,35,2,37,2026-06-03 08:51:01
model3,2025-10-31,1,Food & Beverage,1,34,0,35,2026-06-03 08:51:01
model3,2025-10-31,2,Banks,0,12,0,12,2026-06-03 08:51:01
model3,2025-10-31,3,Construction & Materials,0,69,2,71,2026-06-03 08:51:01
model3,2025-10-31,4,Basic Resources,0,22,0,22,2026-06-03 08:51:01
model3,2025-10-31,5,Media,0,3,0,3,2026-06-03 08:51:01
model3,2025-10-31,6,Retail,0,7,0,7,2026-06-03 08:51:01
model3,2025-10-31,7,Personal & Household Goods,0,13,0,13,2026-06-03 08:51:01
model3,2025-10-31,8,Real Estate,0,31,1,32,2026-06-03 08:51:01
model3,2025-10-31,9,Health Care,0,13,0,13,2026-06-03 08:51:01
model3,2025-10-31,10,Financial Services,0,12,0,12,2026-06-03 08:51:01
model3,2025-10-31,11,Chemicals,0,19,0,19,2026-06-03 08:51:01
model3,2025-10-31,12,Travel & Leisure,0,8,0,8,2026-06-03 08:51:01
model3,2025-10-31,13,Utilities,1,27,1,29,2026-06-03 08:51:01
model3,2025-10-31,14,Insurance,0,5,0,5,2026-06-03 08:51:01
model3,2025-10-31,15,Automobiles & Parts,0,6,0,6,2026-06-03 08:51:01
model3,2025-10-31,16,Technology,0,7,0,7,2026-06-03 08:51:01
model3,2025-10-31,17,Oil & Gas,0,2,0,2,2026-06-03 08:51:01
model3,2025-10-31,18,Telecommunications,0,1,0,1,2026-06-03 08:51:01
model3,2025-11-03,0,Industrial Goods & Services,0,32,0,32,2026-06-03 08:51:01
model3,2025-11-03,1,Food & Beverage,0,32,0,32,2026-06-03 08:51:01
model3,2025-11-03,2,Banks,0,12,0,12,2026-06-03 08:51:01
model3,2025-11-03,3,Construction & Materials,1,57,0,58,2026-06-03 08:51:01
model3,2025-11-03,4,Basic Resources,0,18,0,18,2026-06-03 08:51:01
model3,2025-11-03,5,Media,0,1,0,1,2026-06-03 08:51:01
model3,2025-11-03,6,Retail,0,7,0,7,2026-06-03 08:51:01
model3,2025-11-03,7,Personal & Household Goods,0,8,0,8,2026-06-03 08:51:01
model3,2025-11-03,8,Real Estate,0,26,1,27,2026-06-03 08:51:01
model3,2025-11-03,9,Health Care,0,14,0,14,2026-06-03 08:51:01
model3,2025-11-03,10,Financial Services,0,11,0,11,2026-06-03 08:51:01
model3,2025-11-03,11,Chemicals,1,18,0,19,2026-06-03 08:51:01
model3,2025-11-03,12,Travel & Leisure,0,7,0,7,2026-06-03 08:51:01
model3,2025-11-03,13,Utilities,0,25,1,26,2026-06-03 08:51:01
model3,2025-11-03,14,Insurance,0,5,0,5,2026-06-03 08:51:01
model3,2025-11-03,15,Automobiles & Parts,0,6,0,6,2026-06-03 08:51:01
model3,2025-11-03,16,Technology,0,8,0,8,2026-06-03 08:51:01
model3,2025-11-03,17,Oil & Gas,0,2,0,2,2026-06-03 08:51:01
model3,2025-11-03,18,Telecommunications,0,1,0,1,2026-06-03 08:51:01
model3,2025-11-04,0,Industrial Goods & Services,0,31,0,31,2026-06-03 08:51:01
model3,2025-11-04,1,Food & Beverage,0,29,0,29,2026-06-03 08:51:01
model3,2025-11-04,2,Banks,0,12,0,12,2026-06-03 08:51:01
model3,2025-11-04,3,Construction & Materials,0,57,0,57,2026-06-03 08:51:01
model3,2025-11-04,4,Basic Resources,0,20,0,20,2026-06-03 08:51:01
model3,2025-11-04,5,Media,0,2,0,2,2026-06-03 08:51:01
model3,2025-11-04,6,Retail,0,4,0,4,2026-06-03 08:51:01
model3,2025-11-04,7,Personal & Household Goods,0,9,0,9,2026-06-03 08:51:01
model3,2025-11-04,8,Real Estate,0,25,0,25,2026-06-03 08:51:01
model3,2025-11-04,9,Health Care,0,14,0,14,2026-06-03 08:51:01
model3,2025-11-04,10,Financial Services,0,11,0,11,2026-06-03 08:51:01
model3,2025-11-04,11,Chemicals,1,17,0,18,2026-06-03 08:51:01
model3,2025-11-04,12,Travel & Leisure,0,6,0,6,2026-06-03 08:51:01
model3,2025-11-04,13,Utilities,0,24,2,26,2026-06-03 08:51:01
model3,2025-11-04,14,Insurance,0,5,0,5,2026-06-03 08:51:01
model3,2025-11-04,15,Automobiles & Parts,0,3,1,4,2026-06-03 08:51:01
model3,2025-11-04,16,Technology,0,6,0,6,2026-06-03 08:51:01
model3,2025-11-04,17,Oil & Gas,0,2,0,2,2026-06-03 08:51:01
model3,2025-11-04,18,Telecommunications,0,1,0,1,2026-06-03 08:51:01
model3,2025-11-05,0,Industrial Goods & Services,0,31,1,32,2026-06-03 08:51:01
model3,2025-11-05,1,Food & Beverage,0,31,0,31,2026-06-03 08:51:01
model3,2025-11-05,2,Banks,0,12,0,12,2026-06-03 08:51:01
model3,2025-11-05,3,Construction & Materials,0,57,4,61,2026-06-03 08:51:01
model3,2025-11-05,4,Basic Resources,0,19,0,19,2026-06-03 08:51:01
model3,2025-11-05,5,Media,0,2,0,2,2026-06-03 08:51:01
model3,2025-11-05,6,Retail,0,7,0,7,2026-06-03 08:51:01
model3,2025-11-05,7,Personal & Household Goods,0,8,0,8,2026-06-03 08:51:01
model3,2025-11-05,8,Real Estate,0,26,2,28,2026-06-03 08:51:01
model3,2025-11-05,9,Health Care,0,12,0,12,2026-06-03 08:51:01
model3,2025-11-05,10,Financial Services,0,10,0,10,2026-06-03 08:51:01
model3,2025-11-05,11,Chemicals,0,16,0,16,2026-06-03 08:51:01
model3,2025-11-05,12,Travel & Leisure,0,7,0,7,2026-06-03 08:51:01
model3,2025-11-05,13,Utilities,1,21,3,25,2026-06-03 08:51:01
model3,2025-11-05,14,Insurance,0,5,0,5,2026-06-03 08:51:01
model3,2025-11-05,15,Automobiles & Parts,0,5,0,5,2026-06-03 08:51:01
model3,2025-11-05,16,Technology,0,5,0,5,2026-06-03 08:51:01
model3,2025-11-05,17,Oil & Gas,0,2,0,2,2026-06-03 08:51:01
model3,2025-11-05,18,Telecommunications,0,1,0,1,2026-06-03 08:51:01
model3,2025-11-06,0,Industrial Goods & Services,1,30,1,32,2026-06-03 08:51:01
model3,2025-11-06,1,Food & Beverage,1,33,0,34,2026-06-03 08:51:01
model3,2025-11-06,2,Banks,0,12,0,12,2026-06-03 08:51:01
model3,2025-11-06,3,Construction & Materials,0,57,1,58,2026-06-03 08:51:01
model3,2025-11-06,4,Basic Resources,0,19,0,19,2026-06-03 08:51:01
model3,2025-11-06,5,Media,0,5,0,5,2026-06-03 08:51:01
model3,2025-11-06,6,Retail,0,5,0,5,2026-06-03 08:51:01
model3,2025-11-06,7,Personal & Household Goods,0,9,0,9,2026-06-03 08:51:01
model3,2025-11-06,8,Real Estate,1,23,1,25,2026-06-03 08:51:01
model3,2025-11-06,9,Health Care,0,12,0,12,2026-06-03 08:51:01
model3,2025-11-06,10,Financial Services,0,11,0,11,2026-06-03 08:51:01
model3,2025-11-06,11,Chemicals,0,18,0,18,2026-06-03 08:51:01
model3,2025-11-06,12,Travel & Leisure,0,7,0,7,2026-06-03 08:51:01
model3,2025-11-06,13,Utilities,0,22,0,22,2026-06-03 08:51:01
model3,2025-11-06,14,Insurance,0,4,0,4,2026-06-03 08:51:01
model3,2025-11-06,15,Automobiles & Parts,1,4,0,5,2026-06-03 08:51:01
model3,2025-11-06,16,Technology,0,5,0,5,2026-06-03 08:51:01
model3,2025-11-06,17,Oil & Gas,0,2,0,2,2026-06-03 08:51:01
model3,2025-11-06,18,Telecommunications,0,1,0,1,2026-06-03 08:51:01
model3,2025-11-07,0,Industrial Goods & Services,2,35,0,37,2026-06-03 08:51:01
model3,2025-11-07,1,Food & Beverage,0,36,0,36,2026-06-03 08:51:01
model3,2025-11-07,2,Banks,0,12,0,12,2026-06-03 08:51:01
model3,2025-11-07,3,Construction & Materials,1,66,2,69,2026-06-03 08:51:01
model3,2025-11-07,4,Basic Resources,0,21,0,21,2026-06-03 08:51:01
model3,2025-11-07,5,Media,0,2,0,2,2026-06-03 08:51:01
model3,2025-11-07,6,Retail,0,6,0,6,2026-06-03 08:51:01
model3,2025-11-07,7,Personal & Household Goods,0,12,0,12,2026-06-03 08:51:01
model3,2025-11-07,8,Real Estate,0,32,1,33,2026-06-03 08:51:01
model3,2025-11-07,9,Health Care,0,12,0,12,2026-06-03 08:51:01
model3,2025-11-07,10,Financial Services,0,11,0,11,2026-06-03 08:51:01
model3,2025-11-07,11,Chemicals,0,17,0,17,2026-06-03 08:51:01
model3,2025-11-07,12,Travel & Leisure,0,8,0,8,2026-06-03 08:51:01
model3,2025-11-07,13,Utilities,0,20,2,22,2026-06-03 08:51:01
model3,2025-11-07,14,Insurance,0,4,0,4,2026-06-03 08:51:01
model3,2025-11-07,15,Automobiles & Parts,0,6,0,6,2026-06-03 08:51:01
model3,2025-11-07,16,Technology,0,6,0,6,2026-06-03 08:51:01
model3,2025-11-07,17,Oil & Gas,0,2,0,2,2026-06-03 08:51:01
model3,2025-11-07,18,Telecommunications,0,1,0,1,2026-06-03 08:51:01
model3,2025-11-10,0,Industrial Goods & Services,0,32,0,32,2026-06-03 08:51:01
model3,2025-11-10,1,Food & Beverage,0,29,0,29,2026-06-03 08:51:01
model3,2025-11-10,2,Banks,0,12,0,12,2026-06-03 08:51:01
model3,2025-11-10,3,Construction & Materials,1,57,0,58,2026-06-03 08:51:01
model3,2025-11-10,4,Basic Resources,0,16,0,16,2026-06-03 08:51:01
model3,2025-11-10,5,Media,0,4,0,4,2026-06-03 08:51:01
model3,2025-11-10,6,Retail,0,5,0,5,2026-06-03 08:51:01
model3,2025-11-10,7,Personal & Household Goods,1,8,0,9,2026-06-03 08:51:01
model3,2025-11-10,8,Real Estate,0,25,1,26,2026-06-03 08:51:01
model3,2025-11-10,9,Health Care,0,13,1,14,2026-06-03 08:51:01
model3,2025-11-10,10,Financial Services,0,10,0,10,2026-06-03 08:51:01
model3,2025-11-10,11,Chemicals,0,20,0,20,2026-06-03 08:51:01
model3,2025-11-10,12,Travel & Leisure,0,6,2,8,2026-06-03 08:51:01
model3,2025-11-10,13,Utilities,1,21,1,23,2026-06-03 08:51:01
model3,2025-11-10,14,Insurance,0,4,0,4,2026-06-03 08:51:01
model3,2025-11-10,15,Automobiles & Parts,0,6,0,6,2026-06-03 08:51:01
model3,2025-11-10,16,Technology,0,5,0,5,2026-06-03 08:51:01
model3,2025-11-10,17,Oil & Gas,0,2,0,2,2026-06-03 08:51:01
model3,2025-11-10,18,Telecommunications,0,1,0,1,2026-06-03 08:51:01
model3,2025-11-11,0,Industrial Goods & Services,0,30,0,30,2026-06-03 08:51:01
model3,2025-11-11,1,Food & Beverage,0,30,1,31,2026-06-03 08:51:01
model3,2025-11-11,2,Banks,0,12,0,12,2026-06-03 08:51:01
model3,2025-11-11,3,Construction & Materials,0,51,1,52,2026-06-03 08:51:01
model3,2025-11-11,4,Basic Resources,0,19,0,19,2026-06-03 08:51:01
model3,2025-11-11,5,Media,0,3,0,3,2026-06-03 08:51:01
model3,2025-11-11,6,Retail,0,6,0,6,2026-06-03 08:51:01
model3,2025-11-11,7,Personal & Household Goods,0,7,0,7,2026-06-03 08:51:01
model3,2025-11-11,8,Real Estate,0,26,0,26,2026-06-03 08:51:01
model3,2025-11-11,9,Health Care,0,12,0,12,2026-06-03 08:51:01
model3,2025-11-11,10,Financial Services,0,11,0,11,2026-06-03 08:51:01
model3,2025-11-11,11,Chemicals,0,16,1,17,2026-06-03 08:51:01
model3,2025-11-11,12,Travel & Leisure,0,7,0,7,2026-06-03 08:51:01
model3,2025-11-11,13,Utilities,0,19,3,22,2026-06-03 08:51:01
model3,2025-11-11,14,Insurance,0,4,0,4,2026-06-03 08:51:01
model3,2025-11-11,15,Automobiles & Parts,0,6,0,6,2026-06-03 08:51:01
model3,2025-11-11,16,Technology,0,5,0,5,2026-06-03 08:51:01
model3,2025-11-11,17,Oil & Gas,0,2,0,2,2026-06-03 08:51:01
model3,2025-11-11,18,Telecommunications,0,1,0,1,2026-06-03 08:51:01
model3,2025-11-12,0,Industrial Goods & Services,0,30,1,31,2026-06-03 08:51:01
model3,2025-11-12,1,Food & Beverage,0,33,0,33,2026-06-03 08:51:01
model3,2025-11-12,2,Banks,0,12,0,12,2026-06-03 08:51:01
model3,2025-11-12,3,Construction & Materials,0,57,0,57,2026-06-03 08:51:01
model3,2025-11-12,4,Basic Resources,0,18,0,18,2026-06-03 08:51:01
model3,2025-11-12,5,Media,0,1,0,1,2026-06-03 08:51:01
model3,2025-11-12,6,Retail,0,6,0,6,2026-06-03 08:51:01
model3,2025-11-12,7,Personal & Household Goods,0,9,0,9,2026-06-03 08:51:01
model3,2025-11-12,8,Real Estate,0,30,0,30,2026-06-03 08:51:01
model3,2025-11-12,9,Health Care,0,11,0,11,2026-06-03 08:51:01
model3,2025-11-12,10,Financial Services,0,10,0,10,2026-06-03 08:51:01
model3,2025-11-12,11,Chemicals,0,16,1,17,2026-06-03 08:51:01
model3,2025-11-12,12,Travel & Leisure,0,7,1,8,2026-06-03 08:51:01
model3,2025-11-12,13,Utilities,0,23,0,23,2026-06-03 08:51:01
model3,2025-11-12,14,Insurance,0,5,0,5,2026-06-03 08:51:01
model3,2025-11-12,15,Automobiles & Parts,0,4,1,5,2026-06-03 08:51:01
model3,2025-11-12,16,Technology,0,5,0,5,2026-06-03 08:51:01
model3,2025-11-12,17,Oil & Gas,0,1,0,1,2026-06-03 08:51:01
model3,2025-11-12,18,Telecommunications,0,1,0,1,2026-06-03 08:51:01
model3,2025-11-13,0,Industrial Goods & Services,1,28,0,29,2026-06-03 08:51:01
model3,2025-11-13,1,Food & Beverage,0,31,0,31,2026-06-03 08:51:01
model3,2025-11-13,2,Banks,0,12,0,12,2026-06-03 08:51:01
model3,2025-11-13,3,Construction & Materials,0,54,1,55,2026-06-03 08:51:01
model3,2025-11-13,4,Basic Resources,0,18,0,18,2026-06-03 08:51:01
model3,2025-11-13,5,Media,0,3,0,3,2026-06-03 08:51:01
model3,2025-11-13,6,Retail,0,7,0,7,2026-06-03 08:51:01
model3,2025-11-13,7,Personal & Household Goods,0,9,0,9,2026-06-03 08:51:01
model3,2025-11-13,8,Real Estate,0,26,0,26,2026-06-03 08:51:01
model3,2025-11-13,9,Health Care,0,13,0,13,2026-06-03 08:51:01
model3,2025-11-13,10,Financial Services,0,10,0,10,2026-06-03 08:51:01
model3,2025-11-13,11,Chemicals,0,18,0,18,2026-06-03 08:51:01
model3,2025-11-13,12,Travel & Leisure,0,7,0,7,2026-06-03 08:51:01
model3,2025-11-13,13,Utilities,0,21,1,22,2026-06-03 08:51:01
model3,2025-11-13,14,Insurance,0,5,0,5,2026-06-03 08:51:01
model3,2025-11-13,15,Automobiles & Parts,0,5,1,6,2026-06-03 08:51:01
model3,2025-11-13,16,Technology,0,6,0,6,2026-06-03 08:51:01
model3,2025-11-13,17,Oil & Gas,0,2,0,2,2026-06-03 08:51:01
model3,2025-11-13,18,Telecommunications,0,1,0,1,2026-06-03 08:51:01
model3,2025-11-14,0,Industrial Goods & Services,0,31,0,31,2026-06-03 08:51:01
model3,2025-11-14,1,Food & Beverage,0,34,1,35,2026-06-03 08:51:01
model3,2025-11-14,2,Banks,0,12,0,12,2026-06-03 08:51:01
model3,2025-11-14,3,Construction & Materials,1,72,1,74,2026-06-03 08:51:01
model3,2025-11-14,4,Basic Resources,0,22,0,22,2026-06-03 08:51:01
model3,2025-11-14,5,Media,1,2,0,3,2026-06-03 08:51:01
model3,2025-11-14,6,Retail,0,9,0,9,2026-06-03 08:51:01
model3,2025-11-14,7,Personal & Household Goods,0,13,0,13,2026-06-03 08:51:01
model3,2025-11-14,8,Real Estate,0,29,1,30,2026-06-03 08:51:01
model3,2025-11-14,9,Health Care,0,11,0,11,2026-06-03 08:51:01
model3,2025-11-14,10,Financial Services,0,11,0,11,2026-06-03 08:51:01
model3,2025-11-14,11,Chemicals,0,17,1,18,2026-06-03 08:51:01
model3,2025-11-14,12,Travel & Leisure,0,6,2,8,2026-06-03 08:51:01
model3,2025-11-14,13,Utilities,0,26,1,27,2026-06-03 08:51:01
model3,2025-11-14,14,Insurance,0,5,0,5,2026-06-03 08:51:01
model3,2025-11-14,15,Automobiles & Parts,0,6,1,7,2026-06-03 08:51:01
model3,2025-11-14,16,Technology,0,7,0,7,2026-06-03 08:51:01
model3,2025-11-14,17,Oil & Gas,0,2,0,2,2026-06-03 08:51:01
model3,2025-11-14,18,Telecommunications,0,1,0,1,2026-06-03 08:51:01
model3,2025-11-17,0,Industrial Goods & Services,0,27,0,27,2026-06-03 08:51:01
model3,2025-11-17,1,Food & Beverage,0,31,0,31,2026-06-03 08:51:01
model3,2025-11-17,2,Banks,0,12,0,12,2026-06-03 08:51:01
model3,2025-11-17,3,Construction & Materials,0,63,0,63,2026-06-03 08:51:01
model3,2025-11-17,4,Basic Resources,0,19,0,19,2026-06-03 08:51:01
model3,2025-11-17,5,Media,0,3,0,3,2026-06-03 08:51:01
model3,2025-11-17,6,Retail,0,7,0,7,2026-06-03 08:51:01
model3,2025-11-17,7,Personal & Household Goods,0,7,0,7,2026-06-03 08:51:01
model3,2025-11-17,8,Real Estate,0,26,1,27,2026-06-03 08:51:01
model3,2025-11-17,9,Health Care,0,12,0,12,2026-06-03 08:51:01
model3,2025-11-17,10,Financial Services,0,11,0,11,2026-06-03 08:51:01
model3,2025-11-17,11,Chemicals,0,18,0,18,2026-06-03 08:51:01
model3,2025-11-17,12,Travel & Leisure,0,8,0,8,2026-06-03 08:51:01
model3,2025-11-17,13,Utilities,0,27,1,28,2026-06-03 08:51:01
model3,2025-11-17,14,Insurance,0,5,0,5,2026-06-03 08:51:01
model3,2025-11-17,15,Automobiles & Parts,0,5,1,6,2026-06-03 08:51:01
model3,2025-11-17,16,Technology,0,6,0,6,2026-06-03 08:51:01
model3,2025-11-17,17,Oil & Gas,0,2,0,2,2026-06-03 08:51:01
model3,2025-11-17,18,Telecommunications,0,1,0,1,2026-06-03 08:51:01
model3,2025-11-18,0,Industrial Goods & Services,0,33,0,33,2026-06-03 08:51:01
model3,2025-11-18,1,Food & Beverage,0,32,0,32,2026-06-03 08:51:01
model3,2025-11-18,2,Banks,0,12,0,12,2026-06-03 08:51:01
model3,2025-11-18,3,Construction & Materials,0,54,0,54,2026-06-03 08:51:01
model3,2025-11-18,4,Basic Resources,0,19,1,20,2026-06-03 08:51:01
model3,2025-11-18,5,Media,0,4,0,4,2026-06-03 08:51:01
model3,2025-11-18,6,Retail,0,7,0,7,2026-06-03 08:51:01
model3,2025-11-18,7,Personal & Household Goods,0,5,0,5,2026-06-03 08:51:01
model3,2025-11-18,8,Real Estate,0,28,0,28,2026-06-03 08:51:01
model3,2025-11-18,9,Health Care,1,12,0,13,2026-06-03 08:51:01
model3,2025-11-18,10,Financial Services,0,10,0,10,2026-06-03 08:51:01
model3,2025-11-18,11,Chemicals,0,18,0,18,2026-06-03 08:51:01
model3,2025-11-18,12,Travel & Leisure,0,6,0,6,2026-06-03 08:51:01
model3,2025-11-18,13,Utilities,0,24,1,25,2026-06-03 08:51:01
model3,2025-11-18,14,Insurance,0,5,0,5,2026-06-03 08:51:01
model3,2025-11-18,15,Automobiles & Parts,0,3,0,3,2026-06-03 08:51:01
model3,2025-11-18,16,Technology,0,7,0,7,2026-06-03 08:51:01
model3,2025-11-18,17,Oil & Gas,0,2,0,2,2026-06-03 08:51:01
model3,2025-11-18,18,Telecommunications,0,1,0,1,2026-06-03 08:51:01
model3,2025-11-19,0,Industrial Goods & Services,0,34,1,35,2026-06-03 08:51:01
model3,2025-11-19,1,Food & Beverage,1,31,0,32,2026-06-03 08:51:01
model3,2025-11-19,2,Banks,0,12,0,12,2026-06-03 08:51:01
model3,2025-11-19,3,Construction & Materials,0,55,5,60,2026-06-03 08:51:01
model3,2025-11-19,4,Basic Resources,0,20,1,21,2026-06-03 08:51:01
model3,2025-11-19,5,Media,0,2,0,2,2026-06-03 08:51:01
model3,2025-11-19,6,Retail,0,7,0,7,2026-06-03 08:51:01
model3,2025-11-19,7,Personal & Household Goods,0,6,0,6,2026-06-03 08:51:01
model3,2025-11-19,8,Real Estate,0,25,0,25,2026-06-03 08:51:01
model3,2025-11-19,9,Health Care,0,16,0,16,2026-06-03 08:51:01
model3,2025-11-19,10,Financial Services,0,10,0,10,2026-06-03 08:51:01
model3,2025-11-19,11,Chemicals,0,16,0,16,2026-06-03 08:51:01
model3,2025-11-19,12,Travel & Leisure,1,6,0,7,2026-06-03 08:51:01
model3,2025-11-19,13,Utilities,0,23,0,23,2026-06-03 08:51:01
model3,2025-11-19,14,Insurance,0,4,0,4,2026-06-03 08:51:01
model3,2025-11-19,15,Automobiles & Parts,0,5,1,6,2026-06-03 08:51:01
model3,2025-11-19,16,Technology,0,5,0,5,2026-06-03 08:51:01
model3,2025-11-19,17,Oil & Gas,0,2,0,2,2026-06-03 08:51:01
model3,2025-11-19,18,Telecommunications,0,1,0,1,2026-06-03 08:51:01
model3,2025-11-20,0,Industrial Goods & Services,0,32,2,34,2026-06-03 08:51:01
model3,2025-11-20,1,Food & Beverage,0,37,0,37,2026-06-03 08:51:01
model3,2025-11-20,2,Banks,0,12,0,12,2026-06-03 08:51:01
model3,2025-11-20,3,Construction & Materials,0,57,0,57,2026-06-03 08:51:01
model3,2025-11-20,4,Basic Resources,0,20,1,21,2026-06-03 08:51:01
model3,2025-11-20,5,Media,0,3,0,3,2026-06-03 08:51:01
model3,2025-11-20,6,Retail,0,7,0,7,2026-06-03 08:51:01
model3,2025-11-20,7,Personal & Household Goods,0,8,0,8,2026-06-03 08:51:01
model3,2025-11-20,8,Real Estate,0,28,1,29,2026-06-03 08:51:01
model3,2025-11-20,9,Health Care,0,12,0,12,2026-06-03 08:51:01
model3,2025-11-20,10,Financial Services,0,10,0,10,2026-06-03 08:51:01
model3,2025-11-20,11,Chemicals,0,16,0,16,2026-06-03 08:51:01
model3,2025-11-20,12,Travel & Leisure,0,7,0,7,2026-06-03 08:51:01
model3,2025-11-20,13,Utilities,0,22,2,24,2026-06-03 08:51:01
model3,2025-11-20,14,Insurance,0,4,0,4,2026-06-03 08:51:01
model3,2025-11-20,15,Automobiles & Parts,0,5,0,5,2026-06-03 08:51:01
model3,2025-11-20,16,Technology,0,6,0,6,2026-06-03 08:51:01
model3,2025-11-20,17,Oil & Gas,0,2,0,2,2026-06-03 08:51:01
model3,2025-11-20,18,Telecommunications,0,1,0,1,2026-06-03 08:51:01
model3,2025-11-21,0,Industrial Goods & Services,0,32,1,33,2026-06-03 08:51:01
model3,2025-11-21,1,Food & Beverage,0,34,0,34,2026-06-03 08:51:01
model3,2025-11-21,2,Banks,0,12,0,12,2026-06-03 08:51:01
model3,2025-11-21,3,Construction & Materials,0,64,1,65,2026-06-03 08:51:01
model3,2025-11-21,4,Basic Resources,0,23,0,23,2026-06-03 08:51:01
model3,2025-11-21,5,Media,0,3,0,3,2026-06-03 08:51:01
model3,2025-11-21,6,Retail,0,8,0,8,2026-06-03 08:51:01
model3,2025-11-21,7,Personal & Household Goods,0,11,0,11,2026-06-03 08:51:01
model3,2025-11-21,8,Real Estate,0,30,1,31,2026-06-03 08:51:01
model3,2025-11-21,9,Health Care,0,13,0,13,2026-06-03 08:51:01
model3,2025-11-21,10,Financial Services,0,11,0,11,2026-06-03 08:51:01
model3,2025-11-21,11,Chemicals,0,16,0,16,2026-06-03 08:51:01
model3,2025-11-21,12,Travel & Leisure,0,7,0,7,2026-06-03 08:51:01
model3,2025-11-21,13,Utilities,1,21,2,24,2026-06-03 08:51:01
model3,2025-11-21,14,Insurance,0,4,0,4,2026-06-03 08:51:01
model3,2025-11-21,15,Automobiles & Parts,0,7,0,7,2026-06-03 08:51:01
model3,2025-11-21,16,Technology,0,4,1,5,2026-06-03 08:51:01
model3,2025-11-21,17,Oil & Gas,0,2,0,2,2026-06-03 08:51:01
model3,2025-11-21,18,Telecommunications,0,1,0,1,2026-06-03 08:51:01
model3,2025-11-24,0,Industrial Goods & Services,0,30,3,33,2026-06-03 08:51:01
model3,2025-11-24,1,Food & Beverage,1,33,0,34,2026-06-03 08:51:01
model3,2025-11-24,2,Banks,0,12,0,12,2026-06-03 08:51:01
model3,2025-11-24,3,Construction & Materials,0,59,0,59,2026-06-03 08:51:01
model3,2025-11-24,4,Basic Resources,0,18,0,18,2026-06-03 08:51:01
model3,2025-11-24,5,Media,0,3,0,3,2026-06-03 08:51:01
model3,2025-11-24,6,Retail,0,7,0,7,2026-06-03 08:51:01
model3,2025-11-24,7,Personal & Household Goods,0,7,0,7,2026-06-03 08:51:01
model3,2025-11-24,8,Real Estate,0,27,1,28,2026-06-03 08:51:01
model3,2025-11-24,9,Health Care,0,14,0,14,2026-06-03 08:51:01
model3,2025-11-24,10,Financial Services,0,11,0,11,2026-06-03 08:51:01
model3,2025-11-24,11,Chemicals,1,15,0,16,2026-06-03 08:51:01
model3,2025-11-24,12,Travel & Leisure,1,7,0,8,2026-06-03 08:51:01
model3,2025-11-24,13,Utilities,0,28,0,28,2026-06-03 08:51:01
model3,2025-11-24,14,Insurance,0,5,0,5,2026-06-03 08:51:01
model3,2025-11-24,15,Automobiles & Parts,0,4,1,5,2026-06-03 08:51:01
model3,2025-11-24,16,Technology,0,5,0,5,2026-06-03 08:51:01
model3,2025-11-24,17,Oil & Gas,0,2,0,2,2026-06-03 08:51:01
model3,2025-11-24,18,Telecommunications,0,1,0,1,2026-06-03 08:51:01
model3,2025-11-25,0,Industrial Goods & Services,0,31,1,32,2026-06-03 08:51:01
model3,2025-11-25,1,Food & Beverage,0,34,1,35,2026-06-03 08:51:01
model3,2025-11-25,2,Banks,0,12,0,12,2026-06-03 08:51:01
model3,2025-11-25,3,Construction & Materials,0,60,3,63,2026-06-03 08:51:01
model3,2025-11-25,4,Basic Resources,0,20,0,20,2026-06-03 08:51:01
model3,2025-11-25,5,Media,0,3,0,3,2026-06-03 08:51:01
model3,2025-11-25,6,Retail,0,7,0,7,2026-06-03 08:51:01
model3,2025-11-25,7,Personal & Household Goods,0,8,0,8,2026-06-03 08:51:01
model3,2025-11-25,8,Real Estate,0,26,2,28,2026-06-03 08:51:01
model3,2025-11-25,9,Health Care,0,10,1,11,2026-06-03 08:51:01
model3,2025-11-25,10,Financial Services,0,11,0,11,2026-06-03 08:51:01
model3,2025-11-25,11,Chemicals,0,19,0,19,2026-06-03 08:51:01
model3,2025-11-25,12,Travel & Leisure,0,6,0,6,2026-06-03 08:51:01
model3,2025-11-25,13,Utilities,0,20,1,21,2026-06-03 08:51:01
model3,2025-11-25,14,Insurance,0,5,0,5,2026-06-03 08:51:01
model3,2025-11-25,15,Automobiles & Parts,0,4,0,4,2026-06-03 08:51:01
model3,2025-11-25,16,Technology,0,5,0,5,2026-06-03 08:51:01
model3,2025-11-25,17,Oil & Gas,0,2,0,2,2026-06-03 08:51:01
model3,2025-11-25,18,Telecommunications,0,1,0,1,2026-06-03 08:51:01
model3,2025-11-26,0,Industrial Goods & Services,0,27,0,27,2026-06-03 08:51:01
model3,2025-11-26,1,Food & Beverage,0,33,1,34,2026-06-03 08:51:01
model3,2025-11-26,2,Banks,0,11,0,11,2026-06-03 08:51:01
model3,2025-11-26,3,Construction & Materials,0,55,3,58,2026-06-03 08:51:01
model3,2025-11-26,4,Basic Resources,0,17,0,17,2026-06-03 08:51:01
model3,2025-11-26,5,Media,0,2,0,2,2026-06-03 08:51:01
model3,2025-11-26,6,Retail,0,7,0,7,2026-06-03 08:51:01
model3,2025-11-26,7,Personal & Household Goods,0,8,0,8,2026-06-03 08:51:01
model3,2025-11-26,8,Real Estate,1,24,1,26,2026-06-03 08:51:01
model3,2025-11-26,9,Health Care,0,12,1,13,2026-06-03 08:51:01
model3,2025-11-26,10,Financial Services,0,11,0,11,2026-06-03 08:51:01
model3,2025-11-26,11,Chemicals,0,16,0,16,2026-06-03 08:51:01
model3,2025-11-26,12,Travel & Leisure,0,8,0,8,2026-06-03 08:51:01
model3,2025-11-26,13,Utilities,0,21,0,21,2026-06-03 08:51:01
model3,2025-11-26,14,Insurance,0,5,0,5,2026-06-03 08:51:01
model3,2025-11-26,15,Automobiles & Parts,0,4,0,4,2026-06-03 08:51:01
model3,2025-11-26,16,Technology,0,6,0,6,2026-06-03 08:51:01
model3,2025-11-26,17,Oil & Gas,0,1,0,1,2026-06-03 08:51:01
model3,2025-11-26,18,Telecommunications,0,1,0,1,2026-06-03 08:51:01
model3,2025-11-27,0,Industrial Goods & Services,1,29,0,30,2026-06-03 08:51:01
model3,2025-11-27,1,Food & Beverage,0,33,0,33,2026-06-03 08:51:01
model3,2025-11-27,2,Banks,0,12,0,12,2026-06-03 08:51:01
model3,2025-11-27,3,Construction & Materials,2,54,0,56,2026-06-03 08:51:01
model3,2025-11-27,4,Basic Resources,0,18,0,18,2026-06-03 08:51:01
model3,2025-11-27,5,Media,0,1,0,1,2026-06-03 08:51:01
model3,2025-11-27,6,Retail,0,6,0,6,2026-06-03 08:51:01
model3,2025-11-27,7,Personal & Household Goods,0,6,0,6,2026-06-03 08:51:01
model3,2025-11-27,8,Real Estate,0,25,0,25,2026-06-03 08:51:01
model3,2025-11-27,9,Health Care,0,14,0,14,2026-06-03 08:51:01
model3,2025-11-27,10,Financial Services,0,11,0,11,2026-06-03 08:51:01
model3,2025-11-27,11,Chemicals,0,18,0,18,2026-06-03 08:51:01
model3,2025-11-27,12,Travel & Leisure,0,6,0,6,2026-06-03 08:51:01
model3,2025-11-27,13,Utilities,0,26,1,27,2026-06-03 08:51:01
model3,2025-11-27,14,Insurance,0,4,0,4,2026-06-03 08:51:01
model3,2025-11-27,15,Automobiles & Parts,0,5,0,5,2026-06-03 08:51:01
model3,2025-11-27,16,Technology,0,7,0,7,2026-06-03 08:51:01
model3,2025-11-27,17,Oil & Gas,0,2,0,2,2026-06-03 08:51:01
model3,2025-11-27,18,Telecommunications,0,1,0,1,2026-06-03 08:51:01
model3,2025-11-28,0,Industrial Goods & Services,0,32,0,32,2026-06-03 08:51:01
model3,2025-11-28,1,Food & Beverage,0,36,1,37,2026-06-03 08:51:01
model3,2025-11-28,2,Banks,0,12,0,12,2026-06-03 08:51:01
model3,2025-11-28,3,Construction & Materials,0,71,1,72,2026-06-03 08:51:01
model3,2025-11-28,4,Basic Resources,0,22,0,22,2026-06-03 08:51:01
model3,2025-11-28,5,Media,0,4,0,4,2026-06-03 08:51:01
model3,2025-11-28,6,Retail,0,6,0,6,2026-06-03 08:51:01
model3,2025-11-28,7,Personal & Household Goods,0,10,0,10,2026-06-03 08:51:01
model3,2025-11-28,8,Real Estate,0,31,1,32,2026-06-03 08:51:01
model3,2025-11-28,9,Health Care,0,10,0,10,2026-06-03 08:51:01
model3,2025-11-28,10,Financial Services,0,12,0,12,2026-06-03 08:51:01
model3,2025-11-28,11,Chemicals,0,18,0,18,2026-06-03 08:51:01
model3,2025-11-28,12,Travel & Leisure,0,7,0,7,2026-06-03 08:51:01
model3,2025-11-28,13,Utilities,0,21,0,21,2026-06-03 08:51:01
model3,2025-11-28,14,Insurance,0,4,0,4,2026-06-03 08:51:01
model3,2025-11-28,15,Automobiles & Parts,0,5,0,5,2026-06-03 08:51:01
model3,2025-11-28,16,Technology,0,6,1,7,2026-06-03 08:51:01
model3,2025-11-28,17,Oil & Gas,0,2,0,2,2026-06-03 08:51:01
model3,2025-11-28,18,Telecommunications,0,1,0,1,2026-06-03 08:51:01
model3,2025-12-01,0,Industrial Goods & Services,1,34,1,36,2026-06-03 08:51:01
model3,2025-12-01,1,Food & Beverage,0,32,1,33,2026-06-03 08:51:01
model3,2025-12-01,2,Banks,0,12,0,12,2026-06-03 08:51:01
model3,2025-12-01,3,Construction & Materials,0,57,0,57,2026-06-03 08:51:01
model3,2025-12-01,4,Basic Resources,0,19,0,19,2026-06-03 08:51:01
model3,2025-12-01,5,Media,0,3,0,3,2026-06-03 08:51:01
model3,2025-12-01,6,Retail,0,6,0,6,2026-06-03 08:51:01
model3,2025-12-01,7,Personal & Household Goods,0,5,0,5,2026-06-03 08:51:01
model3,2025-12-01,8,Real Estate,1,25,1,27,2026-06-03 08:51:01
model3,2025-12-01,9,Health Care,1,11,0,12,2026-06-03 08:51:01
model3,2025-12-01,10,Financial Services,0,11,0,11,2026-06-03 08:51:01
model3,2025-12-01,11,Chemicals,1,18,0,19,2026-06-03 08:51:01
model3,2025-12-01,12,Travel & Leisure,0,7,0,7,2026-06-03 08:51:01
model3,2025-12-01,13,Utilities,0,24,1,25,2026-06-03 08:51:01
model3,2025-12-01,14,Insurance,0,4,0,4,2026-06-03 08:51:01
model3,2025-12-01,15,Automobiles & Parts,0,3,0,3,2026-06-03 08:51:01
model3,2025-12-01,16,Technology,0,5,0,5,2026-06-03 08:51:01
model3,2025-12-01,17,Oil & Gas,0,2,0,2,2026-06-03 08:51:01
model3,2025-12-01,18,Telecommunications,0,1,0,1,2026-06-03 08:51:01
model3,2025-12-02,0,Industrial Goods & Services,3,28,0,31,2026-06-03 08:51:01
model3,2025-12-02,1,Food & Beverage,0,33,0,33,2026-06-03 08:51:01
model3,2025-12-02,2,Banks,0,12,0,12,2026-06-03 08:51:01
model3,2025-12-02,3,Construction & Materials,0,59,1,60,2026-06-03 08:51:01
model3,2025-12-02,4,Basic Resources,0,19,0,19,2026-06-03 08:51:01
model3,2025-12-02,5,Media,0,5,0,5,2026-06-03 08:51:01
model3,2025-12-02,6,Retail,0,5,0,5,2026-06-03 08:51:01
model3,2025-12-02,7,Personal & Household Goods,0,7,0,7,2026-06-03 08:51:01
model3,2025-12-02,8,Real Estate,0,26,1,27,2026-06-03 08:51:01
model3,2025-12-02,9,Health Care,0,14,0,14,2026-06-03 08:51:01
model3,2025-12-02,10,Financial Services,0,11,0,11,2026-06-03 08:51:01
model3,2025-12-02,11,Chemicals,0,20,0,20,2026-06-03 08:51:01
model3,2025-12-02,12,Travel & Leisure,0,6,0,6,2026-06-03 08:51:01
model3,2025-12-02,13,Utilities,1,24,0,25,2026-06-03 08:51:01
model3,2025-12-02,14,Insurance,0,5,0,5,2026-06-03 08:51:01
model3,2025-12-02,15,Automobiles & Parts,0,4,0,4,2026-06-03 08:51:01
model3,2025-12-02,16,Technology,0,5,0,5,2026-06-03 08:51:01
model3,2025-12-02,17,Oil & Gas,0,2,0,2,2026-06-03 08:51:01
model3,2025-12-02,18,Telecommunications,0,1,0,1,2026-06-03 08:51:01
model3,2025-12-03,0,Industrial Goods & Services,0,36,1,37,2026-06-03 08:51:01
model3,2025-12-03,1,Food & Beverage,0,34,1,35,2026-06-03 08:51:01
model3,2025-12-03,2,Banks,0,12,0,12,2026-06-03 08:51:01
model3,2025-12-03,3,Construction & Materials,0,57,0,57,2026-06-03 08:51:01
model3,2025-12-03,4,Basic Resources,0,20,1,21,2026-06-03 08:51:01
model3,2025-12-03,5,Media,0,2,0,2,2026-06-03 08:51:01
model3,2025-12-03,6,Retail,0,5,0,5,2026-06-03 08:51:01
model3,2025-12-03,7,Personal & Household Goods,0,7,0,7,2026-06-03 08:51:01
model3,2025-12-03,8,Real Estate,0,26,0,26,2026-06-03 08:51:01
model3,2025-12-03,9,Health Care,0,15,0,15,2026-06-03 08:51:01
model3,2025-12-03,10,Financial Services,0,10,0,10,2026-06-03 08:51:01
model3,2025-12-03,11,Chemicals,0,19,0,19,2026-06-03 08:51:01
model3,2025-12-03,12,Travel & Leisure,0,6,1,7,2026-06-03 08:51:01
model3,2025-12-03,13,Utilities,0,26,0,26,2026-06-03 08:51:01
model3,2025-12-03,14,Insurance,0,5,0,5,2026-06-03 08:51:01
model3,2025-12-03,15,Automobiles & Parts,0,4,0,4,2026-06-03 08:51:01
model3,2025-12-03,16,Technology,0,6,0,6,2026-06-03 08:51:01
model3,2025-12-03,17,Oil & Gas,0,2,0,2,2026-06-03 08:51:01
model3,2025-12-03,18,Telecommunications,0,1,0,1,2026-06-03 08:51:01
model3,2025-12-04,0,Industrial Goods & Services,1,27,1,29,2026-06-03 08:51:01
model3,2025-12-04,1,Food & Beverage,0,35,0,35,2026-06-03 08:51:01
model3,2025-12-04,2,Banks,0,12,0,12,2026-06-03 08:51:01
model3,2025-12-04,3,Construction & Materials,1,58,1,60,2026-06-03 08:51:01
model3,2025-12-04,4,Basic Resources,0,19,0,19,2026-06-03 08:51:01
model3,2025-12-04,5,Media,0,3,0,3,2026-06-03 08:51:01
model3,2025-12-04,6,Retail,0,6,0,6,2026-06-03 08:51:01
model3,2025-12-04,7,Personal & Household Goods,0,9,0,9,2026-06-03 08:51:01
model3,2025-12-04,8,Real Estate,1,26,1,28,2026-06-03 08:51:01
model3,2025-12-04,9,Health Care,0,14,0,14,2026-06-03 08:51:01
model3,2025-12-04,10,Financial Services,0,11,0,11,2026-06-03 08:51:01
model3,2025-12-04,11,Chemicals,0,16,0,16,2026-06-03 08:51:01
model3,2025-12-04,12,Travel & Leisure,0,7,0,7,2026-06-03 08:51:01
model3,2025-12-04,13,Utilities,0,22,1,23,2026-06-03 08:51:01
model3,2025-12-04,14,Insurance,0,3,0,3,2026-06-03 08:51:01
model3,2025-12-04,15,Automobiles & Parts,0,5,0,5,2026-06-03 08:51:01
model3,2025-12-04,16,Technology,0,7,0,7,2026-06-03 08:51:01
model3,2025-12-04,17,Oil & Gas,0,2,0,2,2026-06-03 08:51:01
model3,2025-12-04,18,Telecommunications,0,1,0,1,2026-06-03 08:51:01
model3,2025-12-05,0,Industrial Goods & Services,0,33,1,34,2026-06-03 08:51:01
model3,2025-12-05,1,Food & Beverage,0,37,2,39,2026-06-03 08:51:01
model3,2025-12-05,2,Banks,0,12,0,12,2026-06-03 08:51:01
model3,2025-12-05,3,Construction & Materials,1,64,1,66,2026-06-03 08:51:01
model3,2025-12-05,4,Basic Resources,0,22,0,22,2026-06-03 08:51:01
model3,2025-12-05,5,Media,0,4,0,4,2026-06-03 08:51:01
model3,2025-12-05,6,Retail,0,6,0,6,2026-06-03 08:51:01
model3,2025-12-05,7,Personal & Household Goods,1,13,0,14,2026-06-03 08:51:01
model3,2025-12-05,8,Real Estate,0,33,0,33,2026-06-03 08:51:01
model3,2025-12-05,9,Health Care,0,14,0,14,2026-06-03 08:51:01
model3,2025-12-05,10,Financial Services,0,10,0,10,2026-06-03 08:51:01
model3,2025-12-05,11,Chemicals,0,19,0,19,2026-06-03 08:51:01
model3,2025-12-05,12,Travel & Leisure,1,8,0,9,2026-06-03 08:51:01
model3,2025-12-05,13,Utilities,0,22,0,22,2026-06-03 08:51:01
model3,2025-12-05,14,Insurance,0,4,0,4,2026-06-03 08:51:01
model3,2025-12-05,15,Automobiles & Parts,0,5,0,5,2026-06-03 08:51:01
model3,2025-12-05,16,Technology,0,6,0,6,2026-06-03 08:51:01
model3,2025-12-05,17,Oil & Gas,0,2,0,2,2026-06-03 08:51:01
model3,2025-12-08,0,Industrial Goods & Services,0,32,0,32,2026-06-03 08:51:01
model3,2025-12-08,1,Food & Beverage,0,35,0,35,2026-06-03 08:51:01
model3,2025-12-08,2,Banks,0,12,0,12,2026-06-03 08:51:01
model3,2025-12-08,3,Construction & Materials,0,61,1,62,2026-06-03 08:51:01
model3,2025-12-08,4,Basic Resources,0,18,0,18,2026-06-03 08:51:01
model3,2025-12-08,5,Media,0,5,0,5,2026-06-03 08:51:01
model3,2025-12-08,6,Retail,0,7,0,7,2026-06-03 08:51:01
model3,2025-12-08,7,Personal & Household Goods,0,8,0,8,2026-06-03 08:51:01
model3,2025-12-08,8,Real Estate,1,27,0,28,2026-06-03 08:51:01
model3,2025-12-08,9,Health Care,0,13,0,13,2026-06-03 08:51:01
model3,2025-12-08,10,Financial Services,0,11,0,11,2026-06-03 08:51:01
model3,2025-12-08,11,Chemicals,0,18,0,18,2026-06-03 08:51:01
model3,2025-12-08,12,Travel & Leisure,0,8,0,8,2026-06-03 08:51:01
model3,2025-12-08,13,Utilities,1,22,0,23,2026-06-03 08:51:01
model3,2025-12-08,14,Insurance,0,4,0,4,2026-06-03 08:51:01
model3,2025-12-08,15,Automobiles & Parts,0,3,0,3,2026-06-03 08:51:01
model3,2025-12-08,16,Technology,0,6,0,6,2026-06-03 08:51:01
model3,2025-12-08,17,Oil & Gas,0,2,0,2,2026-06-03 08:51:01
model3,2025-12-08,18,Telecommunications,0,1,0,1,2026-06-03 08:51:01
model3,2025-12-09,0,Industrial Goods & Services,0,30,1,31,2026-06-03 08:51:01
model3,2025-12-09,1,Food & Beverage,1,33,1,35,2026-06-03 08:51:01
model3,2025-12-09,2,Banks,0,12,0,12,2026-06-03 08:51:01
model3,2025-12-09,3,Construction & Materials,1,58,0,59,2026-06-03 08:51:01
model3,2025-12-09,4,Basic Resources,0,19,0,19,2026-06-03 08:51:01
model3,2025-12-09,5,Media,0,5,0,5,2026-06-03 08:51:01
model3,2025-12-09,6,Retail,0,6,0,6,2026-06-03 08:51:01
model3,2025-12-09,7,Personal & Household Goods,0,11,1,12,2026-06-03 08:51:01
model3,2025-12-09,8,Real Estate,0,26,1,27,2026-06-03 08:51:01
model3,2025-12-09,9,Health Care,0,13,1,14,2026-06-03 08:51:01
model3,2025-12-09,10,Financial Services,0,10,0,10,2026-06-03 08:51:01
model3,2025-12-09,11,Chemicals,0,16,0,16,2026-06-03 08:51:01
model3,2025-12-09,12,Travel & Leisure,0,8,0,8,2026-06-03 08:51:01
model3,2025-12-09,13,Utilities,0,23,0,23,2026-06-03 08:51:01
model3,2025-12-09,14,Insurance,0,5,0,5,2026-06-03 08:51:01
model3,2025-12-09,15,Automobiles & Parts,0,4,0,4,2026-06-03 08:51:01
model3,2025-12-09,16,Technology,0,7,0,7,2026-06-03 08:51:01
model3,2025-12-09,17,Oil & Gas,0,2,0,2,2026-06-03 08:51:01
model3,2025-12-09,18,Telecommunications,0,1,0,1,2026-06-03 08:51:01
model3,2025-12-10,0,Industrial Goods & Services,0,32,1,33,2026-06-03 08:51:01
model3,2025-12-10,1,Food & Beverage,0,34,0,34,2026-06-03 08:51:01
model3,2025-12-10,2,Banks,0,12,0,12,2026-06-03 08:51:01
model3,2025-12-10,3,Construction & Materials,1,58,2,61,2026-06-03 08:51:01
model3,2025-12-10,4,Basic Resources,0,20,0,20,2026-06-03 08:51:01
model3,2025-12-10,5,Media,0,3,0,3,2026-06-03 08:51:01
model3,2025-12-10,6,Retail,0,7,0,7,2026-06-03 08:51:01
model3,2025-12-10,7,Personal & Household Goods,0,9,2,11,2026-06-03 08:51:01
model3,2025-12-10,8,Real Estate,1,26,0,27,2026-06-03 08:51:01
model3,2025-12-10,9,Health Care,0,14,0,14,2026-06-03 08:51:01
model3,2025-12-10,10,Financial Services,0,10,0,10,2026-06-03 08:51:01
model3,2025-12-10,11,Chemicals,0,17,0,17,2026-06-03 08:51:01
model3,2025-12-10,12,Travel & Leisure,0,8,0,8,2026-06-03 08:51:01
model3,2025-12-10,13,Utilities,0,28,1,29,2026-06-03 08:51:01
model3,2025-12-10,14,Insurance,0,4,0,4,2026-06-03 08:51:01
model3,2025-12-10,15,Automobiles & Parts,0,5,0,5,2026-06-03 08:51:01
model3,2025-12-10,16,Technology,0,6,1,7,2026-06-03 08:51:01
model3,2025-12-10,17,Oil & Gas,0,2,0,2,2026-06-03 08:51:01
model3,2025-12-10,18,Telecommunications,0,1,0,1,2026-06-03 08:51:01
model3,2025-12-11,0,Industrial Goods & Services,1,31,0,32,2026-06-03 08:51:01
model3,2025-12-11,1,Food & Beverage,0,34,0,34,2026-06-03 08:51:01
model3,2025-12-11,2,Banks,0,12,0,12,2026-06-03 08:51:01
model3,2025-12-11,3,Construction & Materials,0,59,1,60,2026-06-03 08:51:01
model3,2025-12-11,4,Basic Resources,0,19,0,19,2026-06-03 08:51:01
model3,2025-12-11,5,Media,0,3,1,4,2026-06-03 08:51:01
model3,2025-12-11,6,Retail,0,7,0,7,2026-06-03 08:51:01
model3,2025-12-11,7,Personal & Household Goods,1,8,3,12,2026-06-03 08:51:01
model3,2025-12-11,8,Real Estate,0,27,2,29,2026-06-03 08:51:01
model3,2025-12-11,9,Health Care,0,15,0,15,2026-06-03 08:51:01
model3,2025-12-11,10,Financial Services,0,9,0,9,2026-06-03 08:51:01
model3,2025-12-11,11,Chemicals,0,18,1,19,2026-06-03 08:51:01
model3,2025-12-11,12,Travel & Leisure,0,7,0,7,2026-06-03 08:51:01
model3,2025-12-11,13,Utilities,1,22,1,24,2026-06-03 08:51:01
model3,2025-12-11,14,Insurance,0,4,0,4,2026-06-03 08:51:01
model3,2025-12-11,15,Automobiles & Parts,0,5,0,5,2026-06-03 08:51:01
model3,2025-12-11,16,Technology,0,4,0,4,2026-06-03 08:51:01
model3,2025-12-11,17,Oil & Gas,0,2,0,2,2026-06-03 08:51:01
model3,2025-12-11,18,Telecommunications,0,1,0,1,2026-06-03 08:51:01
model3,2025-12-12,0,Industrial Goods & Services,0,34,0,34,2026-06-03 08:51:01
model3,2025-12-12,1,Food & Beverage,1,37,1,39,2026-06-03 08:51:01
model3,2025-12-12,2,Banks,0,12,0,12,2026-06-03 08:51:01
model3,2025-12-12,3,Construction & Materials,1,75,0,76,2026-06-03 08:51:01
model3,2025-12-12,4,Basic Resources,0,22,0,22,2026-06-03 08:51:01
model3,2025-12-12,5,Media,0,4,0,4,2026-06-03 08:51:01
model3,2025-12-12,6,Retail,0,7,0,7,2026-06-03 08:51:01
model3,2025-12-12,7,Personal & Household Goods,0,10,0,10,2026-06-03 08:51:01
model3,2025-12-12,8,Real Estate,0,29,0,29,2026-06-03 08:51:01
model3,2025-12-12,9,Health Care,0,13,0,13,2026-06-03 08:51:01
model3,2025-12-12,10,Financial Services,0,11,0,11,2026-06-03 08:51:01
model3,2025-12-12,11,Chemicals,0,17,0,17,2026-06-03 08:51:01
model3,2025-12-12,12,Travel & Leisure,0,8,0,8,2026-06-03 08:51:01
model3,2025-12-12,13,Utilities,0,19,0,19,2026-06-03 08:51:01
model3,2025-12-12,14,Insurance,0,5,0,5,2026-06-03 08:51:01
model3,2025-12-12,15,Automobiles & Parts,0,7,0,7,2026-06-03 08:51:01
model3,2025-12-12,16,Technology,0,5,1,6,2026-06-03 08:51:01
model3,2025-12-12,17,Oil & Gas,0,1,0,1,2026-06-03 08:51:01
model3,2025-12-12,18,Telecommunications,0,1,0,1,2026-06-03 08:51:01
model3,2025-12-15,0,Industrial Goods & Services,0,32,0,32,2026-06-03 08:51:01
model3,2025-12-15,1,Food & Beverage,0,33,1,34,2026-06-03 08:51:01
model3,2025-12-15,2,Banks,0,12,0,12,2026-06-03 08:51:01
model3,2025-12-15,3,Construction & Materials,0,60,1,61,2026-06-03 08:51:01
model3,2025-12-15,4,Basic Resources,0,19,1,20,2026-06-03 08:51:01
model3,2025-12-15,5,Media,0,2,0,2,2026-06-03 08:51:01
model3,2025-12-15,6,Retail,0,6,0,6,2026-06-03 08:51:01
model3,2025-12-15,7,Personal & Household Goods,0,8,0,8,2026-06-03 08:51:01
model3,2025-12-15,8,Real Estate,0,26,2,28,2026-06-03 08:51:01
model3,2025-12-15,9,Health Care,0,13,0,13,2026-06-03 08:51:01
model3,2025-12-15,10,Financial Services,0,10,0,10,2026-06-03 08:51:01
model3,2025-12-15,11,Chemicals,1,16,1,18,2026-06-03 08:51:01
model3,2025-12-15,12,Travel & Leisure,0,7,0,7,2026-06-03 08:51:01
model3,2025-12-15,13,Utilities,0,22,0,22,2026-06-03 08:51:01
model3,2025-12-15,14,Insurance,0,4,0,4,2026-06-03 08:51:01
model3,2025-12-15,15,Automobiles & Parts,0,5,0,5,2026-06-03 08:51:01
model3,2025-12-15,16,Technology,0,6,0,6,2026-06-03 08:51:01
model3,2025-12-15,17,Oil & Gas,0,2,0,2,2026-06-03 08:51:01
model3,2025-12-15,18,Telecommunications,0,1,0,1,2026-06-03 08:51:01
model3,2025-12-16,0,Industrial Goods & Services,0,29,0,29,2026-06-03 08:51:01
model3,2025-12-16,1,Food & Beverage,0,32,1,33,2026-06-03 08:51:01
model3,2025-12-16,2,Banks,0,12,0,12,2026-06-03 08:51:01
model3,2025-12-16,3,Construction & Materials,1,57,0,58,2026-06-03 08:51:01
model3,2025-12-16,4,Basic Resources,0,19,0,19,2026-06-03 08:51:01
model3,2025-12-16,5,Media,0,3,0,3,2026-06-03 08:51:01
model3,2025-12-16,6,Retail,0,5,0,5,2026-06-03 08:51:01
model3,2025-12-16,7,Personal & Household Goods,0,8,1,9,2026-06-03 08:51:01
model3,2025-12-16,8,Real Estate,0,26,1,27,2026-06-03 08:51:01
model3,2025-12-16,9,Health Care,0,13,2,15,2026-06-03 08:51:01
model3,2025-12-16,10,Financial Services,0,10,0,10,2026-06-03 08:51:01
model3,2025-12-16,11,Chemicals,0,19,1,20,2026-06-03 08:51:01
model3,2025-12-16,12,Travel & Leisure,0,7,1,8,2026-06-03 08:51:01
model3,2025-12-16,13,Utilities,0,23,1,24,2026-06-03 08:51:01
model3,2025-12-16,14,Insurance,0,4,0,4,2026-06-03 08:51:01
model3,2025-12-16,15,Automobiles & Parts,0,6,0,6,2026-06-03 08:51:01
model3,2025-12-16,16,Technology,0,7,0,7,2026-06-03 08:51:01
model3,2025-12-16,17,Oil & Gas,0,2,0,2,2026-06-03 08:51:01
model3,2025-12-16,18,Telecommunications,0,1,0,1,2026-06-03 08:51:01
model3,2025-12-17,0,Industrial Goods & Services,0,28,0,28,2026-06-03 08:51:01
model3,2025-12-17,1,Food & Beverage,0,34,0,34,2026-06-03 08:51:01
model3,2025-12-17,2,Banks,0,11,0,11,2026-06-03 08:51:01
model3,2025-12-17,3,Construction & Materials,0,59,5,64,2026-06-03 08:51:01
model3,2025-12-17,4,Basic Resources,0,17,0,17,2026-06-03 08:51:01
model3,2025-12-17,5,Media,0,3,0,3,2026-06-03 08:51:01
model3,2025-12-17,6,Retail,0,6,0,6,2026-06-03 08:51:01
model3,2025-12-17,7,Personal & Household Goods,0,10,1,11,2026-06-03 08:51:01
model3,2025-12-17,8,Real Estate,0,25,0,25,2026-06-03 08:51:01
model3,2025-12-17,9,Health Care,0,15,1,16,2026-06-03 08:51:01
model3,2025-12-17,10,Financial Services,0,10,0,10,2026-06-03 08:51:01
model3,2025-12-17,11,Chemicals,0,16,1,17,2026-06-03 08:51:01
model3,2025-12-17,12,Travel & Leisure,0,8,0,8,2026-06-03 08:51:01
model3,2025-12-17,13,Utilities,1,22,1,24,2026-06-03 08:51:01
model3,2025-12-17,14,Insurance,0,4,0,4,2026-06-03 08:51:01
model3,2025-12-17,15,Automobiles & Parts,0,5,0,5,2026-06-03 08:51:01
model3,2025-12-17,16,Technology,0,4,0,4,2026-06-03 08:51:01
model3,2025-12-17,17,Oil & Gas,0,2,0,2,2026-06-03 08:51:01
model3,2025-12-17,18,Telecommunications,0,1,0,1,2026-06-03 08:51:01
model3,2025-12-18,0,Industrial Goods & Services,0,28,0,28,2026-06-03 08:51:01
model3,2025-12-18,1,Food & Beverage,0,35,0,35,2026-06-03 08:51:01
model3,2025-12-18,2,Banks,0,12,0,12,2026-06-03 08:51:01
model3,2025-12-18,3,Construction & Materials,0,55,1,56,2026-06-03 08:51:01
model3,2025-12-18,4,Basic Resources,0,19,0,19,2026-06-03 08:51:01
model3,2025-12-18,5,Media,0,4,0,4,2026-06-03 08:51:01
model3,2025-12-18,6,Retail,0,5,0,5,2026-06-03 08:51:01
model3,2025-12-18,7,Personal & Household Goods,0,9,0,9,2026-06-03 08:51:01
model3,2025-12-18,8,Real Estate,1,26,0,27,2026-06-03 08:51:01
model3,2025-12-18,9,Health Care,0,11,0,11,2026-06-03 08:51:01
model3,2025-12-18,10,Financial Services,1,10,0,11,2026-06-03 08:51:01
model3,2025-12-18,11,Chemicals,0,17,0,17,2026-06-03 08:51:01
model3,2025-12-18,12,Travel & Leisure,0,8,0,8,2026-06-03 08:51:01
model3,2025-12-18,13,Utilities,0,17,0,17,2026-06-03 08:51:01
model3,2025-12-18,14,Insurance,0,3,0,3,2026-06-03 08:51:01
model3,2025-12-18,15,Automobiles & Parts,0,5,0,5,2026-06-03 08:51:01
model3,2025-12-18,16,Technology,0,6,0,6,2026-06-03 08:51:01
model3,2025-12-18,17,Oil & Gas,0,2,0,2,2026-06-03 08:51:01
model3,2025-12-18,18,Telecommunications,0,1,0,1,2026-06-03 08:51:01
model3,2025-12-19,0,Industrial Goods & Services,1,28,1,30,2026-06-03 08:51:01
model3,2025-12-19,1,Food & Beverage,0,35,1,36,2026-06-03 08:51:01
model3,2025-12-19,2,Banks,0,12,0,12,2026-06-03 08:51:01
model3,2025-12-19,3,Construction & Materials,0,70,1,71,2026-06-03 08:51:01
model3,2025-12-19,4,Basic Resources,0,22,0,22,2026-06-03 08:51:01
model3,2025-12-19,5,Media,0,2,1,3,2026-06-03 08:51:01
model3,2025-12-19,6,Retail,0,5,1,6,2026-06-03 08:51:01
model3,2025-12-19,7,Personal & Household Goods,0,12,1,13,2026-06-03 08:51:01
model3,2025-12-19,8,Real Estate,0,30,0,30,2026-06-03 08:51:01
model3,2025-12-19,9,Health Care,0,14,0,14,2026-06-03 08:51:01
model3,2025-12-19,10,Financial Services,0,12,0,12,2026-06-03 08:51:01
model3,2025-12-19,11,Chemicals,0,18,1,19,2026-06-03 08:51:01
model3,2025-12-19,12,Travel & Leisure,1,8,0,9,2026-06-03 08:51:01
model3,2025-12-19,13,Utilities,0,25,0,25,2026-06-03 08:51:01
model3,2025-12-19,14,Insurance,0,3,0,3,2026-06-03 08:51:01
model3,2025-12-19,15,Automobiles & Parts,0,6,0,6,2026-06-03 08:51:01
model3,2025-12-19,16,Technology,0,7,0,7,2026-06-03 08:51:01
model3,2025-12-19,17,Oil & Gas,0,2,0,2,2026-06-03 08:51:01
model3,2025-12-19,18,Telecommunications,0,1,0,1,2026-06-03 08:51:01
model3,2025-12-22,0,Industrial Goods & Services,0,32,0,32,2026-06-03 08:51:01
model3,2025-12-22,1,Food & Beverage,0,33,0,33,2026-06-03 08:51:01
model3,2025-12-22,2,Banks,0,12,0,12,2026-06-03 08:51:01
model3,2025-12-22,3,Construction & Materials,0,59,0,59,2026-06-03 08:51:01
model3,2025-12-22,4,Basic Resources,0,19,0,19,2026-06-03 08:51:01
model3,2025-12-22,5,Media,0,4,0,4,2026-06-03 08:51:01
model3,2025-12-22,6,Retail,0,7,0,7,2026-06-03 08:51:01
model3,2025-12-22,7,Personal & Household Goods,0,8,1,9,2026-06-03 08:51:01
model3,2025-12-22,8,Real Estate,0,26,1,27,2026-06-03 08:51:01
model3,2025-12-22,9,Health Care,0,13,0,13,2026-06-03 08:51:01
model3,2025-12-22,10,Financial Services,0,10,0,10,2026-06-03 08:51:01
model3,2025-12-22,11,Chemicals,0,18,0,18,2026-06-03 08:51:01
model3,2025-12-22,12,Travel & Leisure,0,7,0,7,2026-06-03 08:51:01
model3,2025-12-22,13,Utilities,1,21,0,22,2026-06-03 08:51:01
model3,2025-12-22,14,Insurance,0,4,0,4,2026-06-03 08:51:01
model3,2025-12-22,15,Automobiles & Parts,0,4,0,4,2026-06-03 08:51:01
model3,2025-12-22,16,Technology,0,4,0,4,2026-06-03 08:51:01
model3,2025-12-22,17,Oil & Gas,0,2,0,2,2026-06-03 08:51:01
model3,2025-12-22,18,Telecommunications,0,1,0,1,2026-06-03 08:51:01
model3,2025-12-23,0,Industrial Goods & Services,0,31,0,31,2026-06-03 08:51:01
model3,2025-12-23,1,Food & Beverage,0,32,0,32,2026-06-03 08:51:01
model3,2025-12-23,2,Banks,0,12,0,12,2026-06-03 08:51:01
model3,2025-12-23,3,Construction & Materials,0,53,1,54,2026-06-03 08:51:01
model3,2025-12-23,4,Basic Resources,0,19,0,19,2026-06-03 08:51:01
model3,2025-12-23,5,Media,0,5,0,5,2026-06-03 08:51:01
model3,2025-12-23,6,Retail,0,7,0,7,2026-06-03 08:51:01
model3,2025-12-23,7,Personal & Household Goods,0,8,0,8,2026-06-03 08:51:01
model3,2025-12-23,8,Real Estate,0,29,0,29,2026-06-03 08:51:01
model3,2025-12-23,9,Health Care,0,13,0,13,2026-06-03 08:51:01
model3,2025-12-23,10,Financial Services,0,10,0,10,2026-06-03 08:51:01
model3,2025-12-23,11,Chemicals,0,16,0,16,2026-06-03 08:51:01
model3,2025-12-23,12,Travel & Leisure,0,8,0,8,2026-06-03 08:51:01
model3,2025-12-23,13,Utilities,1,24,0,25,2026-06-03 08:51:01
model3,2025-12-23,14,Insurance,0,5,0,5,2026-06-03 08:51:01
model3,2025-12-23,15,Automobiles & Parts,0,4,0,4,2026-06-03 08:51:01
model3,2025-12-23,16,Technology,0,5,0,5,2026-06-03 08:51:01
model3,2025-12-23,17,Oil & Gas,0,2,0,2,2026-06-03 08:51:01
model3,2025-12-23,18,Telecommunications,0,1,0,1,2026-06-03 08:51:01
model3,2025-12-24,0,Industrial Goods & Services,0,27,1,28,2026-06-03 08:51:01
model3,2025-12-24,1,Food & Beverage,0,32,0,32,2026-06-03 08:51:01
model3,2025-12-24,2,Banks,0,12,0,12,2026-06-03 08:51:01
model3,2025-12-24,3,Construction & Materials,0,61,1,62,2026-06-03 08:51:01
model3,2025-12-24,4,Basic Resources,0,19,0,19,2026-06-03 08:51:01
model3,2025-12-24,5,Media,1,2,1,4,2026-06-03 08:51:01
model3,2025-12-24,6,Retail,0,6,0,6,2026-06-03 08:51:01
model3,2025-12-24,7,Personal & Household Goods,0,8,0,8,2026-06-03 08:51:01
model3,2025-12-24,8,Real Estate,0,26,1,27,2026-06-03 08:51:01
model3,2025-12-24,9,Health Care,0,13,2,15,2026-06-03 08:51:01
model3,2025-12-24,10,Financial Services,0,9,0,9,2026-06-03 08:51:01
model3,2025-12-24,11,Chemicals,0,17,0,17,2026-06-03 08:51:01
model3,2025-12-24,12,Travel & Leisure,0,7,0,7,2026-06-03 08:51:01
model3,2025-12-24,13,Utilities,0,21,1,22,2026-06-03 08:51:01
model3,2025-12-24,14,Insurance,0,5,0,5,2026-06-03 08:51:01
model3,2025-12-24,15,Automobiles & Parts,0,4,0,4,2026-06-03 08:51:01
model3,2025-12-24,16,Technology,0,6,0,6,2026-06-03 08:51:01
model3,2025-12-24,17,Oil & Gas,0,2,0,2,2026-06-03 08:51:01
model3,2025-12-24,18,Telecommunications,0,1,0,1,2026-06-03 08:51:01
model3,2025-12-25,0,Industrial Goods & Services,0,30,0,30,2026-06-03 08:51:01
model3,2025-12-25,1,Food & Beverage,0,33,0,33,2026-06-03 08:51:01
model3,2025-12-25,2,Banks,0,12,0,12,2026-06-03 08:51:01
model3,2025-12-25,3,Construction & Materials,0,56,1,57,2026-06-03 08:51:01
model3,2025-12-25,4,Basic Resources,0,18,0,18,2026-06-03 08:51:01
model3,2025-12-25,5,Media,0,3,0,3,2026-06-03 08:51:01
model3,2025-12-25,6,Retail,0,6,0,6,2026-06-03 08:51:01
model3,2025-12-25,7,Personal & Household Goods,0,7,0,7,2026-06-03 08:51:01
model3,2025-12-25,8,Real Estate,0,28,0,28,2026-06-03 08:51:01
model3,2025-12-25,9,Health Care,0,13,1,14,2026-06-03 08:51:01
model3,2025-12-25,10,Financial Services,0,10,0,10,2026-06-03 08:51:01
model3,2025-12-25,11,Chemicals,0,18,0,18,2026-06-03 08:51:01
model3,2025-12-25,12,Travel & Leisure,0,7,0,7,2026-06-03 08:51:01
model3,2025-12-25,13,Utilities,0,27,1,28,2026-06-03 08:51:01
model3,2025-12-25,14,Insurance,0,5,0,5,2026-06-03 08:51:01
model3,2025-12-25,15,Automobiles & Parts,0,4,0,4,2026-06-03 08:51:01
model3,2025-12-25,16,Technology,0,5,0,5,2026-06-03 08:51:01
model3,2025-12-25,17,Oil & Gas,0,2,0,2,2026-06-03 08:51:01
model3,2025-12-25,18,Telecommunications,0,1,0,1,2026-06-03 08:51:01
model3,2025-12-26,0,Industrial Goods & Services,1,31,2,34,2026-06-03 08:51:01
model3,2025-12-26,1,Food & Beverage,0,31,0,31,2026-06-03 08:51:01
model3,2025-12-26,2,Banks,0,11,0,11,2026-06-03 08:51:01
model3,2025-12-26,3,Construction & Materials,0,67,1,68,2026-06-03 08:51:01
model3,2025-12-26,4,Basic Resources,0,19,0,19,2026-06-03 08:51:01
model3,2025-12-26,5,Media,1,3,0,4,2026-06-03 08:51:01
model3,2025-12-26,6,Retail,0,7,0,7,2026-06-03 08:51:01
model3,2025-12-26,7,Personal & Household Goods,1,10,0,11,2026-06-03 08:51:01
model3,2025-12-26,8,Real Estate,0,31,1,32,2026-06-03 08:51:01
model3,2025-12-26,9,Health Care,0,11,0,11,2026-06-03 08:51:01
model3,2025-12-26,10,Financial Services,0,11,0,11,2026-06-03 08:51:01
model3,2025-12-26,11,Chemicals,1,18,1,20,2026-06-03 08:51:01
model3,2025-12-26,12,Travel & Leisure,0,9,0,9,2026-06-03 08:51:01
model3,2025-12-26,13,Utilities,1,24,1,26,2026-06-03 08:51:01
model3,2025-12-26,14,Insurance,0,4,0,4,2026-06-03 08:51:01
model3,2025-12-26,15,Automobiles & Parts,0,5,0,5,2026-06-03 08:51:01
model3,2025-12-26,16,Technology,0,8,0,8,2026-06-03 08:51:01
model3,2025-12-26,17,Oil & Gas,0,1,0,1,2026-06-03 08:51:01
model3,2025-12-26,18,Telecommunications,0,1,0,1,2026-06-03 08:51:01
model3,2025-12-29,0,Industrial Goods & Services,1,30,1,32,2026-06-03 08:51:01
model3,2025-12-29,1,Food & Beverage,0,33,0,33,2026-06-03 08:51:01
model3,2025-12-29,2,Banks,0,12,0,12,2026-06-03 08:51:01
model3,2025-12-29,3,Construction & Materials,0,59,2,61,2026-06-03 08:51:01
model3,2025-12-29,4,Basic Resources,0,17,0,17,2026-06-03 08:51:01
model3,2025-12-29,5,Media,0,3,0,3,2026-06-03 08:51:01
model3,2025-12-29,6,Retail,0,6,0,6,2026-06-03 08:51:01
model3,2025-12-29,7,Personal & Household Goods,0,8,0,8,2026-06-03 08:51:01
model3,2025-12-29,8,Real Estate,0,31,0,31,2026-06-03 08:51:01
model3,2025-12-29,9,Health Care,0,12,0,12,2026-06-03 08:51:01
model3,2025-12-29,10,Financial Services,0,10,0,10,2026-06-03 08:51:01
model3,2025-12-29,11,Chemicals,0,18,0,18,2026-06-03 08:51:01
model3,2025-12-29,12,Travel & Leisure,0,7,0,7,2026-06-03 08:51:01
model3,2025-12-29,13,Utilities,0,26,1,27,2026-06-03 08:51:01
model3,2025-12-29,14,Insurance,0,4,0,4,2026-06-03 08:51:01
model3,2025-12-29,15,Automobiles & Parts,0,4,1,5,2026-06-03 08:51:01
model3,2025-12-29,16,Technology,0,5,0,5,2026-06-03 08:51:01
model3,2025-12-29,17,Oil & Gas,0,2,0,2,2026-06-03 08:51:01
model3,2025-12-29,18,Telecommunications,0,1,0,1,2026-06-03 08:51:01
model3,2025-12-30,0,Industrial Goods & Services,0,30,0,30,2026-06-03 08:51:01
model3,2025-12-30,1,Food & Beverage,0,33,1,34,2026-06-03 08:51:01
model3,2025-12-30,2,Banks,0,12,0,12,2026-06-03 08:51:01
model3,2025-12-30,3,Construction & Materials,0,59,0,59,2026-06-03 08:51:01
model3,2025-12-30,4,Basic Resources,0,20,0,20,2026-06-03 08:51:01
model3,2025-12-30,5,Media,0,1,0,1,2026-06-03 08:51:01
model3,2025-12-30,6,Retail,0,6,0,6,2026-06-03 08:51:01
model3,2025-12-30,7,Personal & Household Goods,0,7,0,7,2026-06-03 08:51:01
model3,2025-12-30,8,Real Estate,1,28,1,30,2026-06-03 08:51:01
model3,2025-12-30,9,Health Care,0,12,0,12,2026-06-03 08:51:01
model3,2025-12-30,10,Financial Services,0,10,0,10,2026-06-03 08:51:01
model3,2025-12-30,11,Chemicals,0,17,1,18,2026-06-03 08:51:01
model3,2025-12-30,12,Travel & Leisure,0,7,0,7,2026-06-03 08:51:01
model3,2025-12-30,13,Utilities,0,23,0,23,2026-06-03 08:51:01
model3,2025-12-30,14,Insurance,0,4,0,4,2026-06-03 08:51:01
model3,2025-12-30,15,Automobiles & Parts,0,4,1,5,2026-06-03 08:51:01
model3,2025-12-30,16,Technology,0,4,0,4,2026-06-03 08:51:01
model3,2025-12-30,17,Oil & Gas,0,2,0,2,2026-06-03 08:51:01
model3,2025-12-30,18,Telecommunications,0,1,0,1,2026-06-03 08:51:01
model3,2025-12-31,0,Industrial Goods & Services,0,30,0,30,2026-06-03 08:51:01
model3,2025-12-31,1,Food & Beverage,0,31,0,31,2026-06-03 08:51:01
model3,2025-12-31,2,Banks,0,12,0,12,2026-06-03 08:51:01
model3,2025-12-31,3,Construction & Materials,0,60,1,61,2026-06-03 08:51:01
model3,2025-12-31,4,Basic Resources,0,20,0,20,2026-06-03 08:51:01
model3,2025-12-31,5,Media,0,4,0,4,2026-06-03 08:51:01
model3,2025-12-31,6,Retail,0,6,1,7,2026-06-03 08:51:01
model3,2025-12-31,7,Personal & Household Goods,0,10,0,10,2026-06-03 08:51:01
model3,2025-12-31,8,Real Estate,0,26,1,27,2026-06-03 08:51:01
model3,2025-12-31,9,Health Care,0,13,0,13,2026-06-03 08:51:01
model3,2025-12-31,10,Financial Services,0,11,0,11,2026-06-03 08:51:01
model3,2025-12-31,11,Chemicals,0,18,0,18,2026-06-03 08:51:01
model3,2025-12-31,12,Travel & Leisure,0,7,0,7,2026-06-03 08:51:01
model3,2025-12-31,13,Utilities,1,28,0,29,2026-06-03 08:51:01
model3,2025-12-31,14,Insurance,0,4,0,4,2026-06-03 08:51:01
model3,2025-12-31,15,Automobiles & Parts,0,5,1,6,2026-06-03 08:51:01
model3,2025-12-31,16,Technology,0,6,0,6,2026-06-03 08:51:01
model3,2025-12-31,17,Oil & Gas,0,2,0,2,2026-06-03 08:51:01
model3,2025-12-31,18,Telecommunications,0,1,0,1,2026-06-03 08:51:01
model3,2026-01-05,0,Industrial Goods & Services,0,30,0,30,2026-06-03 08:51:01
model3,2026-01-05,1,Food & Beverage,2,32,0,34,2026-06-03 08:51:01
model3,2026-01-05,2,Banks,0,12,0,12,2026-06-03 08:51:01
model3,2026-01-05,3,Construction & Materials,1,62,0,63,2026-06-03 08:51:01
model3,2026-01-05,4,Basic Resources,0,19,0,19,2026-06-03 08:51:01
model3,2026-01-05,5,Media,0,2,0,2,2026-06-03 08:51:01
model3,2026-01-05,6,Retail,0,7,0,7,2026-06-03 08:51:01
model3,2026-01-05,7,Personal & Household Goods,1,5,0,6,2026-06-03 08:51:01
model3,2026-01-05,8,Real Estate,2,26,0,28,2026-06-03 08:51:01
model3,2026-01-05,9,Health Care,0,11,0,11,2026-06-03 08:51:01
model3,2026-01-05,10,Financial Services,0,11,0,11,2026-06-03 08:51:01
model3,2026-01-05,11,Chemicals,0,14,1,15,2026-06-03 08:51:01
model3,2026-01-05,12,Travel & Leisure,0,7,0,7,2026-06-03 08:51:01
model3,2026-01-05,13,Utilities,0,24,0,24,2026-06-03 08:51:01
model3,2026-01-05,14,Insurance,0,5,0,5,2026-06-03 08:51:01
model3,2026-01-05,15,Automobiles & Parts,0,6,0,6,2026-06-03 08:51:01
model3,2026-01-05,16,Technology,0,6,0,6,2026-06-03 08:51:01
model3,2026-01-05,17,Oil & Gas,0,2,0,2,2026-06-03 08:51:01
model3,2026-01-05,18,Telecommunications,0,1,0,1,2026-06-03 08:51:01
model3,2026-01-06,0,Industrial Goods & Services,0,25,4,29,2026-06-03 08:51:01
model3,2026-01-06,1,Food & Beverage,0,31,0,31,2026-06-03 08:51:01
model3,2026-01-06,2,Banks,0,12,0,12,2026-06-03 08:51:01
model3,2026-01-06,3,Construction & Materials,0,63,0,63,2026-06-03 08:51:01
model3,2026-01-06,4,Basic Resources,0,20,0,20,2026-06-03 08:51:01
model3,2026-01-06,5,Media,0,3,0,3,2026-06-03 08:51:01
model3,2026-01-06,6,Retail,0,7,0,7,2026-06-03 08:51:01
model3,2026-01-06,7,Personal & Household Goods,0,8,3,11,2026-06-03 08:51:01
model3,2026-01-06,8,Real Estate,0,27,0,27,2026-06-03 08:51:01
model3,2026-01-06,9,Health Care,0,13,0,13,2026-06-03 08:51:01
model3,2026-01-06,10,Financial Services,0,10,0,10,2026-06-03 08:51:01
model3,2026-01-06,11,Chemicals,0,16,0,16,2026-06-03 08:51:01
model3,2026-01-06,12,Travel & Leisure,0,8,0,8,2026-06-03 08:51:01
model3,2026-01-06,13,Utilities,2,22,0,24,2026-06-03 08:51:01
model3,2026-01-06,14,Insurance,0,5,0,5,2026-06-03 08:51:01
model3,2026-01-06,15,Automobiles & Parts,0,6,0,6,2026-06-03 08:51:01
model3,2026-01-06,16,Technology,1,4,0,5,2026-06-03 08:51:01
model3,2026-01-06,17,Oil & Gas,0,2,0,2,2026-06-03 08:51:01
model3,2026-01-06,18,Telecommunications,0,1,0,1,2026-06-03 08:51:01
model3,2026-01-07,0,Industrial Goods & Services,0,28,1,29,2026-06-03 08:51:01
model3,2026-01-07,1,Food & Beverage,0,30,0,30,2026-06-03 08:51:01
model3,2026-01-07,2,Banks,0,12,0,12,2026-06-03 08:51:01
model3,2026-01-07,3,Construction & Materials,0,62,4,66,2026-06-03 08:51:01
model3,2026-01-07,4,Basic Resources,0,20,0,20,2026-06-03 08:51:01
model3,2026-01-07,5,Media,1,0,0,1,2026-06-03 08:51:01
model3,2026-01-07,6,Retail,0,7,0,7,2026-06-03 08:51:01
model3,2026-01-07,7,Personal & Household Goods,0,11,0,11,2026-06-03 08:51:01
model3,2026-01-07,8,Real Estate,0,29,1,30,2026-06-03 08:51:01
model3,2026-01-07,9,Health Care,0,13,0,13,2026-06-03 08:51:01
model3,2026-01-07,10,Financial Services,0,11,0,11,2026-06-03 08:51:01
model3,2026-01-07,11,Chemicals,0,15,1,16,2026-06-03 08:51:01
model3,2026-01-07,12,Travel & Leisure,0,8,0,8,2026-06-03 08:51:01
model3,2026-01-07,13,Utilities,1,24,1,26,2026-06-03 08:51:01
model3,2026-01-07,14,Insurance,0,3,0,3,2026-06-03 08:51:01
model3,2026-01-07,15,Automobiles & Parts,0,6,0,6,2026-06-03 08:51:01
model3,2026-01-07,16,Technology,0,7,0,7,2026-06-03 08:51:01
model3,2026-01-07,17,Oil & Gas,0,2,0,2,2026-06-03 08:51:01
model3,2026-01-07,18,Telecommunications,0,1,0,1,2026-06-03 08:51:01
model3,2026-01-08,0,Industrial Goods & Services,0,29,3,32,2026-06-03 08:51:01
model3,2026-01-08,1,Food & Beverage,1,34,0,35,2026-06-03 08:51:01
model3,2026-01-08,2,Banks,0,12,0,12,2026-06-03 08:51:01
model3,2026-01-08,3,Construction & Materials,0,68,2,70,2026-06-03 08:51:01
model3,2026-01-08,4,Basic Resources,0,18,0,18,2026-06-03 08:51:01
model3,2026-01-08,5,Media,0,2,0,2,2026-06-03 08:51:01
model3,2026-01-08,6,Retail,0,6,0,6,2026-06-03 08:51:01
model3,2026-01-08,7,Personal & Household Goods,0,9,0,9,2026-06-03 08:51:01
model3,2026-01-08,8,Real Estate,0,27,2,29,2026-06-03 08:51:01
model3,2026-01-08,9,Health Care,0,14,0,14,2026-06-03 08:51:01
model3,2026-01-08,10,Financial Services,0,11,0,11,2026-06-03 08:51:01
model3,2026-01-08,11,Chemicals,0,14,0,14,2026-06-03 08:51:01
model3,2026-01-08,12,Travel & Leisure,0,7,0,7,2026-06-03 08:51:01
model3,2026-01-08,13,Utilities,0,23,1,24,2026-06-03 08:51:01
model3,2026-01-08,14,Insurance,0,4,0,4,2026-06-03 08:51:01
model3,2026-01-08,15,Automobiles & Parts,0,4,1,5,2026-06-03 08:51:01
model3,2026-01-08,16,Technology,0,7,0,7,2026-06-03 08:51:01
model3,2026-01-08,17,Oil & Gas,0,1,0,1,2026-06-03 08:51:01
model3,2026-01-08,18,Telecommunications,0,1,0,1,2026-06-03 08:51:01
model3,2026-01-09,0,Industrial Goods & Services,0,35,2,37,2026-06-03 08:51:01
model3,2026-01-09,1,Food & Beverage,0,36,1,37,2026-06-03 08:51:01
model3,2026-01-09,2,Banks,0,12,0,12,2026-06-03 08:51:01
model3,2026-01-09,3,Construction & Materials,0,71,2,73,2026-06-03 08:51:01
model3,2026-01-09,4,Basic Resources,0,18,0,18,2026-06-03 08:51:01
model3,2026-01-09,5,Media,0,5,0,5,2026-06-03 08:51:01
model3,2026-01-09,6,Retail,0,6,1,7,2026-06-03 08:51:01
model3,2026-01-09,7,Personal & Household Goods,0,14,0,14,2026-06-03 08:51:01
model3,2026-01-09,8,Real Estate,0,32,1,33,2026-06-03 08:51:01
model3,2026-01-09,9,Health Care,0,12,0,12,2026-06-03 08:51:01
model3,2026-01-09,10,Financial Services,0,12,0,12,2026-06-03 08:51:01
model3,2026-01-09,11,Chemicals,0,15,0,15,2026-06-03 08:51:01
model3,2026-01-09,12,Travel & Leisure,0,9,0,9,2026-06-03 08:51:01
model3,2026-01-09,13,Utilities,1,22,2,25,2026-06-03 08:51:01
model3,2026-01-09,14,Insurance,0,4,0,4,2026-06-03 08:51:01
model3,2026-01-09,15,Automobiles & Parts,0,5,0,5,2026-06-03 08:51:01
model3,2026-01-09,16,Technology,0,6,0,6,2026-06-03 08:51:01
model3,2026-01-09,17,Oil & Gas,0,1,0,1,2026-06-03 08:51:01
model3,2026-01-09,18,Telecommunications,0,1,0,1,2026-06-03 08:51:01
model3,2026-01-12,0,Industrial Goods & Services,0,32,1,33,2026-06-03 08:51:01
model3,2026-01-12,1,Food & Beverage,0,35,0,35,2026-06-03 08:51:01
model3,2026-01-12,2,Banks,0,12,0,12,2026-06-03 08:51:01
model3,2026-01-12,3,Construction & Materials,0,58,3,61,2026-06-03 08:51:01
model3,2026-01-12,4,Basic Resources,0,20,0,20,2026-06-03 08:51:01
model3,2026-01-12,5,Media,0,6,0,6,2026-06-03 08:51:01
model3,2026-01-12,6,Retail,0,6,0,6,2026-06-03 08:51:01
model3,2026-01-12,7,Personal & Household Goods,0,9,0,9,2026-06-03 08:51:01
model3,2026-01-12,8,Real Estate,0,27,0,27,2026-06-03 08:51:01
model3,2026-01-12,9,Health Care,0,13,0,13,2026-06-03 08:51:01
model3,2026-01-12,10,Financial Services,0,11,0,11,2026-06-03 08:51:01
model3,2026-01-12,11,Chemicals,0,15,1,16,2026-06-03 08:51:01
model3,2026-01-12,12,Travel & Leisure,0,8,1,9,2026-06-03 08:51:01
model3,2026-01-12,13,Utilities,0,27,1,28,2026-06-03 08:51:01
model3,2026-01-12,14,Insurance,0,5,0,5,2026-06-03 08:51:01
model3,2026-01-12,15,Automobiles & Parts,0,4,0,4,2026-06-03 08:51:01
model3,2026-01-12,16,Technology,0,5,0,5,2026-06-03 08:51:01
model3,2026-01-12,17,Oil & Gas,0,1,0,1,2026-06-03 08:51:01
model3,2026-01-12,18,Telecommunications,0,1,0,1,2026-06-03 08:51:01
model3,2026-01-13,0,Industrial Goods & Services,0,32,0,32,2026-06-03 08:51:01
model3,2026-01-13,1,Food & Beverage,0,33,0,33,2026-06-03 08:51:01
model3,2026-01-13,2,Banks,0,12,0,12,2026-06-03 08:51:01
model3,2026-01-13,3,Construction & Materials,0,57,1,58,2026-06-03 08:51:01
model3,2026-01-13,4,Basic Resources,0,19,0,19,2026-06-03 08:51:01
model3,2026-01-13,5,Media,0,5,0,5,2026-06-03 08:51:01
model3,2026-01-13,6,Retail,0,6,0,6,2026-06-03 08:51:01
model3,2026-01-13,7,Personal & Household Goods,0,8,1,9,2026-06-03 08:51:01
model3,2026-01-13,8,Real Estate,0,27,0,27,2026-06-03 08:51:01
model3,2026-01-13,9,Health Care,0,14,0,14,2026-06-03 08:51:01
model3,2026-01-13,10,Financial Services,0,10,1,11,2026-06-03 08:51:01
model3,2026-01-13,11,Chemicals,0,14,2,16,2026-06-03 08:51:01
model3,2026-01-13,12,Travel & Leisure,0,7,1,8,2026-06-03 08:51:01
model3,2026-01-13,13,Utilities,0,28,0,28,2026-06-03 08:51:01
model3,2026-01-13,14,Insurance,0,5,0,5,2026-06-03 08:51:01
model3,2026-01-13,15,Automobiles & Parts,0,5,1,6,2026-06-03 08:51:01
model3,2026-01-13,16,Technology,0,4,0,4,2026-06-03 08:51:01
model3,2026-01-13,17,Oil & Gas,0,2,0,2,2026-06-03 08:51:01
model3,2026-01-13,18,Telecommunications,0,1,0,1,2026-06-03 08:51:01
model3,2026-01-14,0,Industrial Goods & Services,1,34,0,35,2026-06-03 08:51:01
model3,2026-01-14,1,Food & Beverage,0,32,0,32,2026-06-03 08:51:01
model3,2026-01-14,2,Banks,0,12,0,12,2026-06-03 08:51:01
model3,2026-01-14,3,Construction & Materials,0,60,3,63,2026-06-03 08:51:01
model3,2026-01-14,4,Basic Resources,0,19,0,19,2026-06-03 08:51:01
model3,2026-01-14,5,Media,0,3,1,4,2026-06-03 08:51:01
model3,2026-01-14,6,Retail,0,5,0,5,2026-06-03 08:51:01
model3,2026-01-14,7,Personal & Household Goods,0,8,0,8,2026-06-03 08:51:01
model3,2026-01-14,8,Real Estate,0,29,0,29,2026-06-03 08:51:01
model3,2026-01-14,9,Health Care,0,13,0,13,2026-06-03 08:51:01
model3,2026-01-14,10,Financial Services,0,10,0,10,2026-06-03 08:51:01
model3,2026-01-14,11,Chemicals,0,16,1,17,2026-06-03 08:51:01
model3,2026-01-14,12,Travel & Leisure,0,8,0,8,2026-06-03 08:51:01
model3,2026-01-14,13,Utilities,1,25,0,26,2026-06-03 08:51:01
model3,2026-01-14,14,Insurance,0,5,0,5,2026-06-03 08:51:01
model3,2026-01-14,15,Automobiles & Parts,0,5,0,5,2026-06-03 08:51:01
model3,2026-01-14,16,Technology,0,5,0,5,2026-06-03 08:51:01
model3,2026-01-14,17,Oil & Gas,0,2,0,2,2026-06-03 08:51:01
model3,2026-01-14,18,Telecommunications,0,1,0,1,2026-06-03 08:51:01
model3,2026-01-15,0,Industrial Goods & Services,0,33,0,33,2026-06-03 08:51:01
model3,2026-01-15,1,Food & Beverage,0,33,0,33,2026-06-03 08:51:01
model3,2026-01-15,2,Banks,0,12,0,12,2026-06-03 08:51:01
model3,2026-01-15,3,Construction & Materials,1,59,0,60,2026-06-03 08:51:01
model3,2026-01-15,4,Basic Resources,0,18,0,18,2026-06-03 08:51:01
model3,2026-01-15,5,Media,0,5,0,5,2026-06-03 08:51:01
model3,2026-01-15,6,Retail,0,7,0,7,2026-06-03 08:51:01
model3,2026-01-15,7,Personal & Household Goods,0,10,0,10,2026-06-03 08:51:01
model3,2026-01-15,8,Real Estate,0,30,0,30,2026-06-03 08:51:01
model3,2026-01-15,9,Health Care,0,12,0,12,2026-06-03 08:51:01
model3,2026-01-15,10,Financial Services,0,11,0,11,2026-06-03 08:51:01
model3,2026-01-15,11,Chemicals,0,15,0,15,2026-06-03 08:51:01
model3,2026-01-15,12,Travel & Leisure,0,7,0,7,2026-06-03 08:51:01
model3,2026-01-15,13,Utilities,1,29,0,30,2026-06-03 08:51:01
model3,2026-01-15,14,Insurance,0,5,0,5,2026-06-03 08:51:01
model3,2026-01-15,15,Automobiles & Parts,1,4,0,5,2026-06-03 08:51:01
model3,2026-01-15,16,Technology,0,5,0,5,2026-06-03 08:51:01
model3,2026-01-15,17,Oil & Gas,0,2,0,2,2026-06-03 08:51:01
model3,2026-01-15,18,Telecommunications,0,1,0,1,2026-06-03 08:51:01
model3,2026-01-16,0,Industrial Goods & Services,0,36,0,36,2026-06-03 08:51:01
model3,2026-01-16,1,Food & Beverage,0,36,0,36,2026-06-03 08:51:01
model3,2026-01-16,2,Banks,0,11,0,11,2026-06-03 08:51:01
model3,2026-01-16,3,Construction & Materials,1,74,1,76,2026-06-03 08:51:01
model3,2026-01-16,4,Basic Resources,0,21,0,21,2026-06-03 08:51:01
model3,2026-01-16,5,Media,0,6,1,7,2026-06-03 08:51:01
model3,2026-01-16,6,Retail,0,6,0,6,2026-06-03 08:51:01
model3,2026-01-16,7,Personal & Household Goods,0,13,0,13,2026-06-03 08:51:01
model3,2026-01-16,8,Real Estate,1,31,1,33,2026-06-03 08:51:01
model3,2026-01-16,9,Health Care,1,14,1,16,2026-06-03 08:51:01
model3,2026-01-16,10,Financial Services,0,11,1,12,2026-06-03 08:51:01
model3,2026-01-16,11,Chemicals,0,18,0,18,2026-06-03 08:51:01
model3,2026-01-16,12,Travel & Leisure,0,9,0,9,2026-06-03 08:51:01
model3,2026-01-16,13,Utilities,0,27,1,28,2026-06-03 08:51:01
model3,2026-01-16,14,Insurance,0,5,0,5,2026-06-03 08:51:01
model3,2026-01-16,15,Automobiles & Parts,0,6,0,6,2026-06-03 08:51:01
model3,2026-01-16,16,Technology,0,6,0,6,2026-06-03 08:51:01
model3,2026-01-16,17,Oil & Gas,0,2,0,2,2026-06-03 08:51:01
model3,2026-01-16,18,Telecommunications,0,1,0,1,2026-06-03 08:51:01
model3,2026-01-19,0,Industrial Goods & Services,1,30,2,33,2026-06-03 08:51:01
model3,2026-01-19,1,Food & Beverage,0,32,0,32,2026-06-03 08:51:01
model3,2026-01-19,2,Banks,0,12,0,12,2026-06-03 08:51:01
model3,2026-01-19,3,Construction & Materials,1,55,0,56,2026-06-03 08:51:01
model3,2026-01-19,4,Basic Resources,0,19,0,19,2026-06-03 08:51:01
model3,2026-01-19,5,Media,0,4,0,4,2026-06-03 08:51:01
model3,2026-01-19,6,Retail,0,6,1,7,2026-06-03 08:51:01
model3,2026-01-19,7,Personal & Household Goods,0,9,0,9,2026-06-03 08:51:01
model3,2026-01-19,8,Real Estate,0,28,0,28,2026-06-03 08:51:01
model3,2026-01-19,9,Health Care,1,16,0,17,2026-06-03 08:51:01
model3,2026-01-19,10,Financial Services,0,11,0,11,2026-06-03 08:51:01
model3,2026-01-19,11,Chemicals,0,19,0,19,2026-06-03 08:51:01
model3,2026-01-19,12,Travel & Leisure,1,7,0,8,2026-06-03 08:51:01
model3,2026-01-19,13,Utilities,0,25,0,25,2026-06-03 08:51:01
model3,2026-01-19,14,Insurance,0,4,0,4,2026-06-03 08:51:01
model3,2026-01-19,15,Automobiles & Parts,0,5,0,5,2026-06-03 08:51:01
model3,2026-01-19,16,Technology,0,5,0,5,2026-06-03 08:51:01
model3,2026-01-19,17,Oil & Gas,0,2,0,2,2026-06-03 08:51:01
model3,2026-01-19,18,Telecommunications,0,1,0,1,2026-06-03 08:51:01
model3,2026-01-20,0,Industrial Goods & Services,0,32,1,33,2026-06-03 08:51:01
model3,2026-01-20,1,Food & Beverage,0,34,0,34,2026-06-03 08:51:01
model3,2026-01-20,2,Banks,0,12,0,12,2026-06-03 08:51:01
model3,2026-01-20,3,Construction & Materials,0,57,1,58,2026-06-03 08:51:01
model3,2026-01-20,4,Basic Resources,0,18,0,18,2026-06-03 08:51:01
model3,2026-01-20,5,Media,0,4,0,4,2026-06-03 08:51:01
model3,2026-01-20,6,Retail,0,6,0,6,2026-06-03 08:51:01
model3,2026-01-20,7,Personal & Household Goods,0,9,1,10,2026-06-03 08:51:01
model3,2026-01-20,8,Real Estate,1,28,0,29,2026-06-03 08:51:01
model3,2026-01-20,9,Health Care,0,16,0,16,2026-06-03 08:51:01
model3,2026-01-20,10,Financial Services,0,11,0,11,2026-06-03 08:51:01
model3,2026-01-20,11,Chemicals,0,17,1,18,2026-06-03 08:51:01
model3,2026-01-20,12,Travel & Leisure,0,8,0,8,2026-06-03 08:51:01
model3,2026-01-20,13,Utilities,0,26,1,27,2026-06-03 08:51:01
model3,2026-01-20,14,Insurance,0,3,0,3,2026-06-03 08:51:01
model3,2026-01-20,15,Automobiles & Parts,0,5,0,5,2026-06-03 08:51:01
model3,2026-01-20,16,Technology,0,5,0,5,2026-06-03 08:51:01
model3,2026-01-20,17,Oil & Gas,0,2,0,2,2026-06-03 08:51:01
model3,2026-01-20,18,Telecommunications,0,1,0,1,2026-06-03 08:51:01
model3,2026-01-21,0,Industrial Goods & Services,0,34,1,35,2026-06-03 08:51:01
model3,2026-01-21,1,Food & Beverage,0,35,0,35,2026-06-03 08:51:01
model3,2026-01-21,2,Banks,0,12,0,12,2026-06-03 08:51:01
model3,2026-01-21,3,Construction & Materials,0,58,0,58,2026-06-03 08:51:01
model3,2026-01-21,4,Basic Resources,0,19,0,19,2026-06-03 08:51:01
model3,2026-01-21,5,Media,0,3,0,3,2026-06-03 08:51:01
model3,2026-01-21,6,Retail,0,6,0,6,2026-06-03 08:51:01
model3,2026-01-21,7,Personal & Household Goods,0,8,1,9,2026-06-03 08:51:01
model3,2026-01-21,8,Real Estate,0,25,1,26,2026-06-03 08:51:01
model3,2026-01-21,9,Health Care,0,16,0,16,2026-06-03 08:51:01
model3,2026-01-21,10,Financial Services,0,10,0,10,2026-06-03 08:51:01
model3,2026-01-21,11,Chemicals,0,19,0,19,2026-06-03 08:51:01
model3,2026-01-21,12,Travel & Leisure,0,8,0,8,2026-06-03 08:51:01
model3,2026-01-21,13,Utilities,0,27,0,27,2026-06-03 08:51:01
model3,2026-01-21,14,Insurance,0,5,0,5,2026-06-03 08:51:01
model3,2026-01-21,15,Automobiles & Parts,0,3,1,4,2026-06-03 08:51:01
model3,2026-01-21,16,Technology,0,6,0,6,2026-06-03 08:51:01
model3,2026-01-21,17,Oil & Gas,0,2,0,2,2026-06-03 08:51:01
model3,2026-01-21,18,Telecommunications,0,1,0,1,2026-06-03 08:51:01
model3,2026-01-22,0,Industrial Goods & Services,0,31,1,32,2026-06-03 08:51:01
model3,2026-01-22,1,Food & Beverage,0,33,1,34,2026-06-03 08:51:01
model3,2026-01-22,2,Banks,0,12,0,12,2026-06-03 08:51:01
model3,2026-01-22,3,Construction & Materials,0,60,2,62,2026-06-03 08:51:01
model3,2026-01-22,4,Basic Resources,1,19,0,20,2026-06-03 08:51:01
model3,2026-01-22,5,Media,0,6,0,6,2026-06-03 08:51:01
model3,2026-01-22,6,Retail,0,4,1,5,2026-06-03 08:51:01
model3,2026-01-22,7,Personal & Household Goods,0,7,1,8,2026-06-03 08:51:01
model3,2026-01-22,8,Real Estate,0,25,1,26,2026-06-03 08:51:01
model3,2026-01-22,9,Health Care,0,13,0,13,2026-06-03 08:51:01
model3,2026-01-22,10,Financial Services,0,10,0,10,2026-06-03 08:51:01
model3,2026-01-22,11,Chemicals,0,18,0,18,2026-06-03 08:51:01
model3,2026-01-22,12,Travel & Leisure,0,7,1,8,2026-06-03 08:51:01
model3,2026-01-22,13,Utilities,0,31,2,33,2026-06-03 08:51:01
model3,2026-01-22,14,Insurance,0,4,0,4,2026-06-03 08:51:01
model3,2026-01-22,15,Automobiles & Parts,0,4,0,4,2026-06-03 08:51:01
model3,2026-01-22,16,Technology,0,5,0,5,2026-06-03 08:51:01
model3,2026-01-22,17,Oil & Gas,0,2,0,2,2026-06-03 08:51:01
model3,2026-01-22,18,Telecommunications,0,1,0,1,2026-06-03 08:51:01
model3,2026-01-23,0,Industrial Goods & Services,0,36,0,36,2026-06-03 08:51:01
model3,2026-01-23,1,Food & Beverage,0,36,0,36,2026-06-03 08:51:01
model3,2026-01-23,2,Banks,0,12,0,12,2026-06-03 08:51:01
model3,2026-01-23,3,Construction & Materials,2,63,3,68,2026-06-03 08:51:01
model3,2026-01-23,4,Basic Resources,0,23,0,23,2026-06-03 08:51:01
model3,2026-01-23,5,Media,0,4,0,4,2026-06-03 08:51:01
model3,2026-01-23,6,Retail,1,8,0,9,2026-06-03 08:51:01
model3,2026-01-23,7,Personal & Household Goods,0,12,0,12,2026-06-03 08:51:01
model3,2026-01-23,8,Real Estate,0,27,1,28,2026-06-03 08:51:01
model3,2026-01-23,9,Health Care,0,15,0,15,2026-06-03 08:51:01
model3,2026-01-23,10,Financial Services,0,11,0,11,2026-06-03 08:51:01
model3,2026-01-23,11,Chemicals,0,17,0,17,2026-06-03 08:51:01
model3,2026-01-23,12,Travel & Leisure,0,8,0,8,2026-06-03 08:51:01
model3,2026-01-23,13,Utilities,1,25,1,27,2026-06-03 08:51:01
model3,2026-01-23,14,Insurance,0,5,0,5,2026-06-03 08:51:01
model3,2026-01-23,15,Automobiles & Parts,0,5,0,5,2026-06-03 08:51:01
model3,2026-01-23,16,Technology,1,4,0,5,2026-06-03 08:51:01
model3,2026-01-23,17,Oil & Gas,0,2,0,2,2026-06-03 08:51:01
model3,2026-01-23,18,Telecommunications,0,1,0,1,2026-06-03 08:51:01
model3,2026-01-26,0,Industrial Goods & Services,0,32,1,33,2026-06-03 08:51:01
model3,2026-01-26,1,Food & Beverage,0,30,0,30,2026-06-03 08:51:01
model3,2026-01-26,2,Banks,0,12,0,12,2026-06-03 08:51:01
model3,2026-01-26,3,Construction & Materials,1,55,1,57,2026-06-03 08:51:01
model3,2026-01-26,4,Basic Resources,0,19,0,19,2026-06-03 08:51:01
model3,2026-01-26,5,Media,0,5,0,5,2026-06-03 08:51:01
model3,2026-01-26,6,Retail,0,5,0,5,2026-06-03 08:51:01
model3,2026-01-26,7,Personal & Household Goods,0,9,0,9,2026-06-03 08:51:01
model3,2026-01-26,8,Real Estate,0,25,1,26,2026-06-03 08:51:01
model3,2026-01-26,9,Health Care,0,16,0,16,2026-06-03 08:51:01
model3,2026-01-26,10,Financial Services,0,11,0,11,2026-06-03 08:51:01
model3,2026-01-26,11,Chemicals,0,17,0,17,2026-06-03 08:51:01
model3,2026-01-26,12,Travel & Leisure,0,7,0,7,2026-06-03 08:51:01
model3,2026-01-26,13,Utilities,0,26,1,27,2026-06-03 08:51:01
model3,2026-01-26,14,Insurance,0,4,0,4,2026-06-03 08:51:01
model3,2026-01-26,15,Automobiles & Parts,0,3,0,3,2026-06-03 08:51:01
model3,2026-01-26,16,Technology,0,5,0,5,2026-06-03 08:51:01
model3,2026-01-26,17,Oil & Gas,0,2,0,2,2026-06-03 08:51:01
model3,2026-01-26,18,Telecommunications,0,1,0,1,2026-06-03 08:51:01
model3,2026-01-27,0,Industrial Goods & Services,0,31,0,31,2026-06-03 08:51:01
model3,2026-01-27,1,Food & Beverage,0,32,0,32,2026-06-03 08:51:01
model3,2026-01-27,2,Banks,0,11,0,11,2026-06-03 08:51:01
model3,2026-01-27,3,Construction & Materials,1,50,3,54,2026-06-03 08:51:01
model3,2026-01-27,4,Basic Resources,0,20,0,20,2026-06-03 08:51:01
model3,2026-01-27,5,Media,0,5,1,6,2026-06-03 08:51:01
model3,2026-01-27,6,Retail,0,5,1,6,2026-06-03 08:51:01
model3,2026-01-27,7,Personal & Household Goods,0,8,1,9,2026-06-03 08:51:01
model3,2026-01-27,8,Real Estate,0,28,1,29,2026-06-03 08:51:01
model3,2026-01-27,9,Health Care,0,15,1,16,2026-06-03 08:51:01
model3,2026-01-27,10,Financial Services,0,11,0,11,2026-06-03 08:51:01
model3,2026-01-27,11,Chemicals,0,16,0,16,2026-06-03 08:51:01
model3,2026-01-27,12,Travel & Leisure,0,8,0,8,2026-06-03 08:51:01
model3,2026-01-27,13,Utilities,1,28,0,29,2026-06-03 08:51:01
model3,2026-01-27,14,Insurance,0,4,0,4,2026-06-03 08:51:01
model3,2026-01-27,15,Automobiles & Parts,0,3,0,3,2026-06-03 08:51:01
model3,2026-01-27,16,Technology,0,4,0,4,2026-06-03 08:51:01
model3,2026-01-27,17,Oil & Gas,0,1,0,1,2026-06-03 08:51:01
model3,2026-01-27,18,Telecommunications,0,1,0,1,2026-06-03 08:51:01
model3,2026-01-28,0,Industrial Goods & Services,0,34,0,34,2026-06-03 08:51:01
model3,2026-01-28,1,Food & Beverage,0,31,1,32,2026-06-03 08:51:01
model3,2026-01-28,2,Banks,0,12,0,12,2026-06-03 08:51:01
model3,2026-01-28,3,Construction & Materials,0,55,0,55,2026-06-03 08:51:01
model3,2026-01-28,4,Basic Resources,0,18,0,18,2026-06-03 08:51:01
model3,2026-01-28,5,Media,0,3,2,5,2026-06-03 08:51:01
model3,2026-01-28,6,Retail,0,4,1,5,2026-06-03 08:51:01
model3,2026-01-28,7,Personal & Household Goods,0,8,0,8,2026-06-03 08:51:01
model3,2026-01-28,8,Real Estate,0,27,1,28,2026-06-03 08:51:01
model3,2026-01-28,9,Health Care,0,17,0,17,2026-06-03 08:51:01
model3,2026-01-28,10,Financial Services,0,10,0,10,2026-06-03 08:51:01
model3,2026-01-28,11,Chemicals,0,17,0,17,2026-06-03 08:51:01
model3,2026-01-28,12,Travel & Leisure,0,8,0,8,2026-06-03 08:51:01
model3,2026-01-28,13,Utilities,1,25,1,27,2026-06-03 08:51:01
model3,2026-01-28,14,Insurance,0,4,0,4,2026-06-03 08:51:01
model3,2026-01-28,15,Automobiles & Parts,0,4,0,4,2026-06-03 08:51:01
model3,2026-01-28,16,Technology,0,5,0,5,2026-06-03 08:51:01
model3,2026-01-28,17,Oil & Gas,0,2,0,2,2026-06-03 08:51:01
model3,2026-01-28,18,Telecommunications,0,1,0,1,2026-06-03 08:51:01
model3,2026-01-29,0,Industrial Goods & Services,0,35,0,35,2026-06-03 08:51:01
model3,2026-01-29,1,Food & Beverage,0,34,0,34,2026-06-03 08:51:01
model3,2026-01-29,2,Banks,0,12,0,12,2026-06-03 08:51:01
model3,2026-01-29,3,Construction & Materials,1,54,0,55,2026-06-03 08:51:01
model3,2026-01-29,4,Basic Resources,0,20,0,20,2026-06-03 08:51:01
model3,2026-01-29,5,Media,0,3,0,3,2026-06-03 08:51:01
model3,2026-01-29,6,Retail,0,5,1,6,2026-06-03 08:51:01
model3,2026-01-29,7,Personal & Household Goods,0,9,0,9,2026-06-03 08:51:01
model3,2026-01-29,8,Real Estate,0,26,1,27,2026-06-03 08:51:01
model3,2026-01-29,9,Health Care,0,15,0,15,2026-06-03 08:51:01
model3,2026-01-29,10,Financial Services,0,10,0,10,2026-06-03 08:51:01
model3,2026-01-29,11,Chemicals,0,16,0,16,2026-06-03 08:51:01
model3,2026-01-29,12,Travel & Leisure,0,7,0,7,2026-06-03 08:51:01
model3,2026-01-29,13,Utilities,0,23,2,25,2026-06-03 08:51:01
model3,2026-01-29,14,Insurance,0,4,0,4,2026-06-03 08:51:01
model3,2026-01-29,15,Automobiles & Parts,0,4,0,4,2026-06-03 08:51:01
model3,2026-01-29,16,Technology,0,6,0,6,2026-06-03 08:51:01
model3,2026-01-29,17,Oil & Gas,0,2,0,2,2026-06-03 08:51:01
model3,2026-01-29,18,Telecommunications,0,1,0,1,2026-06-03 08:51:01
model3,2026-01-30,0,Industrial Goods & Services,0,34,1,35,2026-06-03 08:51:01
model3,2026-01-30,1,Food & Beverage,0,38,0,38,2026-06-03 08:51:01
model3,2026-01-30,2,Banks,0,12,0,12,2026-06-03 08:51:01
model3,2026-01-30,3,Construction & Materials,0,67,3,70,2026-06-03 08:51:01
model3,2026-01-30,4,Basic Resources,0,21,0,21,2026-06-03 08:51:01
model3,2026-01-30,5,Media,0,5,1,6,2026-06-03 08:51:01
model3,2026-01-30,6,Retail,0,8,0,8,2026-06-03 08:51:01
model3,2026-01-30,7,Personal & Household Goods,0,14,0,14,2026-06-03 08:51:01
model3,2026-01-30,8,Real Estate,0,30,1,31,2026-06-03 08:51:01
model3,2026-01-30,9,Health Care,0,16,0,16,2026-06-03 08:51:01
model3,2026-01-30,10,Financial Services,0,12,0,12,2026-06-03 08:51:01
model3,2026-01-30,11,Chemicals,0,17,0,17,2026-06-03 08:51:01
model3,2026-01-30,12,Travel & Leisure,0,5,1,6,2026-06-03 08:51:01
model3,2026-01-30,13,Utilities,0,26,0,26,2026-06-03 08:51:01
model3,2026-01-30,14,Insurance,0,4,1,5,2026-06-03 08:51:01
model3,2026-01-30,15,Automobiles & Parts,0,7,0,7,2026-06-03 08:51:01
model3,2026-01-30,16,Technology,0,7,0,7,2026-06-03 08:51:01
model3,2026-01-30,17,Oil & Gas,0,2,0,2,2026-06-03 08:51:01
model3,2026-01-30,18,Telecommunications,0,1,0,1,2026-06-03 08:51:01
model3,2026-02-02,0,Industrial Goods & Services,1,34,1,36,2026-06-03 08:51:01
model3,2026-02-02,1,Food & Beverage,1,35,0,36,2026-06-03 08:51:01
model3,2026-02-02,2,Banks,0,12,0,12,2026-06-03 08:51:01
model3,2026-02-02,3,Construction & Materials,0,56,1,57,2026-06-03 08:51:01
model3,2026-02-02,4,Basic Resources,0,20,0,20,2026-06-03 08:51:01
model3,2026-02-02,5,Media,0,4,0,4,2026-06-03 08:51:01
model3,2026-02-02,6,Retail,0,6,0,6,2026-06-03 08:51:01
model3,2026-02-02,7,Personal & Household Goods,0,10,0,10,2026-06-03 08:51:01
model3,2026-02-02,8,Real Estate,0,29,1,30,2026-06-03 08:51:01
model3,2026-02-02,9,Health Care,0,17,0,17,2026-06-03 08:51:01
model3,2026-02-02,10,Financial Services,0,11,0,11,2026-06-03 08:51:01
model3,2026-02-02,11,Chemicals,0,19,0,19,2026-06-03 08:51:01
model3,2026-02-02,12,Travel & Leisure,0,7,1,8,2026-06-03 08:51:01
model3,2026-02-02,13,Utilities,1,28,0,29,2026-06-03 08:51:01
model3,2026-02-02,14,Insurance,0,5,0,5,2026-06-03 08:51:01
model3,2026-02-02,15,Automobiles & Parts,0,5,0,5,2026-06-03 08:51:01
model3,2026-02-02,16,Technology,0,5,0,5,2026-06-03 08:51:01
model3,2026-02-02,17,Oil & Gas,0,2,0,2,2026-06-03 08:51:01
model3,2026-02-02,18,Telecommunications,0,1,0,1,2026-06-03 08:51:01
model3,2026-02-03,0,Industrial Goods & Services,1,31,1,33,2026-06-03 08:51:01
model3,2026-02-03,1,Food & Beverage,0,31,1,32,2026-06-03 08:51:01
model3,2026-02-03,2,Banks,0,12,0,12,2026-06-03 08:51:01
model3,2026-02-03,3,Construction & Materials,1,56,1,58,2026-06-03 08:51:01
model3,2026-02-03,4,Basic Resources,0,20,0,20,2026-06-03 08:51:01
model3,2026-02-03,5,Media,0,6,0,6,2026-06-03 08:51:01
model3,2026-02-03,6,Retail,0,6,0,6,2026-06-03 08:51:01
model3,2026-02-03,7,Personal & Household Goods,0,10,0,10,2026-06-03 08:51:01
model3,2026-02-03,8,Real Estate,0,29,1,30,2026-06-03 08:51:01
model3,2026-02-03,9,Health Care,1,14,0,15,2026-06-03 08:51:01
model3,2026-02-03,10,Financial Services,0,11,0,11,2026-06-03 08:51:01
model3,2026-02-03,11,Chemicals,0,16,0,16,2026-06-03 08:51:01
model3,2026-02-03,12,Travel & Leisure,0,7,0,7,2026-06-03 08:51:01
model3,2026-02-03,13,Utilities,0,28,1,29,2026-06-03 08:51:01
model3,2026-02-03,14,Insurance,0,5,0,5,2026-06-03 08:51:01
model3,2026-02-03,15,Automobiles & Parts,0,6,0,6,2026-06-03 08:51:01
model3,2026-02-03,16,Technology,0,4,0,4,2026-06-03 08:51:01
model3,2026-02-03,17,Oil & Gas,0,2,0,2,2026-06-03 08:51:01
model3,2026-02-03,18,Telecommunications,0,1,0,1,2026-06-03 08:51:01
model3,2026-02-04,0,Industrial Goods & Services,0,34,0,34,2026-06-03 08:51:01
model3,2026-02-04,1,Food & Beverage,0,30,1,31,2026-06-03 08:51:01
model3,2026-02-04,2,Banks,0,12,0,12,2026-06-03 08:51:01
model3,2026-02-04,3,Construction & Materials,0,59,1,60,2026-06-03 08:51:01
model3,2026-02-04,4,Basic Resources,0,20,1,21,2026-06-03 08:51:01
model3,2026-02-04,5,Media,1,4,0,5,2026-06-03 08:51:01
model3,2026-02-04,6,Retail,0,6,0,6,2026-06-03 08:51:01
model3,2026-02-04,7,Personal & Household Goods,0,9,0,9,2026-06-03 08:51:01
model3,2026-02-04,8,Real Estate,0,24,2,26,2026-06-03 08:51:01
model3,2026-02-04,9,Health Care,0,16,0,16,2026-06-03 08:51:01
model3,2026-02-04,10,Financial Services,0,10,1,11,2026-06-03 08:51:01
model3,2026-02-04,11,Chemicals,0,16,0,16,2026-06-03 08:51:01
model3,2026-02-04,12,Travel & Leisure,0,8,0,8,2026-06-03 08:51:01
model3,2026-02-04,13,Utilities,0,27,0,27,2026-06-03 08:51:01
model3,2026-02-04,14,Insurance,0,4,0,4,2026-06-03 08:51:01
model3,2026-02-04,15,Automobiles & Parts,0,6,0,6,2026-06-03 08:51:01
model3,2026-02-04,16,Technology,0,4,0,4,2026-06-03 08:51:01
model3,2026-02-04,17,Oil & Gas,0,2,0,2,2026-06-03 08:51:01
model3,2026-02-04,18,Telecommunications,0,1,0,1,2026-06-03 08:51:01
model3,2026-02-05,0,Industrial Goods & Services,0,31,0,31,2026-06-03 08:51:01
model3,2026-02-05,1,Food & Beverage,0,30,1,31,2026-06-03 08:51:01
model3,2026-02-05,2,Banks,0,12,0,12,2026-06-03 08:51:01
model3,2026-02-05,3,Construction & Materials,0,59,2,61,2026-06-03 08:51:01
model3,2026-02-05,4,Basic Resources,0,20,0,20,2026-06-03 08:51:01
model3,2026-02-05,5,Media,0,6,0,6,2026-06-03 08:51:01
model3,2026-02-05,6,Retail,0,7,0,7,2026-06-03 08:51:01
model3,2026-02-05,7,Personal & Household Goods,0,9,0,9,2026-06-03 08:51:01
model3,2026-02-05,8,Real Estate,0,25,0,25,2026-06-03 08:51:01
model3,2026-02-05,9,Health Care,0,17,0,17,2026-06-03 08:51:01
model3,2026-02-05,10,Financial Services,0,10,0,10,2026-06-03 08:51:01
model3,2026-02-05,11,Chemicals,0,17,0,17,2026-06-03 08:51:01
model3,2026-02-05,12,Travel & Leisure,0,6,1,7,2026-06-03 08:51:01
model3,2026-02-05,13,Utilities,0,30,1,31,2026-06-03 08:51:01
model3,2026-02-05,14,Insurance,0,5,0,5,2026-06-03 08:51:01
model3,2026-02-05,15,Automobiles & Parts,1,3,0,4,2026-06-03 08:51:01
model3,2026-02-05,16,Technology,0,5,0,5,2026-06-03 08:51:01
model3,2026-02-05,17,Oil & Gas,0,2,0,2,2026-06-03 08:51:01
model3,2026-02-05,18,Telecommunications,0,1,0,1,2026-06-03 08:51:01
model3,2026-02-06,0,Industrial Goods & Services,0,34,0,34,2026-06-03 08:51:01
model3,2026-02-06,1,Food & Beverage,0,34,0,34,2026-06-03 08:51:01
model3,2026-02-06,2,Banks,0,12,0,12,2026-06-03 08:51:01
model3,2026-02-06,3,Construction & Materials,0,70,0,70,2026-06-03 08:51:01
model3,2026-02-06,4,Basic Resources,0,23,0,23,2026-06-03 08:51:01
model3,2026-02-06,5,Media,0,5,0,5,2026-06-03 08:51:01
model3,2026-02-06,6,Retail,0,9,0,9,2026-06-03 08:51:01
model3,2026-02-06,7,Personal & Household Goods,0,13,1,14,2026-06-03 08:51:01
model3,2026-02-06,8,Real Estate,0,28,0,28,2026-06-03 08:51:01
model3,2026-02-06,9,Health Care,0,14,1,15,2026-06-03 08:51:01
model3,2026-02-06,10,Financial Services,0,12,0,12,2026-06-03 08:51:01
model3,2026-02-06,11,Chemicals,0,17,0,17,2026-06-03 08:51:01
model3,2026-02-06,12,Travel & Leisure,0,8,1,9,2026-06-03 08:51:01
model3,2026-02-06,13,Utilities,0,32,0,32,2026-06-03 08:51:01
model3,2026-02-06,14,Insurance,0,4,0,4,2026-06-03 08:51:01
model3,2026-02-06,15,Automobiles & Parts,0,5,0,5,2026-06-03 08:51:01
model3,2026-02-06,16,Technology,1,5,0,6,2026-06-03 08:51:01
model3,2026-02-06,17,Oil & Gas,0,2,0,2,2026-06-03 08:51:01
model3,2026-02-06,18,Telecommunications,0,1,0,1,2026-06-03 08:51:01
model3,2026-02-09,0,Industrial Goods & Services,0,28,0,28,2026-06-03 08:51:01
model3,2026-02-09,1,Food & Beverage,0,31,0,31,2026-06-03 08:51:01
model3,2026-02-09,2,Banks,0,12,0,12,2026-06-03 08:51:01
model3,2026-02-09,3,Construction & Materials,0,60,2,62,2026-06-03 08:51:01
model3,2026-02-09,4,Basic Resources,0,19,0,19,2026-06-03 08:51:01
model3,2026-02-09,5,Media,0,3,0,3,2026-06-03 08:51:01
model3,2026-02-09,6,Retail,0,4,0,4,2026-06-03 08:51:01
model3,2026-02-09,7,Personal & Household Goods,0,8,0,8,2026-06-03 08:51:01
model3,2026-02-09,8,Real Estate,0,26,0,26,2026-06-03 08:51:01
model3,2026-02-09,9,Health Care,0,16,0,16,2026-06-03 08:51:01
model3,2026-02-09,10,Financial Services,0,10,0,10,2026-06-03 08:51:01
model3,2026-02-09,11,Chemicals,0,16,0,16,2026-06-03 08:51:01
model3,2026-02-09,12,Travel & Leisure,1,5,0,6,2026-06-03 08:51:01
model3,2026-02-09,13,Utilities,1,24,2,27,2026-06-03 08:51:01
model3,2026-02-09,14,Insurance,0,3,0,3,2026-06-03 08:51:01
model3,2026-02-09,15,Automobiles & Parts,0,4,0,4,2026-06-03 08:51:01
model3,2026-02-09,16,Technology,0,5,0,5,2026-06-03 08:51:01
model3,2026-02-09,17,Oil & Gas,0,2,0,2,2026-06-03 08:51:01
model3,2026-02-09,18,Telecommunications,0,1,0,1,2026-06-03 08:51:01
model3,2026-02-10,0,Industrial Goods & Services,1,27,0,28,2026-06-03 08:51:01
model3,2026-02-10,1,Food & Beverage,0,30,0,30,2026-06-03 08:51:01
model3,2026-02-10,2,Banks,0,12,0,12,2026-06-03 08:51:01
model3,2026-02-10,3,Construction & Materials,2,54,2,58,2026-06-03 08:51:01
model3,2026-02-10,4,Basic Resources,0,18,0,18,2026-06-03 08:51:01
model3,2026-02-10,5,Media,0,3,0,3,2026-06-03 08:51:01
model3,2026-02-10,6,Retail,0,6,0,6,2026-06-03 08:51:01
model3,2026-02-10,7,Personal & Household Goods,0,9,0,9,2026-06-03 08:51:01
model3,2026-02-10,8,Real Estate,1,26,1,28,2026-06-03 08:51:01
model3,2026-02-10,9,Health Care,0,17,0,17,2026-06-03 08:51:01
model3,2026-02-10,10,Financial Services,0,10,0,10,2026-06-03 08:51:01
model3,2026-02-10,11,Chemicals,0,18,0,18,2026-06-03 08:51:01
model3,2026-02-10,12,Travel & Leisure,0,8,1,9,2026-06-03 08:51:01
model3,2026-02-10,13,Utilities,0,29,0,29,2026-06-03 08:51:01
model3,2026-02-10,14,Insurance,0,4,0,4,2026-06-03 08:51:01
model3,2026-02-10,15,Automobiles & Parts,0,4,0,4,2026-06-03 08:51:01
model3,2026-02-10,16,Technology,0,4,0,4,2026-06-03 08:51:01
model3,2026-02-10,17,Oil & Gas,0,2,0,2,2026-06-03 08:51:01
model3,2026-02-10,18,Telecommunications,0,1,0,1,2026-06-03 08:51:01
model3,2026-02-11,0,Industrial Goods & Services,0,32,1,33,2026-06-03 08:51:01
model3,2026-02-11,1,Food & Beverage,0,31,0,31,2026-06-03 08:51:01
model3,2026-02-11,2,Banks,0,12,0,12,2026-06-03 08:51:01
model3,2026-02-11,3,Construction & Materials,0,51,2,53,2026-06-03 08:51:01
model3,2026-02-11,4,Basic Resources,0,20,0,20,2026-06-03 08:51:01
model3,2026-02-11,5,Media,0,5,0,5,2026-06-03 08:51:01
model3,2026-02-11,6,Retail,0,7,0,7,2026-06-03 08:51:01
model3,2026-02-11,7,Personal & Household Goods,0,10,0,10,2026-06-03 08:51:01
model3,2026-02-11,8,Real Estate,0,29,1,30,2026-06-03 08:51:01
model3,2026-02-11,9,Health Care,0,17,0,17,2026-06-03 08:51:01
model3,2026-02-11,10,Financial Services,0,10,0,10,2026-06-03 08:51:01
model3,2026-02-11,11,Chemicals,0,18,0,18,2026-06-03 08:51:01
model3,2026-02-11,12,Travel & Leisure,0,5,0,5,2026-06-03 08:51:01
model3,2026-02-11,13,Utilities,1,29,1,31,2026-06-03 08:51:01
model3,2026-02-11,14,Insurance,0,5,0,5,2026-06-03 08:51:01
model3,2026-02-11,15,Automobiles & Parts,0,5,0,5,2026-06-03 08:51:01
model3,2026-02-11,16,Technology,0,5,0,5,2026-06-03 08:51:01
model3,2026-02-11,17,Oil & Gas,0,2,0,2,2026-06-03 08:51:01
model3,2026-02-11,18,Telecommunications,0,1,0,1,2026-06-03 08:51:01
model3,2026-02-12,0,Industrial Goods & Services,1,32,2,35,2026-06-03 08:51:01
model3,2026-02-12,1,Food & Beverage,0,31,1,32,2026-06-03 08:51:01
model3,2026-02-12,2,Banks,0,12,0,12,2026-06-03 08:51:01
model3,2026-02-12,3,Construction & Materials,0,54,3,57,2026-06-03 08:51:01
model3,2026-02-12,4,Basic Resources,0,20,0,20,2026-06-03 08:51:01
model3,2026-02-12,5,Media,0,3,0,3,2026-06-03 08:51:01
model3,2026-02-12,6,Retail,0,7,0,7,2026-06-03 08:51:01
model3,2026-02-12,7,Personal & Household Goods,0,9,0,9,2026-06-03 08:51:01
model3,2026-02-12,8,Real Estate,0,24,2,26,2026-06-03 08:51:01
model3,2026-02-12,9,Health Care,0,13,0,13,2026-06-03 08:51:01
model3,2026-02-12,10,Financial Services,0,10,0,10,2026-06-03 08:51:01
model3,2026-02-12,11,Chemicals,0,15,0,15,2026-06-03 08:51:01
model3,2026-02-12,12,Travel & Leisure,0,8,0,8,2026-06-03 08:51:01
model3,2026-02-12,13,Utilities,0,27,1,28,2026-06-03 08:51:01
model3,2026-02-12,14,Insurance,0,5,0,5,2026-06-03 08:51:01
model3,2026-02-12,15,Automobiles & Parts,0,4,0,4,2026-06-03 08:51:01
model3,2026-02-12,16,Technology,0,4,0,4,2026-06-03 08:51:01
model3,2026-02-12,17,Oil & Gas,0,2,0,2,2026-06-03 08:51:01
model3,2026-02-12,18,Telecommunications,0,1,0,1,2026-06-03 08:51:01
model3,2026-02-13,0,Industrial Goods & Services,0,27,2,29,2026-06-03 08:51:01
model3,2026-02-13,1,Food & Beverage,0,36,0,36,2026-06-03 08:51:01
model3,2026-02-13,2,Banks,0,12,0,12,2026-06-03 08:51:01
model3,2026-02-13,3,Construction & Materials,2,58,1,61,2026-06-03 08:51:01
model3,2026-02-13,4,Basic Resources,1,20,0,21,2026-06-03 08:51:01
model3,2026-02-13,5,Media,0,4,0,4,2026-06-03 08:51:01
model3,2026-02-13,6,Retail,0,8,0,8,2026-06-03 08:51:01
model3,2026-02-13,7,Personal & Household Goods,0,14,0,14,2026-06-03 08:51:01
model3,2026-02-13,8,Real Estate,0,30,2,32,2026-06-03 08:51:01
model3,2026-02-13,9,Health Care,0,15,1,16,2026-06-03 08:51:01
model3,2026-02-13,10,Financial Services,0,12,0,12,2026-06-03 08:51:01
model3,2026-02-13,11,Chemicals,0,15,0,15,2026-06-03 08:51:01
model3,2026-02-13,12,Travel & Leisure,1,6,0,7,2026-06-03 08:51:01
model3,2026-02-13,13,Utilities,0,28,1,29,2026-06-03 08:51:01
model3,2026-02-13,14,Insurance,0,4,0,4,2026-06-03 08:51:01
model3,2026-02-13,15,Automobiles & Parts,0,5,0,5,2026-06-03 08:51:01
model3,2026-02-13,16,Technology,0,5,0,5,2026-06-03 08:51:01
model3,2026-02-13,17,Oil & Gas,0,2,0,2,2026-06-03 08:51:01
model3,2026-02-13,18,Telecommunications,0,1,0,1,2026-06-03 08:51:01
model3,2026-02-23,0,Industrial Goods & Services,1,30,0,31,2026-06-03 08:51:01
model3,2026-02-23,1,Food & Beverage,0,35,0,35,2026-06-03 08:51:01
model3,2026-02-23,2,Banks,0,12,0,12,2026-06-03 08:51:01
model3,2026-02-23,3,Construction & Materials,0,57,2,59,2026-06-03 08:51:01
model3,2026-02-23,4,Basic Resources,0,19,0,19,2026-06-03 08:51:01
model3,2026-02-23,5,Media,0,4,1,5,2026-06-03 08:51:01
model3,2026-02-23,6,Retail,0,7,0,7,2026-06-03 08:51:01
model3,2026-02-23,7,Personal & Household Goods,0,10,0,10,2026-06-03 08:51:01
model3,2026-02-23,8,Real Estate,0,26,1,27,2026-06-03 08:51:01
model3,2026-02-23,9,Health Care,0,16,0,16,2026-06-03 08:51:01
model3,2026-02-23,10,Financial Services,0,10,1,11,2026-06-03 08:51:01
model3,2026-02-23,11,Chemicals,0,15,0,15,2026-06-03 08:51:01
model3,2026-02-23,12,Travel & Leisure,0,9,0,9,2026-06-03 08:51:01
model3,2026-02-23,13,Utilities,1,24,0,25,2026-06-03 08:51:01
model3,2026-02-23,14,Insurance,0,5,0,5,2026-06-03 08:51:01
model3,2026-02-23,15,Automobiles & Parts,0,5,0,5,2026-06-03 08:51:01
model3,2026-02-23,16,Technology,1,6,0,7,2026-06-03 08:51:01
model3,2026-02-23,18,Telecommunications,0,1,0,1,2026-06-03 08:51:01
model3,2026-02-24,0,Industrial Goods & Services,0,31,1,32,2026-06-03 08:51:01
model3,2026-02-24,1,Food & Beverage,0,33,0,33,2026-06-03 08:51:01
model3,2026-02-24,2,Banks,0,12,0,12,2026-06-03 08:51:01
model3,2026-02-24,3,Construction & Materials,0,59,1,60,2026-06-03 08:51:01
model3,2026-02-24,4,Basic Resources,0,21,0,21,2026-06-03 08:51:01
model3,2026-02-24,5,Media,0,4,0,4,2026-06-03 08:51:01
model3,2026-02-24,6,Retail,0,7,0,7,2026-06-03 08:51:01
model3,2026-02-24,7,Personal & Household Goods,0,9,0,9,2026-06-03 08:51:01
model3,2026-02-24,8,Real Estate,0,31,0,31,2026-06-03 08:51:01
model3,2026-02-24,9,Health Care,0,18,0,18,2026-06-03 08:51:01
model3,2026-02-24,10,Financial Services,0,10,1,11,2026-06-03 08:51:01
model3,2026-02-24,11,Chemicals,1,13,1,15,2026-06-03 08:51:01
model3,2026-02-24,12,Travel & Leisure,1,6,0,7,2026-06-03 08:51:01
model3,2026-02-24,13,Utilities,0,27,0,27,2026-06-03 08:51:01
model3,2026-02-24,14,Insurance,0,3,0,3,2026-06-03 08:51:01
model3,2026-02-24,15,Automobiles & Parts,0,5,0,5,2026-06-03 08:51:01
model3,2026-02-24,16,Technology,0,6,0,6,2026-06-03 08:51:01
model3,2026-02-24,18,Telecommunications,0,1,0,1,2026-06-03 08:51:01
model3,2026-02-25,0,Industrial Goods & Services,0,36,0,36,2026-06-03 08:51:01
model3,2026-02-25,1,Food & Beverage,0,33,0,33,2026-06-03 08:51:01
model3,2026-02-25,2,Banks,0,12,0,12,2026-06-03 08:51:01
model3,2026-02-25,3,Construction & Materials,1,58,2,61,2026-06-03 08:51:01
model3,2026-02-25,4,Basic Resources,0,16,0,16,2026-06-03 08:51:01
model3,2026-02-25,5,Media,0,4,1,5,2026-06-03 08:51:01
model3,2026-02-25,6,Retail,0,6,0,6,2026-06-03 08:51:01
model3,2026-02-25,7,Personal & Household Goods,0,9,1,10,2026-06-03 08:51:01
model3,2026-02-25,8,Real Estate,0,28,4,32,2026-06-03 08:51:01
model3,2026-02-25,9,Health Care,0,13,1,14,2026-06-03 08:51:01
model3,2026-02-25,10,Financial Services,0,11,0,11,2026-06-03 08:51:01
model3,2026-02-25,11,Chemicals,0,15,2,17,2026-06-03 08:51:01
model3,2026-02-25,12,Travel & Leisure,0,7,0,7,2026-06-03 08:51:01
model3,2026-02-25,13,Utilities,0,20,0,20,2026-06-03 08:51:01
model3,2026-02-25,14,Insurance,0,5,0,5,2026-06-03 08:51:01
model3,2026-02-25,15,Automobiles & Parts,0,5,0,5,2026-06-03 08:51:01
model3,2026-02-25,16,Technology,0,5,0,5,2026-06-03 08:51:01
model3,2026-02-25,17,Oil & Gas,0,1,0,1,2026-06-03 08:51:01
model3,2026-02-25,18,Telecommunications,0,1,0,1,2026-06-03 08:51:01
model3,2026-02-26,0,Industrial Goods & Services,0,27,0,27,2026-06-03 08:51:01
model3,2026-02-26,1,Food & Beverage,0,35,1,36,2026-06-03 08:51:01
model3,2026-02-26,2,Banks,0,12,0,12,2026-06-03 08:51:01
model3,2026-02-26,3,Construction & Materials,0,58,1,59,2026-06-03 08:51:01
model3,2026-02-26,4,Basic Resources,0,20,0,20,2026-06-03 08:51:01
model3,2026-02-26,5,Media,0,4,0,4,2026-06-03 08:51:01
model3,2026-02-26,6,Retail,0,6,1,7,2026-06-03 08:51:01
model3,2026-02-26,7,Personal & Household Goods,0,10,0,10,2026-06-03 08:51:01
model3,2026-02-26,8,Real Estate,0,29,2,31,2026-06-03 08:51:01
model3,2026-02-26,9,Health Care,0,13,1,14,2026-06-03 08:51:01
model3,2026-02-26,10,Financial Services,0,9,0,9,2026-06-03 08:51:01
model3,2026-02-26,11,Chemicals,0,14,0,14,2026-06-03 08:51:01
model3,2026-02-26,12,Travel & Leisure,0,10,0,10,2026-06-03 08:51:01
model3,2026-02-26,13,Utilities,0,23,0,23,2026-06-03 08:51:01
model3,2026-02-26,14,Insurance,0,4,0,4,2026-06-03 08:51:01
model3,2026-02-26,15,Automobiles & Parts,0,4,0,4,2026-06-03 08:51:01
model3,2026-02-26,16,Technology,0,4,1,5,2026-06-03 08:51:01
model3,2026-02-26,17,Oil & Gas,0,1,0,1,2026-06-03 08:51:01
model3,2026-02-26,18,Telecommunications,0,1,0,1,2026-06-03 08:51:01
model3,2026-02-27,0,Industrial Goods & Services,1,33,1,35,2026-06-03 08:51:01
model3,2026-02-27,1,Food & Beverage,0,36,1,37,2026-06-03 08:51:01
model3,2026-02-27,2,Banks,0,12,0,12,2026-06-03 08:51:01
model3,2026-02-27,3,Construction & Materials,0,66,2,68,2026-06-03 08:51:01
model3,2026-02-27,4,Basic Resources,0,23,0,23,2026-06-03 08:51:01
model3,2026-02-27,5,Media,0,5,0,5,2026-06-03 08:51:01
model3,2026-02-27,6,Retail,0,7,0,7,2026-06-03 08:51:01
model3,2026-02-27,7,Personal & Household Goods,0,13,0,13,2026-06-03 08:51:01
model3,2026-02-27,8,Real Estate,0,32,0,32,2026-06-03 08:51:01
model3,2026-02-27,9,Health Care,0,14,0,14,2026-06-03 08:51:01
model3,2026-02-27,10,Financial Services,0,13,0,13,2026-06-03 08:51:01
model3,2026-02-27,11,Chemicals,0,17,0,17,2026-06-03 08:51:01
model3,2026-02-27,12,Travel & Leisure,0,10,0,10,2026-06-03 08:51:01
model3,2026-02-27,13,Utilities,0,25,1,26,2026-06-03 08:51:01
model3,2026-02-27,14,Insurance,0,2,0,2,2026-06-03 08:51:01
model3,2026-02-27,15,Automobiles & Parts,0,4,0,4,2026-06-03 08:51:01
model3,2026-02-27,16,Technology,0,6,0,6,2026-06-03 08:51:01
model3,2026-02-27,17,Oil & Gas,0,2,0,2,2026-06-03 08:51:01
model3,2026-02-27,18,Telecommunications,0,1,0,1,2026-06-03 08:51:01
model3,2026-03-02,0,Industrial Goods & Services,0,35,1,36,2026-06-03 08:51:01
model3,2026-03-02,1,Food & Beverage,0,34,1,35,2026-06-03 08:51:01
model3,2026-03-02,2,Banks,0,12,0,12,2026-06-03 08:51:01
model3,2026-03-02,3,Construction & Materials,1,57,1,59,2026-06-03 08:51:01
model3,2026-03-02,4,Basic Resources,0,22,0,22,2026-06-03 08:51:01
model3,2026-03-02,5,Media,0,3,1,4,2026-06-03 08:51:01
model3,2026-03-02,6,Retail,0,6,0,6,2026-06-03 08:51:01
model3,2026-03-02,7,Personal & Household Goods,0,8,0,8,2026-06-03 08:51:01
model3,2026-03-02,8,Real Estate,0,29,0,29,2026-06-03 08:51:01
model3,2026-03-02,9,Health Care,1,16,0,17,2026-06-03 08:51:01
model3,2026-03-02,10,Financial Services,0,12,0,12,2026-06-03 08:51:01
model3,2026-03-02,11,Chemicals,0,16,0,16,2026-06-03 08:51:01
model3,2026-03-02,12,Travel & Leisure,0,8,0,8,2026-06-03 08:51:01
model3,2026-03-02,13,Utilities,0,28,0,28,2026-06-03 08:51:01
model3,2026-03-02,14,Insurance,0,5,0,5,2026-06-03 08:51:01
model3,2026-03-02,15,Automobiles & Parts,0,5,0,5,2026-06-03 08:51:01
model3,2026-03-02,16,Technology,0,4,0,4,2026-06-03 08:51:01
model3,2026-03-02,17,Oil & Gas,0,1,0,1,2026-06-03 08:51:01
model3,2026-03-02,18,Telecommunications,0,1,0,1,2026-06-03 08:51:01
model3,2026-03-03,0,Industrial Goods & Services,1,33,0,34,2026-06-03 08:51:01
model3,2026-03-03,1,Food & Beverage,0,33,1,34,2026-06-03 08:51:01
model3,2026-03-03,2,Banks,0,12,0,12,2026-06-03 08:51:01
model3,2026-03-03,3,Construction & Materials,1,61,1,63,2026-06-03 08:51:01
model3,2026-03-03,4,Basic Resources,0,21,0,21,2026-06-03 08:51:01
model3,2026-03-03,5,Media,0,2,0,2,2026-06-03 08:51:01
model3,2026-03-03,6,Retail,0,6,1,7,2026-06-03 08:51:01
model3,2026-03-03,7,Personal & Household Goods,0,9,0,9,2026-06-03 08:51:01
model3,2026-03-03,8,Real Estate,0,28,0,28,2026-06-03 08:51:01
model3,2026-03-03,9,Health Care,0,13,0,13,2026-06-03 08:51:01
model3,2026-03-03,10,Financial Services,0,12,0,12,2026-06-03 08:51:01
model3,2026-03-03,11,Chemicals,0,16,0,16,2026-06-03 08:51:01
model3,2026-03-03,12,Travel & Leisure,0,8,0,8,2026-06-03 08:51:01
model3,2026-03-03,13,Utilities,0,27,2,29,2026-06-03 08:51:01
model3,2026-03-03,14,Insurance,0,5,0,5,2026-06-03 08:51:01
model3,2026-03-03,15,Automobiles & Parts,0,6,0,6,2026-06-03 08:51:01
model3,2026-03-03,16,Technology,0,6,0,6,2026-06-03 08:51:01
model3,2026-03-03,17,Oil & Gas,0,1,0,1,2026-06-03 08:51:01
model3,2026-03-03,18,Telecommunications,0,1,0,1,2026-06-03 08:51:01
model3,2026-03-04,0,Industrial Goods & Services,0,35,0,35,2026-06-03 08:51:01
model3,2026-03-04,1,Food & Beverage,0,34,0,34,2026-06-03 08:51:01
model3,2026-03-04,2,Banks,0,12,0,12,2026-06-03 08:51:01
model3,2026-03-04,3,Construction & Materials,1,62,3,66,2026-06-03 08:51:01
model3,2026-03-04,4,Basic Resources,0,20,0,20,2026-06-03 08:51:01
model3,2026-03-04,5,Media,0,6,0,6,2026-06-03 08:51:01
model3,2026-03-04,6,Retail,0,6,1,7,2026-06-03 08:51:01
model3,2026-03-04,7,Personal & Household Goods,0,8,0,8,2026-06-03 08:51:01
model3,2026-03-04,8,Real Estate,0,27,1,28,2026-06-03 08:51:01
model3,2026-03-04,9,Health Care,0,18,0,18,2026-06-03 08:51:01
model3,2026-03-04,10,Financial Services,1,11,0,12,2026-06-03 08:51:01
model3,2026-03-04,11,Chemicals,0,17,0,17,2026-06-03 08:51:01
model3,2026-03-04,12,Travel & Leisure,1,7,0,8,2026-06-03 08:51:01
model3,2026-03-04,13,Utilities,0,29,0,29,2026-06-03 08:51:01
model3,2026-03-04,14,Insurance,0,4,0,4,2026-06-03 08:51:01
model3,2026-03-04,15,Automobiles & Parts,0,4,1,5,2026-06-03 08:51:01
model3,2026-03-04,16,Technology,0,5,0,5,2026-06-03 08:51:01
model3,2026-03-04,17,Oil & Gas,0,2,0,2,2026-06-03 08:51:01
model3,2026-03-04,18,Telecommunications,0,1,0,1,2026-06-03 08:51:01
model3,2026-03-05,0,Industrial Goods & Services,0,34,0,34,2026-06-03 08:51:01
model3,2026-03-05,1,Food & Beverage,0,34,0,34,2026-06-03 08:51:01
model3,2026-03-05,2,Banks,0,12,0,12,2026-06-03 08:51:01
model3,2026-03-05,3,Construction & Materials,0,59,3,62,2026-06-03 08:51:01
model3,2026-03-05,4,Basic Resources,0,22,0,22,2026-06-03 08:51:01
model3,2026-03-05,5,Media,0,4,0,4,2026-06-03 08:51:01
model3,2026-03-05,6,Retail,0,7,0,7,2026-06-03 08:51:01
model3,2026-03-05,7,Personal & Household Goods,0,9,0,9,2026-06-03 08:51:01
model3,2026-03-05,8,Real Estate,0,29,0,29,2026-06-03 08:51:01
model3,2026-03-05,9,Health Care,1,16,0,17,2026-06-03 08:51:01
model3,2026-03-05,10,Financial Services,0,12,0,12,2026-06-03 08:51:01
model3,2026-03-05,11,Chemicals,0,17,0,17,2026-06-03 08:51:01
model3,2026-03-05,12,Travel & Leisure,0,9,0,9,2026-06-03 08:51:01
model3,2026-03-05,13,Utilities,0,25,2,27,2026-06-03 08:51:01
model3,2026-03-05,14,Insurance,0,5,0,5,2026-06-03 08:51:01
model3,2026-03-05,15,Automobiles & Parts,0,3,0,3,2026-06-03 08:51:01
model3,2026-03-05,16,Technology,0,6,0,6,2026-06-03 08:51:01
model3,2026-03-05,17,Oil & Gas,0,2,0,2,2026-06-03 08:51:01
model3,2026-03-05,18,Telecommunications,0,1,0,1,2026-06-03 08:51:01
model3,2026-03-06,0,Industrial Goods & Services,1,25,0,26,2026-06-03 08:51:01
model3,2026-03-06,1,Food & Beverage,1,34,1,36,2026-06-03 08:51:01
model3,2026-03-06,2,Banks,0,12,0,12,2026-06-03 08:51:01
model3,2026-03-06,3,Construction & Materials,0,63,2,65,2026-06-03 08:51:01
model3,2026-03-06,4,Basic Resources,0,25,0,25,2026-06-03 08:51:01
model3,2026-03-06,5,Media,0,5,1,6,2026-06-03 08:51:01
model3,2026-03-06,6,Retail,0,7,0,7,2026-06-03 08:51:01
model3,2026-03-06,7,Personal & Household Goods,0,12,0,12,2026-06-03 08:51:01
model3,2026-03-06,8,Real Estate,0,32,0,32,2026-06-03 08:51:01
model3,2026-03-06,9,Health Care,0,16,0,16,2026-06-03 08:51:01
model3,2026-03-06,10,Financial Services,0,13,0,13,2026-06-03 08:51:01
model3,2026-03-06,11,Chemicals,0,16,1,17,2026-06-03 08:51:01
model3,2026-03-06,12,Travel & Leisure,0,5,0,5,2026-06-03 08:51:01
model3,2026-03-06,13,Utilities,1,28,1,30,2026-06-03 08:51:01
model3,2026-03-06,14,Insurance,0,4,0,4,2026-06-03 08:51:01
model3,2026-03-06,15,Automobiles & Parts,0,6,0,6,2026-06-03 08:51:01
model3,2026-03-06,16,Technology,0,6,0,6,2026-06-03 08:51:01
model3,2026-03-06,17,Oil & Gas,0,2,0,2,2026-06-03 08:51:01
model3,2026-03-06,18,Telecommunications,0,1,0,1,2026-06-03 08:51:01
model3,2026-03-09,0,Industrial Goods & Services,2,35,0,37,2026-06-03 08:51:01
model3,2026-03-09,1,Food & Beverage,1,32,0,33,2026-06-03 08:51:01
model3,2026-03-09,2,Banks,0,12,0,12,2026-06-03 08:51:01
model3,2026-03-09,3,Construction & Materials,3,51,0,54,2026-06-03 08:51:01
model3,2026-03-09,4,Basic Resources,0,20,0,20,2026-06-03 08:51:01
model3,2026-03-09,5,Media,1,4,0,5,2026-06-03 08:51:01
model3,2026-03-09,6,Retail,0,7,0,7,2026-06-03 08:51:01
model3,2026-03-09,7,Personal & Household Goods,0,11,0,11,2026-06-03 08:51:01
model3,2026-03-09,8,Real Estate,1,25,1,27,2026-06-03 08:51:01
model3,2026-03-09,9,Health Care,1,16,0,17,2026-06-03 08:51:01
model3,2026-03-09,10,Financial Services,0,11,0,11,2026-06-03 08:51:01
model3,2026-03-09,11,Chemicals,0,17,0,17,2026-06-03 08:51:01
model3,2026-03-09,12,Travel & Leisure,2,7,0,9,2026-06-03 08:51:01
model3,2026-03-09,13,Utilities,1,31,0,32,2026-06-03 08:51:01
model3,2026-03-09,14,Insurance,0,4,0,4,2026-06-03 08:51:01
model3,2026-03-09,15,Automobiles & Parts,0,5,0,5,2026-06-03 08:51:01
model3,2026-03-09,16,Technology,0,7,0,7,2026-06-03 08:51:01
model3,2026-03-09,17,Oil & Gas,0,2,0,2,2026-06-03 08:51:01
model3,2026-03-09,18,Telecommunications,0,1,0,1,2026-06-03 08:51:01
model3,2026-03-10,0,Industrial Goods & Services,1,32,0,33,2026-06-03 08:51:01
model3,2026-03-10,1,Food & Beverage,2,32,0,34,2026-06-03 08:51:01
model3,2026-03-10,2,Banks,0,12,0,12,2026-06-03 08:51:01
model3,2026-03-10,3,Construction & Materials,2,58,0,60,2026-06-03 08:51:01
model3,2026-03-10,4,Basic Resources,0,19,0,19,2026-06-03 08:51:01
model3,2026-03-10,5,Media,0,5,0,5,2026-06-03 08:51:01
model3,2026-03-10,6,Retail,0,6,0,6,2026-06-03 08:51:01
model3,2026-03-10,7,Personal & Household Goods,0,9,0,9,2026-06-03 08:51:01
model3,2026-03-10,8,Real Estate,0,25,2,27,2026-06-03 08:51:01
model3,2026-03-10,9,Health Care,0,14,0,14,2026-06-03 08:51:01
model3,2026-03-10,10,Financial Services,1,11,0,12,2026-06-03 08:51:01
model3,2026-03-10,11,Chemicals,0,17,0,17,2026-06-03 08:51:01
model3,2026-03-10,12,Travel & Leisure,0,8,0,8,2026-06-03 08:51:01
model3,2026-03-10,13,Utilities,0,30,1,31,2026-06-03 08:51:01
model3,2026-03-10,14,Insurance,0,5,0,5,2026-06-03 08:51:01
model3,2026-03-10,15,Automobiles & Parts,0,4,0,4,2026-06-03 08:51:01
model3,2026-03-10,16,Technology,0,5,1,6,2026-06-03 08:51:01
model3,2026-03-10,17,Oil & Gas,0,2,0,2,2026-06-03 08:51:01
model3,2026-03-10,18,Telecommunications,0,1,0,1,2026-06-03 08:51:01
model3,2026-03-11,0,Industrial Goods & Services,0,26,1,27,2026-06-03 08:51:01
model3,2026-03-11,1,Food & Beverage,0,34,0,34,2026-06-03 08:51:01
model3,2026-03-11,2,Banks,0,12,0,12,2026-06-03 08:51:01
model3,2026-03-11,3,Construction & Materials,0,56,2,58,2026-06-03 08:51:01
model3,2026-03-11,4,Basic Resources,0,22,0,22,2026-06-03 08:51:01
model3,2026-03-11,5,Media,0,7,0,7,2026-06-03 08:51:01
model3,2026-03-11,6,Retail,0,6,0,6,2026-06-03 08:51:01
model3,2026-03-11,7,Personal & Household Goods,0,10,0,10,2026-06-03 08:51:01
model3,2026-03-11,8,Real Estate,0,29,0,29,2026-06-03 08:51:01
model3,2026-03-11,9,Health Care,0,13,1,14,2026-06-03 08:51:01
model3,2026-03-11,10,Financial Services,0,13,0,13,2026-06-03 08:51:01
model3,2026-03-11,11,Chemicals,0,15,0,15,2026-06-03 08:51:01
model3,2026-03-11,12,Travel & Leisure,1,7,0,8,2026-06-03 08:51:01
model3,2026-03-11,13,Utilities,1,29,1,31,2026-06-03 08:51:01
model3,2026-03-11,14,Insurance,0,5,0,5,2026-06-03 08:51:01
model3,2026-03-11,15,Automobiles & Parts,0,4,0,4,2026-06-03 08:51:01
model3,2026-03-11,16,Technology,0,4,0,4,2026-06-03 08:51:01
model3,2026-03-11,17,Oil & Gas,0,2,0,2,2026-06-03 08:51:01
model3,2026-03-11,18,Telecommunications,0,1,0,1,2026-06-03 08:51:01
model3,2026-03-12,0,Industrial Goods & Services,0,27,0,27,2026-06-03 08:51:01
model3,2026-03-12,1,Food & Beverage,0,36,0,36,2026-06-03 08:51:01
model3,2026-03-12,2,Banks,0,12,0,12,2026-06-03 08:51:01
model3,2026-03-12,3,Construction & Materials,0,62,1,63,2026-06-03 08:51:01
model3,2026-03-12,4,Basic Resources,0,20,0,20,2026-06-03 08:51:01
model3,2026-03-12,5,Media,0,3,1,4,2026-06-03 08:51:01
model3,2026-03-12,6,Retail,0,6,0,6,2026-06-03 08:51:01
model3,2026-03-12,7,Personal & Household Goods,0,9,0,9,2026-06-03 08:51:01
model3,2026-03-12,8,Real Estate,0,26,1,27,2026-06-03 08:51:01
model3,2026-03-12,9,Health Care,0,15,0,15,2026-06-03 08:51:01
model3,2026-03-12,10,Financial Services,0,13,0,13,2026-06-03 08:51:01
model3,2026-03-12,11,Chemicals,0,16,0,16,2026-06-03 08:51:01
model3,2026-03-12,12,Travel & Leisure,0,8,0,8,2026-06-03 08:51:01
model3,2026-03-12,13,Utilities,0,27,0,27,2026-06-03 08:51:01
model3,2026-03-12,14,Insurance,0,5,0,5,2026-06-03 08:51:01
model3,2026-03-12,15,Automobiles & Parts,0,4,0,4,2026-06-03 08:51:01
model3,2026-03-12,16,Technology,0,5,0,5,2026-06-03 08:51:01
model3,2026-03-12,17,Oil & Gas,0,2,0,2,2026-06-03 08:51:01
model3,2026-03-12,18,Telecommunications,0,1,0,1,2026-06-03 08:51:01
model3,2026-03-13,0,Industrial Goods & Services,1,31,0,32,2026-06-03 08:51:01
model3,2026-03-13,1,Food & Beverage,0,33,0,33,2026-06-03 08:51:01
model3,2026-03-13,2,Banks,0,12,0,12,2026-06-03 08:51:01
model3,2026-03-13,3,Construction & Materials,0,71,4,75,2026-06-03 08:51:01
model3,2026-03-13,4,Basic Resources,0,23,0,23,2026-06-03 08:51:01
model3,2026-03-13,5,Media,0,2,0,2,2026-06-03 08:51:01
model3,2026-03-13,6,Retail,0,7,0,7,2026-06-03 08:51:01
model3,2026-03-13,7,Personal & Household Goods,0,12,0,12,2026-06-03 08:51:01
model3,2026-03-13,8,Real Estate,0,29,1,30,2026-06-03 08:51:01
model3,2026-03-13,9,Health Care,0,16,0,16,2026-06-03 08:51:01
model3,2026-03-13,10,Financial Services,0,13,0,13,2026-06-03 08:51:01
model3,2026-03-13,11,Chemicals,0,16,0,16,2026-06-03 08:51:01
model3,2026-03-13,12,Travel & Leisure,1,7,0,8,2026-06-03 08:51:01
model3,2026-03-13,13,Utilities,2,25,0,27,2026-06-03 08:51:01
model3,2026-03-13,14,Insurance,0,4,0,4,2026-06-03 08:51:01
model3,2026-03-13,15,Automobiles & Parts,0,5,0,5,2026-06-03 08:51:01
model3,2026-03-13,16,Technology,0,5,0,5,2026-06-03 08:51:01
model3,2026-03-13,17,Oil & Gas,0,2,0,2,2026-06-03 08:51:01
model3,2026-03-13,18,Telecommunications,0,1,0,1,2026-06-03 08:51:01
model3,2026-03-16,0,Industrial Goods & Services,0,34,0,34,2026-06-03 08:51:01
model3,2026-03-16,1,Food & Beverage,0,32,0,32,2026-06-03 08:51:01
model3,2026-03-16,2,Banks,0,12,0,12,2026-06-03 08:51:01
model3,2026-03-16,3,Construction & Materials,1,59,1,61,2026-06-03 08:51:01
model3,2026-03-16,4,Basic Resources,0,21,0,21,2026-06-03 08:51:01
model3,2026-03-16,5,Media,0,3,0,3,2026-06-03 08:51:01
model3,2026-03-16,6,Retail,0,6,0,6,2026-06-03 08:51:01
model3,2026-03-16,7,Personal & Household Goods,0,8,0,8,2026-06-03 08:51:01
model3,2026-03-16,8,Real Estate,0,28,0,28,2026-06-03 08:51:01
model3,2026-03-16,9,Health Care,0,15,0,15,2026-06-03 08:51:01
model3,2026-03-16,10,Financial Services,1,12,0,13,2026-06-03 08:51:01
model3,2026-03-16,11,Chemicals,0,16,1,17,2026-06-03 08:51:01
model3,2026-03-16,12,Travel & Leisure,0,9,0,9,2026-06-03 08:51:01
model3,2026-03-16,13,Utilities,0,26,0,26,2026-06-03 08:51:01
model3,2026-03-16,14,Insurance,0,4,0,4,2026-06-03 08:51:01
model3,2026-03-16,15,Automobiles & Parts,0,3,1,4,2026-06-03 08:51:01
model3,2026-03-16,16,Technology,0,6,0,6,2026-06-03 08:51:01
model3,2026-03-16,17,Oil & Gas,0,2,0,2,2026-06-03 08:51:01
model3,2026-03-16,18,Telecommunications,0,1,0,1,2026-06-03 08:51:01
model3,2026-03-17,0,Industrial Goods & Services,0,29,0,29,2026-06-03 08:51:01
model3,2026-03-17,1,Food & Beverage,0,35,0,35,2026-06-03 08:51:01
model3,2026-03-17,2,Banks,0,12,0,12,2026-06-03 08:51:01
model3,2026-03-17,3,Construction & Materials,2,60,1,63,2026-06-03 08:51:01
model3,2026-03-17,4,Basic Resources,0,22,0,22,2026-06-03 08:51:01
model3,2026-03-17,5,Media,0,3,0,3,2026-06-03 08:51:01
model3,2026-03-17,6,Retail,0,6,0,6,2026-06-03 08:51:01
model3,2026-03-17,7,Personal & Household Goods,0,6,0,6,2026-06-03 08:51:01
model3,2026-03-17,8,Real Estate,0,25,1,26,2026-06-03 08:51:01
model3,2026-03-17,9,Health Care,0,14,0,14,2026-06-03 08:51:01
model3,2026-03-17,10,Financial Services,0,12,0,12,2026-06-03 08:51:01
model3,2026-03-17,11,Chemicals,0,16,0,16,2026-06-03 08:51:01
model3,2026-03-17,12,Travel & Leisure,0,8,0,8,2026-06-03 08:51:01
model3,2026-03-17,13,Utilities,0,30,0,30,2026-06-03 08:51:01
model3,2026-03-17,14,Insurance,0,5,0,5,2026-06-03 08:51:01
model3,2026-03-17,15,Automobiles & Parts,0,4,0,4,2026-06-03 08:51:01
model3,2026-03-17,16,Technology,0,5,0,5,2026-06-03 08:51:01
model3,2026-03-17,17,Oil & Gas,0,2,0,2,2026-06-03 08:51:01
model3,2026-03-17,18,Telecommunications,0,1,0,1,2026-06-03 08:51:01
model3,2026-03-18,0,Industrial Goods & Services,1,29,0,30,2026-06-03 08:51:01
model3,2026-03-18,1,Food & Beverage,0,32,0,32,2026-06-03 08:51:01
model3,2026-03-18,2,Banks,0,12,0,12,2026-06-03 08:51:01
model3,2026-03-18,3,Construction & Materials,1,61,1,63,2026-06-03 08:51:01
model3,2026-03-18,4,Basic Resources,0,20,0,20,2026-06-03 08:51:01
model3,2026-03-18,5,Media,0,5,0,5,2026-06-03 08:51:01
model3,2026-03-18,6,Retail,0,6,0,6,2026-06-03 08:51:01
model3,2026-03-18,7,Personal & Household Goods,0,7,0,7,2026-06-03 08:51:01
model3,2026-03-18,8,Real Estate,0,28,0,28,2026-06-03 08:51:01
model3,2026-03-18,9,Health Care,0,15,0,15,2026-06-03 08:51:01
model3,2026-03-18,10,Financial Services,0,13,0,13,2026-06-03 08:51:01
model3,2026-03-18,11,Chemicals,0,19,0,19,2026-06-03 08:51:01
model3,2026-03-18,12,Travel & Leisure,0,8,0,8,2026-06-03 08:51:01
model3,2026-03-18,13,Utilities,0,30,0,30,2026-06-03 08:51:01
model3,2026-03-18,14,Insurance,0,5,0,5,2026-06-03 08:51:01
model3,2026-03-18,15,Automobiles & Parts,0,4,0,4,2026-06-03 08:51:01
model3,2026-03-18,16,Technology,0,6,0,6,2026-06-03 08:51:01
model3,2026-03-18,17,Oil & Gas,0,2,0,2,2026-06-03 08:51:01
model3,2026-03-18,18,Telecommunications,0,1,0,1,2026-06-03 08:51:01
model3,2026-03-19,0,Industrial Goods & Services,0,28,0,28,2026-06-03 08:51:01
model3,2026-03-19,1,Food & Beverage,1,32,1,34,2026-06-03 08:51:01
model3,2026-03-19,2,Banks,0,12,0,12,2026-06-03 08:51:01
model3,2026-03-19,3,Construction & Materials,0,58,2,60,2026-06-03 08:51:01
model3,2026-03-19,4,Basic Resources,0,19,0,19,2026-06-03 08:51:01
model3,2026-03-19,5,Media,0,3,0,3,2026-06-03 08:51:01
model3,2026-03-19,6,Retail,0,6,0,6,2026-06-03 08:51:01
model3,2026-03-19,7,Personal & Household Goods,0,8,1,9,2026-06-03 08:51:01
model3,2026-03-19,8,Real Estate,0,31,0,31,2026-06-03 08:51:01
model3,2026-03-19,9,Health Care,0,14,0,14,2026-06-03 08:51:01
model3,2026-03-19,10,Financial Services,0,12,0,12,2026-06-03 08:51:01
model3,2026-03-19,11,Chemicals,0,18,0,18,2026-06-03 08:51:01
model3,2026-03-19,12,Travel & Leisure,0,9,0,9,2026-06-03 08:51:01
model3,2026-03-19,13,Utilities,0,27,1,28,2026-06-03 08:51:01
model3,2026-03-19,14,Insurance,0,4,0,4,2026-06-03 08:51:01
model3,2026-03-19,15,Automobiles & Parts,0,5,0,5,2026-06-03 08:51:01
model3,2026-03-19,16,Technology,0,6,1,7,2026-06-03 08:51:01
model3,2026-03-19,17,Oil & Gas,0,2,0,2,2026-06-03 08:51:01
model3,2026-03-19,18,Telecommunications,0,1,0,1,2026-06-03 08:51:01
model3,2026-03-20,0,Industrial Goods & Services,0,29,1,30,2026-06-03 08:51:01
model3,2026-03-20,1,Food & Beverage,0,31,0,31,2026-06-03 08:51:01
model3,2026-03-20,2,Banks,0,12,0,12,2026-06-03 08:51:01
model3,2026-03-20,3,Construction & Materials,1,71,1,73,2026-06-03 08:51:01
model3,2026-03-20,4,Basic Resources,0,22,0,22,2026-06-03 08:51:01
model3,2026-03-20,5,Media,0,4,0,4,2026-06-03 08:51:01
model3,2026-03-20,6,Retail,0,6,0,6,2026-06-03 08:51:01
model3,2026-03-20,7,Personal & Household Goods,1,10,0,11,2026-06-03 08:51:01
model3,2026-03-20,8,Real Estate,0,30,0,30,2026-06-03 08:51:01
model3,2026-03-20,9,Health Care,0,14,1,15,2026-06-03 08:51:01
model3,2026-03-20,10,Financial Services,0,13,0,13,2026-06-03 08:51:01
model3,2026-03-20,11,Chemicals,0,18,0,18,2026-06-03 08:51:01
model3,2026-03-20,12,Travel & Leisure,0,7,0,7,2026-06-03 08:51:01
model3,2026-03-20,13,Utilities,0,27,0,27,2026-06-03 08:51:01
model3,2026-03-20,14,Insurance,0,5,0,5,2026-06-03 08:51:01
model3,2026-03-20,15,Automobiles & Parts,0,5,0,5,2026-06-03 08:51:01
model3,2026-03-20,16,Technology,0,6,0,6,2026-06-03 08:51:01
model3,2026-03-20,17,Oil & Gas,0,2,0,2,2026-06-03 08:51:01
model3,2026-03-20,18,Telecommunications,0,1,0,1,2026-06-03 08:51:01
model3,2026-03-23,0,Industrial Goods & Services,1,24,0,25,2026-06-03 08:51:01
model3,2026-03-23,1,Food & Beverage,1,30,0,31,2026-06-03 08:51:01
model3,2026-03-23,2,Banks,0,12,0,12,2026-06-03 08:51:01
model3,2026-03-23,3,Construction & Materials,0,60,0,60,2026-06-03 08:51:01
model3,2026-03-23,4,Basic Resources,0,21,0,21,2026-06-03 08:51:01
model3,2026-03-23,5,Media,0,4,0,4,2026-06-03 08:51:01
model3,2026-03-23,6,Retail,0,6,0,6,2026-06-03 08:51:01
model3,2026-03-23,7,Personal & Household Goods,0,9,0,9,2026-06-03 08:51:01
model3,2026-03-23,8,Real Estate,0,25,0,25,2026-06-03 08:51:01
model3,2026-03-23,9,Health Care,0,13,0,13,2026-06-03 08:51:01
model3,2026-03-23,10,Financial Services,0,12,0,12,2026-06-03 08:51:01
model3,2026-03-23,11,Chemicals,0,17,0,17,2026-06-03 08:51:01
model3,2026-03-23,12,Travel & Leisure,1,6,0,7,2026-06-03 08:51:01
model3,2026-03-23,13,Utilities,1,32,1,34,2026-06-03 08:51:01
model3,2026-03-23,14,Insurance,0,4,0,4,2026-06-03 08:51:01
model3,2026-03-23,15,Automobiles & Parts,0,5,0,5,2026-06-03 08:51:01
model3,2026-03-23,16,Technology,0,4,0,4,2026-06-03 08:51:01
model3,2026-03-23,17,Oil & Gas,0,2,0,2,2026-06-03 08:51:01
model3,2026-03-23,18,Telecommunications,0,1,0,1,2026-06-03 08:51:01
model3,2026-03-24,0,Industrial Goods & Services,0,26,0,26,2026-06-03 08:51:01
model3,2026-03-24,1,Food & Beverage,0,31,0,31,2026-06-03 08:51:01
model3,2026-03-24,2,Banks,0,12,0,12,2026-06-03 08:51:01
model3,2026-03-24,3,Construction & Materials,1,55,1,57,2026-06-03 08:51:01
model3,2026-03-24,4,Basic Resources,0,20,1,21,2026-06-03 08:51:01
model3,2026-03-24,5,Media,0,2,0,2,2026-06-03 08:51:01
model3,2026-03-24,6,Retail,0,6,0,6,2026-06-03 08:51:01
model3,2026-03-24,7,Personal & Household Goods,0,6,1,7,2026-06-03 08:51:01
model3,2026-03-24,8,Real Estate,0,28,0,28,2026-06-03 08:51:01
model3,2026-03-24,9,Health Care,0,15,0,15,2026-06-03 08:51:01
model3,2026-03-24,10,Financial Services,0,13,0,13,2026-06-03 08:51:01
model3,2026-03-24,11,Chemicals,0,17,0,17,2026-06-03 08:51:01
model3,2026-03-24,12,Travel & Leisure,0,7,0,7,2026-06-03 08:51:01
model3,2026-03-24,13,Utilities,0,23,2,25,2026-06-03 08:51:01
model3,2026-03-24,14,Insurance,0,4,0,4,2026-06-03 08:51:01
model3,2026-03-24,15,Automobiles & Parts,0,5,0,5,2026-06-03 08:51:01
model3,2026-03-24,16,Technology,0,6,0,6,2026-06-03 08:51:01
model3,2026-03-24,17,Oil & Gas,0,2,0,2,2026-06-03 08:51:01
model3,2026-03-24,18,Telecommunications,0,1,0,1,2026-06-03 08:51:01
model3,2026-03-25,0,Industrial Goods & Services,0,28,0,28,2026-06-03 08:51:01
model3,2026-03-25,1,Food & Beverage,0,31,0,31,2026-06-03 08:51:01
model3,2026-03-25,2,Banks,0,12,0,12,2026-06-03 08:51:01
model3,2026-03-25,3,Construction & Materials,0,63,0,63,2026-06-03 08:51:01
model3,2026-03-25,4,Basic Resources,0,20,0,20,2026-06-03 08:51:01
model3,2026-03-25,5,Media,1,4,0,5,2026-06-03 08:51:01
model3,2026-03-25,6,Retail,0,5,0,5,2026-06-03 08:51:01
model3,2026-03-25,7,Personal & Household Goods,0,8,0,8,2026-06-03 08:51:01
model3,2026-03-25,8,Real Estate,0,25,0,25,2026-06-03 08:51:01
model3,2026-03-25,9,Health Care,0,14,1,15,2026-06-03 08:51:01
model3,2026-03-25,10,Financial Services,0,13,0,13,2026-06-03 08:51:01
model3,2026-03-25,11,Chemicals,0,17,0,17,2026-06-03 08:51:01
model3,2026-03-25,12,Travel & Leisure,0,8,0,8,2026-06-03 08:51:01
model3,2026-03-25,13,Utilities,0,25,3,28,2026-06-03 08:51:01
model3,2026-03-25,14,Insurance,0,4,0,4,2026-06-03 08:51:01
model3,2026-03-25,15,Automobiles & Parts,0,5,0,5,2026-06-03 08:51:01
model3,2026-03-25,16,Technology,0,6,0,6,2026-06-03 08:51:01
model3,2026-03-25,17,Oil & Gas,0,2,0,2,2026-06-03 08:51:01
model3,2026-03-25,18,Telecommunications,0,1,0,1,2026-06-03 08:51:01
model3,2026-03-26,0,Industrial Goods & Services,0,23,1,24,2026-06-03 08:51:01
model3,2026-03-26,1,Food & Beverage,0,31,0,31,2026-06-03 08:51:01
model3,2026-03-26,2,Banks,0,11,0,11,2026-06-03 08:51:01
model3,2026-03-26,3,Construction & Materials,1,58,1,60,2026-06-03 08:51:01
model3,2026-03-26,4,Basic Resources,0,18,0,18,2026-06-03 08:51:01
model3,2026-03-26,5,Media,1,4,0,5,2026-06-03 08:51:01
model3,2026-03-26,6,Retail,0,6,0,6,2026-06-03 08:51:01
model3,2026-03-26,7,Personal & Household Goods,0,7,1,8,2026-06-03 08:51:01
model3,2026-03-26,8,Real Estate,0,23,1,24,2026-06-03 08:51:01
model3,2026-03-26,9,Health Care,0,12,1,13,2026-06-03 08:51:01
model3,2026-03-26,10,Financial Services,0,12,0,12,2026-06-03 08:51:01
model3,2026-03-26,11,Chemicals,0,17,0,17,2026-06-03 08:51:01
model3,2026-03-26,12,Travel & Leisure,0,9,0,9,2026-06-03 08:51:01
model3,2026-03-26,13,Utilities,0,28,1,29,2026-06-03 08:51:01
model3,2026-03-26,14,Insurance,0,5,0,5,2026-06-03 08:51:01
model3,2026-03-26,15,Automobiles & Parts,0,5,0,5,2026-06-03 08:51:01
model3,2026-03-26,16,Technology,0,5,0,5,2026-06-03 08:51:01
model3,2026-03-26,17,Oil & Gas,0,2,0,2,2026-06-03 08:51:01
model3,2026-03-26,18,Telecommunications,0,1,0,1,2026-06-03 08:51:01
model3,2026-03-27,0,Industrial Goods & Services,0,30,0,30,2026-06-03 08:51:01
model3,2026-03-27,1,Food & Beverage,0,31,0,31,2026-06-03 08:51:01
model3,2026-03-27,2,Banks,0,12,0,12,2026-06-03 08:51:01
model3,2026-03-27,3,Construction & Materials,0,67,3,70,2026-06-03 08:51:01
model3,2026-03-27,4,Basic Resources,0,23,1,24,2026-06-03 08:51:01
model3,2026-03-27,5,Media,0,2,1,3,2026-06-03 08:51:01
model3,2026-03-27,6,Retail,0,7,0,7,2026-06-03 08:51:01
model3,2026-03-27,7,Personal & Household Goods,0,14,0,14,2026-06-03 08:51:01
model3,2026-03-27,8,Real Estate,0,32,0,32,2026-06-03 08:51:01
model3,2026-03-27,9,Health Care,0,15,1,16,2026-06-03 08:51:01
model3,2026-03-27,10,Financial Services,0,14,0,14,2026-06-03 08:51:01
model3,2026-03-27,11,Chemicals,0,18,0,18,2026-06-03 08:51:01
model3,2026-03-27,12,Travel & Leisure,0,8,0,8,2026-06-03 08:51:01
model3,2026-03-27,13,Utilities,0,27,1,28,2026-06-03 08:51:01
model3,2026-03-27,14,Insurance,0,5,0,5,2026-06-03 08:51:01
model3,2026-03-27,15,Automobiles & Parts,0,6,0,6,2026-06-03 08:51:01
model3,2026-03-27,16,Technology,1,7,0,8,2026-06-03 08:51:01
model3,2026-03-27,17,Oil & Gas,0,2,0,2,2026-06-03 08:51:01
model3,2026-03-27,18,Telecommunications,0,1,0,1,2026-06-03 08:51:01
model3,2026-03-30,0,Industrial Goods & Services,0,29,0,29,2026-06-03 08:51:01
model3,2026-03-30,1,Food & Beverage,0,34,0,34,2026-06-03 08:51:01
model3,2026-03-30,2,Banks,0,12,0,12,2026-06-03 08:51:01
model3,2026-03-30,3,Construction & Materials,1,58,0,59,2026-06-03 08:51:01
model3,2026-03-30,4,Basic Resources,0,22,0,22,2026-06-03 08:51:01
model3,2026-03-30,5,Media,0,3,1,4,2026-06-03 08:51:01
model3,2026-03-30,6,Retail,0,6,0,6,2026-06-03 08:51:01
model3,2026-03-30,7,Personal & Household Goods,0,10,0,10,2026-06-03 08:51:01
model3,2026-03-30,8,Real Estate,0,27,2,29,2026-06-03 08:51:01
model3,2026-03-30,9,Health Care,0,16,0,16,2026-06-03 08:51:01
model3,2026-03-30,10,Financial Services,0,12,0,12,2026-06-03 08:51:01
model3,2026-03-30,11,Chemicals,0,18,0,18,2026-06-03 08:51:01
model3,2026-03-30,12,Travel & Leisure,0,8,0,8,2026-06-03 08:51:01
model3,2026-03-30,13,Utilities,0,28,1,29,2026-06-03 08:51:01
model3,2026-03-30,14,Insurance,0,5,0,5,2026-06-03 08:51:01
model3,2026-03-30,15,Automobiles & Parts,0,5,0,5,2026-06-03 08:51:01
model3,2026-03-30,16,Technology,0,4,1,5,2026-06-03 08:51:01
model3,2026-03-30,17,Oil & Gas,0,2,0,2,2026-06-03 08:51:01
model3,2026-03-30,18,Telecommunications,0,1,0,1,2026-06-03 08:51:01
model3,2026-03-31,0,Industrial Goods & Services,0,32,0,32,2026-06-03 08:51:01
model3,2026-03-31,1,Food & Beverage,1,30,0,31,2026-06-03 08:51:01
model3,2026-03-31,2,Banks,0,12,0,12,2026-06-03 08:51:01
model3,2026-03-31,3,Construction & Materials,0,60,0,60,2026-06-03 08:51:01
model3,2026-03-31,4,Basic Resources,0,21,0,21,2026-06-03 08:51:01
model3,2026-03-31,5,Media,0,2,0,2,2026-06-03 08:51:01
model3,2026-03-31,6,Retail,0,6,0,6,2026-06-03 08:51:01
model3,2026-03-31,7,Personal & Household Goods,0,8,0,8,2026-06-03 08:51:01
model3,2026-03-31,8,Real Estate,0,26,2,28,2026-06-03 08:51:01
model3,2026-03-31,9,Health Care,0,11,0,11,2026-06-03 08:51:01
model3,2026-03-31,10,Financial Services,0,13,0,13,2026-06-03 08:51:01
model3,2026-03-31,11,Chemicals,0,16,1,17,2026-06-03 08:51:01
model3,2026-03-31,12,Travel & Leisure,0,8,0,8,2026-06-03 08:51:01
model3,2026-03-31,13,Utilities,0,28,2,30,2026-06-03 08:51:01
model3,2026-03-31,14,Insurance,0,3,0,3,2026-06-03 08:51:01
model3,2026-03-31,15,Automobiles & Parts,0,4,1,5,2026-06-03 08:51:01
model3,2026-03-31,16,Technology,0,6,0,6,2026-06-03 08:51:01
model3,2026-03-31,17,Oil & Gas,0,2,0,2,2026-06-03 08:51:01
model3,2026-03-31,18,Telecommunications,0,1,0,1,2026-06-03 08:51:01
model3,2026-04-01,0,Industrial Goods & Services,1,32,1,34,2026-06-03 08:51:01
model3,2026-04-01,1,Food & Beverage,1,30,1,32,2026-06-03 08:51:01
model3,2026-04-01,2,Banks,0,12,0,12,2026-06-03 08:51:01
model3,2026-04-01,3,Construction & Materials,0,60,2,62,2026-06-03 08:51:01
model3,2026-04-01,4,Basic Resources,0,21,0,21,2026-06-03 08:51:01
model3,2026-04-01,5,Media,0,4,0,4,2026-06-03 08:51:01
model3,2026-04-01,6,Retail,0,6,0,6,2026-06-03 08:51:01
model3,2026-04-01,7,Personal & Household Goods,1,9,0,10,2026-06-03 08:51:01
model3,2026-04-01,8,Real Estate,0,28,1,29,2026-06-03 08:51:01
model3,2026-04-01,9,Health Care,0,13,0,13,2026-06-03 08:51:01
model3,2026-04-01,10,Financial Services,0,13,0,13,2026-06-03 08:51:01
model3,2026-04-01,11,Chemicals,0,17,0,17,2026-06-03 08:51:01
model3,2026-04-01,12,Travel & Leisure,0,8,0,8,2026-06-03 08:51:01
model3,2026-04-01,13,Utilities,0,26,1,27,2026-06-03 08:51:01
model3,2026-04-01,14,Insurance,0,3,1,4,2026-06-03 08:51:01
model3,2026-04-01,15,Automobiles & Parts,0,5,0,5,2026-06-03 08:51:01
model3,2026-04-01,16,Technology,0,5,0,5,2026-06-03 08:51:01
model3,2026-04-01,17,Oil & Gas,0,2,0,2,2026-06-03 08:51:01
model3,2026-04-01,18,Telecommunications,0,1,0,1,2026-06-03 08:51:01
model3,2026-04-02,0,Industrial Goods & Services,0,31,0,31,2026-06-03 08:51:01
model3,2026-04-02,1,Food & Beverage,0,32,0,32,2026-06-03 08:51:01
model3,2026-04-02,2,Banks,0,12,0,12,2026-06-03 08:51:01
model3,2026-04-02,3,Construction & Materials,0,56,0,56,2026-06-03 08:51:01
model3,2026-04-02,4,Basic Resources,0,19,0,19,2026-06-03 08:51:01
model3,2026-04-02,5,Media,0,4,0,4,2026-06-03 08:51:01
model3,2026-04-02,6,Retail,0,6,1,7,2026-06-03 08:51:01
model3,2026-04-02,7,Personal & Household Goods,0,9,0,9,2026-06-03 08:51:01
model3,2026-04-02,8,Real Estate,0,24,1,25,2026-06-03 08:51:01
model3,2026-04-02,9,Health Care,0,12,0,12,2026-06-03 08:51:01
model3,2026-04-02,10,Financial Services,0,13,0,13,2026-06-03 08:51:01
model3,2026-04-02,11,Chemicals,0,16,1,17,2026-06-03 08:51:01
model3,2026-04-02,12,Travel & Leisure,0,7,0,7,2026-06-03 08:51:01
model3,2026-04-02,13,Utilities,0,27,0,27,2026-06-03 08:51:01
model3,2026-04-02,14,Insurance,0,5,0,5,2026-06-03 08:51:01
model3,2026-04-02,15,Automobiles & Parts,0,4,0,4,2026-06-03 08:51:01
model3,2026-04-02,16,Technology,0,5,0,5,2026-06-03 08:51:01
model3,2026-04-02,17,Oil & Gas,0,2,0,2,2026-06-03 08:51:01
model3,2026-04-02,18,Telecommunications,0,1,0,1,2026-06-03 08:51:01
model3,2026-04-03,0,Industrial Goods & Services,0,28,1,29,2026-06-03 08:51:01
model3,2026-04-03,1,Food & Beverage,0,36,0,36,2026-06-03 08:51:01
model3,2026-04-03,2,Banks,0,12,0,12,2026-06-03 08:51:01
model3,2026-04-03,3,Construction & Materials,0,64,3,67,2026-06-03 08:51:01
model3,2026-04-03,4,Basic Resources,0,21,1,22,2026-06-03 08:51:01
model3,2026-04-03,5,Media,0,3,0,3,2026-06-03 08:51:01
model3,2026-04-03,6,Retail,0,6,1,7,2026-06-03 08:51:01
model3,2026-04-03,7,Personal & Household Goods,1,11,0,12,2026-06-03 08:51:01
model3,2026-04-03,8,Real Estate,1,30,0,31,2026-06-03 08:51:01
model3,2026-04-03,9,Health Care,0,12,0,12,2026-06-03 08:51:01
model3,2026-04-03,10,Financial Services,0,14,0,14,2026-06-03 08:51:01
model3,2026-04-03,11,Chemicals,0,15,0,15,2026-06-03 08:51:01
model3,2026-04-03,12,Travel & Leisure,0,9,0,9,2026-06-03 08:51:01
model3,2026-04-03,13,Utilities,0,24,0,24,2026-06-03 08:51:01
model3,2026-04-03,14,Insurance,0,4,0,4,2026-06-03 08:51:01
model3,2026-04-03,15,Automobiles & Parts,0,6,0,6,2026-06-03 08:51:01
model3,2026-04-03,16,Technology,0,6,0,6,2026-06-03 08:51:01
model3,2026-04-03,17,Oil & Gas,0,2,0,2,2026-06-03 08:51:01
model3,2026-04-03,18,Telecommunications,0,1,0,1,2026-06-03 08:51:01
model3,2026-04-06,0,Industrial Goods & Services,0,33,1,34,2026-06-03 08:51:01
model3,2026-04-06,1,Food & Beverage,1,31,0,32,2026-06-03 08:51:01
model3,2026-04-06,2,Banks,0,12,0,12,2026-06-03 08:51:01
model3,2026-04-06,3,Construction & Materials,0,63,0,63,2026-06-03 08:51:01
model3,2026-04-06,4,Basic Resources,0,21,0,21,2026-06-03 08:51:01
model3,2026-04-06,5,Media,0,3,0,3,2026-06-03 08:51:01
model3,2026-04-06,6,Retail,0,6,1,7,2026-06-03 08:51:01
model3,2026-04-06,7,Personal & Household Goods,0,10,0,10,2026-06-03 08:51:01
model3,2026-04-06,8,Real Estate,0,27,1,28,2026-06-03 08:51:01
model3,2026-04-06,9,Health Care,0,11,0,11,2026-06-03 08:51:01
model3,2026-04-06,10,Financial Services,0,12,0,12,2026-06-03 08:51:01
model3,2026-04-06,11,Chemicals,0,16,0,16,2026-06-03 08:51:01
model3,2026-04-06,12,Travel & Leisure,0,6,0,6,2026-06-03 08:51:01
model3,2026-04-06,13,Utilities,0,31,0,31,2026-06-03 08:51:01
model3,2026-04-06,14,Insurance,0,5,0,5,2026-06-03 08:51:01
model3,2026-04-06,15,Automobiles & Parts,0,5,0,5,2026-06-03 08:51:01
model3,2026-04-06,16,Technology,0,4,0,4,2026-06-03 08:51:01
model3,2026-04-06,17,Oil & Gas,0,2,0,2,2026-06-03 08:51:01
model3,2026-04-06,18,Telecommunications,0,1,0,1,2026-06-03 08:51:01
model3,2026-04-07,0,Industrial Goods & Services,0,25,1,26,2026-06-03 08:51:01
model3,2026-04-07,1,Food & Beverage,0,29,0,29,2026-06-03 08:51:01
model3,2026-04-07,2,Banks,0,12,0,12,2026-06-03 08:51:01
model3,2026-04-07,3,Construction & Materials,0,55,0,55,2026-06-03 08:51:01
model3,2026-04-07,4,Basic Resources,0,19,0,19,2026-06-03 08:51:01
model3,2026-04-07,5,Media,0,3,0,3,2026-06-03 08:51:01
model3,2026-04-07,6,Retail,1,5,1,7,2026-06-03 08:51:01
model3,2026-04-07,7,Personal & Household Goods,0,8,0,8,2026-06-03 08:51:01
model3,2026-04-07,8,Real Estate,0,24,1,25,2026-06-03 08:51:01
model3,2026-04-07,9,Health Care,1,11,0,12,2026-06-03 08:51:01
model3,2026-04-07,10,Financial Services,0,12,0,12,2026-06-03 08:51:01
model3,2026-04-07,11,Chemicals,0,15,0,15,2026-06-03 08:51:01
model3,2026-04-07,12,Travel & Leisure,0,8,0,8,2026-06-03 08:51:01
model3,2026-04-07,13,Utilities,0,27,0,27,2026-06-03 08:51:01
model3,2026-04-07,14,Insurance,0,5,0,5,2026-06-03 08:51:01
model3,2026-04-07,15,Automobiles & Parts,0,4,0,4,2026-06-03 08:51:01
model3,2026-04-07,16,Technology,0,4,1,5,2026-06-03 08:51:01
model3,2026-04-07,17,Oil & Gas,0,2,0,2,2026-06-03 08:51:01
model3,2026-04-07,18,Telecommunications,0,1,0,1,2026-06-03 08:51:01
model3,2026-04-08,0,Industrial Goods & Services,1,30,1,32,2026-06-03 08:51:01
model3,2026-04-08,1,Food & Beverage,0,33,0,33,2026-06-03 08:51:01
model3,2026-04-08,2,Banks,0,12,0,12,2026-06-03 08:51:01
model3,2026-04-08,3,Construction & Materials,1,61,0,62,2026-06-03 08:51:01
model3,2026-04-08,4,Basic Resources,0,22,0,22,2026-06-03 08:51:01
model3,2026-04-08,5,Media,0,4,0,4,2026-06-03 08:51:01
model3,2026-04-08,6,Retail,0,6,1,7,2026-06-03 08:51:01
model3,2026-04-08,7,Personal & Household Goods,0,8,0,8,2026-06-03 08:51:01
model3,2026-04-08,8,Real Estate,0,27,2,29,2026-06-03 08:51:01
model3,2026-04-08,9,Health Care,0,11,0,11,2026-06-03 08:51:01
model3,2026-04-08,10,Financial Services,0,12,0,12,2026-06-03 08:51:01
model3,2026-04-08,11,Chemicals,0,17,0,17,2026-06-03 08:51:01
model3,2026-04-08,12,Travel & Leisure,1,7,0,8,2026-06-03 08:51:01
model3,2026-04-08,13,Utilities,0,26,1,27,2026-06-03 08:51:01
model3,2026-04-08,14,Insurance,0,4,0,4,2026-06-03 08:51:01
model3,2026-04-08,15,Automobiles & Parts,0,4,0,4,2026-06-03 08:51:01
model3,2026-04-08,16,Technology,0,8,0,8,2026-06-03 08:51:01
model3,2026-04-08,17,Oil & Gas,0,2,0,2,2026-06-03 08:51:01
model3,2026-04-08,18,Telecommunications,0,1,0,1,2026-06-03 08:51:01
model3,2026-04-09,0,Industrial Goods & Services,1,26,2,29,2026-06-03 08:51:01
model3,2026-04-09,1,Food & Beverage,0,34,0,34,2026-06-03 08:51:01
model3,2026-04-09,2,Banks,0,12,0,12,2026-06-03 08:51:01
model3,2026-04-09,3,Construction & Materials,0,57,1,58,2026-06-03 08:51:01
model3,2026-04-09,4,Basic Resources,0,21,0,21,2026-06-03 08:51:01
model3,2026-04-09,5,Media,0,3,0,3,2026-06-03 08:51:01
model3,2026-04-09,6,Retail,0,6,1,7,2026-06-03 08:51:01
model3,2026-04-09,7,Personal & Household Goods,0,7,0,7,2026-06-03 08:51:01
model3,2026-04-09,8,Real Estate,0,29,0,29,2026-06-03 08:51:01
model3,2026-04-09,9,Health Care,0,15,0,15,2026-06-03 08:51:01
model3,2026-04-09,10,Financial Services,0,13,0,13,2026-06-03 08:51:01
model3,2026-04-09,11,Chemicals,0,16,0,16,2026-06-03 08:51:01
model3,2026-04-09,12,Travel & Leisure,0,7,1,8,2026-06-03 08:51:01
model3,2026-04-09,13,Utilities,1,26,0,27,2026-06-03 08:51:01
model3,2026-04-09,14,Insurance,0,5,0,5,2026-06-03 08:51:01
model3,2026-04-09,15,Automobiles & Parts,0,4,0,4,2026-06-03 08:51:01
model3,2026-04-09,16,Technology,0,7,0,7,2026-06-03 08:51:01
model3,2026-04-09,17,Oil & Gas,0,2,0,2,2026-06-03 08:51:01
model3,2026-04-09,18,Telecommunications,0,1,0,1,2026-06-03 08:51:01
model3,2026-04-10,0,Industrial Goods & Services,0,33,0,33,2026-06-03 08:51:01
model3,2026-04-10,1,Food & Beverage,0,30,0,30,2026-06-03 08:51:01
model3,2026-04-10,2,Banks,0,12,0,12,2026-06-03 08:51:01
model3,2026-04-10,3,Construction & Materials,0,61,1,62,2026-06-03 08:51:01
model3,2026-04-10,4,Basic Resources,0,19,0,19,2026-06-03 08:51:01
model3,2026-04-10,5,Media,0,2,0,2,2026-06-03 08:51:01
model3,2026-04-10,6,Retail,0,7,0,7,2026-06-03 08:51:01
model3,2026-04-10,7,Personal & Household Goods,0,8,0,8,2026-06-03 08:51:01
model3,2026-04-10,8,Real Estate,1,29,0,30,2026-06-03 08:51:01
model3,2026-04-10,9,Health Care,0,14,0,14,2026-06-03 08:51:01
model3,2026-04-10,10,Financial Services,0,12,0,12,2026-06-03 08:51:01
model3,2026-04-10,11,Chemicals,0,18,0,18,2026-06-03 08:51:01
model3,2026-04-10,12,Travel & Leisure,0,7,1,8,2026-06-03 08:51:01
model3,2026-04-10,13,Utilities,0,22,0,22,2026-06-03 08:51:01
model3,2026-04-10,14,Insurance,0,5,0,5,2026-06-03 08:51:01
model3,2026-04-10,15,Automobiles & Parts,0,4,0,4,2026-06-03 08:51:01
model3,2026-04-10,16,Technology,0,4,0,4,2026-06-03 08:51:01
model3,2026-04-10,17,Oil & Gas,0,2,0,2,2026-06-03 08:51:01
model3,2026-04-10,18,Telecommunications,0,1,0,1,2026-06-03 08:51:01
model3,2026-04-13,0,Industrial Goods & Services,0,29,1,30,2026-06-03 08:51:01
model3,2026-04-13,1,Food & Beverage,0,33,0,33,2026-06-03 08:51:01
model3,2026-04-13,2,Banks,0,12,0,12,2026-06-03 08:51:01
model3,2026-04-13,3,Construction & Materials,0,58,2,60,2026-06-03 08:51:01
model3,2026-04-13,4,Basic Resources,0,21,0,21,2026-06-03 08:51:01
model3,2026-04-13,5,Media,0,3,0,3,2026-06-03 08:51:01
model3,2026-04-13,6,Retail,0,6,0,6,2026-06-03 08:51:01
model3,2026-04-13,7,Personal & Household Goods,0,7,1,8,2026-06-03 08:51:01
model3,2026-04-13,8,Real Estate,0,30,0,30,2026-06-03 08:51:01
model3,2026-04-13,9,Health Care,0,13,0,13,2026-06-03 08:51:01
model3,2026-04-13,10,Financial Services,0,12,0,12,2026-06-03 08:51:01
model3,2026-04-13,11,Chemicals,0,17,0,17,2026-06-03 08:51:01
model3,2026-04-13,12,Travel & Leisure,0,7,0,7,2026-06-03 08:51:01
model3,2026-04-13,13,Utilities,1,22,0,23,2026-06-03 08:51:01
model3,2026-04-13,14,Insurance,0,5,0,5,2026-06-03 08:51:01
model3,2026-04-13,15,Automobiles & Parts,1,3,0,4,2026-06-03 08:51:01
model3,2026-04-13,16,Technology,0,4,0,4,2026-06-03 08:51:01
model3,2026-04-13,17,Oil & Gas,0,1,0,1,2026-06-03 08:51:01
model3,2026-04-13,18,Telecommunications,0,1,0,1,2026-06-03 08:51:01
model3,2026-04-14,0,Industrial Goods & Services,0,32,1,33,2026-06-03 08:51:01
model3,2026-04-14,1,Food & Beverage,0,28,0,28,2026-06-03 08:51:01
model3,2026-04-14,2,Banks,0,12,0,12,2026-06-03 08:51:01
model3,2026-04-14,3,Construction & Materials,4,51,0,55,2026-06-03 08:51:01
model3,2026-04-14,4,Basic Resources,0,20,0,20,2026-06-03 08:51:01
model3,2026-04-14,5,Media,0,3,0,3,2026-06-03 08:51:01
model3,2026-04-14,6,Retail,0,7,0,7,2026-06-03 08:51:01
model3,2026-04-14,7,Personal & Household Goods,0,6,1,7,2026-06-03 08:51:01
model3,2026-04-14,8,Real Estate,0,27,0,27,2026-06-03 08:51:01
model3,2026-04-14,9,Health Care,0,14,0,14,2026-06-03 08:51:01
model3,2026-04-14,10,Financial Services,0,13,0,13,2026-06-03 08:51:01
model3,2026-04-14,11,Chemicals,0,17,0,17,2026-06-03 08:51:01
model3,2026-04-14,12,Travel & Leisure,1,7,1,9,2026-06-03 08:51:01
model3,2026-04-14,13,Utilities,0,24,1,25,2026-06-03 08:51:01
model3,2026-04-14,14,Insurance,0,5,0,5,2026-06-03 08:51:01
model3,2026-04-14,15,Automobiles & Parts,0,4,0,4,2026-06-03 08:51:01
model3,2026-04-14,16,Technology,0,6,0,6,2026-06-03 08:51:01
model3,2026-04-14,17,Oil & Gas,0,2,0,2,2026-06-03 08:51:01
model3,2026-04-14,18,Telecommunications,0,1,0,1,2026-06-03 08:51:01
model3,2026-04-15,0,Industrial Goods & Services,0,37,0,37,2026-06-03 08:51:01
model3,2026-04-15,1,Food & Beverage,1,28,0,29,2026-06-03 08:51:01
model3,2026-04-15,2,Banks,0,12,0,12,2026-06-03 08:51:01
model3,2026-04-15,3,Construction & Materials,1,57,1,59,2026-06-03 08:51:01
model3,2026-04-15,4,Basic Resources,0,21,0,21,2026-06-03 08:51:01
model3,2026-04-15,5,Media,0,1,0,1,2026-06-03 08:51:01
model3,2026-04-15,6,Retail,0,7,0,7,2026-06-03 08:51:01
model3,2026-04-15,7,Personal & Household Goods,0,8,1,9,2026-06-03 08:51:01
model3,2026-04-15,8,Real Estate,0,22,1,23,2026-06-03 08:51:01
model3,2026-04-15,9,Health Care,0,13,1,14,2026-06-03 08:51:01
model3,2026-04-15,10,Financial Services,0,12,1,13,2026-06-03 08:51:01
model3,2026-04-15,11,Chemicals,0,15,1,16,2026-06-03 08:51:01
model3,2026-04-15,12,Travel & Leisure,0,8,0,8,2026-06-03 08:51:01
model3,2026-04-15,13,Utilities,0,22,0,22,2026-06-03 08:51:01
model3,2026-04-15,14,Insurance,0,3,0,3,2026-06-03 08:51:01
model3,2026-04-15,15,Automobiles & Parts,0,3,0,3,2026-06-03 08:51:01
model3,2026-04-15,16,Technology,0,6,0,6,2026-06-03 08:51:01
model3,2026-04-15,17,Oil & Gas,0,2,0,2,2026-06-03 08:51:01
model3,2026-04-15,18,Telecommunications,0,1,0,1,2026-06-03 08:51:01
model3,2026-04-16,0,Industrial Goods & Services,0,32,0,32,2026-06-03 08:51:01
model3,2026-04-16,1,Food & Beverage,0,33,0,33,2026-06-03 08:51:01
model3,2026-04-16,2,Banks,0,12,0,12,2026-06-03 08:51:01
model3,2026-04-16,3,Construction & Materials,0,54,0,54,2026-06-03 08:51:01
model3,2026-04-16,4,Basic Resources,0,17,0,17,2026-06-03 08:51:01
model3,2026-04-16,5,Media,0,3,0,3,2026-06-03 08:51:01
model3,2026-04-16,6,Retail,0,7,0,7,2026-06-03 08:51:01
model3,2026-04-16,7,Personal & Household Goods,0,8,1,9,2026-06-03 08:51:01
model3,2026-04-16,8,Real Estate,0,27,0,27,2026-06-03 08:51:01
model3,2026-04-16,9,Health Care,0,13,0,13,2026-06-03 08:51:01
model3,2026-04-16,10,Financial Services,0,12,0,12,2026-06-03 08:51:01
model3,2026-04-16,11,Chemicals,0,16,0,16,2026-06-03 08:51:01
model3,2026-04-16,12,Travel & Leisure,0,9,0,9,2026-06-03 08:51:01
model3,2026-04-16,13,Utilities,0,24,0,24,2026-06-03 08:51:01
model3,2026-04-16,14,Insurance,0,5,0,5,2026-06-03 08:51:01
model3,2026-04-16,15,Automobiles & Parts,0,5,0,5,2026-06-03 08:51:01
model3,2026-04-16,16,Technology,0,4,1,5,2026-06-03 08:51:01
model3,2026-04-16,17,Oil & Gas,0,2,0,2,2026-06-03 08:51:01
model3,2026-04-16,18,Telecommunications,0,1,0,1,2026-06-03 08:51:01
model3,2026-04-17,0,Industrial Goods & Services,0,34,0,34,2026-06-03 08:51:01
model3,2026-04-17,1,Food & Beverage,0,31,1,32,2026-06-03 08:51:01
model3,2026-04-17,2,Banks,0,12,0,12,2026-06-03 08:51:01
model3,2026-04-17,3,Construction & Materials,0,59,0,59,2026-06-03 08:51:01
model3,2026-04-17,4,Basic Resources,0,21,0,21,2026-06-03 08:51:01
model3,2026-04-17,5,Media,0,2,0,2,2026-06-03 08:51:01
model3,2026-04-17,6,Retail,0,7,0,7,2026-06-03 08:51:01
model3,2026-04-17,7,Personal & Household Goods,0,8,0,8,2026-06-03 08:51:01
model3,2026-04-17,8,Real Estate,0,29,0,29,2026-06-03 08:51:01
model3,2026-04-17,9,Health Care,0,14,0,14,2026-06-03 08:51:01
model3,2026-04-17,10,Financial Services,0,12,0,12,2026-06-03 08:51:01
model3,2026-04-17,11,Chemicals,0,17,1,18,2026-06-03 08:51:01
model3,2026-04-17,12,Travel & Leisure,0,8,0,8,2026-06-03 08:51:01
model3,2026-04-17,13,Utilities,2,26,0,28,2026-06-03 08:51:01
model3,2026-04-17,14,Insurance,0,4,0,4,2026-06-03 08:51:01
model3,2026-04-17,15,Automobiles & Parts,0,5,0,5,2026-06-03 08:51:01
model3,2026-04-17,16,Technology,0,4,0,4,2026-06-03 08:51:01
model3,2026-04-17,17,Oil & Gas,0,2,0,2,2026-06-03 08:51:01
model3,2026-04-17,18,Telecommunications,0,1,0,1,2026-06-03 08:51:01
model3,2026-04-20,0,Industrial Goods & Services,0,28,0,28,2026-06-03 08:51:01
model3,2026-04-20,1,Food & Beverage,1,28,0,29,2026-06-03 08:51:01
model3,2026-04-20,2,Banks,0,11,0,11,2026-06-03 08:51:01
model3,2026-04-20,3,Construction & Materials,0,58,0,58,2026-06-03 08:51:01
model3,2026-04-20,4,Basic Resources,0,20,0,20,2026-06-03 08:51:01
model3,2026-04-20,5,Media,0,1,0,1,2026-06-03 08:51:01
model3,2026-04-20,6,Retail,0,8,0,8,2026-06-03 08:51:01
model3,2026-04-20,7,Personal & Household Goods,0,7,0,7,2026-06-03 08:51:01
model3,2026-04-20,8,Real Estate,0,25,1,26,2026-06-03 08:51:01
model3,2026-04-20,9,Health Care,0,14,0,14,2026-06-03 08:51:01
model3,2026-04-20,10,Financial Services,0,12,0,12,2026-06-03 08:51:01
model3,2026-04-20,11,Chemicals,0,17,0,17,2026-06-03 08:51:01
model3,2026-04-20,12,Travel & Leisure,1,8,0,9,2026-06-03 08:51:01
model3,2026-04-20,13,Utilities,0,26,0,26,2026-06-03 08:51:01
model3,2026-04-20,14,Insurance,0,3,0,3,2026-06-03 08:51:01
model3,2026-04-20,15,Automobiles & Parts,0,5,0,5,2026-06-03 08:51:01
model3,2026-04-20,16,Technology,0,4,0,4,2026-06-03 08:51:01
model3,2026-04-20,17,Oil & Gas,0,2,0,2,2026-06-03 08:51:01
model3,2026-04-20,18,Telecommunications,0,1,0,1,2026-06-03 08:51:01
model3,2026-04-21,0,Industrial Goods & Services,1,27,3,31,2026-06-03 08:51:01
model3,2026-04-21,1,Food & Beverage,1,30,0,31,2026-06-03 08:51:01
model3,2026-04-21,2,Banks,0,12,0,12,2026-06-03 08:51:01
model3,2026-04-21,3,Construction & Materials,1,58,0,59,2026-06-03 08:51:01
model3,2026-04-21,4,Basic Resources,0,19,0,19,2026-06-03 08:51:01
model3,2026-04-21,5,Media,0,2,0,2,2026-06-03 08:51:01
model3,2026-04-21,6,Retail,0,7,1,8,2026-06-03 08:51:01
model3,2026-04-21,7,Personal & Household Goods,1,7,0,8,2026-06-03 08:51:01
model3,2026-04-21,8,Real Estate,0,26,1,27,2026-06-03 08:51:01
model3,2026-04-21,9,Health Care,0,13,0,13,2026-06-03 08:51:01
model3,2026-04-21,10,Financial Services,0,12,0,12,2026-06-03 08:51:01
model3,2026-04-21,11,Chemicals,0,16,0,16,2026-06-03 08:51:01
model3,2026-04-21,12,Travel & Leisure,0,9,0,9,2026-06-03 08:51:01
model3,2026-04-21,13,Utilities,1,26,0,27,2026-06-03 08:51:01
model3,2026-04-21,14,Insurance,0,4,0,4,2026-06-03 08:51:01
model3,2026-04-21,15,Automobiles & Parts,0,4,0,4,2026-06-03 08:51:01
model3,2026-04-21,16,Technology,0,5,0,5,2026-06-03 08:51:01
model3,2026-04-21,17,Oil & Gas,0,2,0,2,2026-06-03 08:51:01
model3,2026-04-21,18,Telecommunications,0,1,0,1,2026-06-03 08:51:01
model3,2026-04-22,0,Industrial Goods & Services,0,23,2,25,2026-06-03 08:51:01
model3,2026-04-22,1,Food & Beverage,0,28,0,28,2026-06-03 08:51:01
model3,2026-04-22,2,Banks,0,12,0,12,2026-06-03 08:51:01
model3,2026-04-22,3,Construction & Materials,1,53,1,55,2026-06-03 08:51:01
model3,2026-04-22,4,Basic Resources,0,17,0,17,2026-06-03 08:51:01
model3,2026-04-22,6,Retail,0,8,0,8,2026-06-03 08:51:01
model3,2026-04-22,7,Personal & Household Goods,0,7,0,7,2026-06-03 08:51:01
model3,2026-04-22,8,Real Estate,1,28,0,29,2026-06-03 08:51:01
model3,2026-04-22,9,Health Care,0,13,0,13,2026-06-03 08:51:01
model3,2026-04-22,10,Financial Services,0,12,0,12,2026-06-03 08:51:01
model3,2026-04-22,11,Chemicals,0,16,0,16,2026-06-03 08:51:01
model3,2026-04-22,12,Travel & Leisure,0,6,0,6,2026-06-03 08:51:01
model3,2026-04-22,13,Utilities,1,24,1,26,2026-06-03 08:51:01
model3,2026-04-22,14,Insurance,0,5,0,5,2026-06-03 08:51:01
model3,2026-04-22,15,Automobiles & Parts,0,4,0,4,2026-06-03 08:51:01
model3,2026-04-22,16,Technology,0,5,0,5,2026-06-03 08:51:01
model3,2026-04-22,17,Oil & Gas,0,2,0,2,2026-06-03 08:51:01
model3,2026-04-22,18,Telecommunications,0,1,0,1,2026-06-03 08:51:01
model3,2026-04-23,0,Industrial Goods & Services,0,29,0,29,2026-06-03 08:51:01
model3,2026-04-23,1,Food & Beverage,0,27,0,27,2026-06-03 08:51:01
model3,2026-04-23,2,Banks,0,12,0,12,2026-06-03 08:51:01
model3,2026-04-23,3,Construction & Materials,1,53,0,54,2026-06-03 08:51:01
model3,2026-04-23,4,Basic Resources,0,18,0,18,2026-06-03 08:51:01
model3,2026-04-23,5,Media,0,1,0,1,2026-06-03 08:51:01
model3,2026-04-23,6,Retail,0,7,0,7,2026-06-03 08:51:01
model3,2026-04-23,7,Personal & Household Goods,0,7,0,7,2026-06-03 08:51:01
model3,2026-04-23,8,Real Estate,1,22,2,25,2026-06-03 08:51:01
model3,2026-04-23,9,Health Care,0,14,2,16,2026-06-03 08:51:01
model3,2026-04-23,10,Financial Services,0,13,0,13,2026-06-03 08:51:01
model3,2026-04-23,11,Chemicals,0,17,0,17,2026-06-03 08:51:01
model3,2026-04-23,12,Travel & Leisure,0,8,0,8,2026-06-03 08:51:01
model3,2026-04-23,13,Utilities,0,22,0,22,2026-06-03 08:51:01
model3,2026-04-23,14,Insurance,0,4,0,4,2026-06-03 08:51:01
model3,2026-04-23,15,Automobiles & Parts,0,5,0,5,2026-06-03 08:51:01
model3,2026-04-23,16,Technology,0,5,0,5,2026-06-03 08:51:01
model3,2026-04-23,17,Oil & Gas,0,2,0,2,2026-06-03 08:51:01
model3,2026-04-23,18,Telecommunications,0,1,0,1,2026-06-03 08:51:01
model3,2026-04-24,0,Industrial Goods & Services,1,24,0,25,2026-06-03 08:51:01
model3,2026-04-24,1,Food & Beverage,0,29,0,29,2026-06-03 08:51:01
model3,2026-04-24,2,Banks,0,12,0,12,2026-06-03 08:51:01
model3,2026-04-24,3,Construction & Materials,0,59,0,59,2026-06-03 08:51:01
model3,2026-04-24,4,Basic Resources,0,18,1,19,2026-06-03 08:51:01
model3,2026-04-24,5,Media,0,3,0,3,2026-06-03 08:51:01
model3,2026-04-24,6,Retail,0,6,1,7,2026-06-03 08:51:01
model3,2026-04-24,7,Personal & Household Goods,0,9,0,9,2026-06-03 08:51:01
model3,2026-04-24,8,Real Estate,0,27,1,28,2026-06-03 08:51:01
model3,2026-04-24,9,Health Care,0,12,0,12,2026-06-03 08:51:01
model3,2026-04-24,10,Financial Services,0,13,0,13,2026-06-03 08:51:01
model3,2026-04-24,11,Chemicals,0,18,0,18,2026-06-03 08:51:01
model3,2026-04-24,12,Travel & Leisure,0,8,0,8,2026-06-03 08:51:01
model3,2026-04-24,13,Utilities,0,24,1,25,2026-06-03 08:51:01
model3,2026-04-24,14,Insurance,0,5,0,5,2026-06-03 08:51:01
model3,2026-04-24,15,Automobiles & Parts,0,4,0,4,2026-06-03 08:51:01
model3,2026-04-24,16,Technology,0,5,0,5,2026-06-03 08:51:01
model3,2026-04-24,17,Oil & Gas,0,2,0,2,2026-06-03 08:51:01
model3,2026-04-24,18,Telecommunications,0,1,0,1,2026-06-03 08:51:01
model3,2026-04-28,0,Industrial Goods & Services,0,25,1,26,2026-06-03 08:51:01
model3,2026-04-28,1,Food & Beverage,0,28,1,29,2026-06-03 08:51:01
model3,2026-04-28,2,Banks,0,12,0,12,2026-06-03 08:51:01
model3,2026-04-28,3,Construction & Materials,0,56,1,57,2026-06-03 08:51:01
model3,2026-04-28,4,Basic Resources,0,20,0,20,2026-06-03 08:51:01
model3,2026-04-28,5,Media,0,3,0,3,2026-06-03 08:51:01
model3,2026-04-28,6,Retail,0,6,0,6,2026-06-03 08:51:01
model3,2026-04-28,7,Personal & Household Goods,0,9,1,10,2026-06-03 08:51:01
model3,2026-04-28,8,Real Estate,0,24,1,25,2026-06-03 08:51:01
model3,2026-04-28,9,Health Care,0,13,0,13,2026-06-03 08:51:01
model3,2026-04-28,10,Financial Services,0,12,0,12,2026-06-03 08:51:01
model3,2026-04-28,11,Chemicals,1,16,0,17,2026-06-03 08:51:01
model3,2026-04-28,12,Travel & Leisure,1,6,0,7,2026-06-03 08:51:01
model3,2026-04-28,13,Utilities,0,30,0,30,2026-06-03 08:51:01
model3,2026-04-28,14,Insurance,0,4,0,4,2026-06-03 08:51:01
model3,2026-04-28,15,Automobiles & Parts,0,4,0,4,2026-06-03 08:51:01
model3,2026-04-28,16,Technology,0,4,1,5,2026-06-03 08:51:01
model3,2026-04-28,17,Oil & Gas,0,2,0,2,2026-06-03 08:51:01
model3,2026-04-28,18,Telecommunications,0,1,0,1,2026-06-03 08:51:01
model3,2026-04-29,0,Industrial Goods & Services,0,23,1,24,2026-06-03 08:51:01
model3,2026-04-29,1,Food & Beverage,0,30,0,30,2026-06-03 08:51:01
model3,2026-04-29,2,Banks,0,12,0,12,2026-06-03 08:51:01
model3,2026-04-29,3,Construction & Materials,0,51,2,53,2026-06-03 08:51:01
model3,2026-04-29,4,Basic Resources,0,19,0,19,2026-06-03 08:51:01
model3,2026-04-29,5,Media,0,2,0,2,2026-06-03 08:51:01
model3,2026-04-29,6,Retail,0,6,2,8,2026-06-03 08:51:01
model3,2026-04-29,7,Personal & Household Goods,0,8,2,10,2026-06-03 08:51:01
model3,2026-04-29,8,Real Estate,1,23,2,26,2026-06-03 08:51:01
model3,2026-04-29,9,Health Care,0,14,0,14,2026-06-03 08:51:01
model3,2026-04-29,10,Financial Services,0,13,0,13,2026-06-03 08:51:01
model3,2026-04-29,11,Chemicals,1,17,0,18,2026-06-03 08:51:01
model3,2026-04-29,12,Travel & Leisure,0,7,0,7,2026-06-03 08:51:01
model3,2026-04-29,13,Utilities,1,22,1,24,2026-06-03 08:51:01
model3,2026-04-29,14,Insurance,0,5,0,5,2026-06-03 08:51:01
model3,2026-04-29,15,Automobiles & Parts,0,4,0,4,2026-06-03 08:51:01
model3,2026-04-29,16,Technology,0,4,0,4,2026-06-03 08:51:01
model3,2026-04-29,17,Oil & Gas,0,2,0,2,2026-06-03 08:51:01
model3,2026-04-29,18,Telecommunications,0,1,0,1,2026-06-03 08:51:01
model3,2026-05-04,0,Industrial Goods & Services,0,29,1,30,2026-06-03 08:51:01
model3,2026-05-04,1,Food & Beverage,0,30,0,30,2026-06-03 08:51:01
model3,2026-05-04,2,Banks,0,12,0,12,2026-06-03 08:51:01
model3,2026-05-04,3,Construction & Materials,0,55,0,55,2026-06-03 08:51:01
model3,2026-05-04,4,Basic Resources,0,18,1,19,2026-06-03 08:51:01
model3,2026-05-04,5,Media,0,2,0,2,2026-06-03 08:51:01
model3,2026-05-04,6,Retail,0,8,0,8,2026-06-03 08:51:01
model3,2026-05-04,7,Personal & Household Goods,1,8,0,9,2026-06-03 08:51:01
model3,2026-05-04,8,Real Estate,1,26,0,27,2026-06-03 08:51:01
model3,2026-05-04,9,Health Care,0,14,0,14,2026-06-03 08:51:01
model3,2026-05-04,10,Financial Services,0,13,0,13,2026-06-03 08:51:01
model3,2026-05-04,11,Chemicals,0,18,0,18,2026-06-03 08:51:01
model3,2026-05-04,12,Travel & Leisure,0,8,0,8,2026-06-03 08:51:01
model3,2026-05-04,13,Utilities,0,26,0,26,2026-06-03 08:51:01
model3,2026-05-04,14,Insurance,0,5,0,5,2026-06-03 08:51:01
model3,2026-05-04,15,Automobiles & Parts,0,5,0,5,2026-06-03 08:51:01
model3,2026-05-04,16,Technology,0,5,0,5,2026-06-03 08:51:01
model3,2026-05-04,17,Oil & Gas,0,2,0,2,2026-06-03 08:51:01
model3,2026-05-04,18,Telecommunications,0,1,0,1,2026-06-03 08:51:01
model3,2026-05-05,0,Industrial Goods & Services,0,28,2,30,2026-06-03 08:51:01
model3,2026-05-05,1,Food & Beverage,0,32,0,32,2026-06-03 08:51:01
model3,2026-05-05,2,Banks,0,12,0,12,2026-06-03 08:51:01
model3,2026-05-05,3,Construction & Materials,1,54,0,55,2026-06-03 08:51:01
model3,2026-05-05,4,Basic Resources,0,19,0,19,2026-06-03 08:51:01
model3,2026-05-05,5,Media,0,2,0,2,2026-06-03 08:51:01
model3,2026-05-05,6,Retail,0,7,0,7,2026-06-03 08:51:01
model3,2026-05-05,7,Personal & Household Goods,0,8,0,8,2026-06-03 08:51:01
model3,2026-05-05,8,Real Estate,0,26,1,27,2026-06-03 08:51:01
model3,2026-05-05,9,Health Care,0,12,0,12,2026-06-03 08:51:01
model3,2026-05-05,10,Financial Services,0,12,0,12,2026-06-03 08:51:01
model3,2026-05-05,11,Chemicals,0,18,0,18,2026-06-03 08:51:01
model3,2026-05-05,12,Travel & Leisure,2,7,0,9,2026-06-03 08:51:01
model3,2026-05-05,13,Utilities,1,21,0,22,2026-06-03 08:51:01
model3,2026-05-05,14,Insurance,0,5,0,5,2026-06-03 08:51:01
model3,2026-05-05,15,Automobiles & Parts,0,4,0,4,2026-06-03 08:51:01
model3,2026-05-05,16,Technology,0,6,0,6,2026-06-03 08:51:01
model3,2026-05-05,17,Oil & Gas,0,2,0,2,2026-06-03 08:51:01
model3,2026-05-05,18,Telecommunications,0,1,0,1,2026-06-03 08:51:01
model3,2026-05-06,0,Industrial Goods & Services,0,31,1,32,2026-06-03 08:51:01
model3,2026-05-06,1,Food & Beverage,0,31,1,32,2026-06-03 08:51:01
model3,2026-05-06,2,Banks,0,12,0,12,2026-06-03 08:51:01
model3,2026-05-06,3,Construction & Materials,0,53,2,55,2026-06-03 08:51:01
model3,2026-05-06,4,Basic Resources,0,20,0,20,2026-06-03 08:51:01
model3,2026-05-06,5,Media,0,2,0,2,2026-06-03 08:51:01
model3,2026-05-06,6,Retail,0,6,0,6,2026-06-03 08:51:01
model3,2026-05-06,7,Personal & Household Goods,0,9,1,10,2026-06-03 08:51:01
model3,2026-05-06,8,Real Estate,0,25,1,26,2026-06-03 08:51:01
model3,2026-05-06,9,Health Care,0,13,0,13,2026-06-03 08:51:01
model3,2026-05-06,10,Financial Services,0,12,0,12,2026-06-03 08:51:01
model3,2026-05-06,11,Chemicals,0,19,0,19,2026-06-03 08:51:01
model3,2026-05-06,12,Travel & Leisure,0,8,0,8,2026-06-03 08:51:01
model3,2026-05-06,13,Utilities,0,27,0,27,2026-06-03 08:51:01
model3,2026-05-06,14,Insurance,0,5,0,5,2026-06-03 08:51:01
model3,2026-05-06,15,Automobiles & Parts,0,5,0,5,2026-06-03 08:51:01
model3,2026-05-06,16,Technology,0,4,0,4,2026-06-03 08:51:01
model3,2026-05-06,17,Oil & Gas,0,2,0,2,2026-06-03 08:51:01
model3,2026-05-06,18,Telecommunications,0,1,0,1,2026-06-03 08:51:01
model3,2026-05-07,0,Industrial Goods & Services,0,25,1,26,2026-06-03 08:51:01
model3,2026-05-07,1,Food & Beverage,0,29,0,29,2026-06-03 08:51:01
model3,2026-05-07,2,Banks,0,12,0,12,2026-06-03 08:51:01
model3,2026-05-07,3,Construction & Materials,2,55,0,57,2026-06-03 08:51:01
model3,2026-05-07,4,Basic Resources,0,19,0,19,2026-06-03 08:51:01
model3,2026-05-07,5,Media,0,1,0,1,2026-06-03 08:51:01
model3,2026-05-07,6,Retail,0,6,0,6,2026-06-03 08:51:01
model3,2026-05-07,7,Personal & Household Goods,0,11,0,11,2026-06-03 08:51:01
model3,2026-05-07,8,Real Estate,1,25,1,27,2026-06-03 08:51:01
model3,2026-05-07,9,Health Care,0,13,1,14,2026-06-03 08:51:01
model3,2026-05-07,10,Financial Services,0,12,0,12,2026-06-03 08:51:01
model3,2026-05-07,11,Chemicals,0,17,0,17,2026-06-03 08:51:01
model3,2026-05-07,12,Travel & Leisure,0,7,1,8,2026-06-03 08:51:01
model3,2026-05-07,13,Utilities,0,23,1,24,2026-06-03 08:51:01
model3,2026-05-07,14,Insurance,0,5,0,5,2026-06-03 08:51:01
model3,2026-05-07,15,Automobiles & Parts,0,4,0,4,2026-06-03 08:51:01
model3,2026-05-07,16,Technology,0,5,0,5,2026-06-03 08:51:01
model3,2026-05-07,17,Oil & Gas,0,2,0,2,2026-06-03 08:51:01
model3,2026-05-07,18,Telecommunications,0,1,0,1,2026-06-03 08:51:01
model3,2026-05-08,0,Industrial Goods & Services,0,28,0,28,2026-06-03 08:51:01
model3,2026-05-08,1,Food & Beverage,0,31,0,31,2026-06-03 08:51:01
model3,2026-05-08,2,Banks,0,12,0,12,2026-06-03 08:51:01
model3,2026-05-08,3,Construction & Materials,0,56,1,57,2026-06-03 08:51:01
model3,2026-05-08,4,Basic Resources,1,17,0,18,2026-06-03 08:51:01
model3,2026-05-08,5,Media,0,1,0,1,2026-06-03 08:51:01
model3,2026-05-08,6,Retail,0,7,0,7,2026-06-03 08:51:01
model3,2026-05-08,7,Personal & Household Goods,1,8,0,9,2026-06-03 08:51:01
model3,2026-05-08,8,Real Estate,0,27,1,28,2026-06-03 08:51:01
model3,2026-05-08,9,Health Care,0,11,0,11,2026-06-03 08:51:01
model3,2026-05-08,10,Financial Services,0,12,0,12,2026-06-03 08:51:01
model3,2026-05-08,11,Chemicals,0,17,0,17,2026-06-03 08:51:01
model3,2026-05-08,12,Travel & Leisure,0,6,0,6,2026-06-03 08:51:01
model3,2026-05-08,13,Utilities,0,19,0,19,2026-06-03 08:51:01
model3,2026-05-08,14,Insurance,0,4,0,4,2026-06-03 08:51:01
model3,2026-05-08,15,Automobiles & Parts,0,4,0,4,2026-06-03 08:51:01
model3,2026-05-08,16,Technology,0,5,0,5,2026-06-03 08:51:01
model3,2026-05-08,17,Oil & Gas,0,2,0,2,2026-06-03 08:51:01
model3,2026-05-08,18,Telecommunications,0,1,0,1,2026-06-03 08:51:01
model3,2026-05-11,0,Industrial Goods & Services,0,25,1,26,2026-06-03 08:51:01
model3,2026-05-11,1,Food & Beverage,0,30,0,30,2026-06-03 08:51:01
model3,2026-05-11,2,Banks,0,12,0,12,2026-06-03 08:51:01
model3,2026-05-11,3,Construction & Materials,2,53,1,56,2026-06-03 08:51:01
model3,2026-05-11,4,Basic Resources,0,18,0,18,2026-06-03 08:51:01
model3,2026-05-11,5,Media,0,1,0,1,2026-06-03 08:51:01
model3,2026-05-11,6,Retail,0,7,0,7,2026-06-03 08:51:01
model3,2026-05-11,7,Personal & Household Goods,0,9,0,9,2026-06-03 08:51:01
model3,2026-05-11,8,Real Estate,1,24,1,26,2026-06-03 08:51:01
model3,2026-05-11,9,Health Care,0,12,1,13,2026-06-03 08:51:01
model3,2026-05-11,10,Financial Services,0,12,0,12,2026-06-03 08:51:01
model3,2026-05-11,11,Chemicals,0,16,1,17,2026-06-03 08:51:01
model3,2026-05-11,12,Travel & Leisure,0,7,0,7,2026-06-03 08:51:01
model3,2026-05-11,13,Utilities,0,19,1,20,2026-06-03 08:51:01
model3,2026-05-11,14,Insurance,0,5,0,5,2026-06-03 08:51:01
model3,2026-05-11,15,Automobiles & Parts,0,4,0,4,2026-06-03 08:51:01
model3,2026-05-11,16,Technology,0,4,0,4,2026-06-03 08:51:01
model3,2026-05-11,17,Oil & Gas,0,2,0,2,2026-06-03 08:51:01
model3,2026-05-11,18,Telecommunications,0,1,0,1,2026-06-03 08:51:01
model3,2026-05-12,0,Industrial Goods & Services,0,27,0,27,2026-06-03 08:51:01
model3,2026-05-12,1,Food & Beverage,0,29,1,30,2026-06-03 08:51:01
model3,2026-05-12,2,Banks,0,12,0,12,2026-06-03 08:51:01
model3,2026-05-12,3,Construction & Materials,0,53,0,53,2026-06-03 08:51:01
model3,2026-05-12,4,Basic Resources,0,17,0,17,2026-06-03 08:51:01
model3,2026-05-12,5,Media,0,1,0,1,2026-06-03 08:51:01
model3,2026-05-12,6,Retail,0,7,0,7,2026-06-03 08:51:01
model3,2026-05-12,7,Personal & Household Goods,1,10,0,11,2026-06-03 08:51:01
model3,2026-05-12,8,Real Estate,0,26,1,27,2026-06-03 08:51:01
model3,2026-05-12,9,Health Care,0,11,0,11,2026-06-03 08:51:01
model3,2026-05-12,10,Financial Services,0,12,0,12,2026-06-03 08:51:01
model3,2026-05-12,11,Chemicals,0,15,0,15,2026-06-03 08:51:01
model3,2026-05-12,12,Travel & Leisure,0,6,1,7,2026-06-03 08:51:01
model3,2026-05-12,13,Utilities,0,20,0,20,2026-06-03 08:51:01
model3,2026-05-12,14,Insurance,0,5,0,5,2026-06-03 08:51:01
model3,2026-05-12,15,Automobiles & Parts,0,4,0,4,2026-06-03 08:51:01
model3,2026-05-12,16,Technology,0,4,0,4,2026-06-03 08:51:01
model3,2026-05-12,17,Oil & Gas,0,2,0,2,2026-06-03 08:51:01
model3,2026-05-12,18,Telecommunications,0,1,0,1,2026-06-03 08:51:01
model3,2026-05-13,0,Industrial Goods & Services,0,29,0,29,2026-06-03 08:51:01
model3,2026-05-13,1,Food & Beverage,0,28,0,28,2026-06-03 08:51:01
model3,2026-05-13,2,Banks,0,12,0,12,2026-06-03 08:51:01
model3,2026-05-13,3,Construction & Materials,1,54,0,55,2026-06-03 08:51:01
model3,2026-05-13,4,Basic Resources,0,18,0,18,2026-06-03 08:51:01
model3,2026-05-13,5,Media,0,2,0,2,2026-06-03 08:51:01
model3,2026-05-13,6,Retail,0,6,0,6,2026-06-03 08:51:01
model3,2026-05-13,7,Personal & Household Goods,0,10,0,10,2026-06-03 08:51:01
model3,2026-05-13,8,Real Estate,0,22,1,23,2026-06-03 08:51:01
model3,2026-05-13,9,Health Care,0,12,0,12,2026-06-03 08:51:01
model3,2026-05-13,10,Financial Services,0,13,0,13,2026-06-03 08:51:01
model3,2026-05-13,11,Chemicals,0,15,0,15,2026-06-03 08:51:01
model3,2026-05-13,12,Travel & Leisure,0,7,0,7,2026-06-03 08:51:01
model3,2026-05-13,13,Utilities,0,23,0,23,2026-06-03 08:51:01
model3,2026-05-13,14,Insurance,0,5,0,5,2026-06-03 08:51:01
model3,2026-05-13,15,Automobiles & Parts,0,4,0,4,2026-06-03 08:51:01
model3,2026-05-13,16,Technology,0,4,0,4,2026-06-03 08:51:01
model3,2026-05-13,17,Oil & Gas,0,2,0,2,2026-06-03 08:51:01
model3,2026-05-13,18,Telecommunications,0,1,0,1,2026-06-03 08:51:01
model3,2026-05-14,0,Industrial Goods & Services,0,26,1,27,2026-06-03 08:51:01
model3,2026-05-14,1,Food & Beverage,0,30,0,30,2026-06-03 08:51:01
model3,2026-05-14,2,Banks,0,12,0,12,2026-06-03 08:51:01
model3,2026-05-14,3,Construction & Materials,0,50,1,51,2026-06-03 08:51:01
model3,2026-05-14,4,Basic Resources,0,16,0,16,2026-06-03 08:51:01
model3,2026-05-14,5,Media,0,3,0,3,2026-06-03 08:51:01
model3,2026-05-14,6,Retail,0,8,0,8,2026-06-03 08:51:01
model3,2026-05-14,7,Personal & Household Goods,0,8,1,9,2026-06-03 08:51:01
model3,2026-05-14,8,Real Estate,0,22,1,23,2026-06-03 08:51:01
model3,2026-05-14,9,Health Care,0,11,0,11,2026-06-03 08:51:01
model3,2026-05-14,10,Financial Services,0,12,0,12,2026-06-03 08:51:01
model3,2026-05-14,11,Chemicals,0,16,0,16,2026-06-03 08:51:01
model3,2026-05-14,12,Travel & Leisure,0,6,0,6,2026-06-03 08:51:01
model3,2026-05-14,13,Utilities,0,21,0,21,2026-06-03 08:51:01
model3,2026-05-14,14,Insurance,0,5,0,5,2026-06-03 08:51:01
model3,2026-05-14,15,Automobiles & Parts,0,5,0,5,2026-06-03 08:51:01
model3,2026-05-14,16,Technology,0,4,0,4,2026-06-03 08:51:01
model3,2026-05-14,17,Oil & Gas,0,2,0,2,2026-06-03 08:51:01
model3,2026-05-14,18,Telecommunications,0,1,0,1,2026-06-03 08:51:01
model3,2026-05-15,0,Industrial Goods & Services,0,22,0,22,2026-06-03 08:51:01
model3,2026-05-15,1,Food & Beverage,0,28,0,28,2026-06-03 08:51:01
model3,2026-05-15,2,Banks,0,12,0,12,2026-06-03 08:51:01
model3,2026-05-15,3,Construction & Materials,0,45,0,45,2026-06-03 08:51:01
model3,2026-05-15,4,Basic Resources,0,18,0,18,2026-06-03 08:51:01
model3,2026-05-15,5,Media,0,2,0,2,2026-06-03 08:51:01
model3,2026-05-15,6,Retail,0,7,0,7,2026-06-03 08:51:01
model3,2026-05-15,7,Personal & Household Goods,0,8,0,8,2026-06-03 08:51:01
model3,2026-05-15,8,Real Estate,1,24,0,25,2026-06-03 08:51:01
model3,2026-05-15,9,Health Care,0,12,0,12,2026-06-03 08:51:01
model3,2026-05-15,10,Financial Services,0,13,0,13,2026-06-03 08:51:01
model3,2026-05-15,11,Chemicals,0,16,0,16,2026-06-03 08:51:01
model3,2026-05-15,12,Travel & Leisure,0,6,0,6,2026-06-03 08:51:01
model3,2026-05-15,13,Utilities,0,19,0,19,2026-06-03 08:51:01
model3,2026-05-15,14,Insurance,0,5,0,5,2026-06-03 08:51:01
model3,2026-05-15,15,Automobiles & Parts,0,5,0,5,2026-06-03 08:51:01
model3,2026-05-15,16,Technology,0,5,0,5,2026-06-03 08:51:01
model3,2026-05-15,17,Oil & Gas,0,2,0,2,2026-06-03 08:51:01
model3,2026-05-15,18,Telecommunications,0,1,0,1,2026-06-03 08:51:01
model3,2026-05-18,0,Industrial Goods & Services,0,24,0,24,2026-06-03 08:51:01
model3,2026-05-18,1,Food & Beverage,0,28,0,28,2026-06-03 08:51:01
model3,2026-05-18,2,Banks,0,12,0,12,2026-06-03 08:51:01
model3,2026-05-18,3,Construction & Materials,0,43,0,43,2026-06-03 08:51:01
model3,2026-05-18,4,Basic Resources,0,17,0,17,2026-06-03 08:51:01
model3,2026-05-18,5,Media,0,2,0,2,2026-06-03 08:51:01
model3,2026-05-18,6,Retail,0,7,0,7,2026-06-03 08:51:01
model3,2026-05-18,7,Personal & Household Goods,0,7,0,7,2026-06-03 08:51:01
model3,2026-05-18,8,Real Estate,0,24,0,24,2026-06-03 08:51:01
model3,2026-05-18,9,Health Care,0,12,0,12,2026-06-03 08:51:01
model3,2026-05-18,10,Financial Services,0,13,0,13,2026-06-03 08:51:01
model3,2026-05-18,11,Chemicals,0,16,0,16,2026-06-03 08:51:01
model3,2026-05-18,12,Travel & Leisure,0,5,0,5,2026-06-03 08:51:01
model3,2026-05-18,13,Utilities,0,17,1,18,2026-06-03 08:51:01
model3,2026-05-18,14,Insurance,0,5,0,5,2026-06-03 08:51:01
model3,2026-05-18,15,Automobiles & Parts,0,4,0,4,2026-06-03 08:51:01
model3,2026-05-18,16,Technology,0,3,0,3,2026-06-03 08:51:01
model3,2026-05-18,17,Oil & Gas,0,2,0,2,2026-06-03 08:51:01
model3,2026-05-18,18,Telecommunications,0,1,0,1,2026-06-03 08:51:01
model3,2026-05-19,0,Industrial Goods & Services,0,19,0,19,2026-06-03 08:51:01
model3,2026-05-19,1,Food & Beverage,0,28,0,28,2026-06-03 08:51:01
model3,2026-05-19,2,Banks,0,12,0,12,2026-06-03 08:51:01
model3,2026-05-19,3,Construction & Materials,0,42,0,42,2026-06-03 08:51:01
model3,2026-05-19,4,Basic Resources,0,16,0,16,2026-06-03 08:51:01
model3,2026-05-19,6,Retail,0,8,0,8,2026-06-03 08:51:01
model3,2026-05-19,7,Personal & Household Goods,0,6,0,6,2026-06-03 08:51:01
model3,2026-05-19,8,Real Estate,0,21,0,21,2026-06-03 08:51:01
model3,2026-05-19,9,Health Care,0,11,0,11,2026-06-03 08:51:01
model3,2026-05-19,10,Financial Services,0,13,0,13,2026-06-03 08:51:01
model3,2026-05-19,11,Chemicals,0,14,0,14,2026-06-03 08:51:01
model3,2026-05-19,12,Travel & Leisure,0,6,0,6,2026-06-03 08:51:01
model3,2026-05-19,13,Utilities,0,15,0,15,2026-06-03 08:51:01
model3,2026-05-19,14,Insurance,0,4,0,4,2026-06-03 08:51:01
model3,2026-05-19,15,Automobiles & Parts,0,4,0,4,2026-06-03 08:51:01
model3,2026-05-19,16,Technology,0,4,0,4,2026-06-03 08:51:01
model3,2026-05-19,17,Oil & Gas,0,2,0,2,2026-06-03 08:51:01
model3,2026-05-19,18,Telecommunications,0,1,0,1,2026-06-03 08:51:01
model3,2026-05-20,0,Industrial Goods & Services,0,18,0,18,2026-06-03 08:51:01
model3,2026-05-20,1,Food & Beverage,0,23,1,24,2026-06-03 08:51:01
model3,2026-05-20,2,Banks,0,12,0,12,2026-06-03 08:51:01
model3,2026-05-20,3,Construction & Materials,0,39,0,39,2026-06-03 08:51:01
model3,2026-05-20,4,Basic Resources,0,14,0,14,2026-06-03 08:51:01
model3,2026-05-20,6,Retail,0,7,0,7,2026-06-03 08:51:01
model3,2026-05-20,7,Personal & Household Goods,0,5,0,5,2026-06-03 08:51:01
model3,2026-05-20,8,Real Estate,0,21,0,21,2026-06-03 08:51:01
model3,2026-05-20,9,Health Care,0,9,0,9,2026-06-03 08:51:01
model3,2026-05-20,10,Financial Services,0,12,0,12,2026-06-03 08:51:01
model3,2026-05-20,11,Chemicals,0,15,0,15,2026-06-03 08:51:01
model3,2026-05-20,12,Travel & Leisure,0,5,0,5,2026-06-03 08:51:01
model3,2026-05-20,13,Utilities,0,10,0,10,2026-06-03 08:51:01
model3,2026-05-20,14,Insurance,0,4,0,4,2026-06-03 08:51:01
model3,2026-05-20,15,Automobiles & Parts,0,3,0,3,2026-06-03 08:51:01
model3,2026-05-20,16,Technology,0,2,0,2,2026-06-03 08:51:01
model3,2026-05-20,17,Oil & Gas,0,2,0,2,2026-06-03 08:51:01
model3,2026-05-20,18,Telecommunications,0,1,0,1,2026-06-03 08:51:01
